Program,Year,County,Commodity,Value
SURVEY,2024,OTHER COUNTIES,CATTLE,"91,000"
SURVEY,2024,OTHER COUNTIES,CATTLE,"7,000"
SURVEY,2024,BEAUFORT,CATTLE,300
SURVEY,2024,CARTERET,CATTLE,300
SURVEY,2024,CRAVEN,CATTLE,"1,400"
SURVEY,2024,GREENE,CATTLE,"1,100"
SURVEY,2024,GREENE,CATTLE,300
SURVEY,2024,HYDE,CATTLE,200
SURVEY,2024,JOHNSTON,CATTLE,"5,700"
SURVEY,2024,JOHNSTON,CATTLE, (D)
SURVEY,2024,JONES,CATTLE, (D)
SURVEY,2024,LENOIR,CATTLE,"2,300"
SURVEY,2024,PAMLICO,CATTLE, (D)
SURVEY,2024,PITT,CATTLE,"1,900"
SURVEY,2024,PITT,CATTLE, (D)
SURVEY,2024,WAYNE,CATTLE, (D)
SURVEY,2024,WAYNE,CATTLE, (D)
SURVEY,2024,WILSON,CATTLE,"1,600"
SURVEY,2024,ALEXANDER,CATTLE,"8,500"
SURVEY,2024,ALEXANDER,CATTLE,800
SURVEY,2024,CATAWBA,CATTLE,"5,800"
SURVEY,2024,CATAWBA,CATTLE,600
SURVEY,2024,CHATHAM,CATTLE,"17,500"
SURVEY,2024,CHATHAM,CATTLE,900
SURVEY,2024,DAVIDSON,CATTLE, (D)
SURVEY,2024,DAVIDSON,CATTLE, (D)
SURVEY,2024,DAVIE,CATTLE,"4,700"
SURVEY,2024,DAVIE,CATTLE,200
SURVEY,2024,IREDELL,CATTLE,"11,200"
SURVEY,2024,IREDELL,CATTLE,"10,000"
SURVEY,2024,LEE,CATTLE,"1,400"
SURVEY,2024,RANDOLPH,CATTLE,"16,000"
SURVEY,2024,RANDOLPH,CATTLE,"8,700"
SURVEY,2024,ROWAN,CATTLE,"8,300"
SURVEY,2024,ROWAN,CATTLE,"1,200"
SURVEY,2024,WAKE,CATTLE,"1,700"
SURVEY,2024,WAKE,CATTLE,400
SURVEY,2024,BERTIE,CATTLE,200
SURVEY,2024,CAMDEN,CATTLE,100
SURVEY,2024,CHOWAN,CATTLE,300
SURVEY,2024,CURRITUCK,CATTLE, (D)
SURVEY,2024,EDGECOMBE,CATTLE, (D)
SURVEY,2024,GATES,CATTLE,700
SURVEY,2024,HALIFAX,CATTLE,"3,500"
SURVEY,2024,HERTFORD,CATTLE,100
SURVEY,2024,MARTIN,CATTLE, (D)
SURVEY,2024,NASH,CATTLE, (D)
SURVEY,2024,NASH,CATTLE, (D)
SURVEY,2024,NORTHAMPTON,CATTLE,400
SURVEY,2024,PASQUOTANK,CATTLE,200
SURVEY,2024,PERQUIMANS,CATTLE,200
SURVEY,2024,TYRRELL,CATTLE,100
SURVEY,2024,WASHINGTON,CATTLE,300
SURVEY,2024,ALLEGHANY,CATTLE,"10,300"
SURVEY,2024,ALLEGHANY,CATTLE,300
SURVEY,2024,ASHE,CATTLE,"4,600"
SURVEY,2024,ASHE,CATTLE,100
SURVEY,2024,AVERY,CATTLE,500
SURVEY,2024,AVERY,CATTLE, (D)
SURVEY,2024,CALDWELL,CATTLE, (D)
SURVEY,2024,SURRY,CATTLE,"10,400"
SURVEY,2024,SURRY,CATTLE,200
SURVEY,2024,WATAUGA,CATTLE, (D)
SURVEY,2024,WATAUGA,CATTLE, (D)
SURVEY,2024,WILKES,CATTLE,"15,500"
SURVEY,2024,WILKES,CATTLE,200
SURVEY,2024,YADKIN,CATTLE, (D)
SURVEY,2024,YADKIN,CATTLE, (D)
SURVEY,2024,ALAMANCE,CATTLE,"6,300"
SURVEY,2024,ALAMANCE,CATTLE,400
SURVEY,2024,CASWELL,CATTLE, (D)
SURVEY,2024,DURHAM,CATTLE, (D)
SURVEY,2024,DURHAM,CATTLE, (D)
SURVEY,2024,FORSYTH,CATTLE,"1,500"
SURVEY,2024,FORSYTH,CATTLE, (D)
SURVEY,2024,FRANKLIN,CATTLE,"5,700"
SURVEY,2024,FRANKLIN,CATTLE, (D)
SURVEY,2024,GRANVILLE,CATTLE,"3,700"
SURVEY,2024,GRANVILLE,CATTLE,500
SURVEY,2024,GUILFORD,CATTLE,"3,900"
SURVEY,2024,GUILFORD,CATTLE,700
SURVEY,2024,ORANGE,CATTLE,"3,500"
SURVEY,2024,ORANGE,CATTLE, (D)
SURVEY,2024,PERSON,CATTLE, (D)
SURVEY,2024,PERSON,CATTLE, (D)
SURVEY,2024,ROCKINGHAM,CATTLE, (D)
SURVEY,2024,ROCKINGHAM,CATTLE, (D)
SURVEY,2024,STOKES,CATTLE,"4,000"
SURVEY,2024,STOKES,CATTLE, (D)
SURVEY,2024,VANCE,CATTLE, (D)
SURVEY,2024,WARREN,CATTLE, (D)
SURVEY,2024,BLADEN,CATTLE, (D)
SURVEY,2024,BLADEN,CATTLE, (D)
SURVEY,2024,BRUNSWICK,CATTLE, (D)
SURVEY,2024,COLUMBUS,CATTLE, (D)
SURVEY,2024,CUMBERLAND,CATTLE, (D)
SURVEY,2024,DUPLIN,CATTLE,"12,000"
SURVEY,2024,DUPLIN,CATTLE, (D)
SURVEY,2024,HARNETT,CATTLE,"3,000"
SURVEY,2024,HARNETT,CATTLE, (D)
SURVEY,2024,HOKE,CATTLE,800
SURVEY,2024,NEW HANOVER,CATTLE, (D)
SURVEY,2024,ONSLOW,CATTLE,"1,200"
SURVEY,2024,ONSLOW,CATTLE, (D)
SURVEY,2024,PENDER,CATTLE, (D)
SURVEY,2024,PENDER,CATTLE, (D)
SURVEY,2024,ROBESON,CATTLE,"4,200"
SURVEY,2024,ROBESON,CATTLE, (D)
SURVEY,2024,SAMPSON,CATTLE, (D)
SURVEY,2024,SAMPSON,CATTLE, (D)
SURVEY,2024,SCOTLAND,CATTLE,500
SURVEY,2024,ANSON,CATTLE, (D)
SURVEY,2024,ANSON,CATTLE, (D)
SURVEY,2024,CABARRUS,CATTLE,"5,000"
SURVEY,2024,CABARRUS,CATTLE,600
SURVEY,2024,CLEVELAND,CATTLE,"10,500"
SURVEY,2024,CLEVELAND,CATTLE,600
SURVEY,2024,GASTON,CATTLE, (D)
SURVEY,2024,GASTON,CATTLE, (D)
SURVEY,2024,LINCOLN,CATTLE,"4,700"
SURVEY,2024,LINCOLN,CATTLE,"1,900"
SURVEY,2024,MECKLENBURG,CATTLE,"1,000"
SURVEY,2024,MECKLENBURG,CATTLE, (D)
SURVEY,2024,MONTGOMERY,CATTLE, (D)
SURVEY,2024,MONTGOMERY,CATTLE, (D)
SURVEY,2024,MOORE,CATTLE,"6,900"
SURVEY,2024,MOORE,CATTLE, (D)
SURVEY,2024,RICHMOND,CATTLE,"1,900"
SURVEY,2024,STANLY,CATTLE, (D)
SURVEY,2024,STANLY,CATTLE, (D)
SURVEY,2024,UNION,CATTLE,"10,500"
SURVEY,2024,UNION,CATTLE,100
SURVEY,2024,BUNCOMBE,CATTLE,"6,700"
SURVEY,2024,BUNCOMBE,CATTLE,"1,200"
SURVEY,2024,BURKE,CATTLE,"2,800"
SURVEY,2024,BURKE,CATTLE, (D)
SURVEY,2024,CHEROKEE,CATTLE, (D)
SURVEY,2024,CLAY,CATTLE,"1,600"
SURVEY,2024,GRAHAM,CATTLE,300
SURVEY,2024,GRAHAM,CATTLE, (D)
SURVEY,2024,HAYWOOD,CATTLE,"4,900"
SURVEY,2024,HAYWOOD,CATTLE,"1,100"
SURVEY,2024,HENDERSON,CATTLE, (D)
SURVEY,2024,HENDERSON,CATTLE, (D)
SURVEY,2024,JACKSON,CATTLE,"1,100"
SURVEY,2024,JACKSON,CATTLE, (D)
SURVEY,2024,MACON,CATTLE,"2,400"
SURVEY,2024,MACON,CATTLE, (D)
SURVEY,2024,MADISON,CATTLE,"3,000"
SURVEY,2024,MADISON,CATTLE, (D)
SURVEY,2024,MCDOWELL,CATTLE,"1,000"
SURVEY,2024,MCDOWELL,CATTLE, (D)
SURVEY,2024,MITCHELL,CATTLE,"1,000"
SURVEY,2024,MITCHELL,CATTLE, (D)
SURVEY,2024,POLK,CATTLE,"1,600"
SURVEY,2024,POLK,CATTLE, (D)
SURVEY,2024,RUTHERFORD,CATTLE,"5,800"
SURVEY,2024,RUTHERFORD,CATTLE, (D)
SURVEY,2024,SWAIN,CATTLE, (D)
SURVEY,2024,TRANSYLVANIA,CATTLE,700
SURVEY,2024,YANCEY,CATTLE, (D)
SURVEY,2024,OTHER COUNTIES,COTTON, (D)
SURVEY,2024,BEAUFORT,COTTON, (D)
SURVEY,2024,GREENE,COTTON, (D)
SURVEY,2024,JONES,COTTON, (D)
SURVEY,2024,LENOIR,COTTON, (D)
SURVEY,2024,PITT,COTTON, (D)
SURVEY,2024,WILSON,COTTON, (D)
SURVEY,2024,BERTIE,COTTON, (D)
SURVEY,2024,CHOWAN,COTTON, (D)
SURVEY,2024,EDGECOMBE,COTTON, (D)
SURVEY,2024,GATES,COTTON, (D)
SURVEY,2024,HALIFAX,COTTON,"108,450"
SURVEY,2024,HERTFORD,COTTON, (D)
SURVEY,2024,MARTIN,COTTON, (D)
SURVEY,2024,NASH,COTTON, (D)
SURVEY,2024,NORTHAMPTON,COTTON,"51,700"
SURVEY,2024,PERQUIMANS,COTTON, (D)
SURVEY,2024,BLADEN,COTTON, (D)
SURVEY,2024,CUMBERLAND,COTTON, (D)
SURVEY,2024,DUPLIN,COTTON, (D)
SURVEY,2024,HOKE,COTTON, (D)
SURVEY,2024,ROBESON,COTTON, (D)
SURVEY,2024,SAMPSON,COTTON, (D)
SURVEY,2024,ANSON,COTTON, (D)
SURVEY,2024,STANLY,COTTON, (D)
SURVEY,2024,OTHER COUNTIES,SWEET POTATOES,"60,600"
SURVEY,2024,JOHNSTON,SWEET POTATOES,"7,600"
SURVEY,2024,WILSON,SWEET POTATOES,"8,900"
SURVEY,2024,NASH,SWEET POTATOES,"8,900"
SURVEY,2024,COLUMBUS,SWEET POTATOES,500
SURVEY,2023,OTHER COUNTIES,CATTLE,"87,600"
SURVEY,2023,OTHER COUNTIES,CATTLE,"6,900"
SURVEY,2023,BEAUFORT,CATTLE,300
SURVEY,2023,CARTERET,CATTLE,300
SURVEY,2023,CRAVEN,CATTLE,"1,300"
SURVEY,2023,GREENE,CATTLE,"1,000"
SURVEY,2023,GREENE,CATTLE,300
SURVEY,2023,HYDE,CATTLE,200
SURVEY,2023,JOHNSTON,CATTLE,"5,500"
SURVEY,2023,JONES,CATTLE, (D)
SURVEY,2023,LENOIR,CATTLE,"2,200"
SURVEY,2023,PAMLICO,CATTLE, (D)
SURVEY,2023,PITT,CATTLE,"1,900"
SURVEY,2023,PITT,CATTLE, (D)
SURVEY,2023,WAYNE,CATTLE, (D)
SURVEY,2023,WAYNE,CATTLE, (D)
SURVEY,2023,WILSON,CATTLE,"1,500"
SURVEY,2023,ALEXANDER,CATTLE,"8,000"
SURVEY,2023,ALEXANDER,CATTLE,800
SURVEY,2023,CATAWBA,CATTLE,"5,700"
SURVEY,2023,CATAWBA,CATTLE,600
SURVEY,2023,CHATHAM,CATTLE,"17,400"
SURVEY,2023,CHATHAM,CATTLE,900
SURVEY,2023,DAVIDSON,CATTLE, (D)
SURVEY,2023,DAVIDSON,CATTLE, (D)
SURVEY,2023,DAVIE,CATTLE,"4,700"
SURVEY,2023,DAVIE,CATTLE,200
SURVEY,2023,IREDELL,CATTLE,"10,800"
SURVEY,2023,IREDELL,CATTLE,"10,500"
SURVEY,2023,LEE,CATTLE,"1,400"
SURVEY,2023,RANDOLPH,CATTLE,"15,500"
SURVEY,2023,RANDOLPH,CATTLE,"8,700"
SURVEY,2023,ROWAN,CATTLE,"8,100"
SURVEY,2023,ROWAN,CATTLE,"1,200"
SURVEY,2023,WAKE,CATTLE,"1,600"
SURVEY,2023,WAKE,CATTLE,400
SURVEY,2023,BERTIE,CATTLE,200
SURVEY,2023,CAMDEN,CATTLE,200
SURVEY,2023,CHOWAN,CATTLE,300
SURVEY,2023,CURRITUCK,CATTLE,100
SURVEY,2023,EDGECOMBE,CATTLE, (D)
SURVEY,2023,GATES,CATTLE,600
SURVEY,2023,GATES,CATTLE, (D)
SURVEY,2023,HALIFAX,CATTLE,"3,400"
SURVEY,2023,HALIFAX,CATTLE, (D)
SURVEY,2023,HERTFORD,CATTLE,100
SURVEY,2023,MARTIN,CATTLE, (D)
SURVEY,2023,NASH,CATTLE, (D)
SURVEY,2023,NASH,CATTLE, (D)
SURVEY,2023,NORTHAMPTON,CATTLE,400
SURVEY,2023,PASQUOTANK,CATTLE,200
SURVEY,2023,PERQUIMANS,CATTLE,200
SURVEY,2023,TYRRELL,CATTLE,100
SURVEY,2023,WASHINGTON,CATTLE,200
SURVEY,2023,ALLEGHANY,CATTLE,"9,700"
SURVEY,2023,ALLEGHANY,CATTLE,400
SURVEY,2023,ASHE,CATTLE,"4,600"
SURVEY,2023,ASHE,CATTLE,100
SURVEY,2023,AVERY,CATTLE,500
SURVEY,2023,AVERY,CATTLE, (D)
SURVEY,2023,CALDWELL,CATTLE, (D)
SURVEY,2023,SURRY,CATTLE,"10,200"
SURVEY,2023,SURRY,CATTLE,200
SURVEY,2023,WATAUGA,CATTLE, (D)
SURVEY,2023,WATAUGA,CATTLE, (D)
SURVEY,2023,WILKES,CATTLE,"14,800"
SURVEY,2023,WILKES,CATTLE,300
SURVEY,2023,YADKIN,CATTLE, (D)
SURVEY,2023,YADKIN,CATTLE, (D)
SURVEY,2023,ALAMANCE,CATTLE,"6,100"
SURVEY,2023,ALAMANCE,CATTLE,400
SURVEY,2023,CASWELL,CATTLE, (D)
SURVEY,2023,CASWELL,CATTLE,700
SURVEY,2023,DURHAM,CATTLE, (D)
SURVEY,2023,DURHAM,CATTLE, (D)
SURVEY,2023,FORSYTH,CATTLE,"1,500"
SURVEY,2023,FORSYTH,CATTLE, (D)
SURVEY,2023,FRANKLIN,CATTLE,"5,700"
SURVEY,2023,FRANKLIN,CATTLE, (D)
SURVEY,2023,GRANVILLE,CATTLE,"3,600"
SURVEY,2023,GRANVILLE,CATTLE,500
SURVEY,2023,GUILFORD,CATTLE,"3,700"
SURVEY,2023,GUILFORD,CATTLE,700
SURVEY,2023,ORANGE,CATTLE,"3,400"
SURVEY,2023,ORANGE,CATTLE, (D)
SURVEY,2023,PERSON,CATTLE, (D)
SURVEY,2023,PERSON,CATTLE, (D)
SURVEY,2023,ROCKINGHAM,CATTLE, (D)
SURVEY,2023,ROCKINGHAM,CATTLE, (D)
SURVEY,2023,STOKES,CATTLE,"3,900"
SURVEY,2023,STOKES,CATTLE, (D)
SURVEY,2023,VANCE,CATTLE, (D)
SURVEY,2023,WARREN,CATTLE, (D)
SURVEY,2023,BLADEN,CATTLE, (D)
SURVEY,2023,BLADEN,CATTLE, (D)
SURVEY,2023,BRUNSWICK,CATTLE, (D)
SURVEY,2023,BRUNSWICK,CATTLE, (D)
SURVEY,2023,COLUMBUS,CATTLE, (D)
SURVEY,2023,CUMBERLAND,CATTLE, (D)
SURVEY,2023,CUMBERLAND,CATTLE, (D)
SURVEY,2023,DUPLIN,CATTLE,"11,500"
SURVEY,2023,DUPLIN,CATTLE, (D)
SURVEY,2023,HARNETT,CATTLE,"3,000"
SURVEY,2023,HARNETT,CATTLE, (D)
SURVEY,2023,HOKE,CATTLE,800
SURVEY,2023,ONSLOW,CATTLE,"1,200"
SURVEY,2023,ONSLOW,CATTLE, (D)
SURVEY,2023,PENDER,CATTLE, (D)
SURVEY,2023,PENDER,CATTLE, (D)
SURVEY,2023,ROBESON,CATTLE,"4,100"
SURVEY,2023,ROBESON,CATTLE, (D)
SURVEY,2023,SAMPSON,CATTLE, (D)
SURVEY,2023,SAMPSON,CATTLE, (D)
SURVEY,2023,SCOTLAND,CATTLE,500
SURVEY,2023,ANSON,CATTLE, (D)
SURVEY,2023,ANSON,CATTLE, (D)
SURVEY,2023,CABARRUS,CATTLE,"5,000"
SURVEY,2023,CABARRUS,CATTLE,600
SURVEY,2023,CLEVELAND,CATTLE,"10,000"
SURVEY,2023,CLEVELAND,CATTLE,700
SURVEY,2023,GASTON,CATTLE, (D)
SURVEY,2023,GASTON,CATTLE, (D)
SURVEY,2023,LINCOLN,CATTLE,"4,600"
SURVEY,2023,LINCOLN,CATTLE,"2,000"
SURVEY,2023,MECKLENBURG,CATTLE,900
SURVEY,2023,MECKLENBURG,CATTLE, (D)
SURVEY,2023,MONTGOMERY,CATTLE, (D)
SURVEY,2023,MONTGOMERY,CATTLE, (D)
SURVEY,2023,MOORE,CATTLE,"6,800"
SURVEY,2023,MOORE,CATTLE, (D)
SURVEY,2023,RICHMOND,CATTLE,"1,800"
SURVEY,2023,STANLY,CATTLE, (D)
SURVEY,2023,STANLY,CATTLE, (D)
SURVEY,2023,UNION,CATTLE,"10,000"
SURVEY,2023,UNION,CATTLE,100
SURVEY,2023,BUNCOMBE,CATTLE,"6,500"
SURVEY,2023,BUNCOMBE,CATTLE,"1,300"
SURVEY,2023,BURKE,CATTLE,"2,800"
SURVEY,2023,BURKE,CATTLE, (D)
SURVEY,2023,CHEROKEE,CATTLE, (D)
SURVEY,2023,CHEROKEE,CATTLE, (D)
SURVEY,2023,CLAY,CATTLE,"1,600"
SURVEY,2023,GRAHAM,CATTLE,300
SURVEY,2023,GRAHAM,CATTLE, (D)
SURVEY,2023,HAYWOOD,CATTLE,"4,800"
SURVEY,2023,HAYWOOD,CATTLE,"1,200"
SURVEY,2023,HENDERSON,CATTLE, (D)
SURVEY,2023,HENDERSON,CATTLE, (D)
SURVEY,2023,JACKSON,CATTLE,"1,100"
SURVEY,2023,JACKSON,CATTLE, (D)
SURVEY,2023,MACON,CATTLE,"2,300"
SURVEY,2023,MACON,CATTLE, (D)
SURVEY,2023,MADISON,CATTLE,"2,900"
SURVEY,2023,MADISON,CATTLE, (D)
SURVEY,2023,MCDOWELL,CATTLE,900
SURVEY,2023,MCDOWELL,CATTLE, (D)
SURVEY,2023,MITCHELL,CATTLE,900
SURVEY,2023,MITCHELL,CATTLE, (D)
SURVEY,2023,POLK,CATTLE,"1,600"
SURVEY,2023,POLK,CATTLE, (D)
SURVEY,2023,RUTHERFORD,CATTLE,"5,700"
SURVEY,2023,RUTHERFORD,CATTLE, (D)
SURVEY,2023,SWAIN,CATTLE, (D)
SURVEY,2023,TRANSYLVANIA,CATTLE,700
SURVEY,2023,YANCEY,CATTLE, (D)
SURVEY,2023,YANCEY,CATTLE, (D)
SURVEY,2023,OTHER COUNTIES,COTTON, (D)
SURVEY,2023,BEAUFORT,COTTON, (D)
SURVEY,2023,GREENE,COTTON, (D)
SURVEY,2023,HYDE,COTTON, (D)
SURVEY,2023,JONES,COTTON, (D)
SURVEY,2023,LENOIR,COTTON, (D)
SURVEY,2023,PITT,COTTON, (D)
SURVEY,2023,WILSON,COTTON, (D)
SURVEY,2023,BERTIE,COTTON, (D)
SURVEY,2023,CHOWAN,COTTON, (D)
SURVEY,2023,EDGECOMBE,COTTON, (D)
SURVEY,2023,GATES,COTTON, (D)
SURVEY,2023,HALIFAX,COTTON,"165,050"
SURVEY,2023,HERTFORD,COTTON, (D)
SURVEY,2023,MARTIN,COTTON, (D)
SURVEY,2023,NASH,COTTON, (D)
SURVEY,2023,NORTHAMPTON,COTTON,"68,650"
SURVEY,2023,PERQUIMANS,COTTON, (D)
SURVEY,2023,BLADEN,COTTON, (D)
SURVEY,2023,CUMBERLAND,COTTON, (D)
SURVEY,2023,DUPLIN,COTTON, (D)
SURVEY,2023,HOKE,COTTON, (D)
SURVEY,2023,ROBESON,COTTON, (D)
SURVEY,2023,SAMPSON,COTTON, (D)
SURVEY,2023,ANSON,COTTON, (D)
SURVEY,2023,STANLY,COTTON, (D)
SURVEY,2023,OTHER COUNTIES,CORN,"90,100"
SURVEY,2023,OTHER COUNTIES,CORN,"80,700"
SURVEY,2023,OTHER COUNTIES,COTTON,"60,360"
SURVEY,2023,OTHER COUNTIES,PEANUTS,"31,840"
SURVEY,2023,OTHER COUNTIES,SOYBEANS,"78,650"
SURVEY,2023,OTHER COUNTIES,SWEET POTATOES,"39,000"
SURVEY,2023,OTHER COUNTIES,TURKEYS,"776,000"
SURVEY,2023,OTHER COUNTIES,WHEAT,"43,290"
SURVEY,2023,BEAUFORT,CORN,"44,000"
SURVEY,2023,BEAUFORT,CORN,"42,800"
SURVEY,2023,BEAUFORT,SOYBEANS,"66,300"
SURVEY,2023,BEAUFORT,TURKEYS, (D)
SURVEY,2023,BEAUFORT,WHEAT,"10,800"
SURVEY,2023,CARTERET,TURKEYS, (D)
SURVEY,2023,CRAVEN,CORN,"17,600"
SURVEY,2023,CRAVEN,CORN,"17,100"
SURVEY,2023,CRAVEN,SOYBEANS,"23,300"
SURVEY,2023,CRAVEN,TURKEYS, (D)
SURVEY,2023,CRAVEN,WHEAT,"3,540"
SURVEY,2023,GREENE,CORN,"11,000"
SURVEY,2023,GREENE,CORN,"10,700"
SURVEY,2023,GREENE,COTTON,"4,490"
SURVEY,2023,GREENE,PEANUTS,"6,080"
SURVEY,2023,GREENE,SOYBEANS,"36,200"
SURVEY,2023,GREENE,TURKEYS,"1,000,000"
SURVEY,2023,GREENE,WHEAT,"8,030"
SURVEY,2023,HYDE,COTTON,"10,800"
SURVEY,2023,HYDE,SOYBEANS,"34,000"
SURVEY,2023,HYDE,WHEAT,"4,850"
SURVEY,2023,JOHNSTON,CORN,"7,300"
SURVEY,2023,JOHNSTON,CORN,"7,080"
SURVEY,2023,JOHNSTON,COTTON,"4,590"
SURVEY,2023,JOHNSTON,PEANUTS,"3,670"
SURVEY,2023,JOHNSTON,SOYBEANS,"48,900"
SURVEY,2023,JOHNSTON,SWEET POTATOES,"7,500"
SURVEY,2023,JOHNSTON,TURKEYS,"360,000"
SURVEY,2023,JOHNSTON,WHEAT,"8,070"
SURVEY,2023,JONES,CORN,"18,000"
SURVEY,2023,JONES,CORN,"17,500"
SURVEY,2023,JONES,COTTON,"3,810"
SURVEY,2023,JONES,SOYBEANS,"24,000"
SURVEY,2023,JONES,TURKEYS,"420,000"
SURVEY,2023,LENOIR,CORN,"23,900"
SURVEY,2023,LENOIR,CORN,"23,200"
SURVEY,2023,LENOIR,COTTON,"5,440"
SURVEY,2023,LENOIR,PEANUTS,"2,980"
SURVEY,2023,LENOIR,SOYBEANS,"39,900"
SURVEY,2023,LENOIR,TURKEYS,"2,000,000"
SURVEY,2023,LENOIR,WHEAT,"9,030"
SURVEY,2023,PAMLICO,CORN,"15,900"
SURVEY,2023,PAMLICO,CORN,"15,500"
SURVEY,2023,PAMLICO,SOYBEANS,"16,300"
SURVEY,2023,PAMLICO,WHEAT,"2,430"
SURVEY,2023,PITT,CORN,"18,000"
SURVEY,2023,PITT,CORN,"17,500"
SURVEY,2023,PITT,COTTON,"13,200"
SURVEY,2023,PITT,PEANUTS,"9,830"
SURVEY,2023,PITT,SOYBEANS,"59,800"
SURVEY,2023,PITT,TURKEYS, (D)
SURVEY,2023,PITT,WHEAT,"8,630"
SURVEY,2023,WAYNE,CORN,"20,700"
SURVEY,2023,WAYNE,CORN,"20,100"
SURVEY,2023,WAYNE,COTTON,"4,880"
SURVEY,2023,WAYNE,PEANUTS,"7,450"
SURVEY,2023,WAYNE,SOYBEANS,"57,700"
SURVEY,2023,WAYNE,TURKEYS,"5,000,000"
SURVEY,2023,WAYNE,WHEAT,"13,400"
SURVEY,2023,WILSON,CORN,"6,200"
SURVEY,2023,WILSON,CORN,"6,020"
SURVEY,2023,WILSON,COTTON,"6,250"
SURVEY,2023,WILSON,SOYBEANS,"38,000"
SURVEY,2023,WILSON,SWEET POTATOES,"8,000"
SURVEY,2023,WILSON,TURKEYS, (D)
SURVEY,2023,WILSON,WHEAT,"7,820"
SURVEY,2023,ALEXANDER,CORN,"2,800"
SURVEY,2023,ALEXANDER,CORN,"1,500"
SURVEY,2023,ALEXANDER,SOYBEANS,"2,670"
SURVEY,2023,CATAWBA,CORN,"5,200"
SURVEY,2023,CATAWBA,CORN,"4,900"
SURVEY,2023,CATAWBA,SOYBEANS,"7,290"
SURVEY,2023,CATAWBA,TURKEYS, (D)
SURVEY,2023,CATAWBA,WHEAT,"2,490"
SURVEY,2023,CHATHAM,CORN,"4,100"
SURVEY,2023,CHATHAM,CORN,"3,100"
SURVEY,2023,CHATHAM,SOYBEANS,"2,150"
SURVEY,2023,CHATHAM,TURKEYS, (D)
SURVEY,2023,CHATHAM,WHEAT,600
SURVEY,2023,DAVIDSON,CORN,"6,800"
SURVEY,2023,DAVIDSON,CORN,"6,100"
SURVEY,2023,DAVIDSON,SOYBEANS,"11,200"
SURVEY,2023,DAVIDSON,TURKEYS, (D)
SURVEY,2023,DAVIDSON,WHEAT,"2,530"
SURVEY,2023,DAVIE,CORN,"7,800"
SURVEY,2023,DAVIE,CORN,"7,550"
SURVEY,2023,DAVIE,SOYBEANS,"9,240"
SURVEY,2023,DAVIE,WHEAT,"2,060"
SURVEY,2023,IREDELL,CORN,"21,600"
SURVEY,2023,IREDELL,CORN,"13,500"
SURVEY,2023,IREDELL,SOYBEANS,"16,500"
SURVEY,2023,IREDELL,TURKEYS, (D)
SURVEY,2023,IREDELL,WHEAT,"7,090"
SURVEY,2023,LEE,CORN,"1,700"
SURVEY,2023,LEE,CORN,"1,600"
SURVEY,2023,LEE,SOYBEANS,"4,070"
SURVEY,2023,LEE,WHEAT,"2,080"
SURVEY,2023,RANDOLPH,CORN,"11,100"
SURVEY,2023,RANDOLPH,CORN,"10,500"
SURVEY,2023,RANDOLPH,SOYBEANS,"9,640"
SURVEY,2023,RANDOLPH,TURKEYS, (D)
SURVEY,2023,RANDOLPH,WHEAT,"4,490"
SURVEY,2023,ROWAN,CORN,"10,600"
SURVEY,2023,ROWAN,CORN,"9,900"
SURVEY,2023,ROWAN,SOYBEANS,"21,200"
SURVEY,2023,ROWAN,TURKEYS, (D)
SURVEY,2023,ROWAN,WHEAT,"6,590"
SURVEY,2023,WAKE,CORN,"1,300"
SURVEY,2023,WAKE,CORN,900
SURVEY,2023,WAKE,SOYBEANS,"10,300"
SURVEY,2023,WAKE,SWEET POTATOES,600
SURVEY,2023,WAKE,TURKEYS,"4,000"
SURVEY,2023,WAKE,WHEAT,"1,650"
SURVEY,2023,BERTIE,CORN,"13,100"
SURVEY,2023,BERTIE,CORN,"12,700"
SURVEY,2023,BERTIE,COTTON,"32,200"
SURVEY,2023,BERTIE,PEANUTS,"8,940"
SURVEY,2023,BERTIE,SOYBEANS,"28,900"
SURVEY,2023,BERTIE,WHEAT,"6,410"
SURVEY,2023,CAMDEN,CORN,"18,400"
SURVEY,2023,CAMDEN,CORN,"17,900"
SURVEY,2023,CAMDEN,SOYBEANS,"25,100"
SURVEY,2023,CAMDEN,WHEAT,"4,530"
SURVEY,2023,CHOWAN,CORN,"4,600"
SURVEY,2023,CHOWAN,CORN,"4,460"
SURVEY,2023,CHOWAN,COTTON,"13,600"
SURVEY,2023,CHOWAN,PEANUTS,"4,360"
SURVEY,2023,CHOWAN,SOYBEANS,"15,100"
SURVEY,2023,CHOWAN,WHEAT,"3,180"
SURVEY,2023,CURRITUCK,CORN,"10,000"
SURVEY,2023,CURRITUCK,CORN,"9,700"
SURVEY,2023,CURRITUCK,SOYBEANS,"16,800"
SURVEY,2023,CURRITUCK,WHEAT,"3,900"
SURVEY,2023,EDGECOMBE,CORN,"9,300"
SURVEY,2023,EDGECOMBE,CORN,"9,020"
SURVEY,2023,EDGECOMBE,COTTON,"25,800"
SURVEY,2023,EDGECOMBE,PEANUTS,"8,430"
SURVEY,2023,EDGECOMBE,SOYBEANS,"42,800"
SURVEY,2023,EDGECOMBE,SWEET POTATOES,"8,400"
SURVEY,2023,EDGECOMBE,TURKEYS, (D)
SURVEY,2023,GATES,CORN,"3,800"
SURVEY,2023,GATES,CORN,"3,690"
SURVEY,2023,GATES,COTTON,"11,800"
SURVEY,2023,GATES,PEANUTS,"2,780"
SURVEY,2023,GATES,SOYBEANS,"20,900"
SURVEY,2023,GATES,TURKEYS, (D)
SURVEY,2023,GATES,WHEAT,"5,950"
SURVEY,2023,HALIFAX,CORN,"8,100"
SURVEY,2023,HALIFAX,CORN,"7,860"
SURVEY,2023,HALIFAX,COTTON,"39,900"
SURVEY,2023,HALIFAX,PEANUTS,"10,500"
SURVEY,2023,HALIFAX,SOYBEANS,"38,600"
SURVEY,2023,HALIFAX,WHEAT,"4,760"
SURVEY,2023,HERTFORD,CORN,"9,600"
SURVEY,2023,HERTFORD,CORN,"9,310"
SURVEY,2023,HERTFORD,COTTON,"14,800"
SURVEY,2023,HERTFORD,SOYBEANS,"12,600"
SURVEY,2023,MARTIN,CORN,"6,800"
SURVEY,2023,MARTIN,CORN,"6,600"
SURVEY,2023,MARTIN,COTTON,"28,100"
SURVEY,2023,MARTIN,PEANUTS,"9,430"
SURVEY,2023,MARTIN,SOYBEANS,"24,200"
SURVEY,2023,MARTIN,WHEAT,"6,300"
SURVEY,2023,NASH,CORN,"3,800"
SURVEY,2023,NASH,CORN,"3,690"
SURVEY,2023,NASH,COTTON,"8,010"
SURVEY,2023,NASH,SOYBEANS,"26,400"
SURVEY,2023,NASH,SWEET POTATOES,"10,500"
SURVEY,2023,NORTHAMPTON,CORN,"16,000"
SURVEY,2023,NORTHAMPTON,CORN,"15,600"
SURVEY,2023,NORTHAMPTON,COTTON,"30,900"
SURVEY,2023,NORTHAMPTON,PEANUTS,"7,550"
SURVEY,2023,NORTHAMPTON,SOYBEANS,"32,500"
SURVEY,2023,NORTHAMPTON,WHEAT,"5,390"
SURVEY,2023,PASQUOTANK,CORN,"23,200"
SURVEY,2023,PASQUOTANK,CORN,"22,500"
SURVEY,2023,PASQUOTANK,SOYBEANS,"41,900"
SURVEY,2023,PASQUOTANK,WHEAT,"7,060"
SURVEY,2023,PERQUIMANS,CORN,"15,100"
SURVEY,2023,PERQUIMANS,CORN,"14,700"
SURVEY,2023,PERQUIMANS,COTTON,"10,500"
SURVEY,2023,PERQUIMANS,SOYBEANS,"42,100"
SURVEY,2023,PERQUIMANS,WHEAT,"14,200"
SURVEY,2023,TYRRELL,CORN,"25,500"
SURVEY,2023,TYRRELL,CORN,"24,800"
SURVEY,2023,TYRRELL,SOYBEANS,"29,700"
SURVEY,2023,WASHINGTON,CORN,"34,300"
SURVEY,2023,WASHINGTON,CORN,"33,300"
SURVEY,2023,WASHINGTON,SOYBEANS,"41,300"
SURVEY,2023,ALLEGHANY,TURKEYS, (D)
SURVEY,2023,ASHE,TURKEYS, (D)
SURVEY,2023,AVERY,TURKEYS, (D)
SURVEY,2023,CALDWELL,CORN,"1,800"
SURVEY,2023,CALDWELL,CORN,"1,640"
SURVEY,2023,CALDWELL,SOYBEANS,"1,260"
SURVEY,2023,SURRY,CORN,"12,500"
SURVEY,2023,SURRY,CORN,"12,100"
SURVEY,2023,SURRY,SOYBEANS,"10,800"
SURVEY,2023,SURRY,TURKEYS, (D)
SURVEY,2023,SURRY,WHEAT,"2,130"
SURVEY,2023,WILKES,CORN,"7,400"
SURVEY,2023,WILKES,CORN,"6,100"
SURVEY,2023,WILKES,TURKEYS, (D)
SURVEY,2023,YADKIN,CORN,"14,900"
SURVEY,2023,YADKIN,CORN,"14,500"
SURVEY,2023,YADKIN,SOYBEANS,"19,300"
SURVEY,2023,YADKIN,TURKEYS, (D)
SURVEY,2023,YADKIN,WHEAT,"3,580"
SURVEY,2023,ALAMANCE,CORN,"3,600"
SURVEY,2023,ALAMANCE,CORN,"3,440"
SURVEY,2023,ALAMANCE,SOYBEANS,"5,350"
SURVEY,2023,ALAMANCE,TURKEYS, (D)
SURVEY,2023,ALAMANCE,WHEAT,"1,740"
SURVEY,2023,CASWELL,CORN,800
SURVEY,2023,CASWELL,CORN,670
SURVEY,2023,CASWELL,SOYBEANS,"5,400"
SURVEY,2023,CASWELL,WHEAT,"2,160"
SURVEY,2023,DURHAM,CORN,900
SURVEY,2023,DURHAM,CORN,750
SURVEY,2023,DURHAM,SOYBEANS,680
SURVEY,2023,DURHAM,TURKEYS, (D)
SURVEY,2023,FORSYTH,CORN,"1,900"
SURVEY,2023,FORSYTH,CORN,"1,790"
SURVEY,2023,FORSYTH,SOYBEANS,"4,820"
SURVEY,2023,FORSYTH,TURKEYS, (D)
SURVEY,2023,FORSYTH,WHEAT,770
SURVEY,2023,FRANKLIN,CORN,"2,500"
SURVEY,2023,FRANKLIN,CORN,"2,250"
SURVEY,2023,FRANKLIN,SOYBEANS,"20,100"
SURVEY,2023,FRANKLIN,TURKEYS, (D)
SURVEY,2023,FRANKLIN,WHEAT,"6,580"
SURVEY,2023,GRANVILLE,CORN,"2,600"
SURVEY,2023,GRANVILLE,CORN,"2,000"
SURVEY,2023,GRANVILLE,SOYBEANS,"7,840"
SURVEY,2023,GRANVILLE,TURKEYS, (D)
SURVEY,2023,GRANVILLE,WHEAT,"2,620"
SURVEY,2023,GUILFORD,CORN,"5,400"
SURVEY,2023,GUILFORD,CORN,"4,600"
SURVEY,2023,GUILFORD,SOYBEANS,"9,580"
SURVEY,2023,GUILFORD,TURKEYS, (D)
SURVEY,2023,GUILFORD,WHEAT,"3,160"
SURVEY,2023,ORANGE,CORN,"2,500"
SURVEY,2023,ORANGE,CORN,"2,200"
SURVEY,2023,ORANGE,SOYBEANS,"3,480"
SURVEY,2023,ORANGE,TURKEYS, (D)
SURVEY,2023,ORANGE,WHEAT,830
SURVEY,2023,PERSON,CORN,"4,100"
SURVEY,2023,PERSON,CORN,"3,840"
SURVEY,2023,PERSON,SOYBEANS,"13,400"
SURVEY,2023,PERSON,TURKEYS, (D)
SURVEY,2023,PERSON,WHEAT,"6,210"
SURVEY,2023,ROCKINGHAM,CORN,"3,100"
SURVEY,2023,ROCKINGHAM,CORN,"3,010"
SURVEY,2023,ROCKINGHAM,SOYBEANS,"7,800"
SURVEY,2023,ROCKINGHAM,TURKEYS, (D)
SURVEY,2023,ROCKINGHAM,WHEAT,"3,300"
SURVEY,2023,STOKES,CORN,"2,100"
SURVEY,2023,STOKES,CORN,"1,900"
SURVEY,2023,STOKES,SOYBEANS,"1,700"
SURVEY,2023,STOKES,TURKEYS, (D)
SURVEY,2023,STOKES,WHEAT,220
SURVEY,2023,VANCE,SOYBEANS,"7,290"
SURVEY,2023,VANCE,WHEAT,"1,440"
SURVEY,2023,WARREN,CORN,"2,100"
SURVEY,2023,WARREN,CORN,"2,040"
SURVEY,2023,WARREN,SOYBEANS,"11,000"
SURVEY,2023,WARREN,WHEAT,"2,770"
SURVEY,2023,BLADEN,CORN,"25,500"
SURVEY,2023,BLADEN,CORN,"24,800"
SURVEY,2023,BLADEN,PEANUTS,"4,070"
SURVEY,2023,BLADEN,TURKEYS,"1,500,000"
SURVEY,2023,BLADEN,WHEAT,"3,080"
SURVEY,2023,BRUNSWICK,CORN,"6,800"
SURVEY,2023,BRUNSWICK,CORN,"6,600"
SURVEY,2023,BRUNSWICK,SOYBEANS,"6,690"
SURVEY,2023,BRUNSWICK,TURKEYS, (D)
SURVEY,2023,COLUMBUS,CORN,"41,500"
SURVEY,2023,COLUMBUS,CORN,"40,400"
SURVEY,2023,COLUMBUS,PEANUTS,"4,010"
SURVEY,2023,COLUMBUS,SOYBEANS,"53,100"
SURVEY,2023,COLUMBUS,TURKEYS, (D)
SURVEY,2023,COLUMBUS,WHEAT,"6,330"
SURVEY,2023,CUMBERLAND,COTTON,"5,570"
SURVEY,2023,CUMBERLAND,SOYBEANS,"18,000"
SURVEY,2023,CUMBERLAND,TURKEYS,"750,000"
SURVEY,2023,CUMBERLAND,WHEAT,"3,640"
SURVEY,2023,DUPLIN,CORN,"51,900"
SURVEY,2023,DUPLIN,CORN,"50,500"
SURVEY,2023,DUPLIN,SOYBEANS,"51,300"
SURVEY,2023,DUPLIN,TURKEYS,"3,300,000"
SURVEY,2023,DUPLIN,WHEAT,"16,600"
SURVEY,2023,HARNETT,CORN,"7,200"
SURVEY,2023,HARNETT,CORN,"6,990"
SURVEY,2023,HARNETT,COTTON,"4,500"
SURVEY,2023,HARNETT,PEANUTS,"1,080"
SURVEY,2023,HARNETT,SOYBEANS,"23,400"
SURVEY,2023,HARNETT,SWEET POTATOES,"2,900"
SURVEY,2023,HARNETT,TURKEYS,"120,000"
SURVEY,2023,HARNETT,WHEAT,"6,740"
SURVEY,2023,HOKE,TURKEYS, (D)
SURVEY,2023,HOKE,WHEAT,"2,330"
SURVEY,2023,ONSLOW,CORN,"10,700"
SURVEY,2023,ONSLOW,CORN,"10,400"
SURVEY,2023,ONSLOW,SOYBEANS,"13,000"
SURVEY,2023,ONSLOW,TURKEYS,"1,850,000"
SURVEY,2023,ONSLOW,WHEAT,"2,390"
SURVEY,2023,PENDER,CORN,"15,100"
SURVEY,2023,PENDER,CORN,"14,700"
SURVEY,2023,PENDER,SOYBEANS,"15,400"
SURVEY,2023,PENDER,TURKEYS,"180,000"
SURVEY,2023,ROBESON,CORN,"63,300"
SURVEY,2023,ROBESON,CORN,"61,700"
SURVEY,2023,ROBESON,COTTON,"12,200"
SURVEY,2023,ROBESON,SOYBEANS,"79,900"
SURVEY,2023,ROBESON,TURKEYS, (D)
SURVEY,2023,ROBESON,WHEAT,"26,800"
SURVEY,2023,SAMPSON,CORN,"33,900"
SURVEY,2023,SAMPSON,CORN,"33,000"
SURVEY,2023,SAMPSON,COTTON,"10,300"
SURVEY,2023,SAMPSON,SOYBEANS,"65,400"
SURVEY,2023,SAMPSON,TURKEYS,"7,000,000"
SURVEY,2023,SAMPSON,WHEAT,"14,200"
SURVEY,2023,SCOTLAND,CORN,"6,700"
SURVEY,2023,SCOTLAND,CORN,"6,500"
SURVEY,2023,ANSON,CORN,"10,200"
SURVEY,2023,ANSON,CORN,"9,400"
SURVEY,2023,ANSON,SOYBEANS,"14,800"
SURVEY,2023,ANSON,TURKEYS,"1,200,000"
SURVEY,2023,ANSON,WHEAT,"6,550"
SURVEY,2023,CABARRUS,TURKEYS, (D)
SURVEY,2023,CABARRUS,WHEAT,"2,720"
SURVEY,2023,CLEVELAND,CORN,"6,900"
SURVEY,2023,CLEVELAND,CORN,"6,000"
SURVEY,2023,CLEVELAND,SOYBEANS,"11,500"
SURVEY,2023,CLEVELAND,TURKEYS, (D)
SURVEY,2023,CLEVELAND,WHEAT,"6,090"
SURVEY,2023,GASTON,SOYBEANS,"2,990"
SURVEY,2023,GASTON,TURKEYS, (D)
SURVEY,2023,GASTON,WHEAT,"1,070"
SURVEY,2023,LINCOLN,SOYBEANS,"6,980"
SURVEY,2023,LINCOLN,TURKEYS, (D)
SURVEY,2023,LINCOLN,WHEAT,"3,890"
SURVEY,2023,MECKLENBURG,TURKEYS, (D)
SURVEY,2023,MONTGOMERY,TURKEYS, (D)
SURVEY,2023,MONTGOMERY,WHEAT,140
SURVEY,2023,MOORE,CORN,"2,900"
SURVEY,2023,MOORE,CORN,"2,800"
SURVEY,2023,MOORE,SOYBEANS,"4,070"
SURVEY,2023,MOORE,TURKEYS, (D)
SURVEY,2023,MOORE,WHEAT,"1,950"
SURVEY,2023,RICHMOND,TURKEYS, (D)
SURVEY,2023,STANLY,CORN,"13,100"
SURVEY,2023,STANLY,CORN,"12,700"
SURVEY,2023,STANLY,COTTON,"8,000"
SURVEY,2023,STANLY,SOYBEANS,"18,200"
SURVEY,2023,STANLY,TURKEYS,"540,000"
SURVEY,2023,STANLY,WHEAT,"8,380"
SURVEY,2023,UNION,CORN,"32,300"
SURVEY,2023,UNION,CORN,"31,400"
SURVEY,2023,UNION,SOYBEANS,"58,100"
SURVEY,2023,UNION,TURKEYS,"3,000,000"
SURVEY,2023,UNION,WHEAT,"38,200"
SURVEY,2023,BUNCOMBE,CORN,700
SURVEY,2023,BUNCOMBE,CORN,350
SURVEY,2023,BUNCOMBE,TURKEYS, (D)
SURVEY,2023,BURKE,CORN,"1,400"
SURVEY,2023,BURKE,CORN,"1,200"
SURVEY,2023,BURKE,SOYBEANS,760
SURVEY,2023,BURKE,TURKEYS, (D)
SURVEY,2023,BURKE,WHEAT,240
SURVEY,2023,CHEROKEE,TURKEYS, (D)
SURVEY,2023,HENDERSON,CORN,"2,100"
SURVEY,2023,HENDERSON,CORN,"1,990"
SURVEY,2023,HENDERSON,SOYBEANS,400
SURVEY,2023,HENDERSON,TURKEYS, (D)
SURVEY,2023,MACON,TURKEYS, (D)
SURVEY,2023,MADISON,TURKEYS, (D)
SURVEY,2023,RUTHERFORD,CORN,600
SURVEY,2023,RUTHERFORD,CORN,570
SURVEY,2023,RUTHERFORD,TURKEYS, (D)
SURVEY,2023,TRANSYLVANIA,CORN,"1,700"
SURVEY,2023,TRANSYLVANIA,CORN,"1,590"
SURVEY,2023,YANCEY,TURKEYS, (D)
SURVEY,2022,OTHER COUNTIES,CATTLE,"85,500"
SURVEY,2022,OTHER COUNTIES,CATTLE,"5,300"
SURVEY,2022,BEAUFORT,CATTLE,300
SURVEY,2022,CARTERET,CATTLE,200
SURVEY,2022,CRAVEN,CATTLE, (D)
SURVEY,2022,GREENE,CATTLE,900
SURVEY,2022,HYDE,CATTLE,100
SURVEY,2022,JOHNSTON,CATTLE, (D)
SURVEY,2022,JONES,CATTLE,400
SURVEY,2022,LENOIR,CATTLE, (D)
SURVEY,2022,PAMLICO,CATTLE, (D)
SURVEY,2022,PITT,CATTLE, (D)
SURVEY,2022,PITT,CATTLE, (D)
SURVEY,2022,WAYNE,CATTLE, (D)
SURVEY,2022,WAYNE,CATTLE, (D)
SURVEY,2022,WILSON,CATTLE,"1,400"
SURVEY,2022,ALEXANDER,CATTLE,"8,000"
SURVEY,2022,ALEXANDER,CATTLE,900
SURVEY,2022,CATAWBA,CATTLE,"6,500"
SURVEY,2022,CATAWBA,CATTLE,600
SURVEY,2022,CHATHAM,CATTLE,"17,000"
SURVEY,2022,CHATHAM,CATTLE,700
SURVEY,2022,DAVIDSON,CATTLE,"5,000"
SURVEY,2022,DAVIDSON,CATTLE,"1,100"
SURVEY,2022,DAVIE,CATTLE,"5,300"
SURVEY,2022,DAVIE,CATTLE,300
SURVEY,2022,IREDELL,CATTLE,"11,800"
SURVEY,2022,IREDELL,CATTLE,"10,000"
SURVEY,2022,LEE,CATTLE,"1,800"
SURVEY,2022,RANDOLPH,CATTLE,"16,000"
SURVEY,2022,RANDOLPH,CATTLE,"8,000"
SURVEY,2022,ROWAN,CATTLE,"8,500"
SURVEY,2022,ROWAN,CATTLE,"1,200"
SURVEY,2022,WAKE,CATTLE,"1,800"
SURVEY,2022,WAKE,CATTLE,400
SURVEY,2022,BERTIE,CATTLE,300
SURVEY,2022,CAMDEN,CATTLE,200
SURVEY,2022,CHOWAN,CATTLE,200
SURVEY,2022,CURRITUCK,CATTLE, (D)
SURVEY,2022,EDGECOMBE,CATTLE,900
SURVEY,2022,GATES,CATTLE, (D)
SURVEY,2022,GATES,CATTLE, (D)
SURVEY,2022,HALIFAX,CATTLE, (D)
SURVEY,2022,HALIFAX,CATTLE, (D)
SURVEY,2022,HERTFORD,CATTLE,200
SURVEY,2022,MARTIN,CATTLE, (D)
SURVEY,2022,NASH,CATTLE,"2,900"
SURVEY,2022,NORTHAMPTON,CATTLE,600
SURVEY,2022,PASQUOTANK,CATTLE,200
SURVEY,2022,PERQUIMANS,CATTLE,300
SURVEY,2022,TYRRELL,CATTLE,200
SURVEY,2022,WASHINGTON,CATTLE,200
SURVEY,2022,ALLEGHANY,CATTLE,"9,200"
SURVEY,2022,ALLEGHANY,CATTLE,600
SURVEY,2022,ASHE,CATTLE,"5,600"
SURVEY,2022,ASHE,CATTLE, (D)
SURVEY,2022,AVERY,CATTLE,700
SURVEY,2022,AVERY,CATTLE, (D)
SURVEY,2022,CALDWELL,CATTLE,"3,100"
SURVEY,2022,SURRY,CATTLE,"11,300"
SURVEY,2022,SURRY,CATTLE,100
SURVEY,2022,WATAUGA,CATTLE, (D)
SURVEY,2022,WILKES,CATTLE,"14,700"
SURVEY,2022,WILKES,CATTLE,700
SURVEY,2022,YADKIN,CATTLE, (D)
SURVEY,2022,YADKIN,CATTLE, (D)
SURVEY,2022,ALAMANCE,CATTLE,"6,500"
SURVEY,2022,ALAMANCE,CATTLE,700
SURVEY,2022,CASWELL,CATTLE,"3,900"
SURVEY,2022,CASWELL,CATTLE,300
SURVEY,2022,DURHAM,CATTLE, (D)
SURVEY,2022,DURHAM,CATTLE, (D)
SURVEY,2022,FORSYTH,CATTLE,"1,900"
SURVEY,2022,FORSYTH,CATTLE, (D)
SURVEY,2022,FRANKLIN,CATTLE,"5,700"
SURVEY,2022,FRANKLIN,CATTLE, (D)
SURVEY,2022,GRANVILLE,CATTLE, (D)
SURVEY,2022,GRANVILLE,CATTLE, (D)
SURVEY,2022,GUILFORD,CATTLE,"4,200"
SURVEY,2022,GUILFORD,CATTLE,900
SURVEY,2022,ORANGE,CATTLE,"4,000"
SURVEY,2022,ORANGE,CATTLE,200
SURVEY,2022,PERSON,CATTLE, (D)
SURVEY,2022,PERSON,CATTLE, (D)
SURVEY,2022,ROCKINGHAM,CATTLE,"5,500"
SURVEY,2022,ROCKINGHAM,CATTLE,400
SURVEY,2022,STOKES,CATTLE, (D)
SURVEY,2022,STOKES,CATTLE, (D)
SURVEY,2022,VANCE,CATTLE,"1,100"
SURVEY,2022,WARREN,CATTLE,"3,800"
SURVEY,2022,BLADEN,CATTLE, (D)
SURVEY,2022,BLADEN,CATTLE, (D)
SURVEY,2022,BRUNSWICK,CATTLE, (D)
SURVEY,2022,BRUNSWICK,CATTLE, (D)
SURVEY,2022,COLUMBUS,CATTLE,"2,800"
SURVEY,2022,CUMBERLAND,CATTLE, (D)
SURVEY,2022,CUMBERLAND,CATTLE, (D)
SURVEY,2022,DUPLIN,CATTLE,"11,600"
SURVEY,2022,DUPLIN,CATTLE, (D)
SURVEY,2022,HARNETT,CATTLE, (D)
SURVEY,2022,HOKE,CATTLE,700
SURVEY,2022,ONSLOW,CATTLE,"1,400"
SURVEY,2022,PENDER,CATTLE,"1,500"
SURVEY,2022,PENDER,CATTLE, (D)
SURVEY,2022,ROBESON,CATTLE,"3,900"
SURVEY,2022,SAMPSON,CATTLE, (D)
SURVEY,2022,SAMPSON,CATTLE, (D)
SURVEY,2022,SCOTLAND,CATTLE,500
SURVEY,2022,ANSON,CATTLE, (D)
SURVEY,2022,ANSON,CATTLE, (D)
SURVEY,2022,CABARRUS,CATTLE,"5,700"
SURVEY,2022,CABARRUS,CATTLE,600
SURVEY,2022,CLEVELAND,CATTLE,"10,600"
SURVEY,2022,CLEVELAND,CATTLE,600
SURVEY,2022,GASTON,CATTLE, (D)
SURVEY,2022,GASTON,CATTLE, (D)
SURVEY,2022,LINCOLN,CATTLE,"4,700"
SURVEY,2022,LINCOLN,CATTLE,"2,400"
SURVEY,2022,MECKLENBURG,CATTLE, (D)
SURVEY,2022,MECKLENBURG,CATTLE, (D)
SURVEY,2022,MONTGOMERY,CATTLE,"3,200"
SURVEY,2022,MOORE,CATTLE, (D)
SURVEY,2022,RICHMOND,CATTLE,"1,700"
SURVEY,2022,STANLY,CATTLE,"8,000"
SURVEY,2022,STANLY,CATTLE,300
SURVEY,2022,UNION,CATTLE,"10,800"
SURVEY,2022,UNION,CATTLE,100
SURVEY,2022,BUNCOMBE,CATTLE,"7,300"
SURVEY,2022,BUNCOMBE,CATTLE,"1,100"
SURVEY,2022,BURKE,CATTLE,"2,800"
SURVEY,2022,BURKE,CATTLE, (D)
SURVEY,2022,CHEROKEE,CATTLE, (D)
SURVEY,2022,CHEROKEE,CATTLE, (D)
SURVEY,2022,CLAY,CATTLE,"1,500"
SURVEY,2022,GRAHAM,CATTLE, (D)
SURVEY,2022,HAYWOOD,CATTLE,"4,800"
SURVEY,2022,HAYWOOD,CATTLE,"1,100"
SURVEY,2022,HENDERSON,CATTLE, (D)
SURVEY,2022,HENDERSON,CATTLE, (D)
SURVEY,2022,JACKSON,CATTLE,"1,000"
SURVEY,2022,JACKSON,CATTLE, (D)
SURVEY,2022,MACON,CATTLE,"2,200"
SURVEY,2022,MACON,CATTLE, (D)
SURVEY,2022,MADISON,CATTLE,"3,400"
SURVEY,2022,MADISON,CATTLE, (D)
SURVEY,2022,MCDOWELL,CATTLE,"1,100"
SURVEY,2022,MCDOWELL,CATTLE,300
SURVEY,2022,MITCHELL,CATTLE,"1,000"
SURVEY,2022,MITCHELL,CATTLE, (D)
SURVEY,2022,POLK,CATTLE,"1,700"
SURVEY,2022,POLK,CATTLE,100
SURVEY,2022,RUTHERFORD,CATTLE,"5,600"
SURVEY,2022,RUTHERFORD,CATTLE, (D)
SURVEY,2022,SWAIN,CATTLE,300
SURVEY,2022,TRANSYLVANIA,CATTLE,900
SURVEY,2022,YANCEY,CATTLE,"2,400"
SURVEY,2022,YANCEY,CATTLE, (D)
SURVEY,2022,OTHER COUNTIES,CORN,"97,300"
SURVEY,2022,OTHER COUNTIES,CORN,"90,450"
SURVEY,2022,OTHER COUNTIES,COTTON,"47,240"
SURVEY,2022,OTHER COUNTIES,PEANUTS,"43,310"
SURVEY,2022,OTHER COUNTIES,SOYBEANS,"52,350"
SURVEY,2022,OTHER COUNTIES,SWEET POTATOES,"25,450"
SURVEY,2022,OTHER COUNTIES,TURKEYS,"890,000"
SURVEY,2022,OTHER COUNTIES,WHEAT,"49,310"
SURVEY,2022,BEAUFORT,CORN,"37,700"
SURVEY,2022,BEAUFORT,CORN,"37,300"
SURVEY,2022,BEAUFORT,COTTON,"12,000"
SURVEY,2022,BEAUFORT,SOYBEANS,"68,000"
SURVEY,2022,BEAUFORT,TURKEYS, (D)
SURVEY,2022,BEAUFORT,WHEAT,"9,080"
SURVEY,2022,CARTERET,TURKEYS, (D)
SURVEY,2022,CRAVEN,CORN,"14,700"
SURVEY,2022,CRAVEN,CORN,"14,500"
SURVEY,2022,CRAVEN,COTTON,"7,360"
SURVEY,2022,CRAVEN,SOYBEANS,"20,600"
SURVEY,2022,CRAVEN,TURKEYS, (D)
SURVEY,2022,CRAVEN,WHEAT,"2,050"
SURVEY,2022,GREENE,CORN,"10,900"
SURVEY,2022,GREENE,CORN,"10,400"
SURVEY,2022,GREENE,COTTON,"8,630"
SURVEY,2022,GREENE,PEANUTS,"5,660"
SURVEY,2022,GREENE,SOYBEANS,"32,400"
SURVEY,2022,GREENE,TURKEYS,"1,000,000"
SURVEY,2022,GREENE,WHEAT,"8,190"
SURVEY,2022,HYDE,CORN,"30,000"
SURVEY,2022,HYDE,CORN,"29,100"
SURVEY,2022,HYDE,COTTON,"12,500"
SURVEY,2022,HYDE,SOYBEANS,"34,500"
SURVEY,2022,JOHNSTON,CORN,"7,500"
SURVEY,2022,JOHNSTON,CORN,"6,000"
SURVEY,2022,JOHNSTON,COTTON,"6,250"
SURVEY,2022,JOHNSTON,SOYBEANS,"46,200"
SURVEY,2022,JOHNSTON,SWEET POTATOES,"12,300"
SURVEY,2022,JOHNSTON,TURKEYS,"280,000"
SURVEY,2022,JOHNSTON,WHEAT,"5,990"
SURVEY,2022,JONES,CORN,"12,000"
SURVEY,2022,JONES,CORN,"11,800"
SURVEY,2022,JONES,COTTON,"10,000"
SURVEY,2022,JONES,SOYBEANS,"23,000"
SURVEY,2022,JONES,TURKEYS,"370,000"
SURVEY,2022,JONES,WHEAT,"2,310"
SURVEY,2022,LENOIR,CORN,"18,700"
SURVEY,2022,LENOIR,CORN,"18,500"
SURVEY,2022,LENOIR,COTTON,"10,400"
SURVEY,2022,LENOIR,PEANUTS,"2,180"
SURVEY,2022,LENOIR,SOYBEANS,"38,700"
SURVEY,2022,LENOIR,TURKEYS,"2,150,000"
SURVEY,2022,LENOIR,WHEAT,"5,590"
SURVEY,2022,PAMLICO,CORN,"13,400"
SURVEY,2022,PAMLICO,CORN,"13,300"
SURVEY,2022,PAMLICO,SOYBEANS,"17,600"
SURVEY,2022,PAMLICO,TURKEYS, (D)
SURVEY,2022,PITT,CORN,"13,600"
SURVEY,2022,PITT,CORN,"13,400"
SURVEY,2022,PITT,COTTON,"21,400"
SURVEY,2022,PITT,PEANUTS,"8,390"
SURVEY,2022,PITT,SOYBEANS,"56,400"
SURVEY,2022,PITT,TURKEYS, (D)
SURVEY,2022,PITT,WHEAT,"6,750"
SURVEY,2022,WAYNE,CORN,"20,500"
SURVEY,2022,WAYNE,CORN,"20,100"
SURVEY,2022,WAYNE,COTTON,"9,880"
SURVEY,2022,WAYNE,PEANUTS,"5,950"
SURVEY,2022,WAYNE,SOYBEANS,"54,700"
SURVEY,2022,WAYNE,TURKEYS,"4,800,000"
SURVEY,2022,WAYNE,WHEAT,"12,400"
SURVEY,2022,WILSON,CORN,"8,000"
SURVEY,2022,WILSON,CORN,"7,840"
SURVEY,2022,WILSON,COTTON,"7,360"
SURVEY,2022,WILSON,SOYBEANS,"36,400"
SURVEY,2022,WILSON,SWEET POTATOES,"10,900"
SURVEY,2022,WILSON,TURKEYS, (D)
SURVEY,2022,ALEXANDER,CORN,"2,500"
SURVEY,2022,ALEXANDER,CORN,"1,460"
SURVEY,2022,CATAWBA,CORN,"4,700"
SURVEY,2022,CATAWBA,CORN,"4,400"
SURVEY,2022,CATAWBA,SOYBEANS,"7,750"
SURVEY,2022,CATAWBA,TURKEYS, (D)
SURVEY,2022,CATAWBA,WHEAT,"2,360"
SURVEY,2022,CHATHAM,CORN,"2,800"
SURVEY,2022,CHATHAM,CORN,"1,900"
SURVEY,2022,CHATHAM,SOYBEANS,"2,800"
SURVEY,2022,CHATHAM,TURKEYS, (D)
SURVEY,2022,CHATHAM,WHEAT,990
SURVEY,2022,DAVIDSON,CORN,"6,900"
SURVEY,2022,DAVIDSON,CORN,"4,960"
SURVEY,2022,DAVIDSON,SOYBEANS,"11,400"
SURVEY,2022,DAVIDSON,TURKEYS, (D)
SURVEY,2022,DAVIDSON,WHEAT,"2,660"
SURVEY,2022,DAVIE,CORN,"6,700"
SURVEY,2022,DAVIE,CORN,"6,460"
SURVEY,2022,DAVIE,SOYBEANS,"9,300"
SURVEY,2022,DAVIE,WHEAT,"1,850"
SURVEY,2022,IREDELL,CORN,"20,100"
SURVEY,2022,IREDELL,CORN,"15,000"
SURVEY,2022,IREDELL,SOYBEANS,"17,000"
SURVEY,2022,IREDELL,TURKEYS, (D)
SURVEY,2022,IREDELL,WHEAT,"8,000"
SURVEY,2022,LEE,CORN,"1,400"
SURVEY,2022,LEE,CORN,"1,300"
SURVEY,2022,LEE,SOYBEANS,"3,950"
SURVEY,2022,LEE,SWEET POTATOES,200
SURVEY,2022,LEE,TURKEYS, (D)
SURVEY,2022,RANDOLPH,CORN,"9,800"
SURVEY,2022,RANDOLPH,CORN,"8,530"
SURVEY,2022,RANDOLPH,SOYBEANS,"11,200"
SURVEY,2022,RANDOLPH,TURKEYS, (D)
SURVEY,2022,RANDOLPH,WHEAT,"5,810"
SURVEY,2022,ROWAN,CORN,"10,600"
SURVEY,2022,ROWAN,CORN,"9,400"
SURVEY,2022,ROWAN,SOYBEANS,"21,100"
SURVEY,2022,ROWAN,TURKEYS, (D)
SURVEY,2022,ROWAN,WHEAT,"7,970"
SURVEY,2022,WAKE,CORN,900
SURVEY,2022,WAKE,CORN,780
SURVEY,2022,WAKE,SOYBEANS,"11,200"
SURVEY,2022,WAKE,SWEET POTATOES,850
SURVEY,2022,WAKE,TURKEYS,"4,000"
SURVEY,2022,WAKE,WHEAT,"1,890"
SURVEY,2022,BERTIE,CORN,"8,800"
SURVEY,2022,BERTIE,CORN,"8,680"
SURVEY,2022,BERTIE,COTTON,"34,200"
SURVEY,2022,BERTIE,SOYBEANS,"30,000"
SURVEY,2022,BERTIE,WHEAT,"5,410"
SURVEY,2022,CAMDEN,CORN,"14,300"
SURVEY,2022,CAMDEN,CORN,"14,100"
SURVEY,2022,CAMDEN,SOYBEANS,"28,600"
SURVEY,2022,CAMDEN,WHEAT,"4,470"
SURVEY,2022,CHOWAN,CORN,"2,600"
SURVEY,2022,CHOWAN,CORN,"2,550"
SURVEY,2022,CHOWAN,COTTON,"13,400"
SURVEY,2022,CHOWAN,PEANUTS,"3,780"
SURVEY,2022,CHOWAN,SOYBEANS,"17,900"
SURVEY,2022,CHOWAN,SWEET POTATOES,400
SURVEY,2022,CHOWAN,WHEAT,"3,150"
SURVEY,2022,CURRITUCK,CORN,"9,500"
SURVEY,2022,CURRITUCK,CORN,"9,330"
SURVEY,2022,CURRITUCK,SOYBEANS,"17,500"
SURVEY,2022,CURRITUCK,WHEAT,"3,960"
SURVEY,2022,EDGECOMBE,CORN,"8,100"
SURVEY,2022,EDGECOMBE,CORN,"7,940"
SURVEY,2022,EDGECOMBE,COTTON,"27,700"
SURVEY,2022,EDGECOMBE,PEANUTS,"8,440"
SURVEY,2022,EDGECOMBE,SOYBEANS,"43,200"
SURVEY,2022,EDGECOMBE,SWEET POTATOES,"9,300"
SURVEY,2022,EDGECOMBE,TURKEYS, (D)
SURVEY,2022,EDGECOMBE,WHEAT,"5,520"
SURVEY,2022,GATES,CORN,"3,700"
SURVEY,2022,GATES,CORN,"3,630"
SURVEY,2022,GATES,COTTON,"13,000"
SURVEY,2022,GATES,PEANUTS,"3,470"
SURVEY,2022,GATES,SOYBEANS,"20,000"
SURVEY,2022,GATES,TURKEYS, (D)
SURVEY,2022,GATES,WHEAT,"3,540"
SURVEY,2022,HALIFAX,COTTON,"47,400"
SURVEY,2022,HALIFAX,PEANUTS,"8,240"
SURVEY,2022,HALIFAX,SOYBEANS,"34,400"
SURVEY,2022,HERTFORD,CORN,"7,600"
SURVEY,2022,HERTFORD,CORN,"7,420"
SURVEY,2022,HERTFORD,COTTON,"16,900"
SURVEY,2022,HERTFORD,PEANUTS,"5,460"
SURVEY,2022,HERTFORD,SOYBEANS,"13,300"
SURVEY,2022,MARTIN,CORN,"4,500"
SURVEY,2022,MARTIN,CORN,"4,350"
SURVEY,2022,MARTIN,COTTON,"30,700"
SURVEY,2022,MARTIN,PEANUTS,"9,510"
SURVEY,2022,MARTIN,SOYBEANS,"23,900"
SURVEY,2022,MARTIN,TURKEYS, (D)
SURVEY,2022,MARTIN,WHEAT,"4,890"
SURVEY,2022,NASH,CORN,"3,000"
SURVEY,2022,NASH,CORN,"2,890"
SURVEY,2022,NASH,COTTON,"9,690"
SURVEY,2022,NASH,SOYBEANS,"28,800"
SURVEY,2022,NASH,SWEET POTATOES,"8,500"
SURVEY,2022,NASH,WHEAT,"1,770"
SURVEY,2022,NORTHAMPTON,CORN,"10,100"
SURVEY,2022,NORTHAMPTON,CORN,"10,000"
SURVEY,2022,NORTHAMPTON,COTTON,"34,200"
SURVEY,2022,NORTHAMPTON,PEANUTS,"7,840"
SURVEY,2022,NORTHAMPTON,SOYBEANS,"35,500"
SURVEY,2022,NORTHAMPTON,WHEAT,"4,400"
SURVEY,2022,PASQUOTANK,CORN,"19,600"
SURVEY,2022,PASQUOTANK,CORN,"19,400"
SURVEY,2022,PASQUOTANK,SOYBEANS,"48,200"
SURVEY,2022,PASQUOTANK,WHEAT,"6,520"
SURVEY,2022,PERQUIMANS,CORN,"12,700"
SURVEY,2022,PERQUIMANS,CORN,"12,600"
SURVEY,2022,PERQUIMANS,COTTON,"9,810"
SURVEY,2022,PERQUIMANS,SOYBEANS,"45,300"
SURVEY,2022,PERQUIMANS,WHEAT,"13,200"
SURVEY,2022,TYRRELL,CORN,"23,100"
SURVEY,2022,TYRRELL,CORN,"22,800"
SURVEY,2022,TYRRELL,SOYBEANS,"31,900"
SURVEY,2022,WASHINGTON,CORN,"28,300"
SURVEY,2022,WASHINGTON,CORN,"28,000"
SURVEY,2022,WASHINGTON,COTTON,"8,190"
SURVEY,2022,WASHINGTON,SOYBEANS,"45,800"
SURVEY,2022,ALLEGHANY,TURKEYS, (D)
SURVEY,2022,ASHE,TURKEYS, (D)
SURVEY,2022,AVERY,TURKEYS, (D)
SURVEY,2022,CALDWELL,CORN,"1,400"
SURVEY,2022,CALDWELL,CORN,"1,310"
SURVEY,2022,CALDWELL,TURKEYS, (D)
SURVEY,2022,SURRY,CORN,"9,300"
SURVEY,2022,SURRY,CORN,"8,720"
SURVEY,2022,SURRY,SOYBEANS,"13,100"
SURVEY,2022,SURRY,TURKEYS, (D)
SURVEY,2022,SURRY,WHEAT,"2,080"
SURVEY,2022,WILKES,CORN,"7,700"
SURVEY,2022,WILKES,CORN,"4,920"
SURVEY,2022,WILKES,TURKEYS, (D)
SURVEY,2022,YADKIN,CORN,"11,700"
SURVEY,2022,YADKIN,CORN,"11,100"
SURVEY,2022,YADKIN,SOYBEANS,"22,400"
SURVEY,2022,YADKIN,TURKEYS, (D)
SURVEY,2022,YADKIN,WHEAT,"3,220"
SURVEY,2022,ALAMANCE,CORN,"3,400"
SURVEY,2022,ALAMANCE,CORN,"3,110"
SURVEY,2022,ALAMANCE,SOYBEANS,"4,950"
SURVEY,2022,ALAMANCE,TURKEYS, (D)
SURVEY,2022,ALAMANCE,WHEAT,"1,700"
SURVEY,2022,CASWELL,CORN,"1,000"
SURVEY,2022,CASWELL,CORN,860
SURVEY,2022,CASWELL,SOYBEANS,"4,500"
SURVEY,2022,CASWELL,WHEAT,"1,210"
SURVEY,2022,DURHAM,CORN,500
SURVEY,2022,DURHAM,CORN,360
SURVEY,2022,DURHAM,SOYBEANS,"1,000"
SURVEY,2022,DURHAM,TURKEYS, (D)
SURVEY,2022,FORSYTH,SOYBEANS,"5,150"
SURVEY,2022,FORSYTH,TURKEYS, (D)
SURVEY,2022,FORSYTH,WHEAT,930
SURVEY,2022,FRANKLIN,CORN,"2,400"
SURVEY,2022,FRANKLIN,CORN,"1,970"
SURVEY,2022,FRANKLIN,SOYBEANS,"19,200"
SURVEY,2022,FRANKLIN,TURKEYS, (D)
SURVEY,2022,FRANKLIN,WHEAT,"6,710"
SURVEY,2022,GRANVILLE,CORN,"2,000"
SURVEY,2022,GRANVILLE,CORN,"1,700"
SURVEY,2022,GRANVILLE,SOYBEANS,"7,800"
SURVEY,2022,GRANVILLE,TURKEYS, (D)
SURVEY,2022,GRANVILLE,WHEAT,"1,710"
SURVEY,2022,GUILFORD,CORN,"5,100"
SURVEY,2022,GUILFORD,CORN,"4,260"
SURVEY,2022,GUILFORD,SOYBEANS,"9,850"
SURVEY,2022,GUILFORD,TURKEYS, (D)
SURVEY,2022,GUILFORD,WHEAT,"3,880"
SURVEY,2022,ORANGE,CORN,"2,300"
SURVEY,2022,ORANGE,CORN,"2,040"
SURVEY,2022,ORANGE,SOYBEANS,"3,150"
SURVEY,2022,ORANGE,TURKEYS, (D)
SURVEY,2022,ORANGE,WHEAT,900
SURVEY,2022,PERSON,CORN,"3,400"
SURVEY,2022,PERSON,CORN,"3,050"
SURVEY,2022,PERSON,SOYBEANS,"13,800"
SURVEY,2022,PERSON,TURKEYS, (D)
SURVEY,2022,PERSON,WHEAT,"7,970"
SURVEY,2022,ROCKINGHAM,CORN,"2,600"
SURVEY,2022,ROCKINGHAM,CORN,"1,850"
SURVEY,2022,ROCKINGHAM,SOYBEANS,"7,600"
SURVEY,2022,ROCKINGHAM,TURKEYS, (D)
SURVEY,2022,ROCKINGHAM,WHEAT,"3,560"
SURVEY,2022,STOKES,CORN,"1,800"
SURVEY,2022,STOKES,CORN,"1,550"
SURVEY,2022,STOKES,SOYBEANS,"2,300"
SURVEY,2022,STOKES,TURKEYS, (D)
SURVEY,2022,STOKES,WHEAT,150
SURVEY,2022,VANCE,CORN,200
SURVEY,2022,VANCE,CORN,170
SURVEY,2022,VANCE,SOYBEANS,"7,450"
SURVEY,2022,VANCE,WHEAT,"1,740"
SURVEY,2022,WARREN,CORN,"1,200"
SURVEY,2022,WARREN,CORN,"1,130"
SURVEY,2022,WARREN,SOYBEANS,"11,000"
SURVEY,2022,BLADEN,CORN,"23,000"
SURVEY,2022,BLADEN,CORN,"22,500"
SURVEY,2022,BLADEN,PEANUTS,"3,770"
SURVEY,2022,BLADEN,SOYBEANS,"19,000"
SURVEY,2022,BLADEN,TURKEYS,"1,250,000"
SURVEY,2022,BLADEN,WHEAT,"1,690"
SURVEY,2022,BRUNSWICK,CORN,"6,500"
SURVEY,2022,BRUNSWICK,CORN,"6,370"
SURVEY,2022,BRUNSWICK,SOYBEANS,"7,400"
SURVEY,2022,BRUNSWICK,TURKEYS, (D)
SURVEY,2022,COLUMBUS,CORN,"32,400"
SURVEY,2022,COLUMBUS,CORN,"31,900"
SURVEY,2022,COLUMBUS,COTTON,"4,320"
SURVEY,2022,COLUMBUS,SOYBEANS,"60,500"
SURVEY,2022,COLUMBUS,TURKEYS, (D)
SURVEY,2022,COLUMBUS,WHEAT,"5,140"
SURVEY,2022,CUMBERLAND,CORN,"7,900"
SURVEY,2022,CUMBERLAND,CORN,"7,640"
SURVEY,2022,CUMBERLAND,COTTON,"6,910"
SURVEY,2022,CUMBERLAND,SOYBEANS,"18,300"
SURVEY,2022,CUMBERLAND,TURKEYS,"900,000"
SURVEY,2022,CUMBERLAND,WHEAT,"3,340"
SURVEY,2022,DUPLIN,COTTON,"4,200"
SURVEY,2022,DUPLIN,SOYBEANS,"59,000"
SURVEY,2022,DUPLIN,TURKEYS,"3,250,000"
SURVEY,2022,DUPLIN,WHEAT,"15,200"
SURVEY,2022,HARNETT,CORN,"7,200"
SURVEY,2022,HARNETT,CORN,"6,450"
SURVEY,2022,HARNETT,COTTON,"6,760"
SURVEY,2022,HARNETT,SOYBEANS,"23,300"
SURVEY,2022,HARNETT,SWEET POTATOES,"2,700"
SURVEY,2022,HARNETT,TURKEYS, (D)
SURVEY,2022,HARNETT,WHEAT,"5,290"
SURVEY,2022,HOKE,CORN,"7,000"
SURVEY,2022,HOKE,CORN,"6,800"
SURVEY,2022,HOKE,TURKEYS, (D)
SURVEY,2022,ONSLOW,CORN,"7,800"
SURVEY,2022,ONSLOW,CORN,"7,620"
SURVEY,2022,ONSLOW,SOYBEANS,"13,100"
SURVEY,2022,ONSLOW,TURKEYS,"1,850,000"
SURVEY,2022,ONSLOW,WHEAT,"3,080"
SURVEY,2022,PENDER,SOYBEANS,"16,800"
SURVEY,2022,PENDER,TURKEYS,"91,000"
SURVEY,2022,ROBESON,CORN,"59,600"
SURVEY,2022,ROBESON,CORN,"58,700"
SURVEY,2022,ROBESON,COTTON,"12,800"
SURVEY,2022,ROBESON,SOYBEANS,"84,000"
SURVEY,2022,ROBESON,TURKEYS, (D)
SURVEY,2022,ROBESON,WHEAT,"22,200"
SURVEY,2022,SAMPSON,CORN,"32,400"
SURVEY,2022,SAMPSON,CORN,"31,900"
SURVEY,2022,SAMPSON,COTTON,"16,000"
SURVEY,2022,SAMPSON,SOYBEANS,"61,900"
SURVEY,2022,SAMPSON,SWEET POTATOES,"16,400"
SURVEY,2022,SAMPSON,TURKEYS,"6,900,000"
SURVEY,2022,SAMPSON,WHEAT,"11,400"
SURVEY,2022,SCOTLAND,SOYBEANS,"10,900"
SURVEY,2022,SCOTLAND,WHEAT,"3,790"
SURVEY,2022,ANSON,CORN,"9,300"
SURVEY,2022,ANSON,CORN,"8,770"
SURVEY,2022,ANSON,SOYBEANS,"14,900"
SURVEY,2022,ANSON,TURKEYS,"1,200,000"
SURVEY,2022,ANSON,WHEAT,"10,300"
SURVEY,2022,CABARRUS,CORN,"4,600"
SURVEY,2022,CABARRUS,CORN,"4,120"
SURVEY,2022,CABARRUS,SOYBEANS,"5,650"
SURVEY,2022,CABARRUS,TURKEYS, (D)
SURVEY,2022,CABARRUS,WHEAT,"2,540"
SURVEY,2022,CLEVELAND,CORN,"6,500"
SURVEY,2022,CLEVELAND,CORN,"5,650"
SURVEY,2022,CLEVELAND,SOYBEANS,"12,600"
SURVEY,2022,CLEVELAND,TURKEYS, (D)
SURVEY,2022,CLEVELAND,WHEAT,"5,590"
SURVEY,2022,GASTON,SOYBEANS,"2,950"
SURVEY,2022,GASTON,TURKEYS, (D)
SURVEY,2022,GASTON,WHEAT,930
SURVEY,2022,LINCOLN,CORN,"4,000"
SURVEY,2022,LINCOLN,CORN,"1,550"
SURVEY,2022,LINCOLN,SOYBEANS,"7,600"
SURVEY,2022,LINCOLN,TURKEYS, (D)
SURVEY,2022,LINCOLN,WHEAT,"3,230"
SURVEY,2022,MECKLENBURG,TURKEYS, (D)
SURVEY,2022,MONTGOMERY,TURKEYS, (D)
SURVEY,2022,MOORE,CORN,"3,900"
SURVEY,2022,MOORE,CORN,"3,170"
SURVEY,2022,MOORE,SOYBEANS,"3,500"
SURVEY,2022,MOORE,TURKEYS, (D)
SURVEY,2022,MOORE,WHEAT,"1,200"
SURVEY,2022,RICHMOND,SOYBEANS,"2,450"
SURVEY,2022,RICHMOND,TURKEYS, (D)
SURVEY,2022,STANLY,CORN,"12,000"
SURVEY,2022,STANLY,CORN,"11,700"
SURVEY,2022,STANLY,COTTON,"10,800"
SURVEY,2022,STANLY,SOYBEANS,"17,200"
SURVEY,2022,STANLY,TURKEYS,"365,000"
SURVEY,2022,STANLY,WHEAT,"8,490"
SURVEY,2022,UNION,CORN,"26,000"
SURVEY,2022,UNION,CORN,"25,600"
SURVEY,2022,UNION,SOYBEANS,"61,800"
SURVEY,2022,UNION,TURKEYS,"2,700,000"
SURVEY,2022,UNION,WHEAT,"45,800"
SURVEY,2022,BUNCOMBE,CORN,800
SURVEY,2022,BUNCOMBE,CORN,140
SURVEY,2022,BUNCOMBE,TURKEYS, (D)
SURVEY,2022,BURKE,CORN,800
SURVEY,2022,BURKE,CORN,640
SURVEY,2022,BURKE,SOYBEANS,"1,350"
SURVEY,2022,BURKE,TURKEYS, (D)
SURVEY,2022,CHEROKEE,TURKEYS, (D)
SURVEY,2022,HENDERSON,CORN,"2,500"
SURVEY,2022,HENDERSON,CORN,"2,330"
SURVEY,2022,HENDERSON,SOYBEANS,300
SURVEY,2022,HENDERSON,TURKEYS, (D)
SURVEY,2022,JACKSON,CORN,200
SURVEY,2022,JACKSON,CORN,110
SURVEY,2022,MACON,TURKEYS, (D)
SURVEY,2022,MADISON,CORN,500
SURVEY,2022,MADISON,CORN,330
SURVEY,2022,MADISON,TURKEYS, (D)
SURVEY,2022,RUTHERFORD,CORN,700
SURVEY,2022,RUTHERFORD,CORN,650
SURVEY,2022,RUTHERFORD,SOYBEANS,"1,400"
SURVEY,2022,RUTHERFORD,TURKEYS, (D)
SURVEY,2022,TRANSYLVANIA,CORN,"1,800"
SURVEY,2022,TRANSYLVANIA,CORN,"1,690"
SURVEY,2022,TRANSYLVANIA,TURKEYS, (D)
SURVEY,2022,YANCEY,TURKEYS, (D)
SURVEY,2021,OTHER COUNTIES,CATTLE,"86,500"
SURVEY,2021,OTHER COUNTIES,CATTLE,"5,500"
SURVEY,2021,BEAUFORT,CATTLE,300
SURVEY,2021,CARTERET,CATTLE,200
SURVEY,2021,CRAVEN,CATTLE, (D)
SURVEY,2021,GREENE,CATTLE,900
SURVEY,2021,HYDE,CATTLE,100
SURVEY,2021,JOHNSTON,CATTLE, (D)
SURVEY,2021,JONES,CATTLE,500
SURVEY,2021,LENOIR,CATTLE, (D)
SURVEY,2021,PAMLICO,CATTLE, (D)
SURVEY,2021,PITT,CATTLE, (D)
SURVEY,2021,PITT,CATTLE, (D)
SURVEY,2021,WAYNE,CATTLE, (D)
SURVEY,2021,WAYNE,CATTLE, (D)
SURVEY,2021,WILSON,CATTLE,"1,300"
SURVEY,2021,ALEXANDER,CATTLE,"7,900"
SURVEY,2021,ALEXANDER,CATTLE,"1,000"
SURVEY,2021,CATAWBA,CATTLE,"6,900"
SURVEY,2021,CATAWBA,CATTLE,600
SURVEY,2021,CHATHAM,CATTLE,"16,500"
SURVEY,2021,CHATHAM,CATTLE,600
SURVEY,2021,DAVIDSON,CATTLE,"5,400"
SURVEY,2021,DAVIDSON,CATTLE,"1,100"
SURVEY,2021,DAVIE,CATTLE,"5,700"
SURVEY,2021,DAVIE,CATTLE,300
SURVEY,2021,IREDELL,CATTLE,"12,600"
SURVEY,2021,IREDELL,CATTLE,"9,500"
SURVEY,2021,LEE,CATTLE,"2,000"
SURVEY,2021,RANDOLPH,CATTLE,"16,400"
SURVEY,2021,RANDOLPH,CATTLE,"7,400"
SURVEY,2021,ROWAN,CATTLE,"8,700"
SURVEY,2021,ROWAN,CATTLE,"1,200"
SURVEY,2021,WAKE,CATTLE,"2,000"
SURVEY,2021,WAKE,CATTLE,400
SURVEY,2021,BERTIE,CATTLE,300
SURVEY,2021,CAMDEN,CATTLE,200
SURVEY,2021,CHOWAN,CATTLE,200
SURVEY,2021,CURRITUCK,CATTLE, (D)
SURVEY,2021,EDGECOMBE,CATTLE,"1,100"
SURVEY,2021,GATES,CATTLE, (D)
SURVEY,2021,GATES,CATTLE, (D)
SURVEY,2021,HALIFAX,CATTLE, (D)
SURVEY,2021,HALIFAX,CATTLE, (D)
SURVEY,2021,HERTFORD,CATTLE,200
SURVEY,2021,MARTIN,CATTLE, (D)
SURVEY,2021,NASH,CATTLE,"3,000"
SURVEY,2021,NORTHAMPTON,CATTLE,800
SURVEY,2021,PASQUOTANK,CATTLE,200
SURVEY,2021,PERQUIMANS,CATTLE,400
SURVEY,2021,TYRRELL,CATTLE,300
SURVEY,2021,WASHINGTON,CATTLE,200
SURVEY,2021,ALLEGHANY,CATTLE,"8,200"
SURVEY,2021,ALLEGHANY,CATTLE,900
SURVEY,2021,ASHE,CATTLE,"6,300"
SURVEY,2021,ASHE,CATTLE, (D)
SURVEY,2021,AVERY,CATTLE,900
SURVEY,2021,AVERY,CATTLE, (D)
SURVEY,2021,CALDWELL,CATTLE,"3,400"
SURVEY,2021,SURRY,CATTLE,"11,800"
SURVEY,2021,SURRY,CATTLE,100
SURVEY,2021,WATAUGA,CATTLE, (D)
SURVEY,2021,WILKES,CATTLE,"14,400"
SURVEY,2021,WILKES,CATTLE,"1,100"
SURVEY,2021,YADKIN,CATTLE, (D)
SURVEY,2021,YADKIN,CATTLE, (D)
SURVEY,2021,ALAMANCE,CATTLE,"6,800"
SURVEY,2021,ALAMANCE,CATTLE,"1,000"
SURVEY,2021,CASWELL,CATTLE,"4,000"
SURVEY,2021,CASWELL,CATTLE,600
SURVEY,2021,DURHAM,CATTLE, (D)
SURVEY,2021,DURHAM,CATTLE, (D)
SURVEY,2021,FORSYTH,CATTLE,"2,300"
SURVEY,2021,FORSYTH,CATTLE, (D)
SURVEY,2021,FRANKLIN,CATTLE,"5,900"
SURVEY,2021,FRANKLIN,CATTLE, (D)
SURVEY,2021,GRANVILLE,CATTLE, (D)
SURVEY,2021,GRANVILLE,CATTLE, (D)
SURVEY,2021,GUILFORD,CATTLE,"4,500"
SURVEY,2021,GUILFORD,CATTLE,"1,100"
SURVEY,2021,ORANGE,CATTLE,"4,400"
SURVEY,2021,ORANGE,CATTLE,400
SURVEY,2021,PERSON,CATTLE, (D)
SURVEY,2021,PERSON,CATTLE, (D)
SURVEY,2021,ROCKINGHAM,CATTLE,"5,600"
SURVEY,2021,ROCKINGHAM,CATTLE,300
SURVEY,2021,STOKES,CATTLE, (D)
SURVEY,2021,STOKES,CATTLE, (D)
SURVEY,2021,VANCE,CATTLE,"1,400"
SURVEY,2021,WARREN,CATTLE,"3,900"
SURVEY,2021,BLADEN,CATTLE, (D)
SURVEY,2021,BLADEN,CATTLE, (D)
SURVEY,2021,BRUNSWICK,CATTLE, (D)
SURVEY,2021,BRUNSWICK,CATTLE, (D)
SURVEY,2021,COLUMBUS,CATTLE,"3,100"
SURVEY,2021,CUMBERLAND,CATTLE, (D)
SURVEY,2021,CUMBERLAND,CATTLE, (D)
SURVEY,2021,DUPLIN,CATTLE,"11,800"
SURVEY,2021,DUPLIN,CATTLE, (D)
SURVEY,2021,HARNETT,CATTLE, (D)
SURVEY,2021,HOKE,CATTLE,800
SURVEY,2021,ONSLOW,CATTLE,"1,400"
SURVEY,2021,PENDER,CATTLE,"1,600"
SURVEY,2021,PENDER,CATTLE, (D)
SURVEY,2021,ROBESON,CATTLE,"3,700"
SURVEY,2021,SAMPSON,CATTLE, (D)
SURVEY,2021,SAMPSON,CATTLE, (D)
SURVEY,2021,SCOTLAND,CATTLE,500
SURVEY,2021,ANSON,CATTLE, (D)
SURVEY,2021,ANSON,CATTLE, (D)
SURVEY,2021,CABARRUS,CATTLE,"6,200"
SURVEY,2021,CABARRUS,CATTLE,600
SURVEY,2021,CLEVELAND,CATTLE,"10,800"
SURVEY,2021,CLEVELAND,CATTLE,600
SURVEY,2021,GASTON,CATTLE, (D)
SURVEY,2021,GASTON,CATTLE, (D)
SURVEY,2021,LINCOLN,CATTLE,"4,800"
SURVEY,2021,LINCOLN,CATTLE,"2,800"
SURVEY,2021,MECKLENBURG,CATTLE, (D)
SURVEY,2021,MECKLENBURG,CATTLE, (D)
SURVEY,2021,MONTGOMERY,CATTLE,"3,300"
SURVEY,2021,MOORE,CATTLE, (D)
SURVEY,2021,RICHMOND,CATTLE,"1,500"
SURVEY,2021,STANLY,CATTLE,"8,200"
SURVEY,2021,STANLY,CATTLE,300
SURVEY,2021,UNION,CATTLE,"11,100"
SURVEY,2021,UNION,CATTLE,100
SURVEY,2021,BUNCOMBE,CATTLE,"7,500"
SURVEY,2021,BUNCOMBE,CATTLE,"1,000"
SURVEY,2021,BURKE,CATTLE,"2,800"
SURVEY,2021,BURKE,CATTLE, (D)
SURVEY,2021,CHEROKEE,CATTLE, (D)
SURVEY,2021,CHEROKEE,CATTLE, (D)
SURVEY,2021,CLAY,CATTLE,"1,400"
SURVEY,2021,GRAHAM,CATTLE, (D)
SURVEY,2021,HAYWOOD,CATTLE,"4,800"
SURVEY,2021,HAYWOOD,CATTLE,"1,100"
SURVEY,2021,HENDERSON,CATTLE, (D)
SURVEY,2021,HENDERSON,CATTLE, (D)
SURVEY,2021,JACKSON,CATTLE,900
SURVEY,2021,JACKSON,CATTLE, (D)
SURVEY,2021,MACON,CATTLE,"2,100"
SURVEY,2021,MACON,CATTLE, (D)
SURVEY,2021,MADISON,CATTLE,"3,700"
SURVEY,2021,MADISON,CATTLE, (D)
SURVEY,2021,MCDOWELL,CATTLE,"1,300"
SURVEY,2021,MCDOWELL,CATTLE,300
SURVEY,2021,MITCHELL,CATTLE,"1,000"
SURVEY,2021,MITCHELL,CATTLE, (D)
SURVEY,2021,POLK,CATTLE,"1,800"
SURVEY,2021,POLK,CATTLE,100
SURVEY,2021,RUTHERFORD,CATTLE,"5,400"
SURVEY,2021,RUTHERFORD,CATTLE, (D)
SURVEY,2021,SWAIN,CATTLE,300
SURVEY,2021,TRANSYLVANIA,CATTLE,"1,000"
SURVEY,2021,YANCEY,CATTLE,"2,600"
SURVEY,2021,YANCEY,CATTLE, (D)
SURVEY,2021,OTHER COUNTIES,COTTON, (D)
SURVEY,2021,BEAUFORT,COTTON, (D)
SURVEY,2021,GREENE,COTTON, (D)
SURVEY,2021,JONES,COTTON, (D)
SURVEY,2021,LENOIR,COTTON, (D)
SURVEY,2021,PITT,COTTON, (D)
SURVEY,2021,WILSON,COTTON, (D)
SURVEY,2021,BERTIE,COTTON, (D)
SURVEY,2021,CHOWAN,COTTON, (D)
SURVEY,2021,EDGECOMBE,COTTON, (D)
SURVEY,2021,GATES,COTTON, (D)
SURVEY,2021,HALIFAX,COTTON,"131,750"
SURVEY,2021,HERTFORD,COTTON, (D)
SURVEY,2021,MARTIN,COTTON, (D)
SURVEY,2021,NASH,COTTON, (D)
SURVEY,2021,NORTHAMPTON,COTTON,"56,350"
SURVEY,2021,PERQUIMANS,COTTON, (D)
SURVEY,2021,BLADEN,COTTON, (D)
SURVEY,2021,CUMBERLAND,COTTON, (D)
SURVEY,2021,DUPLIN,COTTON, (D)
SURVEY,2021,HOKE,COTTON, (D)
SURVEY,2021,ROBESON,COTTON, (D)
SURVEY,2021,SAMPSON,COTTON, (D)
SURVEY,2021,ANSON,COTTON, (D)
SURVEY,2021,STANLY,COTTON, (D)
SURVEY,2021,OTHER COUNTIES,CORN,"68,700"
SURVEY,2021,OTHER COUNTIES,CORN,"54,000"
SURVEY,2021,OTHER COUNTIES,COTTON,"43,090"
SURVEY,2021,OTHER COUNTIES,PEANUTS,"26,700"
SURVEY,2021,OTHER COUNTIES,SOYBEANS,"49,490"
SURVEY,2021,OTHER COUNTIES,SWEET POTATOES,"24,350"
SURVEY,2021,OTHER COUNTIES,TURKEYS,"734,000"
SURVEY,2021,OTHER COUNTIES,WHEAT,"52,000"
SURVEY,2021,BEAUFORT,CORN,"41,000"
SURVEY,2021,BEAUFORT,CORN,"40,000"
SURVEY,2021,BEAUFORT,COTTON,"9,030"
SURVEY,2021,BEAUFORT,SOYBEANS,"69,800"
SURVEY,2021,BEAUFORT,TURKEYS, (D)
SURVEY,2021,BEAUFORT,WHEAT,"7,230"
SURVEY,2021,CARTERET,TURKEYS, (D)
SURVEY,2021,CRAVEN,CORN,"18,300"
SURVEY,2021,CRAVEN,CORN,"17,700"
SURVEY,2021,CRAVEN,COTTON,"3,600"
SURVEY,2021,CRAVEN,PEANUTS,"2,180"
SURVEY,2021,CRAVEN,SOYBEANS,"21,800"
SURVEY,2021,CRAVEN,WHEAT,"2,440"
SURVEY,2021,GREENE,CORN,"12,900"
SURVEY,2021,GREENE,CORN,"12,600"
SURVEY,2021,GREENE,COTTON,"4,300"
SURVEY,2021,GREENE,SOYBEANS,"30,300"
SURVEY,2021,GREENE,TURKEYS,"1,050,000"
SURVEY,2021,GREENE,WHEAT,"8,260"
SURVEY,2021,HYDE,CORN,"30,800"
SURVEY,2021,HYDE,CORN,"29,800"
SURVEY,2021,HYDE,COTTON,"11,000"
SURVEY,2021,HYDE,SOYBEANS,"35,000"
SURVEY,2021,HYDE,WHEAT,"3,400"
SURVEY,2021,JOHNSTON,CORN,"10,900"
SURVEY,2021,JOHNSTON,CORN,"10,700"
SURVEY,2021,JOHNSTON,COTTON,"3,840"
SURVEY,2021,JOHNSTON,PEANUTS,"2,380"
SURVEY,2021,JOHNSTON,SOYBEANS,"45,500"
SURVEY,2021,JOHNSTON,SWEET POTATOES,"11,300"
SURVEY,2021,JOHNSTON,TURKEYS,"460,000"
SURVEY,2021,JOHNSTON,WHEAT,"7,460"
SURVEY,2021,JONES,CORN,"16,100"
SURVEY,2021,JONES,CORN,"15,800"
SURVEY,2021,JONES,COTTON,"4,590"
SURVEY,2021,JONES,SOYBEANS,"25,600"
SURVEY,2021,JONES,TURKEYS,"365,000"
SURVEY,2021,JONES,WHEAT,"3,250"
SURVEY,2021,LENOIR,CORN,"26,400"
SURVEY,2021,LENOIR,CORN,"25,800"
SURVEY,2021,LENOIR,COTTON,"5,370"
SURVEY,2021,LENOIR,SOYBEANS,"34,100"
SURVEY,2021,LENOIR,SWEET POTATOES,"3,900"
SURVEY,2021,LENOIR,TURKEYS,"2,050,000"
SURVEY,2021,LENOIR,WHEAT,"4,710"
SURVEY,2021,PAMLICO,CORN,"12,300"
SURVEY,2021,PAMLICO,CORN,"12,000"
SURVEY,2021,PAMLICO,SOYBEANS,"19,700"
SURVEY,2021,PAMLICO,TURKEYS, (D)
SURVEY,2021,PITT,CORN,"20,400"
SURVEY,2021,PITT,CORN,"19,900"
SURVEY,2021,PITT,COTTON,"14,500"
SURVEY,2021,PITT,PEANUTS,"7,240"
SURVEY,2021,PITT,SOYBEANS,"59,300"
SURVEY,2021,PITT,TURKEYS, (D)
SURVEY,2021,PITT,WHEAT,"9,780"
SURVEY,2021,WAYNE,CORN,"25,000"
SURVEY,2021,WAYNE,CORN,"24,200"
SURVEY,2021,WAYNE,COTTON,"7,320"
SURVEY,2021,WAYNE,PEANUTS,"5,450"
SURVEY,2021,WAYNE,SOYBEANS,"53,900"
SURVEY,2021,WAYNE,SWEET POTATOES,"8,080"
SURVEY,2021,WAYNE,TURKEYS,"4,800,000"
SURVEY,2021,WAYNE,WHEAT,"13,900"
SURVEY,2021,WILSON,CORN,"10,800"
SURVEY,2021,WILSON,CORN,"10,600"
SURVEY,2021,WILSON,COTTON,"4,080"
SURVEY,2021,WILSON,SOYBEANS,"33,900"
SURVEY,2021,WILSON,SWEET POTATOES,"11,400"
SURVEY,2021,WILSON,TURKEYS, (D)
SURVEY,2021,WILSON,WHEAT,"6,750"
SURVEY,2021,ALEXANDER,CORN,"2,500"
SURVEY,2021,ALEXANDER,CORN,"1,450"
SURVEY,2021,ALEXANDER,WHEAT,"1,410"
SURVEY,2021,CATAWBA,CORN,"4,200"
SURVEY,2021,CATAWBA,CORN,"4,050"
SURVEY,2021,CATAWBA,SOYBEANS,"8,300"
SURVEY,2021,CATAWBA,TURKEYS, (D)
SURVEY,2021,CATAWBA,WHEAT,"2,660"
SURVEY,2021,CHATHAM,CORN,"3,500"
SURVEY,2021,CHATHAM,CORN,"3,150"
SURVEY,2021,CHATHAM,SOYBEANS,"2,700"
SURVEY,2021,CHATHAM,TURKEYS, (D)
SURVEY,2021,DAVIDSON,CORN,"7,000"
SURVEY,2021,DAVIDSON,CORN,"5,650"
SURVEY,2021,DAVIDSON,SOYBEANS,"10,400"
SURVEY,2021,DAVIDSON,TURKEYS, (D)
SURVEY,2021,DAVIDSON,WHEAT,"1,920"
SURVEY,2021,DAVIE,CORN,"8,200"
SURVEY,2021,DAVIE,CORN,"7,950"
SURVEY,2021,DAVIE,SOYBEANS,"8,500"
SURVEY,2021,DAVIE,WHEAT,"2,190"
SURVEY,2021,IREDELL,SOYBEANS,"18,000"
SURVEY,2021,IREDELL,TURKEYS, (D)
SURVEY,2021,IREDELL,WHEAT,"6,100"
SURVEY,2021,LEE,SOYBEANS,"3,950"
SURVEY,2021,LEE,WHEAT,"1,250"
SURVEY,2021,RANDOLPH,CORN,"10,400"
SURVEY,2021,RANDOLPH,CORN,"6,000"
SURVEY,2021,RANDOLPH,SOYBEANS,"10,600"
SURVEY,2021,RANDOLPH,TURKEYS, (D)
SURVEY,2021,RANDOLPH,WHEAT,"3,160"
SURVEY,2021,ROWAN,CORN,"11,200"
SURVEY,2021,ROWAN,CORN,"10,700"
SURVEY,2021,ROWAN,SOYBEANS,"20,900"
SURVEY,2021,ROWAN,TURKEYS, (D)
SURVEY,2021,ROWAN,WHEAT,"4,900"
SURVEY,2021,WAKE,CORN,"1,200"
SURVEY,2021,WAKE,CORN,"1,130"
SURVEY,2021,WAKE,SOYBEANS,"11,800"
SURVEY,2021,WAKE,SWEET POTATOES,580
SURVEY,2021,WAKE,TURKEYS,"3,000"
SURVEY,2021,WAKE,WHEAT,"1,850"
SURVEY,2021,BERTIE,CORN,"13,100"
SURVEY,2021,BERTIE,CORN,"12,800"
SURVEY,2021,BERTIE,COTTON,"29,500"
SURVEY,2021,BERTIE,PEANUTS,"9,600"
SURVEY,2021,BERTIE,SOYBEANS,"29,700"
SURVEY,2021,BERTIE,WHEAT,"4,420"
SURVEY,2021,CAMDEN,CORN,"19,600"
SURVEY,2021,CAMDEN,CORN,"19,200"
SURVEY,2021,CAMDEN,SOYBEANS,"28,100"
SURVEY,2021,CAMDEN,WHEAT,"3,280"
SURVEY,2021,CHOWAN,CORN,"5,600"
SURVEY,2021,CHOWAN,CORN,"5,480"
SURVEY,2021,CHOWAN,COTTON,"11,500"
SURVEY,2021,CHOWAN,PEANUTS,"4,530"
SURVEY,2021,CHOWAN,SOYBEANS,"16,000"
SURVEY,2021,CHOWAN,WHEAT,"2,080"
SURVEY,2021,CURRITUCK,CORN,"9,900"
SURVEY,2021,CURRITUCK,CORN,"9,750"
SURVEY,2021,CURRITUCK,SOYBEANS,"19,000"
SURVEY,2021,CURRITUCK,WHEAT,"4,330"
SURVEY,2021,EDGECOMBE,CORN,"12,600"
SURVEY,2021,EDGECOMBE,CORN,"12,300"
SURVEY,2021,EDGECOMBE,COTTON,"22,800"
SURVEY,2021,EDGECOMBE,PEANUTS,"8,350"
SURVEY,2021,EDGECOMBE,SOYBEANS,"42,600"
SURVEY,2021,EDGECOMBE,SWEET POTATOES,"9,300"
SURVEY,2021,EDGECOMBE,WHEAT,"7,900"
SURVEY,2021,GATES,CORN,"5,400"
SURVEY,2021,GATES,CORN,"5,300"
SURVEY,2021,GATES,COTTON,"11,700"
SURVEY,2021,GATES,PEANUTS,"2,970"
SURVEY,2021,GATES,SOYBEANS,"19,900"
SURVEY,2021,GATES,TURKEYS, (D)
SURVEY,2021,GATES,WHEAT,"2,330"
SURVEY,2021,HALIFAX,CORN,"7,300"
SURVEY,2021,HALIFAX,CORN,"7,150"
SURVEY,2021,HALIFAX,COTTON,"43,500"
SURVEY,2021,HALIFAX,PEANUTS,"8,330"
SURVEY,2021,HALIFAX,SOYBEANS,"36,000"
SURVEY,2021,HERTFORD,CORN,"9,700"
SURVEY,2021,HERTFORD,CORN,"9,500"
SURVEY,2021,HERTFORD,COTTON,"14,900"
SURVEY,2021,HERTFORD,PEANUTS,"5,650"
SURVEY,2021,HERTFORD,SOYBEANS,"12,700"
SURVEY,2021,MARTIN,CORN,"7,000"
SURVEY,2021,MARTIN,CORN,"6,850"
SURVEY,2021,MARTIN,COTTON,"29,100"
SURVEY,2021,MARTIN,PEANUTS,"9,320"
SURVEY,2021,MARTIN,SOYBEANS,"22,600"
SURVEY,2021,MARTIN,SWEET POTATOES,"1,900"
SURVEY,2021,MARTIN,TURKEYS, (D)
SURVEY,2021,MARTIN,WHEAT,"2,510"
SURVEY,2021,NASH,CORN,"6,200"
SURVEY,2021,NASH,CORN,"6,050"
SURVEY,2021,NASH,COTTON,"5,860"
SURVEY,2021,NASH,SOYBEANS,"26,600"
SURVEY,2021,NASH,SWEET POTATOES,"9,800"
SURVEY,2021,NASH,WHEAT,"3,270"
SURVEY,2021,NORTHAMPTON,CORN,"14,700"
SURVEY,2021,NORTHAMPTON,CORN,"14,400"
SURVEY,2021,NORTHAMPTON,COTTON,"30,600"
SURVEY,2021,NORTHAMPTON,PEANUTS,"7,930"
SURVEY,2021,NORTHAMPTON,SOYBEANS,"33,600"
SURVEY,2021,NORTHAMPTON,WHEAT,"6,120"
SURVEY,2021,PASQUOTANK,CORN,"19,600"
SURVEY,2021,PASQUOTANK,CORN,"19,200"
SURVEY,2021,PASQUOTANK,SOYBEANS,"48,300"
SURVEY,2021,PASQUOTANK,WHEAT,"6,720"
SURVEY,2021,PERQUIMANS,CORN,"15,700"
SURVEY,2021,PERQUIMANS,CORN,"15,400"
SURVEY,2021,PERQUIMANS,COTTON,"8,600"
SURVEY,2021,PERQUIMANS,PEANUTS,"1,090"
SURVEY,2021,PERQUIMANS,SOYBEANS,"43,800"
SURVEY,2021,PERQUIMANS,WHEAT,"10,700"
SURVEY,2021,TYRRELL,CORN,"21,500"
SURVEY,2021,TYRRELL,CORN,"21,000"
SURVEY,2021,TYRRELL,SOYBEANS,"34,200"
SURVEY,2021,TYRRELL,WHEAT,"7,600"
SURVEY,2021,WASHINGTON,CORN,"33,400"
SURVEY,2021,WASHINGTON,CORN,"32,600"
SURVEY,2021,WASHINGTON,PEANUTS,"1,490"
SURVEY,2021,WASHINGTON,SOYBEANS,"43,800"
SURVEY,2021,ALLEGHANY,TURKEYS, (D)
SURVEY,2021,ASHE,CORN,200
SURVEY,2021,ASHE,CORN,100
SURVEY,2021,ASHE,TURKEYS, (D)
SURVEY,2021,AVERY,TURKEYS, (D)
SURVEY,2021,CALDWELL,CORN,"1,600"
SURVEY,2021,CALDWELL,CORN,"1,500"
SURVEY,2021,CALDWELL,TURKEYS, (D)
SURVEY,2021,CALDWELL,WHEAT,750
SURVEY,2021,SURRY,CORN,"12,800"
SURVEY,2021,SURRY,CORN,"12,400"
SURVEY,2021,SURRY,SOYBEANS,"10,200"
SURVEY,2021,SURRY,TURKEYS, (D)
SURVEY,2021,SURRY,WHEAT,"2,240"
SURVEY,2021,WILKES,CORN,"8,100"
SURVEY,2021,WILKES,CORN,"5,500"
SURVEY,2021,WILKES,SOYBEANS,"1,500"
SURVEY,2021,WILKES,TURKEYS, (D)
SURVEY,2021,YADKIN,CORN,"14,200"
SURVEY,2021,YADKIN,CORN,"13,800"
SURVEY,2021,YADKIN,SOYBEANS,"19,100"
SURVEY,2021,YADKIN,TURKEYS, (D)
SURVEY,2021,ALAMANCE,CORN,"4,100"
SURVEY,2021,ALAMANCE,CORN,"3,850"
SURVEY,2021,ALAMANCE,SOYBEANS,"5,700"
SURVEY,2021,ALAMANCE,TURKEYS, (D)
SURVEY,2021,ALAMANCE,WHEAT,"1,700"
SURVEY,2021,CASWELL,CORN,"1,000"
SURVEY,2021,CASWELL,CORN,940
SURVEY,2021,CASWELL,SOYBEANS,"4,700"
SURVEY,2021,CASWELL,WHEAT,470
SURVEY,2021,DURHAM,CORN,600
SURVEY,2021,DURHAM,CORN,510
SURVEY,2021,DURHAM,SOYBEANS,800
SURVEY,2021,DURHAM,TURKEYS, (D)
SURVEY,2021,FORSYTH,SOYBEANS,"4,950"
SURVEY,2021,FORSYTH,TURKEYS, (D)
SURVEY,2021,FORSYTH,WHEAT,880
SURVEY,2021,FRANKLIN,CORN,"2,400"
SURVEY,2021,FRANKLIN,CORN,"2,260"
SURVEY,2021,FRANKLIN,SOYBEANS,"18,100"
SURVEY,2021,FRANKLIN,TURKEYS, (D)
SURVEY,2021,FRANKLIN,WHEAT,"6,440"
SURVEY,2021,GRANVILLE,CORN,"2,400"
SURVEY,2021,GRANVILLE,CORN,"2,040"
SURVEY,2021,GRANVILLE,SOYBEANS,"6,450"
SURVEY,2021,GRANVILLE,TURKEYS, (D)
SURVEY,2021,GRANVILLE,WHEAT,"2,540"
SURVEY,2021,GUILFORD,CORN,"5,400"
SURVEY,2021,GUILFORD,CORN,"4,520"
SURVEY,2021,GUILFORD,SOYBEANS,"10,600"
SURVEY,2021,GUILFORD,TURKEYS, (D)
SURVEY,2021,GUILFORD,WHEAT,"3,380"
SURVEY,2021,ORANGE,CORN,"3,200"
SURVEY,2021,ORANGE,CORN,"3,000"
SURVEY,2021,ORANGE,SOYBEANS,"3,150"
SURVEY,2021,ORANGE,TURKEYS, (D)
SURVEY,2021,ORANGE,WHEAT,"1,300"
SURVEY,2021,PERSON,CORN,"3,700"
SURVEY,2021,PERSON,CORN,"3,630"
SURVEY,2021,PERSON,SOYBEANS,"13,000"
SURVEY,2021,PERSON,TURKEYS, (D)
SURVEY,2021,PERSON,WHEAT,"6,360"
SURVEY,2021,ROCKINGHAM,CORN,"3,200"
SURVEY,2021,ROCKINGHAM,CORN,"2,750"
SURVEY,2021,ROCKINGHAM,SOYBEANS,"8,200"
SURVEY,2021,ROCKINGHAM,TURKEYS, (D)
SURVEY,2021,ROCKINGHAM,WHEAT,"2,570"
SURVEY,2021,STOKES,CORN,"2,200"
SURVEY,2021,STOKES,CORN,"1,950"
SURVEY,2021,STOKES,SOYBEANS,"2,000"
SURVEY,2021,STOKES,TURKEYS, (D)
SURVEY,2021,STOKES,WHEAT,160
SURVEY,2021,VANCE,SOYBEANS,"6,950"
SURVEY,2021,VANCE,WHEAT,"1,510"
SURVEY,2021,WARREN,CORN,"2,100"
SURVEY,2021,WARREN,CORN,"2,020"
SURVEY,2021,WARREN,SOYBEANS,"10,200"
SURVEY,2021,WARREN,WHEAT,"2,990"
SURVEY,2021,BLADEN,CORN,"24,400"
SURVEY,2021,BLADEN,CORN,"23,800"
SURVEY,2021,BLADEN,PEANUTS,"3,960"
SURVEY,2021,BLADEN,SOYBEANS,"16,300"
SURVEY,2021,BLADEN,TURKEYS,"1,450,000"
SURVEY,2021,BLADEN,WHEAT,"2,300"
SURVEY,2021,BRUNSWICK,CORN,"7,600"
SURVEY,2021,BRUNSWICK,CORN,"7,450"
SURVEY,2021,BRUNSWICK,SOYBEANS,"7,250"
SURVEY,2021,BRUNSWICK,TURKEYS, (D)
SURVEY,2021,BRUNSWICK,WHEAT,"1,400"
SURVEY,2021,COLUMBUS,CORN,"40,400"
SURVEY,2021,COLUMBUS,CORN,"39,000"
SURVEY,2021,COLUMBUS,COTTON,"4,170"
SURVEY,2021,COLUMBUS,PEANUTS,"4,550"
SURVEY,2021,COLUMBUS,SOYBEANS,"51,600"
SURVEY,2021,COLUMBUS,TURKEYS, (D)
SURVEY,2021,COLUMBUS,WHEAT,"6,860"
SURVEY,2021,CUMBERLAND,CORN,"10,100"
SURVEY,2021,CUMBERLAND,CORN,"9,900"
SURVEY,2021,CUMBERLAND,COTTON,"5,490"
SURVEY,2021,CUMBERLAND,SOYBEANS,"15,500"
SURVEY,2021,CUMBERLAND,TURKEYS,"725,000"
SURVEY,2021,CUMBERLAND,WHEAT,"3,120"
SURVEY,2021,DUPLIN,CORN,"45,800"
SURVEY,2021,DUPLIN,CORN,"44,300"
SURVEY,2021,DUPLIN,COTTON,"1,850"
SURVEY,2021,DUPLIN,SOYBEANS,"51,900"
SURVEY,2021,DUPLIN,SWEET POTATOES,"4,500"
SURVEY,2021,DUPLIN,TURKEYS,"3,350,000"
SURVEY,2021,DUPLIN,WHEAT,"12,300"
SURVEY,2021,HARNETT,CORN,"6,800"
SURVEY,2021,HARNETT,CORN,"6,650"
SURVEY,2021,HARNETT,COTTON,"5,580"
SURVEY,2021,HARNETT,SOYBEANS,"24,800"
SURVEY,2021,HARNETT,SWEET POTATOES,"4,200"
SURVEY,2021,HARNETT,TURKEYS, (D)
SURVEY,2021,HARNETT,WHEAT,"5,310"
SURVEY,2021,HOKE,TURKEYS,"68,000"
SURVEY,2021,HOKE,WHEAT,"1,980"
SURVEY,2021,ONSLOW,CORN,"11,300"
SURVEY,2021,ONSLOW,CORN,"11,000"
SURVEY,2021,ONSLOW,SOYBEANS,"13,900"
SURVEY,2021,ONSLOW,TURKEYS,"1,800,000"
SURVEY,2021,ONSLOW,WHEAT,"1,880"
SURVEY,2021,PENDER,CORN,"15,900"
SURVEY,2021,PENDER,CORN,"15,500"
SURVEY,2021,PENDER,SOYBEANS,"15,500"
SURVEY,2021,PENDER,TURKEYS,"230,000"
SURVEY,2021,PENDER,WHEAT,"3,580"
SURVEY,2021,ROBESON,CORN,"65,700"
SURVEY,2021,ROBESON,CORN,"64,200"
SURVEY,2021,ROBESON,COTTON,"8,780"
SURVEY,2021,ROBESON,PEANUTS,"2,280"
SURVEY,2021,ROBESON,SOYBEANS,"82,300"
SURVEY,2021,ROBESON,TURKEYS, (D)
SURVEY,2021,ROBESON,WHEAT,"24,800"
SURVEY,2021,SAMPSON,CORN,"32,300"
SURVEY,2021,SAMPSON,CORN,"31,500"
SURVEY,2021,SAMPSON,COTTON,"13,300"
SURVEY,2021,SAMPSON,SOYBEANS,"58,200"
SURVEY,2021,SAMPSON,SWEET POTATOES,"16,200"
SURVEY,2021,SAMPSON,TURKEYS,"7,050,000"
SURVEY,2021,SAMPSON,WHEAT,"10,800"
SURVEY,2021,SCOTLAND,CORN,"8,900"
SURVEY,2021,SCOTLAND,CORN,"8,830"
SURVEY,2021,SCOTLAND,SOYBEANS,"8,850"
SURVEY,2021,SCOTLAND,WHEAT,"3,700"
SURVEY,2021,ANSON,CORN,"9,500"
SURVEY,2021,ANSON,CORN,"9,200"
SURVEY,2021,ANSON,SOYBEANS,"14,700"
SURVEY,2021,ANSON,TURKEYS,"1,250,000"
SURVEY,2021,ANSON,WHEAT,"6,410"
SURVEY,2021,CABARRUS,CORN,"4,600"
SURVEY,2021,CABARRUS,CORN,"4,090"
SURVEY,2021,CABARRUS,SOYBEANS,"5,500"
SURVEY,2021,CABARRUS,TURKEYS, (D)
SURVEY,2021,CABARRUS,WHEAT,"2,530"
SURVEY,2021,CLEVELAND,CORN,"6,200"
SURVEY,2021,CLEVELAND,CORN,"5,400"
SURVEY,2021,CLEVELAND,SOYBEANS,"12,700"
SURVEY,2021,CLEVELAND,TURKEYS,"380,000"
SURVEY,2021,CLEVELAND,WHEAT,"4,370"
SURVEY,2021,GASTON,SOYBEANS,"3,050"
SURVEY,2021,GASTON,TURKEYS, (D)
SURVEY,2021,GASTON,WHEAT,960
SURVEY,2021,LINCOLN,CORN,"4,500"
SURVEY,2021,LINCOLN,CORN,"1,300"
SURVEY,2021,LINCOLN,SOYBEANS,"7,200"
SURVEY,2021,LINCOLN,TURKEYS, (D)
SURVEY,2021,LINCOLN,WHEAT,"3,810"
SURVEY,2021,MECKLENBURG,WHEAT,700
SURVEY,2021,MONTGOMERY,SOYBEANS,760
SURVEY,2021,MONTGOMERY,TURKEYS, (D)
SURVEY,2021,MONTGOMERY,WHEAT,130
SURVEY,2021,MOORE,CORN,"3,100"
SURVEY,2021,MOORE,CORN,"3,000"
SURVEY,2021,MOORE,SOYBEANS,"3,300"
SURVEY,2021,MOORE,SWEET POTATOES,190
SURVEY,2021,MOORE,TURKEYS, (D)
SURVEY,2021,MOORE,WHEAT,"1,270"
SURVEY,2021,RICHMOND,TURKEYS, (D)
SURVEY,2021,STANLY,CORN,"13,600"
SURVEY,2021,STANLY,CORN,"13,200"
SURVEY,2021,STANLY,COTTON,"7,050"
SURVEY,2021,STANLY,SOYBEANS,"19,900"
SURVEY,2021,STANLY,TURKEYS,"735,000"
SURVEY,2021,STANLY,WHEAT,"7,620"
SURVEY,2021,UNION,CORN,"31,900"
SURVEY,2021,UNION,CORN,"30,800"
SURVEY,2021,UNION,SOYBEANS,"58,600"
SURVEY,2021,UNION,TURKEYS,"3,000,000"
SURVEY,2021,BUNCOMBE,TURKEYS, (D)
SURVEY,2021,BURKE,CORN,"1,300"
SURVEY,2021,BURKE,CORN,"1,140"
SURVEY,2021,BURKE,SOYBEANS,950
SURVEY,2021,BURKE,TURKEYS, (D)
SURVEY,2021,CHEROKEE,CORN,"1,100"
SURVEY,2021,CHEROKEE,CORN,870
SURVEY,2021,CHEROKEE,TURKEYS, (D)
SURVEY,2021,HAYWOOD,CORN,"1,600"
SURVEY,2021,HAYWOOD,CORN,300
SURVEY,2021,HENDERSON,TURKEYS, (D)
SURVEY,2021,JACKSON,CORN,200
SURVEY,2021,JACKSON,CORN,110
SURVEY,2021,MACON,TURKEYS, (D)
SURVEY,2021,MADISON,CORN,300
SURVEY,2021,MADISON,CORN,230
SURVEY,2021,MADISON,TURKEYS, (D)
SURVEY,2021,RUTHERFORD,CORN,"1,000"
SURVEY,2021,RUTHERFORD,CORN,940
SURVEY,2021,RUTHERFORD,SOYBEANS,"1,200"
SURVEY,2021,RUTHERFORD,TURKEYS, (D)
SURVEY,2021,TRANSYLVANIA,CORN,"1,600"
SURVEY,2021,TRANSYLVANIA,CORN,"1,360"
SURVEY,2021,TRANSYLVANIA,TURKEYS, (D)
SURVEY,2021,YANCEY,TURKEYS, (D)
SURVEY,2020,OTHER COUNTIES,CATTLE,"85,700"
SURVEY,2020,OTHER COUNTIES,CATTLE,"5,600"
SURVEY,2020,BEAUFORT,CATTLE,300
SURVEY,2020,CARTERET,CATTLE,200
SURVEY,2020,CRAVEN,CATTLE, (D)
SURVEY,2020,GREENE,CATTLE,900
SURVEY,2020,HYDE,CATTLE,100
SURVEY,2020,JOHNSTON,CATTLE, (D)
SURVEY,2020,JONES,CATTLE,500
SURVEY,2020,LENOIR,CATTLE, (D)
SURVEY,2020,PAMLICO,CATTLE, (D)
SURVEY,2020,PITT,CATTLE, (D)
SURVEY,2020,PITT,CATTLE, (D)
SURVEY,2020,WAYNE,CATTLE, (D)
SURVEY,2020,WAYNE,CATTLE, (D)
SURVEY,2020,WILSON,CATTLE,"1,200"
SURVEY,2020,ALEXANDER,CATTLE,"7,800"
SURVEY,2020,ALEXANDER,CATTLE,"1,000"
SURVEY,2020,CATAWBA,CATTLE,"7,100"
SURVEY,2020,CATAWBA,CATTLE,600
SURVEY,2020,CHATHAM,CATTLE,"16,000"
SURVEY,2020,CHATHAM,CATTLE,700
SURVEY,2020,DAVIDSON,CATTLE,"5,700"
SURVEY,2020,DAVIDSON,CATTLE,"1,200"
SURVEY,2020,DAVIE,CATTLE,"5,900"
SURVEY,2020,DAVIE,CATTLE,300
SURVEY,2020,IREDELL,CATTLE,"13,000"
SURVEY,2020,IREDELL,CATTLE,"9,700"
SURVEY,2020,LEE,CATTLE,"2,000"
SURVEY,2020,RANDOLPH,CATTLE,"16,400"
SURVEY,2020,RANDOLPH,CATTLE,"7,100"
SURVEY,2020,ROWAN,CATTLE,"8,700"
SURVEY,2020,ROWAN,CATTLE,"1,300"
SURVEY,2020,WAKE,CATTLE,"2,000"
SURVEY,2020,WAKE,CATTLE,400
SURVEY,2020,BERTIE,CATTLE,300
SURVEY,2020,CAMDEN,CATTLE,200
SURVEY,2020,CHOWAN,CATTLE,300
SURVEY,2020,CURRITUCK,CATTLE, (D)
SURVEY,2020,EDGECOMBE,CATTLE,"1,100"
SURVEY,2020,GATES,CATTLE, (D)
SURVEY,2020,GATES,CATTLE, (D)
SURVEY,2020,HALIFAX,CATTLE, (D)
SURVEY,2020,HALIFAX,CATTLE, (D)
SURVEY,2020,HERTFORD,CATTLE,200
SURVEY,2020,MARTIN,CATTLE, (D)
SURVEY,2020,NASH,CATTLE,"3,000"
SURVEY,2020,NORTHAMPTON,CATTLE,900
SURVEY,2020,PASQUOTANK,CATTLE,200
SURVEY,2020,PERQUIMANS,CATTLE,400
SURVEY,2020,TYRRELL,CATTLE,300
SURVEY,2020,WASHINGTON,CATTLE,200
SURVEY,2020,ALLEGHANY,CATTLE,"7,200"
SURVEY,2020,ALLEGHANY,CATTLE,900
SURVEY,2020,ASHE,CATTLE,"6,700"
SURVEY,2020,ASHE,CATTLE, (D)
SURVEY,2020,AVERY,CATTLE,900
SURVEY,2020,AVERY,CATTLE, (D)
SURVEY,2020,CALDWELL,CATTLE,"3,400"
SURVEY,2020,SURRY,CATTLE,"11,800"
SURVEY,2020,SURRY,CATTLE,100
SURVEY,2020,WATAUGA,CATTLE, (D)
SURVEY,2020,WILKES,CATTLE,"14,000"
SURVEY,2020,WILKES,CATTLE,"1,300"
SURVEY,2020,YADKIN,CATTLE, (D)
SURVEY,2020,YADKIN,CATTLE, (D)
SURVEY,2020,ALAMANCE,CATTLE,"6,800"
SURVEY,2020,ALAMANCE,CATTLE,"1,300"
SURVEY,2020,CASWELL,CATTLE,"4,000"
SURVEY,2020,CASWELL,CATTLE,700
SURVEY,2020,DURHAM,CATTLE, (D)
SURVEY,2020,DURHAM,CATTLE, (D)
SURVEY,2020,FORSYTH,CATTLE,"2,500"
SURVEY,2020,FORSYTH,CATTLE, (D)
SURVEY,2020,FRANKLIN,CATTLE,"5,900"
SURVEY,2020,FRANKLIN,CATTLE, (D)
SURVEY,2020,GRANVILLE,CATTLE, (D)
SURVEY,2020,GRANVILLE,CATTLE, (D)
SURVEY,2020,GUILFORD,CATTLE,"4,600"
SURVEY,2020,GUILFORD,CATTLE,"1,100"
SURVEY,2020,ORANGE,CATTLE,"4,800"
SURVEY,2020,ORANGE,CATTLE,500
SURVEY,2020,PERSON,CATTLE, (D)
SURVEY,2020,PERSON,CATTLE, (D)
SURVEY,2020,ROCKINGHAM,CATTLE,"5,600"
SURVEY,2020,ROCKINGHAM,CATTLE,300
SURVEY,2020,STOKES,CATTLE, (D)
SURVEY,2020,STOKES,CATTLE, (D)
SURVEY,2020,VANCE,CATTLE,"1,400"
SURVEY,2020,WARREN,CATTLE,"3,900"
SURVEY,2020,BLADEN,CATTLE, (D)
SURVEY,2020,BLADEN,CATTLE, (D)
SURVEY,2020,BRUNSWICK,CATTLE, (D)
SURVEY,2020,BRUNSWICK,CATTLE, (D)
SURVEY,2020,COLUMBUS,CATTLE,"3,100"
SURVEY,2020,CUMBERLAND,CATTLE, (D)
SURVEY,2020,CUMBERLAND,CATTLE, (D)
SURVEY,2020,DUPLIN,CATTLE,"11,800"
SURVEY,2020,DUPLIN,CATTLE, (D)
SURVEY,2020,HARNETT,CATTLE, (D)
SURVEY,2020,HOKE,CATTLE,800
SURVEY,2020,ONSLOW,CATTLE,"1,400"
SURVEY,2020,PENDER,CATTLE,"1,600"
SURVEY,2020,PENDER,CATTLE, (D)
SURVEY,2020,ROBESON,CATTLE,"3,500"
SURVEY,2020,SAMPSON,CATTLE, (D)
SURVEY,2020,SAMPSON,CATTLE, (D)
SURVEY,2020,SCOTLAND,CATTLE,500
SURVEY,2020,ANSON,CATTLE, (D)
SURVEY,2020,ANSON,CATTLE, (D)
SURVEY,2020,CABARRUS,CATTLE,"6,500"
SURVEY,2020,CABARRUS,CATTLE,600
SURVEY,2020,CLEVELAND,CATTLE,"10,800"
SURVEY,2020,CLEVELAND,CATTLE,600
SURVEY,2020,GASTON,CATTLE, (D)
SURVEY,2020,GASTON,CATTLE, (D)
SURVEY,2020,LINCOLN,CATTLE,"4,800"
SURVEY,2020,LINCOLN,CATTLE,"2,900"
SURVEY,2020,MECKLENBURG,CATTLE, (D)
SURVEY,2020,MECKLENBURG,CATTLE, (D)
SURVEY,2020,MONTGOMERY,CATTLE,"3,300"
SURVEY,2020,MOORE,CATTLE, (D)
SURVEY,2020,RICHMOND,CATTLE,"1,500"
SURVEY,2020,STANLY,CATTLE,"8,200"
SURVEY,2020,STANLY,CATTLE,300
SURVEY,2020,UNION,CATTLE,"11,000"
SURVEY,2020,UNION,CATTLE,100
SURVEY,2020,BUNCOMBE,CATTLE,"7,500"
SURVEY,2020,BUNCOMBE,CATTLE,800
SURVEY,2020,BURKE,CATTLE,"2,800"
SURVEY,2020,BURKE,CATTLE, (D)
SURVEY,2020,CHEROKEE,CATTLE, (D)
SURVEY,2020,CHEROKEE,CATTLE, (D)
SURVEY,2020,CLAY,CATTLE,"1,200"
SURVEY,2020,GRAHAM,CATTLE, (D)
SURVEY,2020,HAYWOOD,CATTLE,"4,800"
SURVEY,2020,HAYWOOD,CATTLE,"1,200"
SURVEY,2020,HENDERSON,CATTLE, (D)
SURVEY,2020,HENDERSON,CATTLE, (D)
SURVEY,2020,JACKSON,CATTLE,900
SURVEY,2020,JACKSON,CATTLE, (D)
SURVEY,2020,MACON,CATTLE,"2,000"
SURVEY,2020,MACON,CATTLE, (D)
SURVEY,2020,MADISON,CATTLE,"3,700"
SURVEY,2020,MADISON,CATTLE, (D)
SURVEY,2020,MCDOWELL,CATTLE,"1,400"
SURVEY,2020,MCDOWELL,CATTLE,300
SURVEY,2020,MITCHELL,CATTLE,"1,000"
SURVEY,2020,MITCHELL,CATTLE, (D)
SURVEY,2020,POLK,CATTLE,"1,800"
SURVEY,2020,POLK,CATTLE,100
SURVEY,2020,RUTHERFORD,CATTLE,"5,100"
SURVEY,2020,RUTHERFORD,CATTLE, (D)
SURVEY,2020,SWAIN,CATTLE,300
SURVEY,2020,TRANSYLVANIA,CATTLE,"1,000"
SURVEY,2020,YANCEY,CATTLE,"2,600"
SURVEY,2020,YANCEY,CATTLE, (D)
SURVEY,2020,OTHER COUNTIES,COTTON, (D)
SURVEY,2020,BEAUFORT,COTTON, (D)
SURVEY,2020,GREENE,COTTON, (D)
SURVEY,2020,JONES,COTTON, (D)
SURVEY,2020,LENOIR,COTTON, (D)
SURVEY,2020,PITT,COTTON, (D)
SURVEY,2020,WILSON,COTTON, (D)
SURVEY,2020,BERTIE,COTTON, (D)
SURVEY,2020,CHOWAN,COTTON, (D)
SURVEY,2020,EDGECOMBE,COTTON, (D)
SURVEY,2020,GATES,COTTON, (D)
SURVEY,2020,HALIFAX,COTTON,"100,300"
SURVEY,2020,HERTFORD,COTTON, (D)
SURVEY,2020,MARTIN,COTTON, (D)
SURVEY,2020,NASH,COTTON, (D)
SURVEY,2020,NORTHAMPTON,COTTON,"41,000"
SURVEY,2020,PERQUIMANS,COTTON, (D)
SURVEY,2020,BLADEN,COTTON, (D)
SURVEY,2020,CUMBERLAND,COTTON, (D)
SURVEY,2020,DUPLIN,COTTON, (D)
SURVEY,2020,HOKE,COTTON, (D)
SURVEY,2020,ROBESON,COTTON, (D)
SURVEY,2020,SAMPSON,COTTON, (D)
SURVEY,2020,ANSON,COTTON, (D)
SURVEY,2020,STANLY,COTTON, (D)
SURVEY,2020,OTHER COUNTIES,CORN,"46,100"
SURVEY,2020,OTHER COUNTIES,CORN,"39,320"
SURVEY,2020,OTHER COUNTIES,COTTON,"27,490"
SURVEY,2020,OTHER COUNTIES,PEANUTS,"15,230"
SURVEY,2020,OTHER COUNTIES,SOYBEANS,"33,130"
SURVEY,2020,OTHER COUNTIES,SWEET POTATOES,"44,810"
SURVEY,2020,OTHER COUNTIES,TURKEYS,"741,500"
SURVEY,2020,OTHER COUNTIES,WHEAT,"15,580"
SURVEY,2020,BEAUFORT,CORN,"47,000"
SURVEY,2020,BEAUFORT,CORN,"46,600"
SURVEY,2020,BEAUFORT,COTTON,"10,900"
SURVEY,2020,BEAUFORT,PEANUTS,400
SURVEY,2020,BEAUFORT,SOYBEANS,"60,300"
SURVEY,2020,BEAUFORT,TURKEYS, (D)
SURVEY,2020,BEAUFORT,WHEAT,"5,660"
SURVEY,2020,CARTERET,TURKEYS, (D)
SURVEY,2020,CRAVEN,CORN,"16,900"
SURVEY,2020,CRAVEN,CORN,"16,600"
SURVEY,2020,CRAVEN,COTTON,"2,310"
SURVEY,2020,CRAVEN,SOYBEANS,"24,300"
SURVEY,2020,CRAVEN,WHEAT,"2,920"
SURVEY,2020,GREENE,CORN,"13,600"
SURVEY,2020,GREENE,CORN,"13,500"
SURVEY,2020,GREENE,COTTON,"6,670"
SURVEY,2020,GREENE,PEANUTS,"3,650"
SURVEY,2020,GREENE,SOYBEANS,"30,700"
SURVEY,2020,GREENE,TURKEYS,"1,050,000"
SURVEY,2020,GREENE,WHEAT,"6,400"
SURVEY,2020,HYDE,CORN,"34,800"
SURVEY,2020,HYDE,CORN,"34,400"
SURVEY,2020,HYDE,COTTON,"9,140"
SURVEY,2020,HYDE,SOYBEANS,"32,900"
SURVEY,2020,HYDE,WHEAT,"2,720"
SURVEY,2020,JOHNSTON,CORN,"9,300"
SURVEY,2020,JOHNSTON,CORN,"9,110"
SURVEY,2020,JOHNSTON,COTTON,"5,690"
SURVEY,2020,JOHNSTON,SOYBEANS,"48,900"
SURVEY,2020,JOHNSTON,SWEET POTATOES,"11,200"
SURVEY,2020,JOHNSTON,TURKEYS,"460,000"
SURVEY,2020,JOHNSTON,WHEAT,"6,470"
SURVEY,2020,JONES,CORN,"17,100"
SURVEY,2020,JONES,CORN,"16,900"
SURVEY,2020,JONES,COTTON,"3,420"
SURVEY,2020,JONES,SOYBEANS,"24,300"
SURVEY,2020,JONES,TURKEYS,"360,000"
SURVEY,2020,JONES,WHEAT,"3,180"
SURVEY,2020,LENOIR,CORN,"25,100"
SURVEY,2020,LENOIR,CORN,"24,900"
SURVEY,2020,LENOIR,COTTON,"5,600"
SURVEY,2020,LENOIR,SOYBEANS,"35,700"
SURVEY,2020,LENOIR,SWEET POTATOES,"3,800"
SURVEY,2020,LENOIR,TURKEYS,"1,850,000"
SURVEY,2020,LENOIR,WHEAT,"7,090"
SURVEY,2020,PAMLICO,CORN,"16,300"
SURVEY,2020,PAMLICO,CORN,"16,100"
SURVEY,2020,PAMLICO,SOYBEANS,"16,000"
SURVEY,2020,PAMLICO,TURKEYS, (D)
SURVEY,2020,PITT,CORN,"25,300"
SURVEY,2020,PITT,CORN,"25,000"
SURVEY,2020,PITT,COTTON,"10,400"
SURVEY,2020,PITT,PEANUTS,"7,400"
SURVEY,2020,PITT,SOYBEANS,"58,200"
SURVEY,2020,PITT,TURKEYS, (D)
SURVEY,2020,PITT,WHEAT,"8,220"
SURVEY,2020,WAYNE,CORN,"24,600"
SURVEY,2020,WAYNE,CORN,"24,400"
SURVEY,2020,WAYNE,COTTON,"7,510"
SURVEY,2020,WAYNE,PEANUTS,"5,000"
SURVEY,2020,WAYNE,SOYBEANS,"52,800"
SURVEY,2020,WAYNE,TURKEYS,"4,800,000"
SURVEY,2020,WAYNE,WHEAT,"16,600"
SURVEY,2020,WILSON,CORN,"9,800"
SURVEY,2020,WILSON,CORN,"9,740"
SURVEY,2020,WILSON,COTTON,"5,250"
SURVEY,2020,WILSON,PEANUTS,"2,550"
SURVEY,2020,WILSON,SOYBEANS,"35,400"
SURVEY,2020,WILSON,SWEET POTATOES,"10,800"
SURVEY,2020,WILSON,TURKEYS, (D)
SURVEY,2020,WILSON,WHEAT,"5,950"
SURVEY,2020,ALEXANDER,CORN,"2,600"
SURVEY,2020,ALEXANDER,CORN,"1,350"
SURVEY,2020,ALEXANDER,SOYBEANS,"2,660"
SURVEY,2020,ALEXANDER,WHEAT,970
SURVEY,2020,CATAWBA,CORN,"5,300"
SURVEY,2020,CATAWBA,CORN,"4,980"
SURVEY,2020,CATAWBA,SOYBEANS,"7,860"
SURVEY,2020,CATAWBA,TURKEYS, (D)
SURVEY,2020,CATAWBA,WHEAT,"2,940"
SURVEY,2020,CHATHAM,CORN,"3,900"
SURVEY,2020,CHATHAM,CORN,"2,650"
SURVEY,2020,CHATHAM,SOYBEANS,"1,940"
SURVEY,2020,CHATHAM,TURKEYS, (D)
SURVEY,2020,CHATHAM,WHEAT,910
SURVEY,2020,DAVIDSON,CORN,"7,000"
SURVEY,2020,DAVIDSON,CORN,"4,480"
SURVEY,2020,DAVIDSON,SOYBEANS,"10,700"
SURVEY,2020,DAVIDSON,TURKEYS, (D)
SURVEY,2020,DAVIDSON,WHEAT,"2,190"
SURVEY,2020,DAVIE,CORN,"7,200"
SURVEY,2020,DAVIE,CORN,"6,690"
SURVEY,2020,DAVIE,SOYBEANS,"9,400"
SURVEY,2020,DAVIE,WHEAT,"2,450"
SURVEY,2020,IREDELL,CORN,"21,400"
SURVEY,2020,IREDELL,CORN,"14,100"
SURVEY,2020,IREDELL,SOYBEANS,"16,500"
SURVEY,2020,IREDELL,TURKEYS, (D)
SURVEY,2020,IREDELL,WHEAT,"6,250"
SURVEY,2020,LEE,CORN,"2,000"
SURVEY,2020,LEE,CORN,"1,880"
SURVEY,2020,LEE,SOYBEANS,"2,550"
SURVEY,2020,LEE,SWEET POTATOES,200
SURVEY,2020,LEE,WHEAT,970
SURVEY,2020,RANDOLPH,CORN,"10,900"
SURVEY,2020,RANDOLPH,CORN,"7,080"
SURVEY,2020,RANDOLPH,SOYBEANS,"9,510"
SURVEY,2020,RANDOLPH,TURKEYS, (D)
SURVEY,2020,RANDOLPH,WHEAT,"3,390"
SURVEY,2020,ROWAN,CORN,"10,300"
SURVEY,2020,ROWAN,CORN,"9,680"
SURVEY,2020,ROWAN,SOYBEANS,"20,400"
SURVEY,2020,ROWAN,TURKEYS, (D)
SURVEY,2020,ROWAN,WHEAT,"7,350"
SURVEY,2020,WAKE,CORN,"1,000"
SURVEY,2020,WAKE,CORN,660
SURVEY,2020,WAKE,SOYBEANS,"11,500"
SURVEY,2020,WAKE,SWEET POTATOES,"1,190"
SURVEY,2020,WAKE,TURKEYS,"3,500"
SURVEY,2020,WAKE,WHEAT,"2,480"
SURVEY,2020,BERTIE,CORN,"15,100"
SURVEY,2020,BERTIE,CORN,"14,900"
SURVEY,2020,BERTIE,COTTON,"27,200"
SURVEY,2020,BERTIE,PEANUTS,"9,200"
SURVEY,2020,BERTIE,SOYBEANS,"29,700"
SURVEY,2020,BERTIE,WHEAT,"3,950"
SURVEY,2020,CAMDEN,CORN,"19,100"
SURVEY,2020,CAMDEN,CORN,"18,900"
SURVEY,2020,CAMDEN,SOYBEANS,"27,900"
SURVEY,2020,CAMDEN,WHEAT,"4,320"
SURVEY,2020,CHOWAN,CORN,"4,800"
SURVEY,2020,CHOWAN,CORN,"4,700"
SURVEY,2020,CHOWAN,COTTON,"7,180"
SURVEY,2020,CHOWAN,PEANUTS,"4,750"
SURVEY,2020,CHOWAN,SOYBEANS,"20,000"
SURVEY,2020,CHOWAN,SWEET POTATOES,500
SURVEY,2020,CHOWAN,WHEAT,"3,380"
SURVEY,2020,CURRITUCK,CORN,"12,700"
SURVEY,2020,CURRITUCK,CORN,"12,500"
SURVEY,2020,CURRITUCK,SOYBEANS,"16,500"
SURVEY,2020,CURRITUCK,WHEAT,"2,600"
SURVEY,2020,EDGECOMBE,CORN,"13,900"
SURVEY,2020,EDGECOMBE,CORN,"13,700"
SURVEY,2020,EDGECOMBE,COTTON,"21,600"
SURVEY,2020,EDGECOMBE,PEANUTS,"6,700"
SURVEY,2020,EDGECOMBE,SOYBEANS,"41,000"
SURVEY,2020,EDGECOMBE,WHEAT,"6,180"
SURVEY,2020,GATES,CORN,"5,200"
SURVEY,2020,GATES,CORN,"5,150"
SURVEY,2020,GATES,COTTON,"10,400"
SURVEY,2020,GATES,PEANUTS,"3,250"
SURVEY,2020,GATES,SOYBEANS,"20,300"
SURVEY,2020,GATES,TURKEYS, (D)
SURVEY,2020,GATES,WHEAT,"4,040"
SURVEY,2020,HALIFAX,CORN,"9,400"
SURVEY,2020,HALIFAX,CORN,"9,310"
SURVEY,2020,HALIFAX,COTTON,"41,500"
SURVEY,2020,HALIFAX,PEANUTS,"8,250"
SURVEY,2020,HALIFAX,SOYBEANS,"33,400"
SURVEY,2020,HALIFAX,WHEAT,900
SURVEY,2020,HERTFORD,CORN,"10,900"
SURVEY,2020,HERTFORD,CORN,"10,800"
SURVEY,2020,HERTFORD,COTTON,"14,500"
SURVEY,2020,HERTFORD,PEANUTS,"4,550"
SURVEY,2020,HERTFORD,SOYBEANS,"12,700"
SURVEY,2020,HERTFORD,WHEAT,"1,850"
SURVEY,2020,MARTIN,CORN,"8,400"
SURVEY,2020,MARTIN,CORN,"8,230"
SURVEY,2020,MARTIN,COTTON,"31,400"
SURVEY,2020,MARTIN,PEANUTS,"8,300"
SURVEY,2020,MARTIN,SOYBEANS,"19,400"
SURVEY,2020,MARTIN,TURKEYS, (D)
SURVEY,2020,MARTIN,WHEAT,"3,150"
SURVEY,2020,NASH,CORN,"3,800"
SURVEY,2020,NASH,CORN,"3,720"
SURVEY,2020,NASH,COTTON,"6,490"
SURVEY,2020,NASH,SOYBEANS,"29,000"
SURVEY,2020,NASH,SWEET POTATOES,"12,100"
SURVEY,2020,NORTHAMPTON,CORN,"14,300"
SURVEY,2020,NORTHAMPTON,CORN,"14,100"
SURVEY,2020,NORTHAMPTON,COTTON,"32,200"
SURVEY,2020,NORTHAMPTON,PEANUTS,"6,800"
SURVEY,2020,NORTHAMPTON,SOYBEANS,"31,200"
SURVEY,2020,NORTHAMPTON,WHEAT,"4,760"
SURVEY,2020,PASQUOTANK,CORN,"24,700"
SURVEY,2020,PASQUOTANK,CORN,"24,500"
SURVEY,2020,PASQUOTANK,SOYBEANS,"40,000"
SURVEY,2020,PASQUOTANK,WHEAT,"3,770"
SURVEY,2020,PERQUIMANS,CORN,"14,800"
SURVEY,2020,PERQUIMANS,CORN,"14,700"
SURVEY,2020,PERQUIMANS,COTTON,"2,700"
SURVEY,2020,PERQUIMANS,PEANUTS,"1,280"
SURVEY,2020,PERQUIMANS,SOYBEANS,"47,500"
SURVEY,2020,PERQUIMANS,WHEAT,"8,640"
SURVEY,2020,TYRRELL,CORN,"24,900"
SURVEY,2020,TYRRELL,CORN,"24,600"
SURVEY,2020,TYRRELL,SOYBEANS,"30,100"
SURVEY,2020,TYRRELL,WHEAT,"3,680"
SURVEY,2020,WASHINGTON,CORN,"34,000"
SURVEY,2020,WASHINGTON,CORN,"33,600"
SURVEY,2020,WASHINGTON,COTTON,"5,720"
SURVEY,2020,WASHINGTON,PEANUTS,"1,180"
SURVEY,2020,WASHINGTON,SOYBEANS,"41,200"
SURVEY,2020,WASHINGTON,WHEAT,"4,250"
SURVEY,2020,ALLEGHANY,TURKEYS, (D)
SURVEY,2020,ASHE,TURKEYS, (D)
SURVEY,2020,AVERY,TURKEYS, (D)
SURVEY,2020,CALDWELL,CORN,"1,500"
SURVEY,2020,CALDWELL,CORN,"1,330"
SURVEY,2020,CALDWELL,TURKEYS, (D)
SURVEY,2020,CALDWELL,WHEAT,610
SURVEY,2020,SURRY,CORN,"13,100"
SURVEY,2020,SURRY,CORN,"11,800"
SURVEY,2020,SURRY,SOYBEANS,"9,570"
SURVEY,2020,SURRY,TURKEYS, (D)
SURVEY,2020,SURRY,WHEAT,"2,040"
SURVEY,2020,WILKES,SOYBEANS,"1,310"
SURVEY,2020,WILKES,TURKEYS, (D)
SURVEY,2020,YADKIN,CORN,"14,900"
SURVEY,2020,YADKIN,CORN,"14,200"
SURVEY,2020,YADKIN,SOYBEANS,"19,500"
SURVEY,2020,YADKIN,TURKEYS, (D)
SURVEY,2020,ALAMANCE,CORN,"4,300"
SURVEY,2020,ALAMANCE,CORN,"3,890"
SURVEY,2020,ALAMANCE,SOYBEANS,"5,000"
SURVEY,2020,ALAMANCE,TURKEYS, (D)
SURVEY,2020,ALAMANCE,WHEAT,990
SURVEY,2020,CASWELL,CORN,"1,400"
SURVEY,2020,CASWELL,CORN,"1,270"
SURVEY,2020,CASWELL,SOYBEANS,"3,990"
SURVEY,2020,CASWELL,WHEAT,600
SURVEY,2020,DURHAM,CORN,800
SURVEY,2020,DURHAM,CORN,740
SURVEY,2020,DURHAM,TURKEYS, (D)
SURVEY,2020,FORSYTH,CORN,"1,500"
SURVEY,2020,FORSYTH,CORN,"1,360"
SURVEY,2020,FORSYTH,SOYBEANS,"5,690"
SURVEY,2020,FORSYTH,TURKEYS, (D)
SURVEY,2020,FORSYTH,WHEAT,630
SURVEY,2020,FRANKLIN,SOYBEANS,"17,200"
SURVEY,2020,FRANKLIN,TURKEYS, (D)
SURVEY,2020,FRANKLIN,WHEAT,"5,910"
SURVEY,2020,GRANVILLE,CORN,"2,500"
SURVEY,2020,GRANVILLE,CORN,"1,670"
SURVEY,2020,GRANVILLE,SOYBEANS,"5,960"
SURVEY,2020,GRANVILLE,TURKEYS, (D)
SURVEY,2020,GRANVILLE,WHEAT,950
SURVEY,2020,GUILFORD,CORN,"5,100"
SURVEY,2020,GUILFORD,CORN,"3,980"
SURVEY,2020,GUILFORD,SOYBEANS,"10,000"
SURVEY,2020,GUILFORD,TURKEYS, (D)
SURVEY,2020,GUILFORD,WHEAT,"3,150"
SURVEY,2020,ORANGE,CORN,"3,300"
SURVEY,2020,ORANGE,CORN,"3,010"
SURVEY,2020,ORANGE,SOYBEANS,"3,050"
SURVEY,2020,ORANGE,TURKEYS, (D)
SURVEY,2020,ORANGE,WHEAT,840
SURVEY,2020,PERSON,CORN,"3,800"
SURVEY,2020,PERSON,CORN,"3,460"
SURVEY,2020,PERSON,SOYBEANS,"12,400"
SURVEY,2020,PERSON,TURKEYS, (D)
SURVEY,2020,PERSON,WHEAT,"6,020"
SURVEY,2020,ROCKINGHAM,CORN,"3,200"
SURVEY,2020,ROCKINGHAM,CORN,"2,560"
SURVEY,2020,ROCKINGHAM,SOYBEANS,"6,600"
SURVEY,2020,ROCKINGHAM,TURKEYS, (D)
SURVEY,2020,ROCKINGHAM,WHEAT,"2,310"
SURVEY,2020,STOKES,CORN,"1,700"
SURVEY,2020,STOKES,CORN,"1,100"
SURVEY,2020,STOKES,SOYBEANS,"2,340"
SURVEY,2020,STOKES,TURKEYS, (D)
SURVEY,2020,VANCE,CORN,300
SURVEY,2020,VANCE,CORN,260
SURVEY,2020,VANCE,SOYBEANS,"6,590"
SURVEY,2020,VANCE,WHEAT,"1,780"
SURVEY,2020,WARREN,SOYBEANS,"10,200"
SURVEY,2020,WARREN,WHEAT,"2,610"
SURVEY,2020,BLADEN,CORN,"24,700"
SURVEY,2020,BLADEN,CORN,"24,200"
SURVEY,2020,BLADEN,PEANUTS,"3,900"
SURVEY,2020,BLADEN,SOYBEANS,"15,500"
SURVEY,2020,BLADEN,TURKEYS,"1,300,000"
SURVEY,2020,BRUNSWICK,CORN,"6,800"
SURVEY,2020,BRUNSWICK,CORN,"6,710"
SURVEY,2020,BRUNSWICK,SOYBEANS,"6,070"
SURVEY,2020,BRUNSWICK,TURKEYS, (D)
SURVEY,2020,BRUNSWICK,WHEAT,"1,150"
SURVEY,2020,COLUMBUS,CORN,"42,200"
SURVEY,2020,COLUMBUS,CORN,"41,400"
SURVEY,2020,COLUMBUS,PEANUTS,"4,130"
SURVEY,2020,COLUMBUS,SOYBEANS,"43,500"
SURVEY,2020,COLUMBUS,TURKEYS, (D)
SURVEY,2020,COLUMBUS,WHEAT,"7,790"
SURVEY,2020,CUMBERLAND,CORN,"8,700"
SURVEY,2020,CUMBERLAND,CORN,"8,530"
SURVEY,2020,CUMBERLAND,COTTON,"4,660"
SURVEY,2020,CUMBERLAND,SOYBEANS,"14,800"
SURVEY,2020,CUMBERLAND,TURKEYS,"725,000"
SURVEY,2020,CUMBERLAND,WHEAT,"3,520"
SURVEY,2020,DUPLIN,CORN,"44,200"
SURVEY,2020,DUPLIN,CORN,"43,300"
SURVEY,2020,DUPLIN,SOYBEANS,"52,100"
SURVEY,2020,DUPLIN,SWEET POTATOES,"2,800"
SURVEY,2020,DUPLIN,TURKEYS,"3,250,000"
SURVEY,2020,DUPLIN,WHEAT,"16,900"
SURVEY,2020,HARNETT,CORN,"7,300"
SURVEY,2020,HARNETT,CORN,"7,230"
SURVEY,2020,HARNETT,COTTON,"6,290"
SURVEY,2020,HARNETT,SOYBEANS,"23,700"
SURVEY,2020,HARNETT,SWEET POTATOES,"3,100"
SURVEY,2020,HARNETT,TURKEYS, (D)
SURVEY,2020,HARNETT,WHEAT,"4,750"
SURVEY,2020,HOKE,CORN,"8,700"
SURVEY,2020,HOKE,CORN,"8,610"
SURVEY,2020,HOKE,SOYBEANS,"8,330"
SURVEY,2020,HOKE,TURKEYS,"70,000"
SURVEY,2020,ONSLOW,CORN,"13,500"
SURVEY,2020,ONSLOW,CORN,"13,300"
SURVEY,2020,ONSLOW,SOYBEANS,"12,000"
SURVEY,2020,ONSLOW,TURKEYS,"1,800,000"
SURVEY,2020,ONSLOW,WHEAT,"2,500"
SURVEY,2020,PENDER,CORN,"15,400"
SURVEY,2020,PENDER,CORN,"14,800"
SURVEY,2020,PENDER,SOYBEANS,"13,700"
SURVEY,2020,PENDER,TURKEYS,"230,000"
SURVEY,2020,PENDER,WHEAT,"3,050"
SURVEY,2020,ROBESON,CORN,"65,500"
SURVEY,2020,ROBESON,CORN,"65,100"
SURVEY,2020,ROBESON,COTTON,"9,380"
SURVEY,2020,ROBESON,PEANUTS,"2,430"
SURVEY,2020,ROBESON,SOYBEANS,"71,500"
SURVEY,2020,ROBESON,TURKEYS, (D)
SURVEY,2020,ROBESON,WHEAT,"24,700"
SURVEY,2020,SAMPSON,CORN,"34,000"
SURVEY,2020,SAMPSON,CORN,"33,700"
SURVEY,2020,SAMPSON,COTTON,"10,600"
SURVEY,2020,SAMPSON,PEANUTS,"4,950"
SURVEY,2020,SAMPSON,SOYBEANS,"55,300"
SURVEY,2020,SAMPSON,SWEET POTATOES,"15,800"
SURVEY,2020,SAMPSON,TURKEYS,"7,000,000"
SURVEY,2020,SAMPSON,WHEAT,"12,400"
SURVEY,2020,SCOTLAND,CORN,"7,100"
SURVEY,2020,SCOTLAND,CORN,"7,050"
SURVEY,2020,SCOTLAND,PEANUTS,"1,100"
SURVEY,2020,SCOTLAND,SOYBEANS,"9,530"
SURVEY,2020,SCOTLAND,WHEAT,"4,460"
SURVEY,2020,ANSON,CORN,"11,600"
SURVEY,2020,ANSON,CORN,"10,600"
SURVEY,2020,ANSON,SOYBEANS,"16,000"
SURVEY,2020,ANSON,TURKEYS,"1,150,000"
SURVEY,2020,ANSON,WHEAT,"9,350"
SURVEY,2020,CABARRUS,CORN,"5,100"
SURVEY,2020,CABARRUS,CORN,"4,280"
SURVEY,2020,CABARRUS,SOYBEANS,"5,170"
SURVEY,2020,CABARRUS,TURKEYS, (D)
SURVEY,2020,CABARRUS,WHEAT,"2,600"
SURVEY,2020,CLEVELAND,CORN,"6,900"
SURVEY,2020,CLEVELAND,CORN,"6,000"
SURVEY,2020,CLEVELAND,SOYBEANS,"12,200"
SURVEY,2020,CLEVELAND,TURKEYS,"380,000"
SURVEY,2020,CLEVELAND,WHEAT,"5,740"
SURVEY,2020,GASTON,SOYBEANS,"2,450"
SURVEY,2020,GASTON,TURKEYS, (D)
SURVEY,2020,GASTON,WHEAT,"1,260"
SURVEY,2020,LINCOLN,CORN,"4,800"
SURVEY,2020,LINCOLN,CORN,"1,350"
SURVEY,2020,LINCOLN,SOYBEANS,"7,350"
SURVEY,2020,LINCOLN,TURKEYS, (D)
SURVEY,2020,LINCOLN,WHEAT,"4,370"
SURVEY,2020,MECKLENBURG,SOYBEANS,980
SURVEY,2020,MECKLENBURG,WHEAT,490
SURVEY,2020,MONTGOMERY,TURKEYS, (D)
SURVEY,2020,MONTGOMERY,WHEAT,140
SURVEY,2020,MOORE,CORN,"3,200"
SURVEY,2020,MOORE,CORN,"3,020"
SURVEY,2020,MOORE,SOYBEANS,"2,850"
SURVEY,2020,MOORE,TURKEYS, (D)
SURVEY,2020,MOORE,WHEAT,840
SURVEY,2020,RICHMOND,SOYBEANS,"2,900"
SURVEY,2020,RICHMOND,TURKEYS, (D)
SURVEY,2020,STANLY,CORN,"13,800"
SURVEY,2020,STANLY,CORN,"13,400"
SURVEY,2020,STANLY,COTTON,"3,800"
SURVEY,2020,STANLY,SOYBEANS,"23,300"
SURVEY,2020,STANLY,TURKEYS,"730,000"
SURVEY,2020,STANLY,WHEAT,"9,100"
SURVEY,2020,UNION,CORN,"27,600"
SURVEY,2020,UNION,CORN,"27,100"
SURVEY,2020,UNION,SOYBEANS,"63,000"
SURVEY,2020,UNION,TURKEYS,"3,100,000"
SURVEY,2020,UNION,WHEAT,"39,900"
SURVEY,2020,BUNCOMBE,CORN,"1,100"
SURVEY,2020,BUNCOMBE,CORN,440
SURVEY,2020,BUNCOMBE,TURKEYS, (D)
SURVEY,2020,BURKE,CORN,"1,200"
SURVEY,2020,BURKE,CORN,"1,120"
SURVEY,2020,BURKE,SOYBEANS,"1,130"
SURVEY,2020,BURKE,TURKEYS, (D)
SURVEY,2020,BURKE,WHEAT,390
SURVEY,2020,CHEROKEE,CORN,"1,100"
SURVEY,2020,CHEROKEE,CORN,820
SURVEY,2020,CHEROKEE,TURKEYS, (D)
SURVEY,2020,HENDERSON,CORN,"1,900"
SURVEY,2020,HENDERSON,CORN,"1,700"
SURVEY,2020,HENDERSON,TURKEYS, (D)
SURVEY,2020,JACKSON,CORN,200
SURVEY,2020,JACKSON,CORN,100
SURVEY,2020,MACON,TURKEYS, (D)
SURVEY,2020,MADISON,TURKEYS, (D)
SURVEY,2020,MCDOWELL,CORN,400
SURVEY,2020,MCDOWELL,CORN,220
SURVEY,2020,RUTHERFORD,CORN,700
SURVEY,2020,RUTHERFORD,CORN,640
SURVEY,2020,RUTHERFORD,SOYBEANS,"1,690"
SURVEY,2020,RUTHERFORD,TURKEYS, (D)
SURVEY,2020,TRANSYLVANIA,CORN,"1,400"
SURVEY,2020,TRANSYLVANIA,CORN,"1,120"
SURVEY,2020,TRANSYLVANIA,TURKEYS, (D)
SURVEY,2020,YANCEY,TURKEYS, (D)
SURVEY,2019,OTHER COUNTIES,CATTLE,"85,700"
SURVEY,2019,OTHER COUNTIES,CATTLE,"5,900"
SURVEY,2019,BEAUFORT,CATTLE,300
SURVEY,2019,CARTERET,CATTLE,200
SURVEY,2019,CRAVEN,CATTLE, (D)
SURVEY,2019,GREENE,CATTLE,900
SURVEY,2019,HYDE,CATTLE,100
SURVEY,2019,JOHNSTON,CATTLE, (D)
SURVEY,2019,JONES,CATTLE,500
SURVEY,2019,LENOIR,CATTLE, (D)
SURVEY,2019,PAMLICO,CATTLE, (D)
SURVEY,2019,PITT,CATTLE, (D)
SURVEY,2019,PITT,CATTLE, (D)
SURVEY,2019,WAYNE,CATTLE, (D)
SURVEY,2019,WAYNE,CATTLE, (D)
SURVEY,2019,WILSON,CATTLE,"1,000"
SURVEY,2019,ALEXANDER,CATTLE,"7,800"
SURVEY,2019,ALEXANDER,CATTLE,"1,000"
SURVEY,2019,CATAWBA,CATTLE,"7,300"
SURVEY,2019,CATAWBA,CATTLE,600
SURVEY,2019,CHATHAM,CATTLE,"16,000"
SURVEY,2019,CHATHAM,CATTLE,700
SURVEY,2019,DAVIDSON,CATTLE,"5,800"
SURVEY,2019,DAVIDSON,CATTLE,"1,200"
SURVEY,2019,DAVIE,CATTLE,"5,800"
SURVEY,2019,DAVIE,CATTLE,300
SURVEY,2019,IREDELL,CATTLE,"13,000"
SURVEY,2019,IREDELL,CATTLE,"10,200"
SURVEY,2019,LEE,CATTLE,"2,000"
SURVEY,2019,RANDOLPH,CATTLE,"16,300"
SURVEY,2019,RANDOLPH,CATTLE,"7,400"
SURVEY,2019,ROWAN,CATTLE,"8,600"
SURVEY,2019,ROWAN,CATTLE,"1,300"
SURVEY,2019,WAKE,CATTLE,"2,000"
SURVEY,2019,WAKE,CATTLE,400
SURVEY,2019,BERTIE,CATTLE,300
SURVEY,2019,CAMDEN,CATTLE,200
SURVEY,2019,CHOWAN,CATTLE,300
SURVEY,2019,CURRITUCK,CATTLE, (D)
SURVEY,2019,EDGECOMBE,CATTLE,"1,100"
SURVEY,2019,GATES,CATTLE, (D)
SURVEY,2019,GATES,CATTLE, (D)
SURVEY,2019,HALIFAX,CATTLE, (D)
SURVEY,2019,HALIFAX,CATTLE, (D)
SURVEY,2019,HERTFORD,CATTLE,200
SURVEY,2019,MARTIN,CATTLE, (D)
SURVEY,2019,NASH,CATTLE,"2,900"
SURVEY,2019,NORTHAMPTON,CATTLE,900
SURVEY,2019,PASQUOTANK,CATTLE,200
SURVEY,2019,PERQUIMANS,CATTLE,400
SURVEY,2019,TYRRELL,CATTLE,300
SURVEY,2019,WASHINGTON,CATTLE,200
SURVEY,2019,ALLEGHANY,CATTLE,"6,200"
SURVEY,2019,ALLEGHANY,CATTLE,"1,000"
SURVEY,2019,ASHE,CATTLE,"7,000"
SURVEY,2019,ASHE,CATTLE, (D)
SURVEY,2019,AVERY,CATTLE,900
SURVEY,2019,AVERY,CATTLE, (D)
SURVEY,2019,CALDWELL,CATTLE,"3,400"
SURVEY,2019,SURRY,CATTLE,"11,700"
SURVEY,2019,SURRY,CATTLE,100
SURVEY,2019,WATAUGA,CATTLE, (D)
SURVEY,2019,WILKES,CATTLE,"13,700"
SURVEY,2019,WILKES,CATTLE,"1,400"
SURVEY,2019,YADKIN,CATTLE, (D)
SURVEY,2019,YADKIN,CATTLE, (D)
SURVEY,2019,ALAMANCE,CATTLE,"6,700"
SURVEY,2019,ALAMANCE,CATTLE,"1,400"
SURVEY,2019,CASWELL,CATTLE,"3,900"
SURVEY,2019,CASWELL,CATTLE,800
SURVEY,2019,DURHAM,CATTLE, (D)
SURVEY,2019,DURHAM,CATTLE, (D)
SURVEY,2019,FORSYTH,CATTLE,"2,400"
SURVEY,2019,FORSYTH,CATTLE, (D)
SURVEY,2019,FRANKLIN,CATTLE,"5,800"
SURVEY,2019,FRANKLIN,CATTLE, (D)
SURVEY,2019,GRANVILLE,CATTLE, (D)
SURVEY,2019,GRANVILLE,CATTLE, (D)
SURVEY,2019,GUILFORD,CATTLE,"4,600"
SURVEY,2019,GUILFORD,CATTLE,"1,100"
SURVEY,2019,ORANGE,CATTLE,"5,000"
SURVEY,2019,ORANGE,CATTLE,500
SURVEY,2019,PERSON,CATTLE, (D)
SURVEY,2019,PERSON,CATTLE, (D)
SURVEY,2019,ROCKINGHAM,CATTLE,"5,600"
SURVEY,2019,ROCKINGHAM,CATTLE,400
SURVEY,2019,STOKES,CATTLE, (D)
SURVEY,2019,STOKES,CATTLE, (D)
SURVEY,2019,VANCE,CATTLE,"1,400"
SURVEY,2019,WARREN,CATTLE,"3,900"
SURVEY,2019,BLADEN,CATTLE, (D)
SURVEY,2019,BLADEN,CATTLE, (D)
SURVEY,2019,BRUNSWICK,CATTLE, (D)
SURVEY,2019,BRUNSWICK,CATTLE, (D)
SURVEY,2019,COLUMBUS,CATTLE,"3,000"
SURVEY,2019,CUMBERLAND,CATTLE, (D)
SURVEY,2019,CUMBERLAND,CATTLE, (D)
SURVEY,2019,DUPLIN,CATTLE,"12,000"
SURVEY,2019,DUPLIN,CATTLE, (D)
SURVEY,2019,HARNETT,CATTLE, (D)
SURVEY,2019,HOKE,CATTLE,800
SURVEY,2019,ONSLOW,CATTLE,"1,400"
SURVEY,2019,PENDER,CATTLE,"1,600"
SURVEY,2019,PENDER,CATTLE, (D)
SURVEY,2019,ROBESON,CATTLE,"3,500"
SURVEY,2019,SAMPSON,CATTLE, (D)
SURVEY,2019,SAMPSON,CATTLE, (D)
SURVEY,2019,SCOTLAND,CATTLE,500
SURVEY,2019,ANSON,CATTLE, (D)
SURVEY,2019,ANSON,CATTLE, (D)
SURVEY,2019,CABARRUS,CATTLE,"6,700"
SURVEY,2019,CABARRUS,CATTLE,600
SURVEY,2019,CLEVELAND,CATTLE,"10,700"
SURVEY,2019,CLEVELAND,CATTLE,700
SURVEY,2019,GASTON,CATTLE, (D)
SURVEY,2019,GASTON,CATTLE, (D)
SURVEY,2019,LINCOLN,CATTLE,"4,800"
SURVEY,2019,LINCOLN,CATTLE,"3,100"
SURVEY,2019,MECKLENBURG,CATTLE, (D)
SURVEY,2019,MECKLENBURG,CATTLE, (D)
SURVEY,2019,MONTGOMERY,CATTLE,"3,300"
SURVEY,2019,MOORE,CATTLE, (D)
SURVEY,2019,RICHMOND,CATTLE,"1,500"
SURVEY,2019,STANLY,CATTLE,"8,200"
SURVEY,2019,STANLY,CATTLE,400
SURVEY,2019,UNION,CATTLE,"11,000"
SURVEY,2019,UNION,CATTLE,100
SURVEY,2019,BUNCOMBE,CATTLE,"7,400"
SURVEY,2019,BUNCOMBE,CATTLE,800
SURVEY,2019,BURKE,CATTLE,"2,800"
SURVEY,2019,BURKE,CATTLE, (D)
SURVEY,2019,CHEROKEE,CATTLE, (D)
SURVEY,2019,CHEROKEE,CATTLE, (D)
SURVEY,2019,CLAY,CATTLE,"1,200"
SURVEY,2019,GRAHAM,CATTLE, (D)
SURVEY,2019,HAYWOOD,CATTLE,"4,800"
SURVEY,2019,HAYWOOD,CATTLE,"1,200"
SURVEY,2019,HENDERSON,CATTLE, (D)
SURVEY,2019,HENDERSON,CATTLE, (D)
SURVEY,2019,JACKSON,CATTLE,900
SURVEY,2019,JACKSON,CATTLE, (D)
SURVEY,2019,MACON,CATTLE,"2,000"
SURVEY,2019,MACON,CATTLE, (D)
SURVEY,2019,MADISON,CATTLE,"3,600"
SURVEY,2019,MADISON,CATTLE, (D)
SURVEY,2019,MCDOWELL,CATTLE,"1,300"
SURVEY,2019,MCDOWELL,CATTLE,300
SURVEY,2019,MITCHELL,CATTLE,"1,000"
SURVEY,2019,MITCHELL,CATTLE, (D)
SURVEY,2019,POLK,CATTLE,"1,800"
SURVEY,2019,POLK,CATTLE,100
SURVEY,2019,RUTHERFORD,CATTLE,"4,800"
SURVEY,2019,RUTHERFORD,CATTLE, (D)
SURVEY,2019,SWAIN,CATTLE,300
SURVEY,2019,TRANSYLVANIA,CATTLE,"1,000"
SURVEY,2019,YANCEY,CATTLE,"2,600"
SURVEY,2019,YANCEY,CATTLE, (D)
SURVEY,2019,BEAUFORT,COTTON, (D)
SURVEY,2019,GREENE,COTTON, (D)
SURVEY,2019,HYDE,COTTON, (D)
SURVEY,2019,JONES,COTTON, (D)
SURVEY,2019,LENOIR,COTTON, (D)
SURVEY,2019,OTHER (COMBINED) COUNTIES,COTTON, (D)
SURVEY,2019,PITT,COTTON, (D)
SURVEY,2019,WILSON,COTTON, (D)
SURVEY,2019,BERTIE,COTTON, (D)
SURVEY,2019,CHOWAN,COTTON, (D)
SURVEY,2019,EDGECOMBE,COTTON, (D)
SURVEY,2019,GATES,COTTON, (D)
SURVEY,2019,HALIFAX,COTTON,"161,700"
SURVEY,2019,HERTFORD,COTTON, (D)
SURVEY,2019,MARTIN,COTTON, (D)
SURVEY,2019,NASH,COTTON, (D)
SURVEY,2019,NORTHAMPTON,COTTON,"78,900"
SURVEY,2019,OTHER (COMBINED) COUNTIES,COTTON, (D)
SURVEY,2019,PERQUIMANS,COTTON, (D)
SURVEY,2019,BLADEN,COTTON, (D)
SURVEY,2019,CUMBERLAND,COTTON, (D)
SURVEY,2019,DUPLIN,COTTON, (D)
SURVEY,2019,HOKE,COTTON, (D)
SURVEY,2019,ROBESON,COTTON, (D)
SURVEY,2019,SAMPSON,COTTON, (D)
SURVEY,2019,ANSON,COTTON, (D)
SURVEY,2019,STANLY,COTTON, (D)
SURVEY,2019,OTHER COUNTIES,TURKEYS,"786,500"
SURVEY,2019,BEAUFORT,CORN,"47,300"
SURVEY,2019,BEAUFORT,CORN,"47,100"
SURVEY,2019,BEAUFORT,COTTON,"12,700"
SURVEY,2019,BEAUFORT,SOYBEANS,"60,800"
SURVEY,2019,BEAUFORT,TURKEYS, (D)
SURVEY,2019,BEAUFORT,WHEAT,"5,470"
SURVEY,2019,CARTERET,TURKEYS, (D)
SURVEY,2019,CRAVEN,CORN,"21,800"
SURVEY,2019,CRAVEN,CORN,"21,100"
SURVEY,2019,CRAVEN,COTTON,"4,500"
SURVEY,2019,CRAVEN,SOYBEANS,"20,300"
SURVEY,2019,GREENE,CORN,"11,900"
SURVEY,2019,GREENE,CORN,"11,700"
SURVEY,2019,GREENE,COTTON,"10,700"
SURVEY,2019,GREENE,SOYBEANS,"30,700"
SURVEY,2019,GREENE,TURKEYS,"1,150,000"
SURVEY,2019,GREENE,WHEAT,"4,000"
SURVEY,2019,JOHNSTON,CORN,"10,000"
SURVEY,2019,JOHNSTON,CORN,"9,700"
SURVEY,2019,JOHNSTON,COTTON,"7,100"
SURVEY,2019,JOHNSTON,SOYBEANS,"50,300"
SURVEY,2019,JOHNSTON,SWEET POTATOES,"12,500"
SURVEY,2019,JOHNSTON,TURKEYS,"490,000"
SURVEY,2019,JOHNSTON,WHEAT,"6,900"
SURVEY,2019,JONES,CORN,"19,300"
SURVEY,2019,JONES,CORN,"18,700"
SURVEY,2019,JONES,COTTON,"11,400"
SURVEY,2019,JONES,SOYBEANS,"15,600"
SURVEY,2019,JONES,TURKEYS,"390,000"
SURVEY,2019,LENOIR,CORN,"27,100"
SURVEY,2019,LENOIR,CORN,"26,600"
SURVEY,2019,LENOIR,COTTON,"10,300"
SURVEY,2019,LENOIR,SOYBEANS,"30,600"
SURVEY,2019,LENOIR,SWEET POTATOES,"4,200"
SURVEY,2019,LENOIR,TURKEYS,"1,750,000"
SURVEY,2019,LENOIR,WHEAT,"4,400"
SURVEY,2019,OTHER (COMBINED) COUNTIES,CORN,"53,500"
SURVEY,2019,OTHER (COMBINED) COUNTIES,CORN,"51,400"
SURVEY,2019,OTHER (COMBINED) COUNTIES,COTTON,"12,900"
SURVEY,2019,OTHER (COMBINED) COUNTIES,PEANUTS,"16,700"
SURVEY,2019,OTHER (COMBINED) COUNTIES,SOYBEANS,"107,400"
SURVEY,2019,OTHER (COMBINED) COUNTIES,SWEET POTATOES,"29,200"
SURVEY,2019,OTHER (COMBINED) COUNTIES,WHEAT,"5,860"
SURVEY,2019,PAMLICO,CORN,"16,500"
SURVEY,2019,PAMLICO,CORN,"16,400"
SURVEY,2019,PAMLICO,SOYBEANS,"16,000"
SURVEY,2019,PAMLICO,TURKEYS, (D)
SURVEY,2019,PITT,CORN,"24,000"
SURVEY,2019,PITT,CORN,"23,600"
SURVEY,2019,PITT,COTTON,"18,500"
SURVEY,2019,PITT,PEANUTS,"5,900"
SURVEY,2019,PITT,TURKEYS, (D)
SURVEY,2019,PITT,WHEAT,"4,800"
SURVEY,2019,WAYNE,CORN,"24,900"
SURVEY,2019,WAYNE,CORN,"24,100"
SURVEY,2019,WAYNE,COTTON,"9,200"
SURVEY,2019,WAYNE,SOYBEANS,"53,400"
SURVEY,2019,WAYNE,TURKEYS,"4,900,000"
SURVEY,2019,WAYNE,WHEAT,"12,300"
SURVEY,2019,WILSON,CORN,"9,700"
SURVEY,2019,WILSON,CORN,"9,600"
SURVEY,2019,WILSON,COTTON,"9,700"
SURVEY,2019,WILSON,SOYBEANS,"31,400"
SURVEY,2019,WILSON,TURKEYS, (D)
SURVEY,2019,WILSON,WHEAT,"4,270"
SURVEY,2019,ALEXANDER,CORN,"2,200"
SURVEY,2019,ALEXANDER,CORN,850
SURVEY,2019,ALEXANDER,SOYBEANS,"2,700"
SURVEY,2019,ALEXANDER,WHEAT,750
SURVEY,2019,CATAWBA,CORN,"4,400"
SURVEY,2019,CATAWBA,CORN,"4,000"
SURVEY,2019,CATAWBA,SOYBEANS,"9,800"
SURVEY,2019,CATAWBA,TURKEYS, (D)
SURVEY,2019,CATAWBA,WHEAT,"3,030"
SURVEY,2019,CHATHAM,SOYBEANS,"2,750"
SURVEY,2019,CHATHAM,TURKEYS, (D)
SURVEY,2019,DAVIDSON,CORN,"6,600"
SURVEY,2019,DAVIDSON,CORN,"4,600"
SURVEY,2019,DAVIDSON,SOYBEANS,"11,700"
SURVEY,2019,DAVIDSON,TURKEYS, (D)
SURVEY,2019,DAVIDSON,WHEAT,"1,590"
SURVEY,2019,DAVIE,CORN,"7,700"
SURVEY,2019,DAVIE,CORN,"7,300"
SURVEY,2019,DAVIE,SOYBEANS,"8,800"
SURVEY,2019,DAVIE,WHEAT,"1,700"
SURVEY,2019,IREDELL,CORN,"20,700"
SURVEY,2019,IREDELL,CORN,"9,900"
SURVEY,2019,IREDELL,SOYBEANS,"19,200"
SURVEY,2019,IREDELL,TURKEYS, (D)
SURVEY,2019,IREDELL,WHEAT,"4,210"
SURVEY,2019,LEE,CORN,800
SURVEY,2019,LEE,CORN,700
SURVEY,2019,LEE,SOYBEANS,"3,950"
SURVEY,2019,OTHER (COMBINED) COUNTIES,CORN,"3,900"
SURVEY,2019,OTHER (COMBINED) COUNTIES,CORN,"2,850"
SURVEY,2019,OTHER (COMBINED) COUNTIES,WHEAT,600
SURVEY,2019,RANDOLPH,CORN,"9,500"
SURVEY,2019,RANDOLPH,CORN,"7,200"
SURVEY,2019,RANDOLPH,SOYBEANS,"11,000"
SURVEY,2019,RANDOLPH,TURKEYS, (D)
SURVEY,2019,RANDOLPH,WHEAT,"2,210"
SURVEY,2019,ROWAN,CORN,"12,200"
SURVEY,2019,ROWAN,CORN,"10,400"
SURVEY,2019,ROWAN,SOYBEANS,"19,200"
SURVEY,2019,ROWAN,TURKEYS, (D)
SURVEY,2019,ROWAN,WHEAT,"3,130"
SURVEY,2019,WAKE,SOYBEANS,"11,400"
SURVEY,2019,WAKE,TURKEYS,"3,500"
SURVEY,2019,WAKE,WHEAT,"1,780"
SURVEY,2019,BERTIE,CORN,"12,700"
SURVEY,2019,BERTIE,CORN,"12,500"
SURVEY,2019,BERTIE,COTTON,"29,200"
SURVEY,2019,BERTIE,WHEAT,"2,100"
SURVEY,2019,CAMDEN,CORN,"20,300"
SURVEY,2019,CAMDEN,CORN,"20,000"
SURVEY,2019,CAMDEN,SOYBEANS,"27,600"
SURVEY,2019,CAMDEN,WHEAT,"4,000"
SURVEY,2019,CHOWAN,CORN,"5,100"
SURVEY,2019,CHOWAN,CORN,"5,000"
SURVEY,2019,CHOWAN,COTTON,"12,800"
SURVEY,2019,CHOWAN,PEANUTS,"4,600"
SURVEY,2019,CHOWAN,SOYBEANS,"14,300"
SURVEY,2019,CHOWAN,WHEAT,"3,040"
SURVEY,2019,CURRITUCK,CORN,"12,300"
SURVEY,2019,CURRITUCK,CORN,"12,200"
SURVEY,2019,CURRITUCK,SOYBEANS,"17,900"
SURVEY,2019,CURRITUCK,WHEAT,"2,950"
SURVEY,2019,EDGECOMBE,COTTON,"29,700"
SURVEY,2019,EDGECOMBE,PEANUTS,"5,400"
SURVEY,2019,EDGECOMBE,SOYBEANS,"36,600"
SURVEY,2019,EDGECOMBE,WHEAT,"7,700"
SURVEY,2019,GATES,CORN,"6,000"
SURVEY,2019,GATES,CORN,"5,800"
SURVEY,2019,GATES,COTTON,"14,100"
SURVEY,2019,GATES,PEANUTS,"3,800"
SURVEY,2019,GATES,SOYBEANS,"16,900"
SURVEY,2019,GATES,TURKEYS, (D)
SURVEY,2019,GATES,WHEAT,"3,800"
SURVEY,2019,HALIFAX,CORN,"8,100"
SURVEY,2019,HALIFAX,CORN,"7,900"
SURVEY,2019,HALIFAX,COTTON,"53,400"
SURVEY,2019,HALIFAX,SOYBEANS,"28,100"
SURVEY,2019,HALIFAX,WHEAT,"1,150"
SURVEY,2019,HERTFORD,CORN,"9,600"
SURVEY,2019,HERTFORD,CORN,"9,400"
SURVEY,2019,HERTFORD,COTTON,"16,500"
SURVEY,2019,HERTFORD,PEANUTS,"4,300"
SURVEY,2019,HERTFORD,SOYBEANS,"11,600"
SURVEY,2019,HERTFORD,WHEAT,"1,520"
SURVEY,2019,MARTIN,CORN,"6,200"
SURVEY,2019,MARTIN,CORN,"6,000"
SURVEY,2019,MARTIN,COTTON,"38,500"
SURVEY,2019,MARTIN,PEANUTS,"7,500"
SURVEY,2019,MARTIN,SOYBEANS,"15,800"
SURVEY,2019,MARTIN,SWEET POTATOES,"1,500"
SURVEY,2019,MARTIN,TURKEYS, (D)
SURVEY,2019,MARTIN,WHEAT,"2,820"
SURVEY,2019,NASH,SOYBEANS,"26,600"
SURVEY,2019,NASH,WHEAT,"2,380"
SURVEY,2019,NORTHAMPTON,CORN,"12,300"
SURVEY,2019,NORTHAMPTON,CORN,"12,100"
SURVEY,2019,NORTHAMPTON,COTTON,"42,800"
SURVEY,2019,NORTHAMPTON,PEANUTS,"6,200"
SURVEY,2019,NORTHAMPTON,SOYBEANS,"26,100"
SURVEY,2019,NORTHAMPTON,WHEAT,"3,040"
SURVEY,2019,OTHER (COMBINED) COUNTIES,CORN,"52,800"
SURVEY,2019,OTHER (COMBINED) COUNTIES,CORN,"50,900"
SURVEY,2019,OTHER (COMBINED) COUNTIES,COTTON,"12,200"
SURVEY,2019,OTHER (COMBINED) COUNTIES,PEANUTS,"21,900"
SURVEY,2019,OTHER (COMBINED) COUNTIES,SOYBEANS,"64,700"
SURVEY,2019,OTHER (COMBINED) COUNTIES,SWEET POTATOES,"23,100"
SURVEY,2019,OTHER (COMBINED) COUNTIES,WHEAT,"3,850"
SURVEY,2019,PASQUOTANK,CORN,"21,800"
SURVEY,2019,PASQUOTANK,CORN,"21,700"
SURVEY,2019,PASQUOTANK,SOYBEANS,"48,000"
SURVEY,2019,PASQUOTANK,WHEAT,"3,880"
SURVEY,2019,PERQUIMANS,CORN,"15,700"
SURVEY,2019,PERQUIMANS,CORN,"15,500"
SURVEY,2019,PERQUIMANS,COTTON,"12,600"
SURVEY,2019,PERQUIMANS,PEANUTS,"1,000"
SURVEY,2019,PERQUIMANS,SOYBEANS,"40,200"
SURVEY,2019,PERQUIMANS,WHEAT,"9,230"
SURVEY,2019,TYRRELL,CORN,"24,100"
SURVEY,2019,TYRRELL,CORN,"24,000"
SURVEY,2019,TYRRELL,SOYBEANS,"32,600"
SURVEY,2019,WASHINGTON,COTTON,"9,700"
SURVEY,2019,WASHINGTON,WHEAT,"2,240"
SURVEY,2019,ALLEGHANY,TURKEYS, (D)
SURVEY,2019,ASHE,TURKEYS, (D)
SURVEY,2019,AVERY,TURKEYS, (D)
SURVEY,2019,CALDWELL,CORN,"1,600"
SURVEY,2019,CALDWELL,CORN,"1,450"
SURVEY,2019,CALDWELL,TURKEYS, (D)
SURVEY,2019,OTHER (COMBINED) COUNTIES,CORN,"2,600"
SURVEY,2019,OTHER (COMBINED) COUNTIES,CORN,"1,150"
SURVEY,2019,OTHER (COMBINED) COUNTIES,SOYBEANS,"14,700"
SURVEY,2019,OTHER (COMBINED) COUNTIES,WHEAT,"2,350"
SURVEY,2019,SURRY,CORN,"11,200"
SURVEY,2019,SURRY,CORN,"10,700"
SURVEY,2019,SURRY,TURKEYS, (D)
SURVEY,2019,WILKES,CORN,"8,000"
SURVEY,2019,WILKES,CORN,"6,600"
SURVEY,2019,WILKES,TURKEYS, (D)
SURVEY,2019,YADKIN,CORN,"14,000"
SURVEY,2019,YADKIN,CORN,"13,100"
SURVEY,2019,YADKIN,SOYBEANS,"20,500"
SURVEY,2019,YADKIN,TURKEYS, (D)
SURVEY,2019,YADKIN,WHEAT,"2,100"
SURVEY,2019,ALAMANCE,CORN,"4,100"
SURVEY,2019,ALAMANCE,CORN,"3,750"
SURVEY,2019,ALAMANCE,SOYBEANS,"4,850"
SURVEY,2019,ALAMANCE,TURKEYS, (D)
SURVEY,2019,ALAMANCE,WHEAT,500
SURVEY,2019,CASWELL,CORN,900
SURVEY,2019,CASWELL,CORN,800
SURVEY,2019,CASWELL,SOYBEANS,"3,500"
SURVEY,2019,DURHAM,SOYBEANS,650
SURVEY,2019,DURHAM,TURKEYS, (D)
SURVEY,2019,FORSYTH,SOYBEANS,"4,600"
SURVEY,2019,FORSYTH,TURKEYS, (D)
SURVEY,2019,FRANKLIN,CORN,"2,400"
SURVEY,2019,FRANKLIN,CORN,"2,150"
SURVEY,2019,FRANKLIN,SOYBEANS,"18,300"
SURVEY,2019,FRANKLIN,TURKEYS, (D)
SURVEY,2019,FRANKLIN,WHEAT,"5,570"
SURVEY,2019,GRANVILLE,CORN,"2,500"
SURVEY,2019,GRANVILLE,CORN,"1,950"
SURVEY,2019,GRANVILLE,SOYBEANS,"5,550"
SURVEY,2019,GRANVILLE,TURKEYS, (D)
SURVEY,2019,GRANVILLE,WHEAT,"1,620"
SURVEY,2019,GUILFORD,CORN,"4,800"
SURVEY,2019,GUILFORD,CORN,"3,400"
SURVEY,2019,GUILFORD,SOYBEANS,"10,000"
SURVEY,2019,GUILFORD,TURKEYS, (D)
SURVEY,2019,GUILFORD,WHEAT,"2,250"
SURVEY,2019,ORANGE,CORN,"2,800"
SURVEY,2019,ORANGE,CORN,"2,450"
SURVEY,2019,ORANGE,TURKEYS, (D)
SURVEY,2019,ORANGE,WHEAT,420
SURVEY,2019,OTHER (COMBINED) COUNTIES,CORN,"2,900"
SURVEY,2019,OTHER (COMBINED) COUNTIES,CORN,"2,400"
SURVEY,2019,OTHER (COMBINED) COUNTIES,SOYBEANS,"11,950"
SURVEY,2019,OTHER (COMBINED) COUNTIES,SWEET POTATOES,"1,070"
SURVEY,2019,OTHER (COMBINED) COUNTIES,WHEAT,"1,070"
SURVEY,2019,PERSON,CORN,"2,900"
SURVEY,2019,PERSON,CORN,"2,500"
SURVEY,2019,PERSON,SOYBEANS,"11,000"
SURVEY,2019,PERSON,TURKEYS, (D)
SURVEY,2019,PERSON,WHEAT,"3,400"
SURVEY,2019,ROCKINGHAM,CORN,"2,800"
SURVEY,2019,ROCKINGHAM,CORN,"2,000"
SURVEY,2019,ROCKINGHAM,TURKEYS, (D)
SURVEY,2019,ROCKINGHAM,WHEAT,"1,150"
SURVEY,2019,STOKES,CORN,"1,800"
SURVEY,2019,STOKES,CORN,"1,600"
SURVEY,2019,STOKES,TURKEYS, (D)
SURVEY,2019,VANCE,SOYBEANS,"5,900"
SURVEY,2019,VANCE,WHEAT,760
SURVEY,2019,WARREN,CORN,"3,100"
SURVEY,2019,WARREN,CORN,"2,700"
SURVEY,2019,WARREN,SOYBEANS,"7,700"
SURVEY,2019,WARREN,WHEAT,"1,760"
SURVEY,2019,BLADEN,CORN,"25,100"
SURVEY,2019,BLADEN,CORN,"24,700"
SURVEY,2019,BLADEN,SOYBEANS,"15,500"
SURVEY,2019,BLADEN,TURKEYS,"1,500,000"
SURVEY,2019,BRUNSWICK,CORN,"7,900"
SURVEY,2019,BRUNSWICK,CORN,"7,850"
SURVEY,2019,BRUNSWICK,SOYBEANS,"7,300"
SURVEY,2019,BRUNSWICK,TURKEYS, (D)
SURVEY,2019,COLUMBUS,TURKEYS, (D)
SURVEY,2019,CUMBERLAND,TURKEYS,"775,000"
SURVEY,2019,CUMBERLAND,WHEAT,"2,400"
SURVEY,2019,DUPLIN,TURKEYS,"3,400,000"
SURVEY,2019,HARNETT,CORN,"6,700"
SURVEY,2019,HARNETT,CORN,"6,500"
SURVEY,2019,HARNETT,COTTON,"8,000"
SURVEY,2019,HARNETT,SOYBEANS,"23,700"
SURVEY,2019,HARNETT,SWEET POTATOES,"3,000"
SURVEY,2019,HARNETT,TURKEYS, (D)
SURVEY,2019,HARNETT,WHEAT,"1,800"
SURVEY,2019,HOKE,TURKEYS,"75,000"
SURVEY,2019,ONSLOW,CORN,"12,100"
SURVEY,2019,ONSLOW,CORN,"11,900"
SURVEY,2019,ONSLOW,COTTON,"5,100"
SURVEY,2019,ONSLOW,SOYBEANS,"12,500"
SURVEY,2019,ONSLOW,TURKEYS,"1,800,000"
SURVEY,2019,ONSLOW,WHEAT,830
SURVEY,2019,OTHER (COMBINED) COUNTIES,CORN,"198,200"
SURVEY,2019,OTHER (COMBINED) COUNTIES,CORN,"193,750"
SURVEY,2019,OTHER (COMBINED) COUNTIES,COTTON,"46,600"
SURVEY,2019,OTHER (COMBINED) COUNTIES,SOYBEANS,"213,800"
SURVEY,2019,OTHER (COMBINED) COUNTIES,SWEET POTATOES,"7,400"
SURVEY,2019,OTHER (COMBINED) COUNTIES,WHEAT,"22,710"
SURVEY,2019,PENDER,TURKEYS,"245,000"
SURVEY,2019,ROBESON,COTTON,"15,200"
SURVEY,2019,ROBESON,TURKEYS, (D)
SURVEY,2019,ROBESON,WHEAT,"8,360"
SURVEY,2019,SAMPSON,CORN,"38,000"
SURVEY,2019,SAMPSON,CORN,"37,300"
SURVEY,2019,SAMPSON,COTTON,"20,700"
SURVEY,2019,SAMPSON,SOYBEANS,"53,500"
SURVEY,2019,SAMPSON,SWEET POTATOES,"15,300"
SURVEY,2019,SAMPSON,TURKEYS,"7,000,000"
SURVEY,2019,SAMPSON,WHEAT,"9,200"
SURVEY,2019,SCOTLAND,SOYBEANS,"8,200"
SURVEY,2019,ANSON,TURKEYS,"1,200,000"
SURVEY,2019,CABARRUS,CORN,"4,700"
SURVEY,2019,CABARRUS,CORN,"4,200"
SURVEY,2019,CABARRUS,SOYBEANS,"5,800"
SURVEY,2019,CABARRUS,TURKEYS, (D)
SURVEY,2019,CABARRUS,WHEAT,"1,500"
SURVEY,2019,CLEVELAND,CORN,"5,400"
SURVEY,2019,CLEVELAND,CORN,"4,200"
SURVEY,2019,CLEVELAND,TURKEYS,"405,000"
SURVEY,2019,CLEVELAND,WHEAT,"4,300"
SURVEY,2019,GASTON,SOYBEANS,"3,300"
SURVEY,2019,GASTON,TURKEYS, (D)
SURVEY,2019,LINCOLN,SOYBEANS,"8,700"
SURVEY,2019,LINCOLN,TURKEYS, (D)
SURVEY,2019,LINCOLN,WHEAT,"3,070"
SURVEY,2019,MECKLENBURG,WHEAT,310
SURVEY,2019,MONTGOMERY,TURKEYS, (D)
SURVEY,2019,MOORE,SOYBEANS,"2,700"
SURVEY,2019,MOORE,TURKEYS, (D)
SURVEY,2019,MOORE,WHEAT,700
SURVEY,2019,OTHER (COMBINED) COUNTIES,CORN,"23,700"
SURVEY,2019,OTHER (COMBINED) COUNTIES,CORN,"17,400"
SURVEY,2019,OTHER (COMBINED) COUNTIES,COTTON,"9,200"
SURVEY,2019,OTHER (COMBINED) COUNTIES,SOYBEANS,"49,100"
SURVEY,2019,OTHER (COMBINED) COUNTIES,WHEAT,"3,260"
SURVEY,2019,RICHMOND,TURKEYS, (D)
SURVEY,2019,STANLY,CORN,"12,800"
SURVEY,2019,STANLY,CORN,"12,000"
SURVEY,2019,STANLY,COTTON,"11,600"
SURVEY,2019,STANLY,TURKEYS,"730,000"
SURVEY,2019,STANLY,WHEAT,"4,360"
SURVEY,2019,UNION,CORN,"34,400"
SURVEY,2019,UNION,CORN,"32,800"
SURVEY,2019,UNION,SOYBEANS,"57,400"
SURVEY,2019,UNION,TURKEYS,"3,400,000"
SURVEY,2019,UNION,WHEAT,"18,000"
SURVEY,2019,BUNCOMBE,CORN,900
SURVEY,2019,BUNCOMBE,CORN,400
SURVEY,2019,BUNCOMBE,TURKEYS, (D)
SURVEY,2019,BURKE,CORN,"1,100"
SURVEY,2019,BURKE,CORN,"1,000"
SURVEY,2019,BURKE,SOYBEANS,900
SURVEY,2019,BURKE,TURKEYS, (D)
SURVEY,2019,CHEROKEE,CORN,"1,000"
SURVEY,2019,CHEROKEE,CORN,750
SURVEY,2019,CHEROKEE,TURKEYS, (D)
SURVEY,2019,HENDERSON,SOYBEANS,790
SURVEY,2019,HENDERSON,TURKEYS, (D)
SURVEY,2019,MACON,TURKEYS, (D)
SURVEY,2019,MADISON,TURKEYS, (D)
SURVEY,2019,OTHER (COMBINED) COUNTIES,CORN,"7,800"
SURVEY,2019,OTHER (COMBINED) COUNTIES,CORN,"5,100"
SURVEY,2019,OTHER (COMBINED) COUNTIES,SOYBEANS,"2,060"
SURVEY,2019,OTHER (COMBINED) COUNTIES,WHEAT,550
SURVEY,2019,RUTHERFORD,CORN,800
SURVEY,2019,RUTHERFORD,CORN,650
SURVEY,2019,RUTHERFORD,SOYBEANS,"1,550"
SURVEY,2019,RUTHERFORD,TURKEYS, (D)
SURVEY,2019,TRANSYLVANIA,TURKEYS, (D)
SURVEY,2019,YANCEY,TURKEYS, (D)
SURVEY,2018,OTHER COUNTIES,CATTLE,"86,800"
SURVEY,2018,OTHER COUNTIES,CATTLE,"6,200"
SURVEY,2018,BEAUFORT,CATTLE,300
SURVEY,2018,CARTERET,CATTLE,300
SURVEY,2018,CRAVEN,CATTLE, (D)
SURVEY,2018,CRAVEN,CATTLE, (D)
SURVEY,2018,GREENE,CATTLE,900
SURVEY,2018,GREENE,CATTLE, (D)
SURVEY,2018,HYDE,CATTLE,100
SURVEY,2018,JOHNSTON,CATTLE, (D)
SURVEY,2018,JONES,CATTLE,500
SURVEY,2018,LENOIR,CATTLE, (D)
SURVEY,2018,PAMLICO,CATTLE, (D)
SURVEY,2018,PITT,CATTLE, (D)
SURVEY,2018,PITT,CATTLE, (D)
SURVEY,2018,WAYNE,CATTLE, (D)
SURVEY,2018,WAYNE,CATTLE, (D)
SURVEY,2018,WILSON,CATTLE,900
SURVEY,2018,ALEXANDER,CATTLE,"7,800"
SURVEY,2018,ALEXANDER,CATTLE,"1,100"
SURVEY,2018,CATAWBA,CATTLE,"7,400"
SURVEY,2018,CATAWBA,CATTLE,600
SURVEY,2018,CHATHAM,CATTLE,"16,000"
SURVEY,2018,CHATHAM,CATTLE,800
SURVEY,2018,DAVIDSON,CATTLE,"5,800"
SURVEY,2018,DAVIDSON,CATTLE,"1,300"
SURVEY,2018,DAVIE,CATTLE,"5,900"
SURVEY,2018,DAVIE,CATTLE,300
SURVEY,2018,IREDELL,CATTLE,"13,000"
SURVEY,2018,IREDELL,CATTLE,"10,700"
SURVEY,2018,LEE,CATTLE,"1,900"
SURVEY,2018,RANDOLPH,CATTLE,"16,400"
SURVEY,2018,RANDOLPH,CATTLE,"7,700"
SURVEY,2018,ROWAN,CATTLE,"8,700"
SURVEY,2018,ROWAN,CATTLE,"1,400"
SURVEY,2018,WAKE,CATTLE,"2,000"
SURVEY,2018,WAKE,CATTLE,400
SURVEY,2018,BERTIE,CATTLE,400
SURVEY,2018,CAMDEN,CATTLE,200
SURVEY,2018,CHOWAN,CATTLE,300
SURVEY,2018,CURRITUCK,CATTLE, (D)
SURVEY,2018,EDGECOMBE,CATTLE,"1,100"
SURVEY,2018,GATES,CATTLE, (D)
SURVEY,2018,GATES,CATTLE, (D)
SURVEY,2018,HALIFAX,CATTLE, (D)
SURVEY,2018,HALIFAX,CATTLE, (D)
SURVEY,2018,HERTFORD,CATTLE,200
SURVEY,2018,MARTIN,CATTLE, (D)
SURVEY,2018,MARTIN,CATTLE, (D)
SURVEY,2018,NASH,CATTLE,"3,000"
SURVEY,2018,NORTHAMPTON,CATTLE,900
SURVEY,2018,PASQUOTANK,CATTLE,200
SURVEY,2018,PERQUIMANS,CATTLE,400
SURVEY,2018,TYRRELL,CATTLE,300
SURVEY,2018,WASHINGTON,CATTLE,200
SURVEY,2018,ALLEGHANY,CATTLE,"5,800"
SURVEY,2018,ALLEGHANY,CATTLE,"1,100"
SURVEY,2018,ASHE,CATTLE,"7,400"
SURVEY,2018,ASHE,CATTLE,100
SURVEY,2018,AVERY,CATTLE,900
SURVEY,2018,AVERY,CATTLE, (D)
SURVEY,2018,CALDWELL,CATTLE,"3,500"
SURVEY,2018,CALDWELL,CATTLE, (D)
SURVEY,2018,SURRY,CATTLE,"11,800"
SURVEY,2018,SURRY,CATTLE,200
SURVEY,2018,WATAUGA,CATTLE, (D)
SURVEY,2018,WATAUGA,CATTLE, (D)
SURVEY,2018,WILKES,CATTLE,"13,800"
SURVEY,2018,WILKES,CATTLE,"1,400"
SURVEY,2018,YADKIN,CATTLE, (D)
SURVEY,2018,YADKIN,CATTLE, (D)
SURVEY,2018,ALAMANCE,CATTLE,"6,800"
SURVEY,2018,ALAMANCE,CATTLE,"1,400"
SURVEY,2018,CASWELL,CATTLE,"4,000"
SURVEY,2018,CASWELL,CATTLE,800
SURVEY,2018,DURHAM,CATTLE, (D)
SURVEY,2018,DURHAM,CATTLE, (D)
SURVEY,2018,FORSYTH,CATTLE,"2,500"
SURVEY,2018,FORSYTH,CATTLE, (D)
SURVEY,2018,FRANKLIN,CATTLE,"5,900"
SURVEY,2018,FRANKLIN,CATTLE, (D)
SURVEY,2018,GRANVILLE,CATTLE, (D)
SURVEY,2018,GRANVILLE,CATTLE, (D)
SURVEY,2018,GUILFORD,CATTLE,"4,700"
SURVEY,2018,GUILFORD,CATTLE,"1,200"
SURVEY,2018,ORANGE,CATTLE,"5,100"
SURVEY,2018,ORANGE,CATTLE,600
SURVEY,2018,PERSON,CATTLE, (D)
SURVEY,2018,PERSON,CATTLE, (D)
SURVEY,2018,ROCKINGHAM,CATTLE,"5,600"
SURVEY,2018,ROCKINGHAM,CATTLE,400
SURVEY,2018,STOKES,CATTLE, (D)
SURVEY,2018,STOKES,CATTLE, (D)
SURVEY,2018,VANCE,CATTLE,"1,400"
SURVEY,2018,WARREN,CATTLE,"3,900"
SURVEY,2018,WARREN,CATTLE, (D)
SURVEY,2018,BLADEN,CATTLE, (D)
SURVEY,2018,BLADEN,CATTLE, (D)
SURVEY,2018,BRUNSWICK,CATTLE, (D)
SURVEY,2018,BRUNSWICK,CATTLE, (D)
SURVEY,2018,COLUMBUS,CATTLE,"3,100"
SURVEY,2018,CUMBERLAND,CATTLE, (D)
SURVEY,2018,CUMBERLAND,CATTLE, (D)
SURVEY,2018,DUPLIN,CATTLE,"12,000"
SURVEY,2018,DUPLIN,CATTLE, (D)
SURVEY,2018,HARNETT,CATTLE, (D)
SURVEY,2018,HARNETT,CATTLE, (D)
SURVEY,2018,HOKE,CATTLE,800
SURVEY,2018,HOKE,CATTLE, (D)
SURVEY,2018,NEW HANOVER,CATTLE, (D)
SURVEY,2018,ONSLOW,CATTLE,"1,400"
SURVEY,2018,PENDER,CATTLE,"1,600"
SURVEY,2018,PENDER,CATTLE, (D)
SURVEY,2018,ROBESON,CATTLE,"3,600"
SURVEY,2018,ROBESON,CATTLE, (D)
SURVEY,2018,SAMPSON,CATTLE, (D)
SURVEY,2018,SAMPSON,CATTLE, (D)
SURVEY,2018,SCOTLAND,CATTLE,500
SURVEY,2018,ANSON,CATTLE, (D)
SURVEY,2018,ANSON,CATTLE, (D)
SURVEY,2018,CABARRUS,CATTLE,"6,800"
SURVEY,2018,CABARRUS,CATTLE,700
SURVEY,2018,CLEVELAND,CATTLE,"10,800"
SURVEY,2018,CLEVELAND,CATTLE,700
SURVEY,2018,GASTON,CATTLE, (D)
SURVEY,2018,GASTON,CATTLE, (D)
SURVEY,2018,LINCOLN,CATTLE,"4,800"
SURVEY,2018,LINCOLN,CATTLE,"3,200"
SURVEY,2018,MECKLENBURG,CATTLE, (D)
SURVEY,2018,MECKLENBURG,CATTLE, (D)
SURVEY,2018,MONTGOMERY,CATTLE,"3,300"
SURVEY,2018,MOORE,CATTLE, (D)
SURVEY,2018,RICHMOND,CATTLE,"1,500"
SURVEY,2018,STANLY,CATTLE,"8,200"
SURVEY,2018,STANLY,CATTLE,300
SURVEY,2018,UNION,CATTLE,"11,000"
SURVEY,2018,UNION,CATTLE,100
SURVEY,2018,BUNCOMBE,CATTLE,"7,500"
SURVEY,2018,BUNCOMBE,CATTLE,800
SURVEY,2018,BURKE,CATTLE,"2,800"
SURVEY,2018,BURKE,CATTLE, (D)
SURVEY,2018,CHEROKEE,CATTLE, (D)
SURVEY,2018,CHEROKEE,CATTLE, (D)
SURVEY,2018,CLAY,CATTLE,"1,200"
SURVEY,2018,CLAY,CATTLE, (D)
SURVEY,2018,GRAHAM,CATTLE, (D)
SURVEY,2018,GRAHAM,CATTLE, (D)
SURVEY,2018,HAYWOOD,CATTLE,"4,800"
SURVEY,2018,HAYWOOD,CATTLE,"1,200"
SURVEY,2018,HENDERSON,CATTLE, (D)
SURVEY,2018,HENDERSON,CATTLE, (D)
SURVEY,2018,JACKSON,CATTLE,900
SURVEY,2018,JACKSON,CATTLE, (D)
SURVEY,2018,MACON,CATTLE,"2,000"
SURVEY,2018,MACON,CATTLE, (D)
SURVEY,2018,MADISON,CATTLE,"3,700"
SURVEY,2018,MADISON,CATTLE, (D)
SURVEY,2018,MCDOWELL,CATTLE,"1,300"
SURVEY,2018,MCDOWELL,CATTLE,300
SURVEY,2018,MITCHELL,CATTLE,"1,000"
SURVEY,2018,MITCHELL,CATTLE, (D)
SURVEY,2018,POLK,CATTLE,"1,800"
SURVEY,2018,POLK,CATTLE, (D)
SURVEY,2018,RUTHERFORD,CATTLE,"4,600"
SURVEY,2018,RUTHERFORD,CATTLE, (D)
SURVEY,2018,SWAIN,CATTLE,400
SURVEY,2018,TRANSYLVANIA,CATTLE,"1,000"
SURVEY,2018,TRANSYLVANIA,CATTLE, (D)
SURVEY,2018,YANCEY,CATTLE,"2,600"
SURVEY,2018,YANCEY,CATTLE, (D)
SURVEY,2018,BEAUFORT,COTTON, (D)
SURVEY,2018,GREENE,COTTON, (D)
SURVEY,2018,JONES,COTTON, (D)
SURVEY,2018,LENOIR,COTTON, (D)
SURVEY,2018,PITT,COTTON, (D)
SURVEY,2018,WILSON,COTTON, (D)
SURVEY,2018,BERTIE,COTTON, (D)
SURVEY,2018,CHOWAN,COTTON, (D)
SURVEY,2018,EDGECOMBE,COTTON, (D)
SURVEY,2018,GATES,COTTON, (D)
SURVEY,2018,HALIFAX,COTTON,"116,750"
SURVEY,2018,HERTFORD,COTTON, (D)
SURVEY,2018,MARTIN,COTTON, (D)
SURVEY,2018,NASH,COTTON, (D)
SURVEY,2018,NORTHAMPTON,COTTON,"61,450"
SURVEY,2018,PERQUIMANS,COTTON, (D)
SURVEY,2018,BLADEN,COTTON, (D)
SURVEY,2018,CUMBERLAND,COTTON, (D)
SURVEY,2018,DUPLIN,COTTON, (D)
SURVEY,2018,HOKE,COTTON, (D)
SURVEY,2018,ROBESON,COTTON, (D)
SURVEY,2018,SAMPSON,COTTON, (D)
SURVEY,2018,ANSON,COTTON, (D)
SURVEY,2018,STANLY,COTTON, (D)
SURVEY,2018,OTHER COUNTIES,TURKEYS,"991,500"
SURVEY,2018,BEAUFORT,COTTON,"10,800"
SURVEY,2018,BEAUFORT,SOYBEANS,"61,900"
SURVEY,2018,BEAUFORT,TURKEYS, (D)
SURVEY,2018,BEAUFORT,WHEAT,"8,270"
SURVEY,2018,CARTERET,TURKEYS, (D)
SURVEY,2018,CRAVEN,CORN,"18,900"
SURVEY,2018,CRAVEN,CORN,"18,300"
SURVEY,2018,CRAVEN,COTTON,"4,600"
SURVEY,2018,CRAVEN,SOYBEANS,"21,500"
SURVEY,2018,CRAVEN,WHEAT,880
SURVEY,2018,GREENE,CORN,"9,800"
SURVEY,2018,GREENE,CORN,"9,440"
SURVEY,2018,GREENE,COTTON,"7,100"
SURVEY,2018,GREENE,SOYBEANS,"33,500"
SURVEY,2018,GREENE,TOBACCO,"6,390"
SURVEY,2018,GREENE,TURKEYS,"1,150,000"
SURVEY,2018,GREENE,WHEAT,"5,610"
SURVEY,2018,HYDE,CORN,"35,800"
SURVEY,2018,HYDE,CORN,"34,100"
SURVEY,2018,HYDE,SOYBEANS,"32,600"
SURVEY,2018,JOHNSTON,CORN,"9,800"
SURVEY,2018,JOHNSTON,CORN,"9,350"
SURVEY,2018,JOHNSTON,COTTON,"5,000"
SURVEY,2018,JOHNSTON,SOYBEANS,"51,500"
SURVEY,2018,JOHNSTON,SWEET POTATOES,"8,130"
SURVEY,2018,JOHNSTON,TOBACCO,"8,110"
SURVEY,2018,JOHNSTON,TURKEYS,"500,000"
SURVEY,2018,JOHNSTON,WHEAT,"5,800"
SURVEY,2018,JONES,CORN,"16,100"
SURVEY,2018,JONES,CORN,"15,400"
SURVEY,2018,JONES,COTTON,"11,500"
SURVEY,2018,JONES,TURKEYS,"400,000"
SURVEY,2018,JONES,WHEAT,"3,450"
SURVEY,2018,LENOIR,CORN,"22,300"
SURVEY,2018,LENOIR,CORN,"21,300"
SURVEY,2018,LENOIR,COTTON,"9,600"
SURVEY,2018,LENOIR,PEANUTS,"1,250"
SURVEY,2018,LENOIR,SOYBEANS,"34,300"
SURVEY,2018,LENOIR,SWEET POTATOES,"3,150"
SURVEY,2018,LENOIR,TOBACCO,"6,140"
SURVEY,2018,LENOIR,TURKEYS,"1,750,000"
SURVEY,2018,LENOIR,WHEAT,"5,800"
SURVEY,2018,OTHER (COMBINED) COUNTIES,CORN,"62,800"
SURVEY,2018,OTHER (COMBINED) COUNTIES,CORN,"59,100"
SURVEY,2018,OTHER (COMBINED) COUNTIES,COTTON,"7,900"
SURVEY,2018,OTHER (COMBINED) COUNTIES,PEANUTS,"9,250"
SURVEY,2018,OTHER (COMBINED) COUNTIES,SOYBEANS,"22,800"
SURVEY,2018,OTHER (COMBINED) COUNTIES,SWEET POTATOES,"24,820"
SURVEY,2018,OTHER (COMBINED) COUNTIES,TOBACCO,"6,060"
SURVEY,2018,OTHER (COMBINED) COUNTIES,WHEAT,"5,540"
SURVEY,2018,PAMLICO,CORN,"14,900"
SURVEY,2018,PAMLICO,CORN,"14,400"
SURVEY,2018,PAMLICO,SOYBEANS,"15,800"
SURVEY,2018,PAMLICO,TURKEYS, (D)
SURVEY,2018,PITT,CORN,"21,400"
SURVEY,2018,PITT,CORN,"20,300"
SURVEY,2018,PITT,COTTON,"14,400"
SURVEY,2018,PITT,PEANUTS,"5,900"
SURVEY,2018,PITT,SOYBEANS,"58,600"
SURVEY,2018,PITT,TOBACCO,"6,510"
SURVEY,2018,PITT,TURKEYS, (D)
SURVEY,2018,PITT,WHEAT,"4,200"
SURVEY,2018,WAYNE,CORN,"25,800"
SURVEY,2018,WAYNE,CORN,"24,300"
SURVEY,2018,WAYNE,COTTON,"7,000"
SURVEY,2018,WAYNE,PEANUTS,"4,100"
SURVEY,2018,WAYNE,SOYBEANS,"53,200"
SURVEY,2018,WAYNE,TOBACCO,"7,750"
SURVEY,2018,WAYNE,TURKEYS,"5,100,000"
SURVEY,2018,WAYNE,WHEAT,"16,300"
SURVEY,2018,WILSON,CORN,"9,400"
SURVEY,2018,WILSON,CORN,"9,010"
SURVEY,2018,WILSON,COTTON,"8,000"
SURVEY,2018,WILSON,SOYBEANS,"34,300"
SURVEY,2018,WILSON,TOBACCO,"7,740"
SURVEY,2018,WILSON,TURKEYS, (D)
SURVEY,2018,WILSON,WHEAT,"4,150"
SURVEY,2018,ALEXANDER,WHEAT,920
SURVEY,2018,CATAWBA,CORN,"4,600"
SURVEY,2018,CATAWBA,CORN,"3,910"
SURVEY,2018,CATAWBA,SOYBEANS,"8,830"
SURVEY,2018,CATAWBA,TURKEYS, (D)
SURVEY,2018,CATAWBA,WHEAT,"3,260"
SURVEY,2018,CHATHAM,CORN,"3,400"
SURVEY,2018,CHATHAM,CORN,"2,550"
SURVEY,2018,CHATHAM,TURKEYS, (D)
SURVEY,2018,DAVIDSON,CORN,"6,900"
SURVEY,2018,DAVIDSON,CORN,"4,980"
SURVEY,2018,DAVIDSON,SOYBEANS,"11,300"
SURVEY,2018,DAVIDSON,TURKEYS, (D)
SURVEY,2018,DAVIDSON,WHEAT,"2,000"
SURVEY,2018,DAVIE,CORN,"6,400"
SURVEY,2018,DAVIE,CORN,"5,630"
SURVEY,2018,DAVIE,SOYBEANS,"10,000"
SURVEY,2018,DAVIE,WHEAT,"2,700"
SURVEY,2018,IREDELL,CORN,"15,900"
SURVEY,2018,IREDELL,CORN,"8,670"
SURVEY,2018,IREDELL,SOYBEANS,"19,000"
SURVEY,2018,IREDELL,TURKEYS, (D)
SURVEY,2018,LEE,TOBACCO,"1,440"
SURVEY,2018,OTHER (COMBINED) COUNTIES,CORN,"3,300"
SURVEY,2018,OTHER (COMBINED) COUNTIES,CORN,"1,500"
SURVEY,2018,OTHER (COMBINED) COUNTIES,SOYBEANS,"10,070"
SURVEY,2018,OTHER (COMBINED) COUNTIES,TOBACCO,"5,260"
SURVEY,2018,OTHER (COMBINED) COUNTIES,WHEAT,"4,380"
SURVEY,2018,RANDOLPH,CORN,"6,700"
SURVEY,2018,RANDOLPH,CORN,"4,530"
SURVEY,2018,RANDOLPH,SOYBEANS,"10,200"
SURVEY,2018,RANDOLPH,TURKEYS, (D)
SURVEY,2018,RANDOLPH,WHEAT,"2,500"
SURVEY,2018,ROWAN,CORN,"10,500"
SURVEY,2018,ROWAN,CORN,"8,750"
SURVEY,2018,ROWAN,SOYBEANS,"19,500"
SURVEY,2018,ROWAN,TURKEYS, (D)
SURVEY,2018,ROWAN,WHEAT,"4,700"
SURVEY,2018,WAKE,CORN,800
SURVEY,2018,WAKE,CORN,480
SURVEY,2018,WAKE,SOYBEANS,"12,100"
SURVEY,2018,WAKE,TURKEYS,"3,500"
SURVEY,2018,WAKE,WHEAT,"1,840"
SURVEY,2018,BERTIE,CORN,"10,500"
SURVEY,2018,BERTIE,CORN,"10,000"
SURVEY,2018,BERTIE,COTTON,"25,900"
SURVEY,2018,BERTIE,PEANUTS,"8,200"
SURVEY,2018,BERTIE,SOYBEANS,"30,700"
SURVEY,2018,BERTIE,WHEAT,"6,180"
SURVEY,2018,CAMDEN,CORN,"17,500"
SURVEY,2018,CAMDEN,CORN,"17,100"
SURVEY,2018,CAMDEN,SOYBEANS,"30,100"
SURVEY,2018,CAMDEN,WHEAT,"4,810"
SURVEY,2018,CHOWAN,CORN,"4,400"
SURVEY,2018,CHOWAN,CORN,"4,300"
SURVEY,2018,CHOWAN,COTTON,"10,400"
SURVEY,2018,CHOWAN,PEANUTS,"4,300"
SURVEY,2018,CHOWAN,SOYBEANS,"17,000"
SURVEY,2018,CURRITUCK,CORN,"13,100"
SURVEY,2018,CURRITUCK,CORN,"12,400"
SURVEY,2018,CURRITUCK,SOYBEANS,"16,900"
SURVEY,2018,CURRITUCK,WHEAT,"4,000"
SURVEY,2018,EDGECOMBE,CORN,"12,400"
SURVEY,2018,EDGECOMBE,CORN,"11,800"
SURVEY,2018,EDGECOMBE,COTTON,"26,000"
SURVEY,2018,EDGECOMBE,SOYBEANS,"40,000"
SURVEY,2018,EDGECOMBE,WHEAT,"8,360"
SURVEY,2018,GATES,CORN,"6,400"
SURVEY,2018,GATES,CORN,"6,210"
SURVEY,2018,GATES,COTTON,"13,600"
SURVEY,2018,GATES,PEANUTS,"2,900"
SURVEY,2018,GATES,SOYBEANS,"17,600"
SURVEY,2018,GATES,TURKEYS, (D)
SURVEY,2018,GATES,WHEAT,"5,520"
SURVEY,2018,HALIFAX,CORN,"7,600"
SURVEY,2018,HALIFAX,CORN,"6,960"
SURVEY,2018,HALIFAX,COTTON,"45,200"
SURVEY,2018,HALIFAX,PEANUTS,"6,800"
SURVEY,2018,HALIFAX,SOYBEANS,"33,600"
SURVEY,2018,HALIFAX,TOBACCO,"3,320"
SURVEY,2018,HERTFORD,CORN,"9,200"
SURVEY,2018,HERTFORD,CORN,"8,570"
SURVEY,2018,HERTFORD,COTTON,"14,900"
SURVEY,2018,HERTFORD,PEANUTS,"4,400"
SURVEY,2018,HERTFORD,WHEAT,"1,880"
SURVEY,2018,MARTIN,CORN,"5,700"
SURVEY,2018,MARTIN,CORN,"4,880"
SURVEY,2018,MARTIN,COTTON,"30,900"
SURVEY,2018,MARTIN,PEANUTS,"8,100"
SURVEY,2018,MARTIN,SOYBEANS,"21,600"
SURVEY,2018,MARTIN,TURKEYS, (D)
SURVEY,2018,MARTIN,WHEAT,"2,520"
SURVEY,2018,NASH,COTTON,"9,600"
SURVEY,2018,NASH,SOYBEANS,"29,400"
SURVEY,2018,NASH,TOBACCO,"8,270"
SURVEY,2018,NASH,WHEAT,"1,810"
SURVEY,2018,NORTHAMPTON,CORN,"9,800"
SURVEY,2018,NORTHAMPTON,CORN,"9,600"
SURVEY,2018,NORTHAMPTON,COTTON,"40,700"
SURVEY,2018,NORTHAMPTON,PEANUTS,"5,900"
SURVEY,2018,NORTHAMPTON,WHEAT,"5,450"
SURVEY,2018,OTHER (COMBINED) COUNTIES,CORN,"3,600"
SURVEY,2018,OTHER (COMBINED) COUNTIES,CORN,"3,380"
SURVEY,2018,OTHER (COMBINED) COUNTIES,COTTON,"3,600"
SURVEY,2018,OTHER (COMBINED) COUNTIES,PEANUTS,"10,100"
SURVEY,2018,OTHER (COMBINED) COUNTIES,SOYBEANS,"44,600"
SURVEY,2018,OTHER (COMBINED) COUNTIES,SWEET POTATOES,"19,800"
SURVEY,2018,OTHER (COMBINED) COUNTIES,TOBACCO,"17,710"
SURVEY,2018,OTHER (COMBINED) COUNTIES,WHEAT,"8,610"
SURVEY,2018,PASQUOTANK,CORN,"17,000"
SURVEY,2018,PASQUOTANK,CORN,"16,300"
SURVEY,2018,PASQUOTANK,SOYBEANS,"49,000"
SURVEY,2018,PASQUOTANK,WHEAT,"6,070"
SURVEY,2018,PERQUIMANS,CORN,"13,100"
SURVEY,2018,PERQUIMANS,CORN,"12,900"
SURVEY,2018,PERQUIMANS,COTTON,"8,800"
SURVEY,2018,PERQUIMANS,SOYBEANS,"45,400"
SURVEY,2018,PERQUIMANS,WHEAT,"12,700"
SURVEY,2018,TYRRELL,CORN,"25,400"
SURVEY,2018,TYRRELL,CORN,"24,400"
SURVEY,2018,TYRRELL,SOYBEANS,"29,600"
SURVEY,2018,TYRRELL,WHEAT,"8,180"
SURVEY,2018,WASHINGTON,CORN,"31,300"
SURVEY,2018,WASHINGTON,CORN,"30,200"
SURVEY,2018,WASHINGTON,COTTON,"10,400"
SURVEY,2018,WASHINGTON,PEANUTS,"1,300"
SURVEY,2018,WASHINGTON,SOYBEANS,"39,500"
SURVEY,2018,WASHINGTON,WHEAT,"5,910"
SURVEY,2018,ALLEGHANY,TURKEYS, (D)
SURVEY,2018,ASHE,TURKEYS, (D)
SURVEY,2018,AVERY,TURKEYS, (D)
SURVEY,2018,CALDWELL,TURKEYS, (D)
SURVEY,2018,OTHER (COMBINED) COUNTIES,CORN,"3,900"
SURVEY,2018,OTHER (COMBINED) COUNTIES,CORN,"1,700"
SURVEY,2018,OTHER (COMBINED) COUNTIES,SOYBEANS,"13,400"
SURVEY,2018,OTHER (COMBINED) COUNTIES,TOBACCO,"3,340"
SURVEY,2018,OTHER (COMBINED) COUNTIES,WHEAT,"3,700"
SURVEY,2018,SURRY,CORN,"12,200"
SURVEY,2018,SURRY,CORN,"10,800"
SURVEY,2018,SURRY,TOBACCO,"2,660"
SURVEY,2018,SURRY,TURKEYS, (D)
SURVEY,2018,WILKES,CORN,"7,100"
SURVEY,2018,WILKES,CORN,"4,000"
SURVEY,2018,WILKES,TURKEYS, (D)
SURVEY,2018,YADKIN,CORN,"13,200"
SURVEY,2018,YADKIN,CORN,"11,100"
SURVEY,2018,YADKIN,SOYBEANS,"20,500"
SURVEY,2018,YADKIN,TURKEYS, (D)
SURVEY,2018,YADKIN,WHEAT,"3,400"
SURVEY,2018,ALAMANCE,CORN,"3,600"
SURVEY,2018,ALAMANCE,CORN,"2,810"
SURVEY,2018,ALAMANCE,SOYBEANS,"4,850"
SURVEY,2018,ALAMANCE,TOBACCO,990
SURVEY,2018,ALAMANCE,TURKEYS, (D)
SURVEY,2018,ALAMANCE,WHEAT,950
SURVEY,2018,CASWELL,SOYBEANS,"2,690"
SURVEY,2018,CASWELL,TOBACCO,"2,590"
SURVEY,2018,CASWELL,WHEAT,850
SURVEY,2018,DURHAM,TURKEYS, (D)
SURVEY,2018,FORSYTH,TURKEYS, (D)
SURVEY,2018,FRANKLIN,CORN,"2,200"
SURVEY,2018,FRANKLIN,CORN,"1,700"
SURVEY,2018,FRANKLIN,SOYBEANS,"16,300"
SURVEY,2018,FRANKLIN,TURKEYS, (D)
SURVEY,2018,FRANKLIN,WHEAT,"5,250"
SURVEY,2018,GRANVILLE,CORN,"1,900"
SURVEY,2018,GRANVILLE,CORN,"1,410"
SURVEY,2018,GRANVILLE,SOYBEANS,"4,570"
SURVEY,2018,GRANVILLE,TOBACCO,"2,660"
SURVEY,2018,GRANVILLE,TURKEYS, (D)
SURVEY,2018,GRANVILLE,WHEAT,"2,550"
SURVEY,2018,GUILFORD,CORN,"4,500"
SURVEY,2018,GUILFORD,CORN,"2,620"
SURVEY,2018,GUILFORD,SOYBEANS,"9,590"
SURVEY,2018,GUILFORD,TOBACCO,"1,870"
SURVEY,2018,GUILFORD,TURKEYS, (D)
SURVEY,2018,GUILFORD,WHEAT,"3,250"
SURVEY,2018,ORANGE,CORN,"2,600"
SURVEY,2018,ORANGE,CORN,"2,290"
SURVEY,2018,ORANGE,SOYBEANS,"3,140"
SURVEY,2018,ORANGE,TOBACCO,830
SURVEY,2018,ORANGE,TURKEYS, (D)
SURVEY,2018,ORANGE,WHEAT,"1,000"
SURVEY,2018,OTHER (COMBINED) COUNTIES,CORN,"3,700"
SURVEY,2018,OTHER (COMBINED) COUNTIES,CORN,"3,010"
SURVEY,2018,OTHER (COMBINED) COUNTIES,SOYBEANS,"5,450"
SURVEY,2018,OTHER (COMBINED) COUNTIES,TOBACCO,"5,510"
SURVEY,2018,OTHER (COMBINED) COUNTIES,WHEAT,"1,210"
SURVEY,2018,PERSON,CORN,"2,500"
SURVEY,2018,PERSON,CORN,"2,100"
SURVEY,2018,PERSON,SOYBEANS,"11,300"
SURVEY,2018,PERSON,TOBACCO,"4,820"
SURVEY,2018,PERSON,TURKEYS, (D)
SURVEY,2018,PERSON,WHEAT,"4,700"
SURVEY,2018,ROCKINGHAM,CORN,"2,600"
SURVEY,2018,ROCKINGHAM,CORN,"1,520"
SURVEY,2018,ROCKINGHAM,SOYBEANS,"4,980"
SURVEY,2018,ROCKINGHAM,TOBACCO,"3,100"
SURVEY,2018,ROCKINGHAM,TURKEYS, (D)
SURVEY,2018,ROCKINGHAM,WHEAT,"3,500"
SURVEY,2018,STOKES,CORN,"1,600"
SURVEY,2018,STOKES,CORN,"1,400"
SURVEY,2018,STOKES,SOYBEANS,"2,050"
SURVEY,2018,STOKES,TOBACCO,"1,300"
SURVEY,2018,STOKES,TURKEYS, (D)
SURVEY,2018,STOKES,WHEAT,450
SURVEY,2018,VANCE,SOYBEANS,"5,780"
SURVEY,2018,VANCE,TOBACCO,"1,630"
SURVEY,2018,VANCE,WHEAT,"1,090"
SURVEY,2018,WARREN,CORN,"2,300"
SURVEY,2018,WARREN,CORN,"2,040"
SURVEY,2018,WARREN,SOYBEANS,"7,600"
SURVEY,2018,WARREN,TOBACCO,"1,200"
SURVEY,2018,WARREN,WHEAT,"2,300"
SURVEY,2018,BLADEN,CORN,"25,500"
SURVEY,2018,BLADEN,CORN,"23,200"
SURVEY,2018,BLADEN,SOYBEANS,"12,900"
SURVEY,2018,BLADEN,TURKEYS,"1,650,000"
SURVEY,2018,BRUNSWICK,CORN,"7,400"
SURVEY,2018,BRUNSWICK,CORN,"7,100"
SURVEY,2018,BRUNSWICK,SOYBEANS,"5,880"
SURVEY,2018,BRUNSWICK,TURKEYS, (D)
SURVEY,2018,COLUMBUS,COTTON,"3,600"
SURVEY,2018,COLUMBUS,TURKEYS, (D)
SURVEY,2018,CUMBERLAND,CORN,"11,400"
SURVEY,2018,CUMBERLAND,CORN,"10,000"
SURVEY,2018,CUMBERLAND,SOYBEANS,"17,200"
SURVEY,2018,CUMBERLAND,TURKEYS,"790,000"
SURVEY,2018,CUMBERLAND,WHEAT,"4,100"
SURVEY,2018,DUPLIN,CORN,"45,500"
SURVEY,2018,DUPLIN,CORN,"43,700"
SURVEY,2018,DUPLIN,COTTON,"5,340"
SURVEY,2018,DUPLIN,SOYBEANS,"49,600"
SURVEY,2018,DUPLIN,TOBACCO,"2,440"
SURVEY,2018,DUPLIN,TURKEYS,"3,600,000"
SURVEY,2018,DUPLIN,WHEAT,"14,200"
SURVEY,2018,HARNETT,CORN,"4,800"
SURVEY,2018,HARNETT,CORN,"4,710"
SURVEY,2018,HARNETT,COTTON,"6,330"
SURVEY,2018,HARNETT,SOYBEANS,"27,400"
SURVEY,2018,HARNETT,TOBACCO,"6,420"
SURVEY,2018,HARNETT,TURKEYS, (D)
SURVEY,2018,HARNETT,WHEAT,"5,700"
SURVEY,2018,HOKE,TURKEYS,"100,000"
SURVEY,2018,ONSLOW,CORN,"11,200"
SURVEY,2018,ONSLOW,CORN,"10,200"
SURVEY,2018,ONSLOW,SOYBEANS,"11,500"
SURVEY,2018,ONSLOW,TURKEYS,"1,900,000"
SURVEY,2018,ONSLOW,WHEAT,"1,350"
SURVEY,2018,OTHER (COMBINED) COUNTIES,CORN,"66,300"
SURVEY,2018,OTHER (COMBINED) COUNTIES,CORN,"62,790"
SURVEY,2018,OTHER (COMBINED) COUNTIES,COTTON,"28,230"
SURVEY,2018,OTHER (COMBINED) COUNTIES,SOYBEANS,"82,720"
SURVEY,2018,OTHER (COMBINED) COUNTIES,SWEET POTATOES,"8,900"
SURVEY,2018,OTHER (COMBINED) COUNTIES,TOBACCO,"9,740"
SURVEY,2018,OTHER (COMBINED) COUNTIES,WHEAT,"16,050"
SURVEY,2018,PENDER,TURKEYS,"350,000"
SURVEY,2018,ROBESON,CORN,"59,300"
SURVEY,2018,ROBESON,CORN,"57,100"
SURVEY,2018,ROBESON,COTTON,"10,500"
SURVEY,2018,ROBESON,SOYBEANS,"84,900"
SURVEY,2018,ROBESON,TURKEYS, (D)
SURVEY,2018,ROBESON,WHEAT,"23,500"
SURVEY,2018,SAMPSON,CORN,"34,600"
SURVEY,2018,SAMPSON,CORN,"33,200"
SURVEY,2018,SAMPSON,COTTON,"15,400"
SURVEY,2018,SAMPSON,SOYBEANS,"56,900"
SURVEY,2018,SAMPSON,SWEET POTATOES,"11,600"
SURVEY,2018,SAMPSON,TOBACCO,"10,600"
SURVEY,2018,SAMPSON,TURKEYS,"7,400,000"
SURVEY,2018,SAMPSON,WHEAT,"13,700"
SURVEY,2018,SCOTLAND,WHEAT,"4,100"
SURVEY,2018,ANSON,CORN,"10,600"
SURVEY,2018,ANSON,CORN,"9,800"
SURVEY,2018,ANSON,SOYBEANS,"13,800"
SURVEY,2018,ANSON,TURKEYS,"1,200,000"
SURVEY,2018,CABARRUS,CORN,"4,900"
SURVEY,2018,CABARRUS,CORN,"4,220"
SURVEY,2018,CABARRUS,SOYBEANS,"5,600"
SURVEY,2018,CABARRUS,TURKEYS, (D)
SURVEY,2018,CLEVELAND,CORN,"5,200"
SURVEY,2018,CLEVELAND,CORN,"4,240"
SURVEY,2018,CLEVELAND,SOYBEANS,"14,200"
SURVEY,2018,CLEVELAND,TURKEYS,"415,000"
SURVEY,2018,GASTON,CORN,"1,500"
SURVEY,2018,GASTON,CORN,520
SURVEY,2018,GASTON,TURKEYS, (D)
SURVEY,2018,GASTON,WHEAT,"1,000"
SURVEY,2018,LINCOLN,CORN,"3,600"
SURVEY,2018,LINCOLN,CORN,"1,150"
SURVEY,2018,LINCOLN,SOYBEANS,"9,550"
SURVEY,2018,LINCOLN,WHEAT,"2,310"
SURVEY,2018,MONTGOMERY,TURKEYS, (D)
SURVEY,2018,MOORE,SOYBEANS,"3,900"
SURVEY,2018,MOORE,TURKEYS, (D)
SURVEY,2018,MOORE,WHEAT,"1,570"
SURVEY,2018,OTHER (COMBINED) COUNTIES,CORN,"8,100"
SURVEY,2018,OTHER (COMBINED) COUNTIES,CORN,"6,970"
SURVEY,2018,OTHER (COMBINED) COUNTIES,COTTON,"7,100"
SURVEY,2018,OTHER (COMBINED) COUNTIES,SOYBEANS,"28,250"
SURVEY,2018,OTHER (COMBINED) COUNTIES,TOBACCO,"1,600"
SURVEY,2018,OTHER (COMBINED) COUNTIES,WHEAT,"22,920"
SURVEY,2018,RICHMOND,TURKEYS, (D)
SURVEY,2018,STANLY,CORN,"11,800"
SURVEY,2018,STANLY,CORN,"11,100"
SURVEY,2018,STANLY,COTTON,"10,300"
SURVEY,2018,STANLY,TURKEYS,"800,000"
SURVEY,2018,STANLY,WHEAT,"10,700"
SURVEY,2018,UNION,CORN,"31,300"
SURVEY,2018,UNION,CORN,"30,000"
SURVEY,2018,UNION,SOYBEANS,"60,700"
SURVEY,2018,UNION,TURKEYS,"3,900,000"
SURVEY,2018,UNION,WHEAT,"49,500"
SURVEY,2018,BUNCOMBE,TURKEYS, (D)
SURVEY,2018,BURKE,CORN,"1,000"
SURVEY,2018,BURKE,CORN,860
SURVEY,2018,BURKE,SOYBEANS,860
SURVEY,2018,BURKE,TURKEYS, (D)
SURVEY,2018,CHEROKEE,SOYBEANS,600
SURVEY,2018,CHEROKEE,TURKEYS, (D)
SURVEY,2018,HENDERSON,CORN,"2,800"
SURVEY,2018,HENDERSON,CORN,"2,100"
SURVEY,2018,HENDERSON,SOYBEANS,"1,160"
SURVEY,2018,HENDERSON,TURKEYS, (D)
SURVEY,2018,MACON,TURKEYS, (D)
SURVEY,2018,MADISON,TURKEYS, (D)
SURVEY,2018,OTHER (COMBINED) COUNTIES,CORN,"5,200"
SURVEY,2018,OTHER (COMBINED) COUNTIES,CORN,"2,360"
SURVEY,2018,OTHER (COMBINED) COUNTIES,SOYBEANS,"1,440"
SURVEY,2018,OTHER (COMBINED) COUNTIES,WHEAT,800
SURVEY,2018,RUTHERFORD,CORN,800
SURVEY,2018,RUTHERFORD,CORN,700
SURVEY,2018,RUTHERFORD,SOYBEANS,"1,720"
SURVEY,2018,RUTHERFORD,TURKEYS, (D)
SURVEY,2018,TRANSYLVANIA,CORN,800
SURVEY,2018,TRANSYLVANIA,CORN,480
SURVEY,2018,TRANSYLVANIA,SOYBEANS,"1,020"
SURVEY,2018,TRANSYLVANIA,TURKEYS, (D)
SURVEY,2018,YANCEY,TURKEYS, (D)
SURVEY,2017,OTHER COUNTIES,CATTLE,"92,500"
SURVEY,2017,OTHER COUNTIES,CATTLE,"5,400"
SURVEY,2017,BEAUFORT,CATTLE,500
SURVEY,2017,CARTERET,CATTLE,300
SURVEY,2017,CRAVEN,CATTLE,700
SURVEY,2017,CRAVEN,CATTLE, (D)
SURVEY,2017,GREENE,CATTLE,"1,000"
SURVEY,2017,GREENE,CATTLE, (D)
SURVEY,2017,HYDE,CATTLE, (D)
SURVEY,2017,JOHNSTON,CATTLE, (D)
SURVEY,2017,JONES,CATTLE,600
SURVEY,2017,LENOIR,CATTLE,"1,800"
SURVEY,2017,PAMLICO,CATTLE, (D)
SURVEY,2017,PITT,CATTLE, (D)
SURVEY,2017,PITT,CATTLE, (D)
SURVEY,2017,WAYNE,CATTLE, (D)
SURVEY,2017,WAYNE,CATTLE, (D)
SURVEY,2017,WILSON,CATTLE,800
SURVEY,2017,ALEXANDER,CATTLE,"7,600"
SURVEY,2017,ALEXANDER,CATTLE,"1,200"
SURVEY,2017,CATAWBA,CATTLE,"7,400"
SURVEY,2017,CATAWBA,CATTLE,500
SURVEY,2017,CHATHAM,CATTLE,"15,500"
SURVEY,2017,CHATHAM,CATTLE,900
SURVEY,2017,DAVIDSON,CATTLE,"5,600"
SURVEY,2017,DAVIDSON,CATTLE,"1,300"
SURVEY,2017,DAVIE,CATTLE,"5,700"
SURVEY,2017,DAVIE,CATTLE,400
SURVEY,2017,IREDELL,CATTLE,"13,000"
SURVEY,2017,IREDELL,CATTLE,"11,000"
SURVEY,2017,LEE,CATTLE,"1,800"
SURVEY,2017,RANDOLPH,CATTLE,"16,500"
SURVEY,2017,RANDOLPH,CATTLE,"7,100"
SURVEY,2017,ROWAN,CATTLE,"8,500"
SURVEY,2017,ROWAN,CATTLE,"1,400"
SURVEY,2017,WAKE,CATTLE, (D)
SURVEY,2017,WAKE,CATTLE, (D)
SURVEY,2017,BERTIE,CATTLE,400
SURVEY,2017,CAMDEN,CATTLE,100
SURVEY,2017,CHOWAN,CATTLE, (D)
SURVEY,2017,CURRITUCK,CATTLE, (D)
SURVEY,2017,EDGECOMBE,CATTLE,"1,300"
SURVEY,2017,GATES,CATTLE,400
SURVEY,2017,HALIFAX,CATTLE, (D)
SURVEY,2017,HALIFAX,CATTLE, (D)
SURVEY,2017,HERTFORD,CATTLE,200
SURVEY,2017,MARTIN,CATTLE,800
SURVEY,2017,MARTIN,CATTLE, (D)
SURVEY,2017,NASH,CATTLE,"3,300"
SURVEY,2017,NORTHAMPTON,CATTLE,800
SURVEY,2017,PASQUOTANK,CATTLE, (D)
SURVEY,2017,PERQUIMANS,CATTLE,400
SURVEY,2017,TYRRELL,CATTLE,200
SURVEY,2017,WASHINGTON,CATTLE,400
SURVEY,2017,ALLEGHANY,CATTLE,"6,100"
SURVEY,2017,ALLEGHANY,CATTLE,"1,200"
SURVEY,2017,ASHE,CATTLE,"7,200"
SURVEY,2017,ASHE,CATTLE,100
SURVEY,2017,AVERY,CATTLE,800
SURVEY,2017,AVERY,CATTLE, (D)
SURVEY,2017,CALDWELL,CATTLE,"3,400"
SURVEY,2017,CALDWELL,CATTLE, (D)
SURVEY,2017,SURRY,CATTLE, (D)
SURVEY,2017,SURRY,CATTLE, (D)
SURVEY,2017,WATAUGA,CATTLE,"5,000"
SURVEY,2017,WATAUGA,CATTLE, (D)
SURVEY,2017,WILKES,CATTLE,"14,000"
SURVEY,2017,WILKES,CATTLE,"1,300"
SURVEY,2017,YADKIN,CATTLE,"8,500"
SURVEY,2017,YADKIN,CATTLE,"1,200"
SURVEY,2017,ALAMANCE,CATTLE,"7,000"
SURVEY,2017,ALAMANCE,CATTLE,"1,300"
SURVEY,2017,CASWELL,CATTLE, (D)
SURVEY,2017,CASWELL,CATTLE, (D)
SURVEY,2017,DURHAM,CATTLE,900
SURVEY,2017,DURHAM,CATTLE,100
SURVEY,2017,FORSYTH,CATTLE,"2,400"
SURVEY,2017,FORSYTH,CATTLE, (D)
SURVEY,2017,FRANKLIN,CATTLE,"6,100"
SURVEY,2017,FRANKLIN,CATTLE, (D)
SURVEY,2017,GRANVILLE,CATTLE,"3,900"
SURVEY,2017,GRANVILLE,CATTLE,500
SURVEY,2017,GUILFORD,CATTLE,"5,000"
SURVEY,2017,GUILFORD,CATTLE,"1,300"
SURVEY,2017,ORANGE,CATTLE,"5,000"
SURVEY,2017,ORANGE,CATTLE,700
SURVEY,2017,PERSON,CATTLE, (D)
SURVEY,2017,PERSON,CATTLE, (D)
SURVEY,2017,ROCKINGHAM,CATTLE, (D)
SURVEY,2017,ROCKINGHAM,CATTLE, (D)
SURVEY,2017,STOKES,CATTLE,"5,000"
SURVEY,2017,STOKES,CATTLE, (D)
SURVEY,2017,VANCE,CATTLE,"1,200"
SURVEY,2017,WARREN,CATTLE, (D)
SURVEY,2017,WARREN,CATTLE, (D)
SURVEY,2017,BLADEN,CATTLE, (D)
SURVEY,2017,BLADEN,CATTLE, (D)
SURVEY,2017,BRUNSWICK,CATTLE, (D)
SURVEY,2017,COLUMBUS,CATTLE, (D)
SURVEY,2017,CUMBERLAND,CATTLE,"2,000"
SURVEY,2017,DUPLIN,CATTLE,"12,300"
SURVEY,2017,DUPLIN,CATTLE,100
SURVEY,2017,HARNETT,CATTLE,"4,100"
SURVEY,2017,HARNETT,CATTLE, (D)
SURVEY,2017,HOKE,CATTLE, (D)
SURVEY,2017,HOKE,CATTLE, (D)
SURVEY,2017,NEW HANOVER,CATTLE, (D)
SURVEY,2017,ONSLOW,CATTLE,"1,300"
SURVEY,2017,PENDER,CATTLE, (D)
SURVEY,2017,PENDER,CATTLE, (D)
SURVEY,2017,ROBESON,CATTLE, (D)
SURVEY,2017,ROBESON,CATTLE, (D)
SURVEY,2017,SAMPSON,CATTLE, (D)
SURVEY,2017,SAMPSON,CATTLE, (D)
SURVEY,2017,SCOTLAND,CATTLE, (D)
SURVEY,2017,ANSON,CATTLE,"3,800"
SURVEY,2017,ANSON,CATTLE, (D)
SURVEY,2017,CABARRUS,CATTLE,"6,800"
SURVEY,2017,CABARRUS,CATTLE,800
SURVEY,2017,CLEVELAND,CATTLE,"10,500"
SURVEY,2017,CLEVELAND,CATTLE,600
SURVEY,2017,GASTON,CATTLE,"3,200"
SURVEY,2017,GASTON,CATTLE,700
SURVEY,2017,LINCOLN,CATTLE,"4,600"
SURVEY,2017,LINCOLN,CATTLE,"3,100"
SURVEY,2017,MECKLENBURG,CATTLE, (D)
SURVEY,2017,MECKLENBURG,CATTLE, (D)
SURVEY,2017,MONTGOMERY,CATTLE,"3,100"
SURVEY,2017,MOORE,CATTLE,"6,100"
SURVEY,2017,RICHMOND,CATTLE,"1,400"
SURVEY,2017,STANLY,CATTLE, (D)
SURVEY,2017,STANLY,CATTLE, (D)
SURVEY,2017,UNION,CATTLE,"11,500"
SURVEY,2017,UNION,CATTLE, (D)
SURVEY,2017,BUNCOMBE,CATTLE,"7,400"
SURVEY,2017,BUNCOMBE,CATTLE,800
SURVEY,2017,BURKE,CATTLE,"2,700"
SURVEY,2017,CHEROKEE,CATTLE,"3,100"
SURVEY,2017,CHEROKEE,CATTLE, (D)
SURVEY,2017,CLAY,CATTLE, (D)
SURVEY,2017,CLAY,CATTLE, (D)
SURVEY,2017,GRAHAM,CATTLE, (D)
SURVEY,2017,GRAHAM,CATTLE, (D)
SURVEY,2017,HAYWOOD,CATTLE,"4,900"
SURVEY,2017,HAYWOOD,CATTLE,"1,200"
SURVEY,2017,HENDERSON,CATTLE,"1,500"
SURVEY,2017,HENDERSON,CATTLE,700
SURVEY,2017,JACKSON,CATTLE, (D)
SURVEY,2017,MACON,CATTLE,"1,900"
SURVEY,2017,MADISON,CATTLE,"3,800"
SURVEY,2017,MADISON,CATTLE, (D)
SURVEY,2017,MCDOWELL,CATTLE, (D)
SURVEY,2017,MCDOWELL,CATTLE, (D)
SURVEY,2017,MITCHELL,CATTLE,"1,000"
SURVEY,2017,MITCHELL,CATTLE, (D)
SURVEY,2017,POLK,CATTLE, (D)
SURVEY,2017,POLK,CATTLE, (D)
SURVEY,2017,RUTHERFORD,CATTLE, (D)
SURVEY,2017,RUTHERFORD,CATTLE, (D)
SURVEY,2017,SWAIN,CATTLE, (D)
SURVEY,2017,TRANSYLVANIA,CATTLE,"1,000"
SURVEY,2017,TRANSYLVANIA,CATTLE, (D)
SURVEY,2017,YANCEY,CATTLE,"2,400"
SURVEY,2017,YANCEY,CATTLE,100
SURVEY,2017,BEAUFORT,COTTON, (D)
SURVEY,2017,GREENE,COTTON, (D)
SURVEY,2017,JONES,COTTON, (D)
SURVEY,2017,LENOIR,COTTON, (D)
SURVEY,2017,OTHER (COMBINED) COUNTIES,COTTON, (D)
SURVEY,2017,PITT,COTTON, (D)
SURVEY,2017,WILSON,COTTON, (D)
SURVEY,2017,BERTIE,COTTON, (D)
SURVEY,2017,CHOWAN,COTTON, (D)
SURVEY,2017,EDGECOMBE,COTTON, (D)
SURVEY,2017,GATES,COTTON, (D)
SURVEY,2017,HALIFAX,COTTON,"119,900"
SURVEY,2017,HERTFORD,COTTON, (D)
SURVEY,2017,MARTIN,COTTON, (D)
SURVEY,2017,NASH,COTTON, (D)
SURVEY,2017,NORTHAMPTON,COTTON,"82,800"
SURVEY,2017,OTHER (COMBINED) COUNTIES,COTTON, (D)
SURVEY,2017,PERQUIMANS,COTTON, (D)
SURVEY,2017,BLADEN,COTTON, (D)
SURVEY,2017,CUMBERLAND,COTTON, (D)
SURVEY,2017,DUPLIN,COTTON, (D)
SURVEY,2017,HOKE,COTTON, (D)
SURVEY,2017,ROBESON,COTTON, (D)
SURVEY,2017,SAMPSON,COTTON, (D)
SURVEY,2017,ANSON,COTTON, (D)
SURVEY,2017,STANLY,COTTON, (D)
SURVEY,2017,OTHER COUNTIES,TURKEYS,"991,500"
SURVEY,2017,BEAUFORT,CORN,"42,600"
SURVEY,2017,BEAUFORT,CORN,"42,500"
SURVEY,2017,BEAUFORT,COTTON,"8,910"
SURVEY,2017,BEAUFORT,SOYBEANS,"70,600"
SURVEY,2017,BEAUFORT,TURKEYS, (D)
SURVEY,2017,BEAUFORT,WHEAT,"10,300"
SURVEY,2017,CARTERET,TURKEYS, (D)
SURVEY,2017,CRAVEN,CORN,"19,000"
SURVEY,2017,CRAVEN,CORN,"18,800"
SURVEY,2017,CRAVEN,SOYBEANS,"23,900"
SURVEY,2017,GREENE,COTTON,"6,510"
SURVEY,2017,GREENE,PEANUTS,"4,050"
SURVEY,2017,GREENE,SOYBEANS,"32,200"
SURVEY,2017,GREENE,TOBACCO,"7,780"
SURVEY,2017,GREENE,TURKEYS,"1,150,000"
SURVEY,2017,GREENE,WHEAT,"4,500"
SURVEY,2017,HYDE,CORN,"34,300"
SURVEY,2017,HYDE,CORN,"33,700"
SURVEY,2017,HYDE,COTTON,"8,900"
SURVEY,2017,HYDE,SOYBEANS,"35,500"
SURVEY,2017,HYDE,WHEAT,"4,980"
SURVEY,2017,JOHNSTON,CORN,"8,600"
SURVEY,2017,JOHNSTON,CORN,"8,500"
SURVEY,2017,JOHNSTON,COTTON,"4,970"
SURVEY,2017,JOHNSTON,PEANUTS,"1,850"
SURVEY,2017,JOHNSTON,SOYBEANS,"54,400"
SURVEY,2017,JOHNSTON,SWEET POTATOES,"10,800"
SURVEY,2017,JOHNSTON,TOBACCO,"9,300"
SURVEY,2017,JOHNSTON,TURKEYS,"500,000"
SURVEY,2017,JOHNSTON,WHEAT,"5,200"
SURVEY,2017,JONES,CORN,"15,200"
SURVEY,2017,JONES,CORN,"15,100"
SURVEY,2017,JONES,COTTON,"13,100"
SURVEY,2017,JONES,TOBACCO,"2,610"
SURVEY,2017,JONES,TURKEYS,"400,000"
SURVEY,2017,JONES,WHEAT,"3,500"
SURVEY,2017,LENOIR,CORN,"23,900"
SURVEY,2017,LENOIR,CORN,"23,500"
SURVEY,2017,LENOIR,COTTON,"7,500"
SURVEY,2017,LENOIR,SOYBEANS,"37,600"
SURVEY,2017,LENOIR,SWEET POTATOES,"2,750"
SURVEY,2017,LENOIR,TOBACCO,"6,150"
SURVEY,2017,LENOIR,TURKEYS,"1,550,000"
SURVEY,2017,LENOIR,WHEAT,"4,970"
SURVEY,2017,OTHER (COMBINED) COUNTIES,CORN,"29,200"
SURVEY,2017,OTHER (COMBINED) COUNTIES,CORN,"28,600"
SURVEY,2017,OTHER (COMBINED) COUNTIES,COTTON,"10,100"
SURVEY,2017,OTHER (COMBINED) COUNTIES,PEANUTS,"7,020"
SURVEY,2017,OTHER (COMBINED) COUNTIES,SOYBEANS,"40,900"
SURVEY,2017,OTHER (COMBINED) COUNTIES,SWEET POTATOES,"18,250"
SURVEY,2017,OTHER (COMBINED) COUNTIES,TOBACCO,"3,670"
SURVEY,2017,OTHER (COMBINED) COUNTIES,WHEAT,"2,910"
SURVEY,2017,PAMLICO,CORN,"15,900"
SURVEY,2017,PAMLICO,CORN,"15,500"
SURVEY,2017,PAMLICO,SOYBEANS,"18,100"
SURVEY,2017,PAMLICO,TURKEYS, (D)
SURVEY,2017,PITT,CORN,"24,300"
SURVEY,2017,PITT,CORN,"24,200"
SURVEY,2017,PITT,COTTON,"10,100"
SURVEY,2017,PITT,PEANUTS,"8,350"
SURVEY,2017,PITT,SOYBEANS,"60,000"
SURVEY,2017,PITT,TOBACCO,"6,620"
SURVEY,2017,PITT,TURKEYS, (D)
SURVEY,2017,PITT,WHEAT,"3,740"
SURVEY,2017,WAYNE,CORN,"23,600"
SURVEY,2017,WAYNE,CORN,"23,400"
SURVEY,2017,WAYNE,PEANUTS,"3,530"
SURVEY,2017,WAYNE,SOYBEANS,"61,500"
SURVEY,2017,WAYNE,TOBACCO,"8,000"
SURVEY,2017,WAYNE,TURKEYS,"5,100,000"
SURVEY,2017,WAYNE,WHEAT,"16,100"
SURVEY,2017,WILSON,CORN,"10,400"
SURVEY,2017,WILSON,CORN,"10,200"
SURVEY,2017,WILSON,COTTON,"7,110"
SURVEY,2017,WILSON,SOYBEANS,"33,300"
SURVEY,2017,WILSON,SWEET POTATOES,"9,700"
SURVEY,2017,WILSON,TOBACCO,"9,470"
SURVEY,2017,WILSON,TURKEYS, (D)
SURVEY,2017,WILSON,WHEAT,"2,300"
SURVEY,2017,ALEXANDER,CORN,"2,200"
SURVEY,2017,ALEXANDER,CORN,660
SURVEY,2017,ALEXANDER,SOYBEANS,"2,270"
SURVEY,2017,CATAWBA,CORN,"3,700"
SURVEY,2017,CATAWBA,CORN,"3,150"
SURVEY,2017,CATAWBA,SOYBEANS,"8,680"
SURVEY,2017,CATAWBA,TURKEYS, (D)
SURVEY,2017,CATAWBA,WHEAT,"3,680"
SURVEY,2017,CHATHAM,CORN,"2,900"
SURVEY,2017,CHATHAM,CORN,"1,980"
SURVEY,2017,CHATHAM,SOYBEANS,"2,680"
SURVEY,2017,CHATHAM,TURKEYS, (D)
SURVEY,2017,CHATHAM,WHEAT,950
SURVEY,2017,DAVIDSON,CORN,"6,500"
SURVEY,2017,DAVIDSON,CORN,"5,270"
SURVEY,2017,DAVIDSON,SOYBEANS,"11,100"
SURVEY,2017,DAVIDSON,TOBACCO,450
SURVEY,2017,DAVIDSON,TURKEYS, (D)
SURVEY,2017,DAVIDSON,WHEAT,"1,330"
SURVEY,2017,DAVIE,CORN,"5,400"
SURVEY,2017,DAVIE,CORN,"4,950"
SURVEY,2017,DAVIE,SOYBEANS,"9,150"
SURVEY,2017,DAVIE,TURKEYS, (D)
SURVEY,2017,DAVIE,WHEAT,"2,600"
SURVEY,2017,IREDELL,TURKEYS, (D)
SURVEY,2017,IREDELL,WHEAT,"6,400"
SURVEY,2017,LEE,TOBACCO,"2,360"
SURVEY,2017,OTHER (COMBINED) COUNTIES,CORN,"19,300"
SURVEY,2017,OTHER (COMBINED) COUNTIES,CORN,"13,560"
SURVEY,2017,OTHER (COMBINED) COUNTIES,COTTON,"1,450"
SURVEY,2017,OTHER (COMBINED) COUNTIES,SOYBEANS,"23,510"
SURVEY,2017,OTHER (COMBINED) COUNTIES,SWEET POTATOES,870
SURVEY,2017,OTHER (COMBINED) COUNTIES,TOBACCO,"2,090"
SURVEY,2017,OTHER (COMBINED) COUNTIES,WHEAT,"1,650"
SURVEY,2017,RANDOLPH,CORN,"6,200"
SURVEY,2017,RANDOLPH,CORN,"3,880"
SURVEY,2017,RANDOLPH,SOYBEANS,"8,910"
SURVEY,2017,RANDOLPH,TURKEYS, (D)
SURVEY,2017,RANDOLPH,WHEAT,"3,470"
SURVEY,2017,ROWAN,CORN,"9,300"
SURVEY,2017,ROWAN,CORN,"8,250"
SURVEY,2017,ROWAN,SOYBEANS,"17,800"
SURVEY,2017,ROWAN,TURKEYS, (D)
SURVEY,2017,ROWAN,WHEAT,"7,000"
SURVEY,2017,WAKE,CORN,500
SURVEY,2017,WAKE,CORN,300
SURVEY,2017,WAKE,SOYBEANS,"12,600"
SURVEY,2017,WAKE,TOBACCO,"3,610"
SURVEY,2017,WAKE,TURKEYS,"3,500"
SURVEY,2017,WAKE,WHEAT,"2,720"
SURVEY,2017,BERTIE,CORN,"10,000"
SURVEY,2017,BERTIE,CORN,"9,910"
SURVEY,2017,BERTIE,COTTON,"19,100"
SURVEY,2017,BERTIE,PEANUTS,"8,800"
SURVEY,2017,BERTIE,SOYBEANS,"34,900"
SURVEY,2017,BERTIE,WHEAT,"8,100"
SURVEY,2017,CAMDEN,CORN,"19,500"
SURVEY,2017,CAMDEN,CORN,"19,300"
SURVEY,2017,CAMDEN,SOYBEANS,"28,800"
SURVEY,2017,CHOWAN,CORN,"4,800"
SURVEY,2017,CHOWAN,CORN,"4,700"
SURVEY,2017,CHOWAN,COTTON,"8,920"
SURVEY,2017,CHOWAN,PEANUTS,"4,900"
SURVEY,2017,CHOWAN,SOYBEANS,"14,800"
SURVEY,2017,CHOWAN,WHEAT,"3,410"
SURVEY,2017,CURRITUCK,CORN,"10,400"
SURVEY,2017,CURRITUCK,CORN,"10,300"
SURVEY,2017,CURRITUCK,SOYBEANS,"18,000"
SURVEY,2017,CURRITUCK,WHEAT,"4,380"
SURVEY,2017,EDGECOMBE,CORN,"14,800"
SURVEY,2017,EDGECOMBE,CORN,"14,400"
SURVEY,2017,EDGECOMBE,COTTON,"16,500"
SURVEY,2017,EDGECOMBE,PEANUTS,"7,000"
SURVEY,2017,EDGECOMBE,SOYBEANS,"48,400"
SURVEY,2017,EDGECOMBE,SWEET POTATOES,"8,470"
SURVEY,2017,EDGECOMBE,TOBACCO,"6,370"
SURVEY,2017,EDGECOMBE,WHEAT,"9,240"
SURVEY,2017,GATES,CORN,"4,800"
SURVEY,2017,GATES,CORN,"4,800"
SURVEY,2017,GATES,COTTON,"8,210"
SURVEY,2017,GATES,PEANUTS,"3,550"
SURVEY,2017,GATES,SOYBEANS,"24,000"
SURVEY,2017,GATES,TURKEYS, (D)
SURVEY,2017,HALIFAX,CORN,"7,300"
SURVEY,2017,HALIFAX,CORN,"7,130"
SURVEY,2017,HALIFAX,COTTON,"43,500"
SURVEY,2017,HALIFAX,PEANUTS,"8,400"
SURVEY,2017,HALIFAX,SOYBEANS,"35,300"
SURVEY,2017,HALIFAX,TOBACCO,"3,380"
SURVEY,2017,HALIFAX,WHEAT,"3,000"
SURVEY,2017,HERTFORD,CORN,"9,100"
SURVEY,2017,HERTFORD,CORN,"8,900"
SURVEY,2017,HERTFORD,COTTON,"11,300"
SURVEY,2017,HERTFORD,PEANUTS,"4,850"
SURVEY,2017,MARTIN,CORN,"5,900"
SURVEY,2017,MARTIN,CORN,"5,850"
SURVEY,2017,MARTIN,COTTON,"27,800"
SURVEY,2017,MARTIN,PEANUTS,"9,200"
SURVEY,2017,MARTIN,SOYBEANS,"22,600"
SURVEY,2017,MARTIN,SWEET POTATOES,390
SURVEY,2017,MARTIN,TOBACCO,"4,720"
SURVEY,2017,MARTIN,TURKEYS, (D)
SURVEY,2017,MARTIN,WHEAT,"2,900"
SURVEY,2017,NASH,SOYBEANS,"30,100"
SURVEY,2017,NASH,SWEET POTATOES,"9,670"
SURVEY,2017,NASH,TOBACCO,"8,420"
SURVEY,2017,NASH,WHEAT,"2,610"
SURVEY,2017,NORTHAMPTON,CORN,"10,400"
SURVEY,2017,NORTHAMPTON,CORN,"10,300"
SURVEY,2017,NORTHAMPTON,COTTON,"38,800"
SURVEY,2017,NORTHAMPTON,PEANUTS,"5,250"
SURVEY,2017,NORTHAMPTON,SOYBEANS,"32,800"
SURVEY,2017,NORTHAMPTON,WHEAT,"7,250"
SURVEY,2017,OTHER (COMBINED) COUNTIES,CORN,"17,700"
SURVEY,2017,OTHER (COMBINED) COUNTIES,CORN,"17,510"
SURVEY,2017,OTHER (COMBINED) COUNTIES,COTTON,"11,030"
SURVEY,2017,OTHER (COMBINED) COUNTIES,PEANUTS,"4,390"
SURVEY,2017,OTHER (COMBINED) COUNTIES,SOYBEANS,"17,900"
SURVEY,2017,OTHER (COMBINED) COUNTIES,SWEET POTATOES,"2,970"
SURVEY,2017,OTHER (COMBINED) COUNTIES,TOBACCO,"7,930"
SURVEY,2017,OTHER (COMBINED) COUNTIES,WHEAT,"12,330"
SURVEY,2017,PASQUOTANK,CORN,"16,700"
SURVEY,2017,PASQUOTANK,CORN,"16,600"
SURVEY,2017,PASQUOTANK,SOYBEANS,"52,300"
SURVEY,2017,PASQUOTANK,WHEAT,"6,880"
SURVEY,2017,PERQUIMANS,COTTON,"8,290"
SURVEY,2017,PERQUIMANS,SOYBEANS,"44,500"
SURVEY,2017,PERQUIMANS,WHEAT,"14,500"
SURVEY,2017,TYRRELL,CORN,"23,100"
SURVEY,2017,TYRRELL,CORN,"23,000"
SURVEY,2017,TYRRELL,SOYBEANS,"32,500"
SURVEY,2017,TYRRELL,WHEAT,"9,700"
SURVEY,2017,WASHINGTON,CORN,"31,500"
SURVEY,2017,WASHINGTON,CORN,"31,300"
SURVEY,2017,WASHINGTON,COTTON,"9,050"
SURVEY,2017,WASHINGTON,PEANUTS,"1,260"
SURVEY,2017,WASHINGTON,SOYBEANS,"39,600"
SURVEY,2017,WASHINGTON,TOBACCO,280
SURVEY,2017,WASHINGTON,WHEAT,"5,900"
SURVEY,2017,ALLEGHANY,TURKEYS, (D)
SURVEY,2017,ASHE,TURKEYS, (D)
SURVEY,2017,AVERY,TURKEYS, (D)
SURVEY,2017,CALDWELL,TURKEYS, (D)
SURVEY,2017,OTHER (COMBINED) COUNTIES,CORN,"3,600"
SURVEY,2017,OTHER (COMBINED) COUNTIES,CORN,"1,830"
SURVEY,2017,OTHER (COMBINED) COUNTIES,SOYBEANS,"1,440"
SURVEY,2017,OTHER (COMBINED) COUNTIES,TOBACCO,"3,470"
SURVEY,2017,SURRY,CORN,"11,100"
SURVEY,2017,SURRY,CORN,"10,100"
SURVEY,2017,SURRY,SOYBEANS,"11,700"
SURVEY,2017,SURRY,TOBACCO,"2,730"
SURVEY,2017,SURRY,TURKEYS, (D)
SURVEY,2017,WATAUGA,TURKEYS, (D)
SURVEY,2017,WILKES,CORN,"7,400"
SURVEY,2017,WILKES,CORN,"5,470"
SURVEY,2017,WILKES,SOYBEANS,"1,560"
SURVEY,2017,WILKES,TURKEYS, (D)
SURVEY,2017,YADKIN,CORN,"12,900"
SURVEY,2017,YADKIN,CORN,"11,600"
SURVEY,2017,YADKIN,SOYBEANS,"18,800"
SURVEY,2017,YADKIN,TURKEYS, (D)
SURVEY,2017,ALAMANCE,CORN,"3,300"
SURVEY,2017,ALAMANCE,CORN,"2,390"
SURVEY,2017,ALAMANCE,SOYBEANS,"4,710"
SURVEY,2017,ALAMANCE,TOBACCO,"1,020"
SURVEY,2017,ALAMANCE,TURKEYS, (D)
SURVEY,2017,ALAMANCE,WHEAT,900
SURVEY,2017,CASWELL,SOYBEANS,"3,000"
SURVEY,2017,CASWELL,TOBACCO,"2,490"
SURVEY,2017,CASWELL,WHEAT,680
SURVEY,2017,DURHAM,TURKEYS, (D)
SURVEY,2017,FORSYTH,TURKEYS, (D)
SURVEY,2017,FRANKLIN,SOYBEANS,"17,300"
SURVEY,2017,FRANKLIN,TOBACCO,"4,410"
SURVEY,2017,FRANKLIN,TURKEYS, (D)
SURVEY,2017,FRANKLIN,WHEAT,"4,750"
SURVEY,2017,GRANVILLE,CORN,"2,000"
SURVEY,2017,GRANVILLE,CORN,"1,310"
SURVEY,2017,GRANVILLE,SOYBEANS,"4,110"
SURVEY,2017,GRANVILLE,TOBACCO,"3,010"
SURVEY,2017,GRANVILLE,TURKEYS, (D)
SURVEY,2017,GRANVILLE,WHEAT,"3,310"
SURVEY,2017,GUILFORD,CORN,"4,600"
SURVEY,2017,GUILFORD,CORN,"2,740"
SURVEY,2017,GUILFORD,SOYBEANS,"10,300"
SURVEY,2017,GUILFORD,TOBACCO,"2,030"
SURVEY,2017,GUILFORD,TURKEYS, (D)
SURVEY,2017,GUILFORD,WHEAT,"2,600"
SURVEY,2017,ORANGE,CORN,"2,600"
SURVEY,2017,ORANGE,CORN,"2,150"
SURVEY,2017,ORANGE,SOYBEANS,"3,780"
SURVEY,2017,ORANGE,TOBACCO,810
SURVEY,2017,ORANGE,TURKEYS, (D)
SURVEY,2017,ORANGE,WHEAT,760
SURVEY,2017,OTHER (COMBINED) COUNTIES,CORN,"6,700"
SURVEY,2017,OTHER (COMBINED) COUNTIES,CORN,"5,170"
SURVEY,2017,OTHER (COMBINED) COUNTIES,SOYBEANS,"4,510"
SURVEY,2017,OTHER (COMBINED) COUNTIES,TOBACCO,970
SURVEY,2017,OTHER (COMBINED) COUNTIES,WHEAT,870
SURVEY,2017,PERSON,CORN,"2,500"
SURVEY,2017,PERSON,CORN,"2,000"
SURVEY,2017,PERSON,SOYBEANS,"12,400"
SURVEY,2017,PERSON,TOBACCO,"5,160"
SURVEY,2017,PERSON,TURKEYS, (D)
SURVEY,2017,PERSON,WHEAT,"7,040"
SURVEY,2017,ROCKINGHAM,CORN,"2,000"
SURVEY,2017,ROCKINGHAM,CORN,"1,130"
SURVEY,2017,ROCKINGHAM,SOYBEANS,"4,990"
SURVEY,2017,ROCKINGHAM,TOBACCO,"3,510"
SURVEY,2017,ROCKINGHAM,TURKEYS, (D)
SURVEY,2017,ROCKINGHAM,WHEAT,"3,160"
SURVEY,2017,STOKES,CORN,"1,300"
SURVEY,2017,STOKES,CORN,"1,110"
SURVEY,2017,STOKES,SOYBEANS,"2,500"
SURVEY,2017,STOKES,TOBACCO,"1,830"
SURVEY,2017,STOKES,TURKEYS, (D)
SURVEY,2017,STOKES,WHEAT,630
SURVEY,2017,VANCE,SOYBEANS,"5,830"
SURVEY,2017,VANCE,TOBACCO,"1,800"
SURVEY,2017,VANCE,TURKEYS, (D)
SURVEY,2017,VANCE,WHEAT,"1,700"
SURVEY,2017,WARREN,SOYBEANS,"8,470"
SURVEY,2017,WARREN,TOBACCO,"1,460"
SURVEY,2017,WARREN,WHEAT,"2,000"
SURVEY,2017,BLADEN,CORN,"21,600"
SURVEY,2017,BLADEN,CORN,"21,000"
SURVEY,2017,BLADEN,SOYBEANS,"18,300"
SURVEY,2017,BLADEN,TURKEYS,"1,650,000"
SURVEY,2017,BRUNSWICK,CORN,"7,700"
SURVEY,2017,BRUNSWICK,CORN,"7,490"
SURVEY,2017,BRUNSWICK,SOYBEANS,"7,410"
SURVEY,2017,BRUNSWICK,TURKEYS, (D)
SURVEY,2017,COLUMBUS,CORN,"36,000"
SURVEY,2017,COLUMBUS,CORN,"35,000"
SURVEY,2017,COLUMBUS,SOYBEANS,"52,800"
SURVEY,2017,COLUMBUS,TURKEYS, (D)
SURVEY,2017,CUMBERLAND,CORN,"9,300"
SURVEY,2017,CUMBERLAND,CORN,"9,180"
SURVEY,2017,CUMBERLAND,COTTON,"5,130"
SURVEY,2017,CUMBERLAND,SOYBEANS,"19,800"
SURVEY,2017,CUMBERLAND,TOBACCO,"3,300"
SURVEY,2017,CUMBERLAND,TURKEYS,"790,000"
SURVEY,2017,DUPLIN,CORN,"43,000"
SURVEY,2017,DUPLIN,CORN,"41,800"
SURVEY,2017,DUPLIN,COTTON,"5,100"
SURVEY,2017,DUPLIN,SOYBEANS,"52,800"
SURVEY,2017,DUPLIN,SWEET POTATOES,"3,400"
SURVEY,2017,DUPLIN,TOBACCO,"2,840"
SURVEY,2017,DUPLIN,TURKEYS,"3,700,000"
SURVEY,2017,DUPLIN,WHEAT,"11,600"
SURVEY,2017,HARNETT,CORN,"4,900"
SURVEY,2017,HARNETT,CORN,"4,810"
SURVEY,2017,HARNETT,COTTON,"5,890"
SURVEY,2017,HARNETT,SOYBEANS,"28,700"
SURVEY,2017,HARNETT,TOBACCO,"7,140"
SURVEY,2017,HARNETT,TURKEYS, (D)
SURVEY,2017,HARNETT,WHEAT,"5,700"
SURVEY,2017,HOKE,TURKEYS,"100,000"
SURVEY,2017,NEW HANOVER,TURKEYS, (D)
SURVEY,2017,ONSLOW,CORN,"10,900"
SURVEY,2017,ONSLOW,CORN,"10,800"
SURVEY,2017,ONSLOW,TURKEYS,"1,900,000"
SURVEY,2017,OTHER (COMBINED) COUNTIES,CORN,"29,500"
SURVEY,2017,OTHER (COMBINED) COUNTIES,CORN,"28,820"
SURVEY,2017,OTHER (COMBINED) COUNTIES,COTTON,"27,280"
SURVEY,2017,OTHER (COMBINED) COUNTIES,SOYBEANS,"41,890"
SURVEY,2017,OTHER (COMBINED) COUNTIES,SWEET POTATOES,"21,000"
SURVEY,2017,OTHER (COMBINED) COUNTIES,TOBACCO,"7,320"
SURVEY,2017,OTHER (COMBINED) COUNTIES,WHEAT,"18,810"
SURVEY,2017,PENDER,TURKEYS,"350,000"
SURVEY,2017,ROBESON,CORN,"60,800"
SURVEY,2017,ROBESON,CORN,"60,100"
SURVEY,2017,ROBESON,COTTON,"11,000"
SURVEY,2017,ROBESON,SOYBEANS,"87,200"
SURVEY,2017,ROBESON,TURKEYS, (D)
SURVEY,2017,ROBESON,WHEAT,"21,600"
SURVEY,2017,SAMPSON,CORN,"32,300"
SURVEY,2017,SAMPSON,CORN,"31,000"
SURVEY,2017,SAMPSON,COTTON,"13,600"
SURVEY,2017,SAMPSON,SOYBEANS,"61,800"
SURVEY,2017,SAMPSON,TOBACCO,"12,500"
SURVEY,2017,SAMPSON,TURKEYS,"7,700,000"
SURVEY,2017,SAMPSON,WHEAT,"11,200"
SURVEY,2017,SCOTLAND,SOYBEANS,"12,800"
SURVEY,2017,SCOTLAND,WHEAT,"4,490"
SURVEY,2017,ANSON,CORN,"9,800"
SURVEY,2017,ANSON,CORN,"8,440"
SURVEY,2017,ANSON,TURKEYS,"1,200,000"
SURVEY,2017,CABARRUS,CORN,"4,700"
SURVEY,2017,CABARRUS,CORN,"4,190"
SURVEY,2017,CABARRUS,TURKEYS, (D)
SURVEY,2017,CABARRUS,WHEAT,"3,100"
SURVEY,2017,CLEVELAND,CORN,"4,500"
SURVEY,2017,CLEVELAND,CORN,"3,390"
SURVEY,2017,CLEVELAND,SOYBEANS,"16,400"
SURVEY,2017,CLEVELAND,TURKEYS,"415,000"
SURVEY,2017,CLEVELAND,WHEAT,"8,780"
SURVEY,2017,GASTON,SOYBEANS,"3,480"
SURVEY,2017,GASTON,TURKEYS, (D)
SURVEY,2017,GASTON,WHEAT,"1,480"
SURVEY,2017,LINCOLN,CORN,"3,800"
SURVEY,2017,LINCOLN,CORN,"1,210"
SURVEY,2017,LINCOLN,SOYBEANS,"6,070"
SURVEY,2017,LINCOLN,WHEAT,"2,240"
SURVEY,2017,MECKLENBURG,WHEAT,430
SURVEY,2017,MONTGOMERY,TURKEYS, (D)
SURVEY,2017,MOORE,SOYBEANS,"4,840"
SURVEY,2017,MOORE,TURKEYS, (D)
SURVEY,2017,MOORE,WHEAT,"1,490"
SURVEY,2017,OTHER (COMBINED) COUNTIES,CORN,"7,300"
SURVEY,2017,OTHER (COMBINED) COUNTIES,CORN,"5,970"
SURVEY,2017,OTHER (COMBINED) COUNTIES,SOYBEANS,"29,310"
SURVEY,2017,OTHER (COMBINED) COUNTIES,TOBACCO,"1,990"
SURVEY,2017,OTHER (COMBINED) COUNTIES,WHEAT,"12,940"
SURVEY,2017,RICHMOND,TURKEYS, (D)
SURVEY,2017,STANLY,CORN,"11,400"
SURVEY,2017,STANLY,CORN,"10,900"
SURVEY,2017,STANLY,SOYBEANS,"19,600"
SURVEY,2017,STANLY,TURKEYS,"800,000"
SURVEY,2017,STANLY,WHEAT,"8,740"
SURVEY,2017,UNION,CORN,"32,500"
SURVEY,2017,UNION,CORN,"31,900"
SURVEY,2017,UNION,SOYBEANS,"63,300"
SURVEY,2017,UNION,TURKEYS,"4,200,000"
SURVEY,2017,UNION,WHEAT,"48,700"
SURVEY,2017,BUNCOMBE,CORN,700
SURVEY,2017,BUNCOMBE,CORN,130
SURVEY,2017,BUNCOMBE,TURKEYS, (D)
SURVEY,2017,BURKE,CORN,"1,400"
SURVEY,2017,BURKE,CORN,"1,250"
SURVEY,2017,BURKE,TURKEYS, (D)
SURVEY,2017,CHEROKEE,TURKEYS, (D)
SURVEY,2017,HENDERSON,TURKEYS, (D)
SURVEY,2017,JACKSON,TURKEYS, (D)
SURVEY,2017,MACON,TURKEYS, (D)
SURVEY,2017,MADISON,TURKEYS, (D)
SURVEY,2017,OTHER (COMBINED) COUNTIES,CORN,"7,400"
SURVEY,2017,OTHER (COMBINED) COUNTIES,CORN,"4,470"
SURVEY,2017,OTHER (COMBINED) COUNTIES,SOYBEANS,"6,900"
SURVEY,2017,RUTHERFORD,TURKEYS, (D)
SURVEY,2017,TRANSYLVANIA,CORN,"1,500"
SURVEY,2017,TRANSYLVANIA,CORN,"1,150"
SURVEY,2017,TRANSYLVANIA,TURKEYS, (D)
SURVEY,2017,YANCEY,TURKEYS, (D)
SURVEY,2016,OTHER COUNTIES,CATTLE,"90,900"
SURVEY,2016,OTHER COUNTIES,CATTLE,"5,100"
SURVEY,2016,BEAUFORT,CATTLE,700
SURVEY,2016,CARTERET,CATTLE,200
SURVEY,2016,CRAVEN,CATTLE,700
SURVEY,2016,CRAVEN,CATTLE, (D)
SURVEY,2016,GREENE,CATTLE,"1,000"
SURVEY,2016,GREENE,CATTLE, (D)
SURVEY,2016,HYDE,CATTLE, (D)
SURVEY,2016,JOHNSTON,CATTLE, (D)
SURVEY,2016,JONES,CATTLE,600
SURVEY,2016,LENOIR,CATTLE,"1,600"
SURVEY,2016,PAMLICO,CATTLE, (D)
SURVEY,2016,PITT,CATTLE, (D)
SURVEY,2016,PITT,CATTLE, (D)
SURVEY,2016,WAYNE,CATTLE, (D)
SURVEY,2016,WAYNE,CATTLE, (D)
SURVEY,2016,WILSON,CATTLE,700
SURVEY,2016,ALEXANDER,CATTLE,"7,300"
SURVEY,2016,ALEXANDER,CATTLE,"1,400"
SURVEY,2016,CATAWBA,CATTLE,"7,300"
SURVEY,2016,CATAWBA,CATTLE,400
SURVEY,2016,CHATHAM,CATTLE,"15,000"
SURVEY,2016,CHATHAM,CATTLE,"1,000"
SURVEY,2016,DAVIDSON,CATTLE,"5,400"
SURVEY,2016,DAVIDSON,CATTLE,"1,400"
SURVEY,2016,DAVIE,CATTLE,"5,500"
SURVEY,2016,DAVIE,CATTLE,500
SURVEY,2016,IREDELL,CATTLE,"12,800"
SURVEY,2016,IREDELL,CATTLE,"12,000"
SURVEY,2016,LEE,CATTLE,"1,600"
SURVEY,2016,RANDOLPH,CATTLE,"16,500"
SURVEY,2016,RANDOLPH,CATTLE,"6,700"
SURVEY,2016,ROWAN,CATTLE,"8,200"
SURVEY,2016,ROWAN,CATTLE,"1,400"
SURVEY,2016,WAKE,CATTLE, (D)
SURVEY,2016,WAKE,CATTLE, (D)
SURVEY,2016,BERTIE,CATTLE,500
SURVEY,2016,CAMDEN,CATTLE,100
SURVEY,2016,CHOWAN,CATTLE, (D)
SURVEY,2016,CURRITUCK,CATTLE, (D)
SURVEY,2016,EDGECOMBE,CATTLE,"1,400"
SURVEY,2016,GATES,CATTLE,400
SURVEY,2016,HALIFAX,CATTLE, (D)
SURVEY,2016,HALIFAX,CATTLE, (D)
SURVEY,2016,HERTFORD,CATTLE,200
SURVEY,2016,MARTIN,CATTLE,600
SURVEY,2016,MARTIN,CATTLE, (D)
SURVEY,2016,NASH,CATTLE,"3,500"
SURVEY,2016,NORTHAMPTON,CATTLE,700
SURVEY,2016,PASQUOTANK,CATTLE, (D)
SURVEY,2016,PERQUIMANS,CATTLE,500
SURVEY,2016,TYRRELL,CATTLE,100
SURVEY,2016,WASHINGTON,CATTLE,600
SURVEY,2016,ALLEGHANY,CATTLE,"6,500"
SURVEY,2016,ALLEGHANY,CATTLE,"1,400"
SURVEY,2016,ASHE,CATTLE,"6,700"
SURVEY,2016,ASHE,CATTLE,100
SURVEY,2016,AVERY,CATTLE,700
SURVEY,2016,AVERY,CATTLE, (D)
SURVEY,2016,CALDWELL,CATTLE,"3,200"
SURVEY,2016,CALDWELL,CATTLE, (D)
SURVEY,2016,SURRY,CATTLE, (D)
SURVEY,2016,SURRY,CATTLE, (D)
SURVEY,2016,WATAUGA,CATTLE,"4,600"
SURVEY,2016,WATAUGA,CATTLE, (D)
SURVEY,2016,WILKES,CATTLE,"14,000"
SURVEY,2016,WILKES,CATTLE,"1,300"
SURVEY,2016,YADKIN,CATTLE,"8,700"
SURVEY,2016,YADKIN,CATTLE,"1,400"
SURVEY,2016,ALAMANCE,CATTLE,"7,000"
SURVEY,2016,ALAMANCE,CATTLE,"1,300"
SURVEY,2016,CASWELL,CATTLE, (D)
SURVEY,2016,CASWELL,CATTLE, (D)
SURVEY,2016,DURHAM,CATTLE,"1,000"
SURVEY,2016,DURHAM,CATTLE,100
SURVEY,2016,FORSYTH,CATTLE,"2,300"
SURVEY,2016,FORSYTH,CATTLE, (D)
SURVEY,2016,FRANKLIN,CATTLE,"6,000"
SURVEY,2016,FRANKLIN,CATTLE, (D)
SURVEY,2016,GRANVILLE,CATTLE,"3,700"
SURVEY,2016,GRANVILLE,CATTLE,500
SURVEY,2016,GUILFORD,CATTLE,"5,200"
SURVEY,2016,GUILFORD,CATTLE,"1,400"
SURVEY,2016,ORANGE,CATTLE,"4,800"
SURVEY,2016,ORANGE,CATTLE,800
SURVEY,2016,PERSON,CATTLE, (D)
SURVEY,2016,PERSON,CATTLE, (D)
SURVEY,2016,ROCKINGHAM,CATTLE, (D)
SURVEY,2016,ROCKINGHAM,CATTLE, (D)
SURVEY,2016,STOKES,CATTLE,"5,100"
SURVEY,2016,STOKES,CATTLE, (D)
SURVEY,2016,VANCE,CATTLE,"1,000"
SURVEY,2016,WARREN,CATTLE, (D)
SURVEY,2016,WARREN,CATTLE, (D)
SURVEY,2016,BLADEN,CATTLE, (D)
SURVEY,2016,BLADEN,CATTLE, (D)
SURVEY,2016,BRUNSWICK,CATTLE, (D)
SURVEY,2016,COLUMBUS,CATTLE, (D)
SURVEY,2016,CUMBERLAND,CATTLE,"1,900"
SURVEY,2016,DUPLIN,CATTLE,"12,500"
SURVEY,2016,DUPLIN,CATTLE,100
SURVEY,2016,HARNETT,CATTLE,"4,000"
SURVEY,2016,HARNETT,CATTLE, (D)
SURVEY,2016,HOKE,CATTLE, (D)
SURVEY,2016,HOKE,CATTLE, (D)
SURVEY,2016,NEW HANOVER,CATTLE, (D)
SURVEY,2016,ONSLOW,CATTLE,"1,200"
SURVEY,2016,PENDER,CATTLE, (D)
SURVEY,2016,PENDER,CATTLE, (D)
SURVEY,2016,ROBESON,CATTLE, (D)
SURVEY,2016,ROBESON,CATTLE, (D)
SURVEY,2016,SAMPSON,CATTLE, (D)
SURVEY,2016,SAMPSON,CATTLE, (D)
SURVEY,2016,SCOTLAND,CATTLE, (D)
SURVEY,2016,ANSON,CATTLE,"4,100"
SURVEY,2016,ANSON,CATTLE, (D)
SURVEY,2016,CABARRUS,CATTLE,"6,700"
SURVEY,2016,CABARRUS,CATTLE,"1,000"
SURVEY,2016,CLEVELAND,CATTLE,"10,000"
SURVEY,2016,CLEVELAND,CATTLE,600
SURVEY,2016,GASTON,CATTLE,"3,100"
SURVEY,2016,GASTON,CATTLE,700
SURVEY,2016,LINCOLN,CATTLE,"4,100"
SURVEY,2016,LINCOLN,CATTLE,"3,000"
SURVEY,2016,MECKLENBURG,CATTLE, (D)
SURVEY,2016,MECKLENBURG,CATTLE, (D)
SURVEY,2016,MONTGOMERY,CATTLE,"2,900"
SURVEY,2016,MOORE,CATTLE,"6,000"
SURVEY,2016,RICHMOND,CATTLE,"1,200"
SURVEY,2016,STANLY,CATTLE, (D)
SURVEY,2016,STANLY,CATTLE, (D)
SURVEY,2016,UNION,CATTLE,"12,000"
SURVEY,2016,UNION,CATTLE, (D)
SURVEY,2016,BUNCOMBE,CATTLE,"7,000"
SURVEY,2016,BUNCOMBE,CATTLE,900
SURVEY,2016,BURKE,CATTLE,"2,600"
SURVEY,2016,BURKE,CATTLE, (D)
SURVEY,2016,CHEROKEE,CATTLE,"2,700"
SURVEY,2016,CHEROKEE,CATTLE, (D)
SURVEY,2016,CLAY,CATTLE, (D)
SURVEY,2016,CLAY,CATTLE, (D)
SURVEY,2016,GRAHAM,CATTLE, (D)
SURVEY,2016,GRAHAM,CATTLE, (D)
SURVEY,2016,HAYWOOD,CATTLE,"4,800"
SURVEY,2016,HAYWOOD,CATTLE,"1,200"
SURVEY,2016,HENDERSON,CATTLE,"1,500"
SURVEY,2016,HENDERSON,CATTLE,"1,100"
SURVEY,2016,JACKSON,CATTLE, (D)
SURVEY,2016,MACON,CATTLE,"1,800"
SURVEY,2016,MADISON,CATTLE,"3,700"
SURVEY,2016,MADISON,CATTLE, (D)
SURVEY,2016,MCDOWELL,CATTLE, (D)
SURVEY,2016,MCDOWELL,CATTLE, (D)
SURVEY,2016,MITCHELL,CATTLE,900
SURVEY,2016,MITCHELL,CATTLE, (D)
SURVEY,2016,POLK,CATTLE, (D)
SURVEY,2016,POLK,CATTLE, (D)
SURVEY,2016,RUTHERFORD,CATTLE, (D)
SURVEY,2016,RUTHERFORD,CATTLE, (D)
SURVEY,2016,SWAIN,CATTLE, (D)
SURVEY,2016,TRANSYLVANIA,CATTLE,"1,000"
SURVEY,2016,TRANSYLVANIA,CATTLE, (D)
SURVEY,2016,YANCEY,CATTLE,"2,200"
SURVEY,2016,YANCEY,CATTLE,200
SURVEY,2016,BEAUFORT,COTTON, (D)
SURVEY,2016,GREENE,COTTON, (D)
SURVEY,2016,JONES,COTTON, (D)
SURVEY,2016,LENOIR,COTTON, (D)
SURVEY,2016,PITT,COTTON, (D)
SURVEY,2016,WAYNE,COTTON, (D)
SURVEY,2016,WILSON,COTTON, (D)
SURVEY,2016,BERTIE,COTTON, (D)
SURVEY,2016,CHOWAN,COTTON, (D)
SURVEY,2016,EDGECOMBE,COTTON, (D)
SURVEY,2016,GATES,COTTON, (D)
SURVEY,2016,HALIFAX,COTTON,"65,400"
SURVEY,2016,HERTFORD,COTTON, (D)
SURVEY,2016,MARTIN,COTTON, (D)
SURVEY,2016,NASH,COTTON, (D)
SURVEY,2016,NORTHAMPTON,COTTON,"45,800"
SURVEY,2016,OTHER (COMBINED) COUNTIES,COTTON, (D)
SURVEY,2016,PERQUIMANS,COTTON, (D)
SURVEY,2016,BLADEN,COTTON, (D)
SURVEY,2016,CUMBERLAND,COTTON, (D)
SURVEY,2016,DUPLIN,COTTON, (D)
SURVEY,2016,HOKE,COTTON, (D)
SURVEY,2016,OTHER (COMBINED) COUNTIES,COTTON, (D)
SURVEY,2016,ROBESON,COTTON, (D)
SURVEY,2016,SAMPSON,COTTON, (D)
SURVEY,2016,ANSON,COTTON, (D)
SURVEY,2016,STANLY,COTTON, (D)
SURVEY,2016,OTHER COUNTIES,TURKEYS,"725,000"
SURVEY,2016,BEAUFORT,CORN,"52,000"
SURVEY,2016,BEAUFORT,CORN,"51,000"
SURVEY,2016,BEAUFORT,COTTON,"8,680"
SURVEY,2016,BEAUFORT,SOYBEANS,"60,500"
SURVEY,2016,BEAUFORT,TOBACCO,"1,940"
SURVEY,2016,BEAUFORT,WHEAT,"4,500"
SURVEY,2016,CRAVEN,CORN,"22,000"
SURVEY,2016,CRAVEN,CORN,"21,700"
SURVEY,2016,CRAVEN,SOYBEANS,"24,300"
SURVEY,2016,CRAVEN,TOBACCO,"1,310"
SURVEY,2016,CRAVEN,WHEAT,950
SURVEY,2016,GREENE,CORN,"14,500"
SURVEY,2016,GREENE,CORN,"14,000"
SURVEY,2016,GREENE,SOYBEANS,"35,500"
SURVEY,2016,GREENE,TOBACCO,"6,530"
SURVEY,2016,GREENE,TURKEYS,"1,400,000"
SURVEY,2016,GREENE,WHEAT,"3,400"
SURVEY,2016,HYDE,CORN,"36,000"
SURVEY,2016,HYDE,CORN,"34,500"
SURVEY,2016,HYDE,COTTON,"5,990"
SURVEY,2016,HYDE,SOYBEANS,"34,800"
SURVEY,2016,HYDE,WHEAT,"4,250"
SURVEY,2016,JOHNSTON,COTTON,"3,290"
SURVEY,2016,JOHNSTON,PEANUTS,"1,400"
SURVEY,2016,JOHNSTON,SOYBEANS,"51,000"
SURVEY,2016,JOHNSTON,SWEET POTATOES,"10,900"
SURVEY,2016,JOHNSTON,TOBACCO,"10,800"
SURVEY,2016,JOHNSTON,TURKEYS,"360,000"
SURVEY,2016,JOHNSTON,WHEAT,"5,600"
SURVEY,2016,JONES,CORN,"20,000"
SURVEY,2016,JONES,CORN,"19,500"
SURVEY,2016,JONES,COTTON,"6,310"
SURVEY,2016,JONES,TURKEYS,"280,000"
SURVEY,2016,LENOIR,CORN,"27,000"
SURVEY,2016,LENOIR,CORN,"26,500"
SURVEY,2016,LENOIR,COTTON,"2,330"
SURVEY,2016,LENOIR,SOYBEANS,"39,000"
SURVEY,2016,LENOIR,SWEET POTATOES,"3,150"
SURVEY,2016,LENOIR,TOBACCO,"6,530"
SURVEY,2016,LENOIR,TURKEYS,"1,600,000"
SURVEY,2016,LENOIR,WHEAT,"5,900"
SURVEY,2016,OTHER (COMBINED) COUNTIES,CORN,"29,000"
SURVEY,2016,OTHER (COMBINED) COUNTIES,CORN,"28,200"
SURVEY,2016,OTHER (COMBINED) COUNTIES,COTTON,"4,950"
SURVEY,2016,OTHER (COMBINED) COUNTIES,PEANUTS,"7,100"
SURVEY,2016,OTHER (COMBINED) COUNTIES,SOYBEANS,"44,100"
SURVEY,2016,OTHER (COMBINED) COUNTIES,SWEET POTATOES,"10,950"
SURVEY,2016,OTHER (COMBINED) COUNTIES,TOBACCO,"2,030"
SURVEY,2016,OTHER (COMBINED) COUNTIES,WHEAT,"19,100"
SURVEY,2016,PAMLICO,CORN,"14,500"
SURVEY,2016,PAMLICO,CORN,"13,500"
SURVEY,2016,PAMLICO,SOYBEANS,"19,400"
SURVEY,2016,PITT,CORN,"28,000"
SURVEY,2016,PITT,CORN,"27,500"
SURVEY,2016,PITT,COTTON,"3,130"
SURVEY,2016,PITT,PEANUTS,"8,280"
SURVEY,2016,PITT,SOYBEANS,"60,500"
SURVEY,2016,PITT,TOBACCO,"6,430"
SURVEY,2016,PITT,TURKEYS, (D)
SURVEY,2016,PITT,WHEAT,"3,800"
SURVEY,2016,WAYNE,CORN,"29,000"
SURVEY,2016,WAYNE,CORN,"28,500"
SURVEY,2016,WAYNE,COTTON,"1,830"
SURVEY,2016,WAYNE,PEANUTS,"3,420"
SURVEY,2016,WAYNE,SOYBEANS,"55,000"
SURVEY,2016,WAYNE,SWEET POTATOES,"6,700"
SURVEY,2016,WAYNE,TOBACCO,"9,440"
SURVEY,2016,WAYNE,TURKEYS,"4,600,000"
SURVEY,2016,WILSON,CORN,"14,000"
SURVEY,2016,WILSON,CORN,"13,600"
SURVEY,2016,WILSON,COTTON,"2,990"
SURVEY,2016,WILSON,PEANUTS,"2,500"
SURVEY,2016,WILSON,SOYBEANS,"34,400"
SURVEY,2016,WILSON,SWEET POTATOES,"10,400"
SURVEY,2016,WILSON,TOBACCO,"8,390"
SURVEY,2016,ALEXANDER,CORN,"2,000"
SURVEY,2016,ALEXANDER,CORN,850
SURVEY,2016,CATAWBA,CORN,"3,400"
SURVEY,2016,CATAWBA,CORN,"2,700"
SURVEY,2016,CATAWBA,SOYBEANS,"9,400"
SURVEY,2016,CATAWBA,WHEAT,"4,580"
SURVEY,2016,CHATHAM,TURKEYS, (D)
SURVEY,2016,CHATHAM,WHEAT,530
SURVEY,2016,DAVIDSON,CORN,"7,200"
SURVEY,2016,DAVIDSON,CORN,"5,500"
SURVEY,2016,DAVIDSON,SOYBEANS,"10,700"
SURVEY,2016,DAVIDSON,TURKEYS, (D)
SURVEY,2016,DAVIDSON,WHEAT,"1,400"
SURVEY,2016,DAVIE,CORN,"7,300"
SURVEY,2016,DAVIE,CORN,"7,000"
SURVEY,2016,DAVIE,SOYBEANS,"7,800"
SURVEY,2016,DAVIE,TURKEYS, (D)
SURVEY,2016,DAVIE,WHEAT,"2,800"
SURVEY,2016,IREDELL,CORN,"19,000"
SURVEY,2016,IREDELL,CORN,"11,000"
SURVEY,2016,IREDELL,SOYBEANS,"17,400"
SURVEY,2016,IREDELL,TURKEYS, (D)
SURVEY,2016,LEE,SOYBEANS,"4,900"
SURVEY,2016,LEE,TOBACCO,"2,620"
SURVEY,2016,LEE,WHEAT,480
SURVEY,2016,OTHER (COMBINED) COUNTIES,CORN,"4,600"
SURVEY,2016,OTHER (COMBINED) COUNTIES,CORN,"3,850"
SURVEY,2016,OTHER (COMBINED) COUNTIES,SOYBEANS,"4,500"
SURVEY,2016,OTHER (COMBINED) COUNTIES,SWEET POTATOES,90
SURVEY,2016,OTHER (COMBINED) COUNTIES,TOBACCO,"1,750"
SURVEY,2016,OTHER (COMBINED) COUNTIES,WHEAT,"7,660"
SURVEY,2016,RANDOLPH,CORN,"7,800"
SURVEY,2016,RANDOLPH,CORN,"6,400"
SURVEY,2016,RANDOLPH,SOYBEANS,"8,800"
SURVEY,2016,RANDOLPH,TOBACCO,740
SURVEY,2016,RANDOLPH,WHEAT,"2,420"
SURVEY,2016,ROWAN,CORN,"9,000"
SURVEY,2016,ROWAN,CORN,"8,400"
SURVEY,2016,ROWAN,SOYBEANS,"19,700"
SURVEY,2016,ROWAN,TURKEYS, (D)
SURVEY,2016,ROWAN,WHEAT,"10,000"
SURVEY,2016,WAKE,CORN,700
SURVEY,2016,WAKE,CORN,600
SURVEY,2016,WAKE,SOYBEANS,"12,300"
SURVEY,2016,WAKE,SWEET POTATOES,950
SURVEY,2016,WAKE,TOBACCO,"3,750"
SURVEY,2016,WAKE,TURKEYS, (D)
SURVEY,2016,WAKE,WHEAT,"2,230"
SURVEY,2016,BERTIE,CORN,"11,000"
SURVEY,2016,BERTIE,CORN,"10,800"
SURVEY,2016,BERTIE,COTTON,"14,000"
SURVEY,2016,BERTIE,PEANUTS,"7,350"
SURVEY,2016,BERTIE,SOYBEANS,"32,300"
SURVEY,2016,BERTIE,TOBACCO,"4,220"
SURVEY,2016,BERTIE,WHEAT,"9,600"
SURVEY,2016,CAMDEN,CORN,"17,000"
SURVEY,2016,CAMDEN,CORN,"16,700"
SURVEY,2016,CAMDEN,SOYBEANS,"30,900"
SURVEY,2016,CAMDEN,WHEAT,"7,300"
SURVEY,2016,CHOWAN,CORN,"4,900"
SURVEY,2016,CHOWAN,CORN,"4,800"
SURVEY,2016,CHOWAN,COTTON,"5,270"
SURVEY,2016,CHOWAN,PEANUTS,"3,550"
SURVEY,2016,CHOWAN,SOYBEANS,"15,900"
SURVEY,2016,CHOWAN,WHEAT,"3,100"
SURVEY,2016,CURRITUCK,CORN,"12,000"
SURVEY,2016,CURRITUCK,CORN,"11,900"
SURVEY,2016,CURRITUCK,WHEAT,"4,720"
SURVEY,2016,EDGECOMBE,CORN,"20,500"
SURVEY,2016,EDGECOMBE,CORN,"20,200"
SURVEY,2016,EDGECOMBE,COTTON,"5,970"
SURVEY,2016,EDGECOMBE,PEANUTS,"5,180"
SURVEY,2016,EDGECOMBE,SOYBEANS,"48,500"
SURVEY,2016,EDGECOMBE,TOBACCO,"6,480"
SURVEY,2016,EDGECOMBE,WHEAT,"7,250"
SURVEY,2016,GATES,CORN,"5,500"
SURVEY,2016,GATES,CORN,"5,400"
SURVEY,2016,GATES,COTTON,"9,070"
SURVEY,2016,GATES,PEANUTS,"2,890"
SURVEY,2016,GATES,SOYBEANS,"21,400"
SURVEY,2016,GATES,WHEAT,"4,350"
SURVEY,2016,HALIFAX,CORN,"10,500"
SURVEY,2016,HALIFAX,CORN,"9,500"
SURVEY,2016,HALIFAX,COTTON,"36,300"
SURVEY,2016,HALIFAX,PEANUTS,"6,850"
SURVEY,2016,HALIFAX,SOYBEANS,"36,300"
SURVEY,2016,HALIFAX,WHEAT,"5,200"
SURVEY,2016,HERTFORD,COTTON,"8,400"
SURVEY,2016,HERTFORD,PEANUTS,"4,270"
SURVEY,2016,MARTIN,CORN,"8,500"
SURVEY,2016,MARTIN,CORN,"8,300"
SURVEY,2016,MARTIN,COTTON,"16,700"
SURVEY,2016,MARTIN,PEANUTS,"8,800"
SURVEY,2016,MARTIN,SOYBEANS,"23,800"
SURVEY,2016,MARTIN,TOBACCO,"5,010"
SURVEY,2016,MARTIN,WHEAT,"3,550"
SURVEY,2016,NASH,CORN,"3,900"
SURVEY,2016,NASH,CORN,"3,820"
SURVEY,2016,NASH,SOYBEANS,"31,400"
SURVEY,2016,NASH,SWEET POTATOES,"10,400"
SURVEY,2016,NASH,TOBACCO,"9,050"
SURVEY,2016,NASH,WHEAT,"3,900"
SURVEY,2016,NORTHAMPTON,CORN,"12,000"
SURVEY,2016,NORTHAMPTON,CORN,"11,800"
SURVEY,2016,NORTHAMPTON,COTTON,"31,700"
SURVEY,2016,NORTHAMPTON,PEANUTS,"4,680"
SURVEY,2016,NORTHAMPTON,SOYBEANS,"36,300"
SURVEY,2016,OTHER (COMBINED) COUNTIES,CORN,"35,700"
SURVEY,2016,OTHER (COMBINED) COUNTIES,CORN,"35,280"
SURVEY,2016,OTHER (COMBINED) COUNTIES,COTTON,"5,380"
SURVEY,2016,OTHER (COMBINED) COUNTIES,PEANUTS,"3,160"
SURVEY,2016,OTHER (COMBINED) COUNTIES,SOYBEANS,"77,400"
SURVEY,2016,OTHER (COMBINED) COUNTIES,SWEET POTATOES,"13,000"
SURVEY,2016,OTHER (COMBINED) COUNTIES,TOBACCO,"7,140"
SURVEY,2016,OTHER (COMBINED) COUNTIES,WHEAT,"13,930"
SURVEY,2016,PASQUOTANK,WHEAT,"8,800"
SURVEY,2016,PERQUIMANS,CORN,"15,000"
SURVEY,2016,PERQUIMANS,CORN,"14,800"
SURVEY,2016,PERQUIMANS,COTTON,"6,370"
SURVEY,2016,PERQUIMANS,SOYBEANS,"45,000"
SURVEY,2016,PERQUIMANS,WHEAT,"12,000"
SURVEY,2016,TYRRELL,CORN,"26,000"
SURVEY,2016,TYRRELL,CORN,"25,500"
SURVEY,2016,TYRRELL,SOYBEANS,"29,300"
SURVEY,2016,TYRRELL,WHEAT,"9,300"
SURVEY,2016,WASHINGTON,CORN,"30,500"
SURVEY,2016,WASHINGTON,CORN,"29,200"
SURVEY,2016,WASHINGTON,COTTON,"5,740"
SURVEY,2016,WASHINGTON,PEANUTS,"1,170"
SURVEY,2016,WASHINGTON,SOYBEANS,"42,500"
SURVEY,2016,WASHINGTON,TOBACCO,300
SURVEY,2016,WASHINGTON,WHEAT,"6,200"
SURVEY,2016,OTHER (COMBINED) COUNTIES,CORN,"4,000"
SURVEY,2016,OTHER (COMBINED) COUNTIES,CORN,"2,250"
SURVEY,2016,OTHER (COMBINED) COUNTIES,SOYBEANS,"2,400"
SURVEY,2016,OTHER (COMBINED) COUNTIES,TOBACCO,320
SURVEY,2016,OTHER (COMBINED) COUNTIES,TOBACCO,"3,610"
SURVEY,2016,OTHER (COMBINED) COUNTIES,WHEAT,920
SURVEY,2016,SURRY,CORN,"12,500"
SURVEY,2016,SURRY,CORN,"11,600"
SURVEY,2016,SURRY,SOYBEANS,"10,400"
SURVEY,2016,SURRY,TOBACCO,"2,990"
SURVEY,2016,SURRY,TURKEYS, (D)
SURVEY,2016,SURRY,WHEAT,"2,800"
SURVEY,2016,WATAUGA,TURKEYS, (D)
SURVEY,2016,WILKES,CORN,"7,500"
SURVEY,2016,WILKES,CORN,"4,900"
SURVEY,2016,YADKIN,CORN,"13,000"
SURVEY,2016,YADKIN,CORN,"9,550"
SURVEY,2016,YADKIN,SOYBEANS,"18,700"
SURVEY,2016,YADKIN,TURKEYS, (D)
SURVEY,2016,YADKIN,WHEAT,"3,680"
SURVEY,2016,ALAMANCE,CORN,"3,700"
SURVEY,2016,ALAMANCE,CORN,"3,200"
SURVEY,2016,ALAMANCE,SOYBEANS,"4,400"
SURVEY,2016,ALAMANCE,TOBACCO,"1,060"
SURVEY,2016,ALAMANCE,TURKEYS, (D)
SURVEY,2016,ALAMANCE,WHEAT,"1,850"
SURVEY,2016,CASWELL,CORN,"1,300"
SURVEY,2016,CASWELL,CORN,"1,000"
SURVEY,2016,CASWELL,SOYBEANS,"2,820"
SURVEY,2016,CASWELL,TOBACCO,"2,500"
SURVEY,2016,CASWELL,WHEAT,"1,150"
SURVEY,2016,DURHAM,TURKEYS, (D)
SURVEY,2016,FORSYTH,WHEAT,630
SURVEY,2016,FRANKLIN,CORN,"1,200"
SURVEY,2016,FRANKLIN,CORN,900
SURVEY,2016,FRANKLIN,SOYBEANS,"17,600"
SURVEY,2016,FRANKLIN,TOBACCO,"4,080"
SURVEY,2016,FRANKLIN,TURKEYS, (D)
SURVEY,2016,FRANKLIN,WHEAT,"6,000"
SURVEY,2016,GRANVILLE,CORN,"2,300"
SURVEY,2016,GRANVILLE,CORN,"2,000"
SURVEY,2016,GRANVILLE,SOYBEANS,"4,800"
SURVEY,2016,GRANVILLE,TOBACCO,"3,300"
SURVEY,2016,GRANVILLE,TURKEYS, (D)
SURVEY,2016,GRANVILLE,WHEAT,"3,250"
SURVEY,2016,GUILFORD,CORN,"4,500"
SURVEY,2016,GUILFORD,CORN,"3,800"
SURVEY,2016,GUILFORD,SOYBEANS,"10,200"
SURVEY,2016,GUILFORD,TOBACCO,"2,410"
SURVEY,2016,GUILFORD,TURKEYS, (D)
SURVEY,2016,GUILFORD,WHEAT,"3,450"
SURVEY,2016,ORANGE,CORN,"2,500"
SURVEY,2016,ORANGE,CORN,"2,200"
SURVEY,2016,ORANGE,SOYBEANS,"3,500"
SURVEY,2016,ORANGE,TOBACCO,820
SURVEY,2016,ORANGE,TURKEYS, (D)
SURVEY,2016,ORANGE,WHEAT,"1,040"
SURVEY,2016,OTHER (COMBINED) COUNTIES,CORN,"3,400"
SURVEY,2016,OTHER (COMBINED) COUNTIES,CORN,"2,700"
SURVEY,2016,OTHER (COMBINED) COUNTIES,SOYBEANS,"4,480"
SURVEY,2016,OTHER (COMBINED) COUNTIES,TOBACCO,990
SURVEY,2016,OTHER (COMBINED) COUNTIES,WHEAT,"6,750"
SURVEY,2016,PERSON,CORN,"2,500"
SURVEY,2016,PERSON,CORN,"2,200"
SURVEY,2016,PERSON,SOYBEANS,"13,000"
SURVEY,2016,PERSON,TOBACCO,"5,080"
SURVEY,2016,PERSON,TURKEYS, (D)
SURVEY,2016,ROCKINGHAM,CORN,"2,800"
SURVEY,2016,ROCKINGHAM,CORN,"1,800"
SURVEY,2016,ROCKINGHAM,SOYBEANS,"5,300"
SURVEY,2016,ROCKINGHAM,TOBACCO,"3,520"
SURVEY,2016,ROCKINGHAM,TURKEYS, (D)
SURVEY,2016,ROCKINGHAM,WHEAT,"2,650"
SURVEY,2016,STOKES,CORN,"1,800"
SURVEY,2016,STOKES,CORN,"1,500"
SURVEY,2016,STOKES,SOYBEANS,"2,700"
SURVEY,2016,STOKES,TOBACCO,"1,900"
SURVEY,2016,STOKES,TURKEYS, (D)
SURVEY,2016,VANCE,SOYBEANS,"6,700"
SURVEY,2016,VANCE,TOBACCO,"1,820"
SURVEY,2016,VANCE,TURKEYS, (D)
SURVEY,2016,VANCE,WHEAT,"1,900"
SURVEY,2016,WARREN,SOYBEANS,"8,000"
SURVEY,2016,WARREN,TOBACCO,"1,420"
SURVEY,2016,WARREN,WHEAT,"1,730"
SURVEY,2016,BLADEN,CORN,"25,000"
SURVEY,2016,BLADEN,CORN,"24,500"
SURVEY,2016,BLADEN,SOYBEANS,"15,000"
SURVEY,2016,BLADEN,TURKEYS,"2,050,000"
SURVEY,2016,BLADEN,WHEAT,"3,020"
SURVEY,2016,BRUNSWICK,CORN,"8,500"
SURVEY,2016,BRUNSWICK,CORN,"8,300"
SURVEY,2016,COLUMBUS,CORN,"37,000"
SURVEY,2016,COLUMBUS,CORN,"36,500"
SURVEY,2016,COLUMBUS,SOYBEANS,"56,000"
SURVEY,2016,COLUMBUS,TURKEYS, (D)
SURVEY,2016,CUMBERLAND,CORN,"10,000"
SURVEY,2016,CUMBERLAND,CORN,"9,700"
SURVEY,2016,CUMBERLAND,SOYBEANS,"19,200"
SURVEY,2016,CUMBERLAND,TURKEYS,"640,000"
SURVEY,2016,DUPLIN,CORN,"48,000"
SURVEY,2016,DUPLIN,CORN,"46,500"
SURVEY,2016,DUPLIN,SOYBEANS,"52,000"
SURVEY,2016,DUPLIN,SWEET POTATOES,"4,800"
SURVEY,2016,DUPLIN,TOBACCO,"2,900"
SURVEY,2016,DUPLIN,TURKEYS,"5,200,000"
SURVEY,2016,DUPLIN,WHEAT,"7,500"
SURVEY,2016,HARNETT,COTTON,"5,600"
SURVEY,2016,HARNETT,SOYBEANS,"29,300"
SURVEY,2016,HARNETT,SWEET POTATOES,"2,540"
SURVEY,2016,HARNETT,TURKEYS, (D)
SURVEY,2016,HOKE,TURKEYS,"150,000"
SURVEY,2016,HOKE,WHEAT,"2,010"
SURVEY,2016,NEW HANOVER,TURKEYS, (D)
SURVEY,2016,ONSLOW,CORN,"14,000"
SURVEY,2016,ONSLOW,CORN,"13,500"
SURVEY,2016,ONSLOW,TURKEYS,"1,950,000"
SURVEY,2016,ONSLOW,WHEAT,960
SURVEY,2016,OTHER (COMBINED) COUNTIES,CORN,"12,500"
SURVEY,2016,OTHER (COMBINED) COUNTIES,CORN,"12,100"
SURVEY,2016,OTHER (COMBINED) COUNTIES,COTTON,"28,910"
SURVEY,2016,OTHER (COMBINED) COUNTIES,SOYBEANS,"30,800"
SURVEY,2016,OTHER (COMBINED) COUNTIES,SWEET POTATOES,"6,760"
SURVEY,2016,OTHER (COMBINED) COUNTIES,TOBACCO,"15,920"
SURVEY,2016,OTHER (COMBINED) COUNTIES,WHEAT,"18,050"
SURVEY,2016,PENDER,CORN,"17,000"
SURVEY,2016,PENDER,CORN,"16,400"
SURVEY,2016,PENDER,SOYBEANS,"17,400"
SURVEY,2016,PENDER,TURKEYS,"495,000"
SURVEY,2016,ROBESON,CORN,"70,000"
SURVEY,2016,ROBESON,CORN,"68,500"
SURVEY,2016,ROBESON,COTTON,"7,790"
SURVEY,2016,ROBESON,SOYBEANS,"81,000"
SURVEY,2016,ROBESON,TOBACCO,"1,880"
SURVEY,2016,ROBESON,TURKEYS,"215,000"
SURVEY,2016,ROBESON,WHEAT,"26,500"
SURVEY,2016,SAMPSON,CORN,"36,000"
SURVEY,2016,SAMPSON,CORN,"35,200"
SURVEY,2016,SAMPSON,COTTON,"10,700"
SURVEY,2016,SAMPSON,SOYBEANS,"59,500"
SURVEY,2016,SAMPSON,SWEET POTATOES,"13,600"
SURVEY,2016,SAMPSON,TOBACCO,"12,500"
SURVEY,2016,SAMPSON,TURKEYS,"8,450,000"
SURVEY,2016,SAMPSON,WHEAT,"5,560"
SURVEY,2016,SCOTLAND,CORN,"9,000"
SURVEY,2016,SCOTLAND,CORN,"8,800"
SURVEY,2016,SCOTLAND,SOYBEANS,"11,800"
SURVEY,2016,ANSON,TURKEYS,"1,150,000"
SURVEY,2016,CABARRUS,CORN,"5,000"
SURVEY,2016,CABARRUS,CORN,"4,500"
SURVEY,2016,CABARRUS,SOYBEANS,"6,600"
SURVEY,2016,CABARRUS,TURKEYS, (D)
SURVEY,2016,CABARRUS,WHEAT,"3,250"
SURVEY,2016,CLEVELAND,CORN,"4,700"
SURVEY,2016,CLEVELAND,CORN,"3,500"
SURVEY,2016,CLEVELAND,SOYBEANS,"16,300"
SURVEY,2016,CLEVELAND,TURKEYS,"395,000"
SURVEY,2016,CLEVELAND,WHEAT,"6,800"
SURVEY,2016,GASTON,SOYBEANS,"4,200"
SURVEY,2016,GASTON,TURKEYS, (D)
SURVEY,2016,LINCOLN,SOYBEANS,"8,600"
SURVEY,2016,MONTGOMERY,TURKEYS, (D)
SURVEY,2016,MOORE,CORN,"1,700"
SURVEY,2016,MOORE,CORN,"1,600"
SURVEY,2016,MOORE,TURKEYS, (D)
SURVEY,2016,MOORE,WHEAT,"1,500"
SURVEY,2016,OTHER (COMBINED) COUNTIES,CORN,"21,600"
SURVEY,2016,OTHER (COMBINED) COUNTIES,CORN,"16,600"
SURVEY,2016,OTHER (COMBINED) COUNTIES,COTTON,"6,320"
SURVEY,2016,OTHER (COMBINED) COUNTIES,SOYBEANS,"21,500"
SURVEY,2016,OTHER (COMBINED) COUNTIES,TOBACCO,"1,840"
SURVEY,2016,OTHER (COMBINED) COUNTIES,WHEAT,"26,250"
SURVEY,2016,RICHMOND,SOYBEANS,"4,000"
SURVEY,2016,RICHMOND,TURKEYS, (D)
SURVEY,2016,STANLY,CORN,"12,500"
SURVEY,2016,STANLY,CORN,"11,700"
SURVEY,2016,STANLY,COTTON,"9,280"
SURVEY,2016,STANLY,SOYBEANS,"19,400"
SURVEY,2016,STANLY,TURKEYS,"590,000"
SURVEY,2016,UNION,CORN,"32,500"
SURVEY,2016,UNION,CORN,"32,000"
SURVEY,2016,UNION,SOYBEANS,"61,900"
SURVEY,2016,UNION,TURKEYS,"3,250,000"
SURVEY,2016,UNION,WHEAT,"36,000"
SURVEY,2016,BUNCOMBE,CORN,500
SURVEY,2016,BUNCOMBE,CORN,150
SURVEY,2016,BUNCOMBE,TURKEYS, (D)
SURVEY,2016,BURKE,CORN,"1,600"
SURVEY,2016,BURKE,CORN,"1,400"
SURVEY,2016,BURKE,SOYBEANS,850
SURVEY,2016,CHEROKEE,CORN,"1,300"
SURVEY,2016,CHEROKEE,CORN,900
SURVEY,2016,HENDERSON,CORN,"2,500"
SURVEY,2016,HENDERSON,CORN,"1,900"
SURVEY,2016,JACKSON,TURKEYS, (D)
SURVEY,2016,MADISON,TURKEYS, (D)
SURVEY,2016,OTHER (COMBINED) COUNTIES,CORN,"5,500"
SURVEY,2016,OTHER (COMBINED) COUNTIES,CORN,"2,900"
SURVEY,2016,OTHER (COMBINED) COUNTIES,SOYBEANS,"2,950"
SURVEY,2016,OTHER (COMBINED) COUNTIES,TOBACCO,130
SURVEY,2016,OTHER (COMBINED) COUNTIES,WHEAT,330
SURVEY,2016,RUTHERFORD,CORN,600
SURVEY,2016,RUTHERFORD,CORN,450
SURVEY,2016,RUTHERFORD,SOYBEANS,"1,700"
SURVEY,2016,RUTHERFORD,WHEAT,670
SURVEY,2016,TRANSYLVANIA,TURKEYS, (D)
SURVEY,2016,YANCEY,TURKEYS, (D)
SURVEY,2015,OTHER COUNTIES,CATTLE,"91,300"
SURVEY,2015,OTHER COUNTIES,CATTLE,"4,800"
SURVEY,2015,BEAUFORT,CATTLE,700
SURVEY,2015,CARTERET,CATTLE,200
SURVEY,2015,CRAVEN,CATTLE,600
SURVEY,2015,CRAVEN,CATTLE, (D)
SURVEY,2015,GREENE,CATTLE,900
SURVEY,2015,GREENE,CATTLE, (D)
SURVEY,2015,HYDE,CATTLE, (D)
SURVEY,2015,JOHNSTON,CATTLE, (D)
SURVEY,2015,JONES,CATTLE,700
SURVEY,2015,LENOIR,CATTLE,"1,500"
SURVEY,2015,PAMLICO,CATTLE, (D)
SURVEY,2015,PITT,CATTLE, (D)
SURVEY,2015,WAYNE,CATTLE, (D)
SURVEY,2015,WAYNE,CATTLE, (D)
SURVEY,2015,WILSON,CATTLE,600
SURVEY,2015,ALEXANDER,CATTLE,"7,000"
SURVEY,2015,ALEXANDER,CATTLE,"1,500"
SURVEY,2015,CATAWBA,CATTLE,"7,300"
SURVEY,2015,CATAWBA,CATTLE,400
SURVEY,2015,CHATHAM,CATTLE,"14,600"
SURVEY,2015,CHATHAM,CATTLE,"1,100"
SURVEY,2015,DAVIDSON,CATTLE,"5,400"
SURVEY,2015,DAVIDSON,CATTLE,"1,500"
SURVEY,2015,DAVIE,CATTLE,"5,300"
SURVEY,2015,DAVIE,CATTLE,500
SURVEY,2015,IREDELL,CATTLE,"12,800"
SURVEY,2015,IREDELL,CATTLE,"12,400"
SURVEY,2015,LEE,CATTLE,"1,600"
SURVEY,2015,RANDOLPH,CATTLE,"16,500"
SURVEY,2015,RANDOLPH,CATTLE,"5,700"
SURVEY,2015,ROWAN,CATTLE,"8,000"
SURVEY,2015,ROWAN,CATTLE,"1,400"
SURVEY,2015,WAKE,CATTLE, (D)
SURVEY,2015,WAKE,CATTLE, (D)
SURVEY,2015,BERTIE,CATTLE,500
SURVEY,2015,CAMDEN,CATTLE,100
SURVEY,2015,CHOWAN,CATTLE, (D)
SURVEY,2015,CURRITUCK,CATTLE, (D)
SURVEY,2015,EDGECOMBE,CATTLE,"1,400"
SURVEY,2015,GATES,CATTLE,400
SURVEY,2015,HALIFAX,CATTLE, (D)
SURVEY,2015,HALIFAX,CATTLE, (D)
SURVEY,2015,HERTFORD,CATTLE,200
SURVEY,2015,MARTIN,CATTLE,600
SURVEY,2015,MARTIN,CATTLE, (D)
SURVEY,2015,NASH,CATTLE,"4,000"
SURVEY,2015,NORTHAMPTON,CATTLE,700
SURVEY,2015,PASQUOTANK,CATTLE, (D)
SURVEY,2015,PERQUIMANS,CATTLE,500
SURVEY,2015,TYRRELL,CATTLE,100
SURVEY,2015,WASHINGTON,CATTLE,700
SURVEY,2015,ALLEGHANY,CATTLE,"6,900"
SURVEY,2015,ALLEGHANY,CATTLE,"1,500"
SURVEY,2015,ASHE,CATTLE,"6,200"
SURVEY,2015,ASHE,CATTLE,100
SURVEY,2015,AVERY,CATTLE,700
SURVEY,2015,AVERY,CATTLE, (D)
SURVEY,2015,CALDWELL,CATTLE,"3,000"
SURVEY,2015,CALDWELL,CATTLE, (D)
SURVEY,2015,SURRY,CATTLE, (D)
SURVEY,2015,SURRY,CATTLE, (D)
SURVEY,2015,WATAUGA,CATTLE,"4,400"
SURVEY,2015,WATAUGA,CATTLE, (D)
SURVEY,2015,WILKES,CATTLE,"14,000"
SURVEY,2015,WILKES,CATTLE,"1,300"
SURVEY,2015,YADKIN,CATTLE,"8,700"
SURVEY,2015,YADKIN,CATTLE,"1,400"
SURVEY,2015,ALAMANCE,CATTLE,"7,000"
SURVEY,2015,ALAMANCE,CATTLE,"1,300"
SURVEY,2015,CASWELL,CATTLE, (D)
SURVEY,2015,CASWELL,CATTLE, (D)
SURVEY,2015,DURHAM,CATTLE,"1,000"
SURVEY,2015,DURHAM,CATTLE,100
SURVEY,2015,FORSYTH,CATTLE,"2,300"
SURVEY,2015,FORSYTH,CATTLE, (D)
SURVEY,2015,FRANKLIN,CATTLE,"5,800"
SURVEY,2015,FRANKLIN,CATTLE, (D)
SURVEY,2015,GRANVILLE,CATTLE,"3,600"
SURVEY,2015,GRANVILLE,CATTLE,500
SURVEY,2015,GUILFORD,CATTLE,"5,500"
SURVEY,2015,GUILFORD,CATTLE,"1,500"
SURVEY,2015,ORANGE,CATTLE,"4,800"
SURVEY,2015,ORANGE,CATTLE,800
SURVEY,2015,PERSON,CATTLE, (D)
SURVEY,2015,PERSON,CATTLE, (D)
SURVEY,2015,ROCKINGHAM,CATTLE, (D)
SURVEY,2015,ROCKINGHAM,CATTLE, (D)
SURVEY,2015,STOKES,CATTLE,"5,100"
SURVEY,2015,STOKES,CATTLE, (D)
SURVEY,2015,VANCE,CATTLE,800
SURVEY,2015,WARREN,CATTLE, (D)
SURVEY,2015,WARREN,CATTLE, (D)
SURVEY,2015,BLADEN,CATTLE, (D)
SURVEY,2015,BLADEN,CATTLE, (D)
SURVEY,2015,BRUNSWICK,CATTLE, (D)
SURVEY,2015,COLUMBUS,CATTLE, (D)
SURVEY,2015,CUMBERLAND,CATTLE,"1,900"
SURVEY,2015,DUPLIN,CATTLE,"13,500"
SURVEY,2015,DUPLIN,CATTLE,100
SURVEY,2015,HARNETT,CATTLE,"3,900"
SURVEY,2015,HARNETT,CATTLE, (D)
SURVEY,2015,HOKE,CATTLE, (D)
SURVEY,2015,HOKE,CATTLE, (D)
SURVEY,2015,NEW HANOVER,CATTLE, (D)
SURVEY,2015,ONSLOW,CATTLE,"1,100"
SURVEY,2015,PENDER,CATTLE, (D)
SURVEY,2015,PENDER,CATTLE, (D)
SURVEY,2015,ROBESON,CATTLE, (D)
SURVEY,2015,ROBESON,CATTLE, (D)
SURVEY,2015,SAMPSON,CATTLE, (D)
SURVEY,2015,SAMPSON,CATTLE, (D)
SURVEY,2015,SCOTLAND,CATTLE, (D)
SURVEY,2015,ANSON,CATTLE,"4,500"
SURVEY,2015,ANSON,CATTLE, (D)
SURVEY,2015,CABARRUS,CATTLE,"6,700"
SURVEY,2015,CABARRUS,CATTLE,"1,100"
SURVEY,2015,CLEVELAND,CATTLE,"9,900"
SURVEY,2015,CLEVELAND,CATTLE,600
SURVEY,2015,GASTON,CATTLE,"3,100"
SURVEY,2015,GASTON,CATTLE,700
SURVEY,2015,LINCOLN,CATTLE,"4,100"
SURVEY,2015,LINCOLN,CATTLE,"3,000"
SURVEY,2015,MECKLENBURG,CATTLE, (D)
SURVEY,2015,MECKLENBURG,CATTLE, (D)
SURVEY,2015,MONTGOMERY,CATTLE,"3,000"
SURVEY,2015,MOORE,CATTLE,"5,900"
SURVEY,2015,RICHMOND,CATTLE,"1,300"
SURVEY,2015,STANLY,CATTLE, (D)
SURVEY,2015,STANLY,CATTLE, (D)
SURVEY,2015,UNION,CATTLE,"12,000"
SURVEY,2015,UNION,CATTLE, (D)
SURVEY,2015,BUNCOMBE,CATTLE,"7,000"
SURVEY,2015,BUNCOMBE,CATTLE,900
SURVEY,2015,BURKE,CATTLE,"2,500"
SURVEY,2015,CHEROKEE,CATTLE,"2,500"
SURVEY,2015,CHEROKEE,CATTLE, (D)
SURVEY,2015,CLAY,CATTLE, (D)
SURVEY,2015,CLAY,CATTLE, (D)
SURVEY,2015,GRAHAM,CATTLE, (D)
SURVEY,2015,GRAHAM,CATTLE, (D)
SURVEY,2015,HAYWOOD,CATTLE,"4,900"
SURVEY,2015,HAYWOOD,CATTLE,"1,200"
SURVEY,2015,HENDERSON,CATTLE,"1,500"
SURVEY,2015,HENDERSON,CATTLE,"1,400"
SURVEY,2015,JACKSON,CATTLE, (D)
SURVEY,2015,MACON,CATTLE,"1,800"
SURVEY,2015,MADISON,CATTLE,"3,800"
SURVEY,2015,MADISON,CATTLE, (D)
SURVEY,2015,MCDOWELL,CATTLE, (D)
SURVEY,2015,MCDOWELL,CATTLE, (D)
SURVEY,2015,MITCHELL,CATTLE,900
SURVEY,2015,MITCHELL,CATTLE, (D)
SURVEY,2015,POLK,CATTLE, (D)
SURVEY,2015,POLK,CATTLE, (D)
SURVEY,2015,RUTHERFORD,CATTLE, (D)
SURVEY,2015,RUTHERFORD,CATTLE, (D)
SURVEY,2015,SWAIN,CATTLE, (D)
SURVEY,2015,TRANSYLVANIA,CATTLE,"1,000"
SURVEY,2015,TRANSYLVANIA,CATTLE, (D)
SURVEY,2015,YANCEY,CATTLE,"2,200"
SURVEY,2015,YANCEY,CATTLE,200
SURVEY,2015,BEAUFORT,COTTON, (D)
SURVEY,2015,GREENE,COTTON, (D)
SURVEY,2015,JONES,COTTON, (D)
SURVEY,2015,LENOIR,COTTON, (D)
SURVEY,2015,OTHER (COMBINED) COUNTIES,COTTON, (D)
SURVEY,2015,PITT,COTTON, (D)
SURVEY,2015,WAYNE,COTTON, (D)
SURVEY,2015,WILSON,COTTON, (D)
SURVEY,2015,BERTIE,COTTON, (D)
SURVEY,2015,CHOWAN,COTTON, (D)
SURVEY,2015,EDGECOMBE,COTTON, (D)
SURVEY,2015,GATES,COTTON, (D)
SURVEY,2015,HALIFAX,COTTON,"90,500"
SURVEY,2015,HERTFORD,COTTON, (D)
SURVEY,2015,MARTIN,COTTON, (D)
SURVEY,2015,NASH,COTTON, (D)
SURVEY,2015,NORTHAMPTON,COTTON,"74,600"
SURVEY,2015,OTHER (COMBINED) COUNTIES,COTTON, (D)
SURVEY,2015,PERQUIMANS,COTTON, (D)
SURVEY,2015,BLADEN,COTTON, (D)
SURVEY,2015,CUMBERLAND,COTTON, (D)
SURVEY,2015,DUPLIN,COTTON, (D)
SURVEY,2015,HOKE,COTTON, (D)
SURVEY,2015,ROBESON,COTTON, (D)
SURVEY,2015,SAMPSON,COTTON, (D)
SURVEY,2015,ANSON,COTTON, (D)
SURVEY,2015,CLEVELAND,COTTON, (D)
SURVEY,2015,STANLY,COTTON, (D)
SURVEY,2015,OTHER COUNTIES,TURKEYS,"655,000"
SURVEY,2015,BEAUFORT,CORN,"37,600"
SURVEY,2015,BEAUFORT,CORN,"37,400"
SURVEY,2015,BEAUFORT,COTTON,"11,900"
SURVEY,2015,BEAUFORT,SOYBEANS,"72,300"
SURVEY,2015,CRAVEN,CORN,"16,900"
SURVEY,2015,CRAVEN,CORN,"16,800"
SURVEY,2015,CRAVEN,SOYBEANS,"26,200"
SURVEY,2015,GREENE,CORN,"8,500"
SURVEY,2015,GREENE,CORN,"8,300"
SURVEY,2015,GREENE,SOYBEANS,"38,000"
SURVEY,2015,GREENE,TOBACCO,"6,750"
SURVEY,2015,GREENE,TURKEYS,"1,700,000"
SURVEY,2015,GREENE,WHEAT,"9,100"
SURVEY,2015,HYDE,CORN,"34,000"
SURVEY,2015,HYDE,CORN,"33,600"
SURVEY,2015,HYDE,COTTON,"11,300"
SURVEY,2015,HYDE,SOYBEANS,"30,700"
SURVEY,2015,HYDE,WHEAT,"11,100"
SURVEY,2015,JOHNSTON,CORN,"5,600"
SURVEY,2015,JOHNSTON,CORN,"5,540"
SURVEY,2015,JOHNSTON,COTTON,"5,410"
SURVEY,2015,JOHNSTON,SOYBEANS,"52,300"
SURVEY,2015,JOHNSTON,TOBACCO,"11,000"
SURVEY,2015,JOHNSTON,TURKEYS,"330,000"
SURVEY,2015,JOHNSTON,WHEAT,"10,400"
SURVEY,2015,JONES,COTTON,"8,200"
SURVEY,2015,JONES,PEANUTS,480
SURVEY,2015,JONES,SOYBEANS,"19,900"
SURVEY,2015,JONES,TURKEYS,"260,000"
SURVEY,2015,LENOIR,CORN,"20,900"
SURVEY,2015,LENOIR,CORN,"20,800"
SURVEY,2015,LENOIR,COTTON,"4,850"
SURVEY,2015,LENOIR,SOYBEANS,"39,800"
SURVEY,2015,LENOIR,TOBACCO,"7,500"
SURVEY,2015,LENOIR,TURKEYS,"1,450,000"
SURVEY,2015,LENOIR,WHEAT,"11,700"
SURVEY,2015,OTHER (COMBINED) COUNTIES,CORN,"34,800"
SURVEY,2015,OTHER (COMBINED) COUNTIES,CORN,"34,500"
SURVEY,2015,OTHER (COMBINED) COUNTIES,COTTON,"7,850"
SURVEY,2015,OTHER (COMBINED) COUNTIES,PEANUTS,"9,150"
SURVEY,2015,OTHER (COMBINED) COUNTIES,SOYBEANS,"39,300"
SURVEY,2015,OTHER (COMBINED) COUNTIES,SWEET POTATOES,"19,480"
SURVEY,2015,OTHER (COMBINED) COUNTIES,TOBACCO,"6,630"
SURVEY,2015,OTHER (COMBINED) COUNTIES,WHEAT,"28,550"
SURVEY,2015,PAMLICO,CORN,"15,400"
SURVEY,2015,PAMLICO,CORN,"15,200"
SURVEY,2015,PAMLICO,WHEAT,"3,500"
SURVEY,2015,PITT,CORN,"18,100"
SURVEY,2015,PITT,CORN,"17,900"
SURVEY,2015,PITT,COTTON,"7,640"
SURVEY,2015,PITT,PEANUTS,"6,770"
SURVEY,2015,PITT,SOYBEANS,"70,000"
SURVEY,2015,PITT,SWEET POTATOES,"3,760"
SURVEY,2015,PITT,TOBACCO,"5,950"
SURVEY,2015,PITT,TURKEYS, (D)
SURVEY,2015,PITT,WHEAT,"12,900"
SURVEY,2015,WAYNE,CORN,"20,300"
SURVEY,2015,WAYNE,CORN,"19,100"
SURVEY,2015,WAYNE,COTTON,"3,800"
SURVEY,2015,WAYNE,PEANUTS,"3,400"
SURVEY,2015,WAYNE,SOYBEANS,"61,000"
SURVEY,2015,WAYNE,SWEET POTATOES,"5,100"
SURVEY,2015,WAYNE,TOBACCO,"10,500"
SURVEY,2015,WAYNE,TURKEYS,"3,800,000"
SURVEY,2015,WAYNE,WHEAT,"28,000"
SURVEY,2015,WILSON,CORN,"5,900"
SURVEY,2015,WILSON,CORN,"5,860"
SURVEY,2015,WILSON,COTTON,"6,250"
SURVEY,2015,WILSON,SOYBEANS,"37,000"
SURVEY,2015,WILSON,SWEET POTATOES,"8,760"
SURVEY,2015,WILSON,TOBACCO,"9,370"
SURVEY,2015,WILSON,WHEAT,"6,750"
SURVEY,2015,ALEXANDER,WHEAT,"1,330"
SURVEY,2015,CATAWBA,CORN,"2,800"
SURVEY,2015,CATAWBA,CORN,"2,070"
SURVEY,2015,CATAWBA,SOYBEANS,"8,640"
SURVEY,2015,CATAWBA,WHEAT,"5,600"
SURVEY,2015,CHATHAM,TURKEYS, (D)
SURVEY,2015,CHATHAM,WHEAT,600
SURVEY,2015,DAVIDSON,CORN,"7,200"
SURVEY,2015,DAVIDSON,CORN,"5,670"
SURVEY,2015,DAVIDSON,SOYBEANS,"10,300"
SURVEY,2015,DAVIDSON,TOBACCO,510
SURVEY,2015,DAVIDSON,TURKEYS, (D)
SURVEY,2015,DAVIDSON,WHEAT,"2,200"
SURVEY,2015,DAVIE,CORN,"6,200"
SURVEY,2015,DAVIE,CORN,"5,420"
SURVEY,2015,DAVIE,SOYBEANS,"7,970"
SURVEY,2015,DAVIE,TURKEYS, (D)
SURVEY,2015,DAVIE,WHEAT,"3,400"
SURVEY,2015,IREDELL,CORN,"20,600"
SURVEY,2015,IREDELL,CORN,"9,210"
SURVEY,2015,IREDELL,SOYBEANS,"17,800"
SURVEY,2015,IREDELL,TURKEYS, (D)
SURVEY,2015,IREDELL,WHEAT,"6,700"
SURVEY,2015,LEE,CORN,500
SURVEY,2015,LEE,CORN,470
SURVEY,2015,LEE,SOYBEANS,"4,640"
SURVEY,2015,LEE,TOBACCO,"2,470"
SURVEY,2015,LEE,WHEAT,470
SURVEY,2015,OTHER (COMBINED) COUNTIES,CORN,"4,900"
SURVEY,2015,OTHER (COMBINED) COUNTIES,CORN,"2,560"
SURVEY,2015,OTHER (COMBINED) COUNTIES,SOYBEANS,"4,270"
SURVEY,2015,OTHER (COMBINED) COUNTIES,TOBACCO,"1,180"
SURVEY,2015,RANDOLPH,CORN,"6,800"
SURVEY,2015,RANDOLPH,CORN,"4,500"
SURVEY,2015,RANDOLPH,SOYBEANS,"9,180"
SURVEY,2015,RANDOLPH,TOBACCO,790
SURVEY,2015,RANDOLPH,WHEAT,"2,900"
SURVEY,2015,ROWAN,CORN,"8,900"
SURVEY,2015,ROWAN,CORN,"7,600"
SURVEY,2015,ROWAN,SOYBEANS,"18,400"
SURVEY,2015,ROWAN,TURKEYS, (D)
SURVEY,2015,ROWAN,WHEAT,"7,300"
SURVEY,2015,WAKE,SOYBEANS,"12,600"
SURVEY,2015,WAKE,SWEET POTATOES,"1,650"
SURVEY,2015,WAKE,TOBACCO,"3,930"
SURVEY,2015,WAKE,TURKEYS, (D)
SURVEY,2015,WAKE,WHEAT,"3,100"
SURVEY,2015,BERTIE,CORN,"9,300"
SURVEY,2015,BERTIE,CORN,"9,180"
SURVEY,2015,BERTIE,COTTON,"20,300"
SURVEY,2015,BERTIE,PEANUTS,"6,450"
SURVEY,2015,BERTIE,SOYBEANS,"28,900"
SURVEY,2015,BERTIE,TOBACCO,"4,600"
SURVEY,2015,BERTIE,WHEAT,"12,700"
SURVEY,2015,CAMDEN,CORN,"16,600"
SURVEY,2015,CAMDEN,CORN,"16,400"
SURVEY,2015,CAMDEN,SOYBEANS,"30,900"
SURVEY,2015,CAMDEN,WHEAT,"7,400"
SURVEY,2015,CHOWAN,COTTON,"11,100"
SURVEY,2015,CHOWAN,PEANUTS,"3,300"
SURVEY,2015,CHOWAN,SOYBEANS,"14,800"
SURVEY,2015,CHOWAN,WHEAT,"3,800"
SURVEY,2015,CURRITUCK,CORN,"10,100"
SURVEY,2015,CURRITUCK,CORN,"10,000"
SURVEY,2015,CURRITUCK,SOYBEANS,"18,600"
SURVEY,2015,CURRITUCK,WHEAT,"7,300"
SURVEY,2015,EDGECOMBE,CORN,"9,000"
SURVEY,2015,EDGECOMBE,CORN,"8,980"
SURVEY,2015,EDGECOMBE,COTTON,"19,300"
SURVEY,2015,EDGECOMBE,PEANUTS,"4,450"
SURVEY,2015,EDGECOMBE,SOYBEANS,"48,000"
SURVEY,2015,EDGECOMBE,SWEET POTATOES,"7,400"
SURVEY,2015,EDGECOMBE,TOBACCO,"6,870"
SURVEY,2015,EDGECOMBE,WHEAT,"10,800"
SURVEY,2015,GATES,CORN,"4,400"
SURVEY,2015,GATES,CORN,"4,390"
SURVEY,2015,GATES,COTTON,"12,900"
SURVEY,2015,GATES,PEANUTS,"2,600"
SURVEY,2015,GATES,SOYBEANS,"19,800"
SURVEY,2015,HALIFAX,CORN,"6,500"
SURVEY,2015,HALIFAX,CORN,"6,360"
SURVEY,2015,HALIFAX,COTTON,"46,500"
SURVEY,2015,HALIFAX,SOYBEANS,"34,300"
SURVEY,2015,HALIFAX,TOBACCO,"2,550"
SURVEY,2015,HALIFAX,WHEAT,"4,300"
SURVEY,2015,HERTFORD,CORN,"7,300"
SURVEY,2015,HERTFORD,CORN,"7,280"
SURVEY,2015,HERTFORD,COTTON,"12,000"
SURVEY,2015,HERTFORD,PEANUTS,"3,200"
SURVEY,2015,HERTFORD,SOYBEANS,"15,700"
SURVEY,2015,HERTFORD,TOBACCO,"3,180"
SURVEY,2015,MARTIN,CORN,"4,300"
SURVEY,2015,MARTIN,CORN,"4,090"
SURVEY,2015,MARTIN,COTTON,"14,000"
SURVEY,2015,MARTIN,PEANUTS,"7,100"
SURVEY,2015,MARTIN,SOYBEANS,"23,600"
SURVEY,2015,MARTIN,WHEAT,"5,500"
SURVEY,2015,NASH,CORN,"1,400"
SURVEY,2015,NASH,CORN,"1,360"
SURVEY,2015,NASH,COTTON,"5,800"
SURVEY,2015,NASH,SOYBEANS,"31,300"
SURVEY,2015,NASH,SWEET POTATOES,"10,000"
SURVEY,2015,NASH,TOBACCO,"9,300"
SURVEY,2015,NASH,WHEAT,"3,600"
SURVEY,2015,NORTHAMPTON,CORN,"6,200"
SURVEY,2015,NORTHAMPTON,CORN,"6,130"
SURVEY,2015,NORTHAMPTON,COTTON,"38,700"
SURVEY,2015,NORTHAMPTON,PEANUTS,"3,800"
SURVEY,2015,NORTHAMPTON,SOYBEANS,"37,900"
SURVEY,2015,NORTHAMPTON,WHEAT,"7,900"
SURVEY,2015,OTHER (COMBINED) COUNTIES,CORN,"18,900"
SURVEY,2015,OTHER (COMBINED) COUNTIES,CORN,"18,730"
SURVEY,2015,OTHER (COMBINED) COUNTIES,COTTON,"4,100"
SURVEY,2015,OTHER (COMBINED) COUNTIES,PEANUTS,"9,300"
SURVEY,2015,OTHER (COMBINED) COUNTIES,SOYBEANS,"89,200"
SURVEY,2015,OTHER (COMBINED) COUNTIES,SWEET POTATOES,"3,500"
SURVEY,2015,OTHER (COMBINED) COUNTIES,TOBACCO,"6,300"
SURVEY,2015,OTHER (COMBINED) COUNTIES,WHEAT,"12,300"
SURVEY,2015,PASQUOTANK,WHEAT,"13,200"
SURVEY,2015,PERQUIMANS,CORN,"11,800"
SURVEY,2015,PERQUIMANS,CORN,"11,700"
SURVEY,2015,PERQUIMANS,COTTON,"9,800"
SURVEY,2015,PERQUIMANS,SOYBEANS,"45,400"
SURVEY,2015,PERQUIMANS,WHEAT,"20,000"
SURVEY,2015,TYRRELL,CORN,"23,400"
SURVEY,2015,TYRRELL,CORN,"23,300"
SURVEY,2015,TYRRELL,WHEAT,"14,900"
SURVEY,2015,WASHINGTON,CORN,"27,800"
SURVEY,2015,WASHINGTON,CORN,"27,600"
SURVEY,2015,WASHINGTON,COTTON,"10,500"
SURVEY,2015,WASHINGTON,SOYBEANS,"41,100"
SURVEY,2015,WASHINGTON,WHEAT,"12,300"
SURVEY,2015,CALDWELL,CORN,"1,300"
SURVEY,2015,CALDWELL,CORN,"1,140"
SURVEY,2015,OTHER (COMBINED) COUNTIES,CORN,"10,000"
SURVEY,2015,OTHER (COMBINED) COUNTIES,CORN,"3,510"
SURVEY,2015,OTHER (COMBINED) COUNTIES,SOYBEANS,"14,400"
SURVEY,2015,OTHER (COMBINED) COUNTIES,TOBACCO,"3,760"
SURVEY,2015,SURRY,CORN,"10,700"
SURVEY,2015,SURRY,CORN,"9,450"
SURVEY,2015,SURRY,TOBACCO,"3,170"
SURVEY,2015,SURRY,TURKEYS, (D)
SURVEY,2015,WATAUGA,TURKEYS, (D)
SURVEY,2015,YADKIN,CORN,"11,600"
SURVEY,2015,YADKIN,CORN,"10,200"
SURVEY,2015,YADKIN,SOYBEANS,"19,000"
SURVEY,2015,YADKIN,TURKEYS, (D)
SURVEY,2015,ALAMANCE,CORN,"2,200"
SURVEY,2015,ALAMANCE,CORN,"1,260"
SURVEY,2015,ALAMANCE,SOYBEANS,"5,970"
SURVEY,2015,ALAMANCE,TOBACCO,"1,130"
SURVEY,2015,ALAMANCE,TURKEYS, (D)
SURVEY,2015,ALAMANCE,WHEAT,"1,800"
SURVEY,2015,CASWELL,CORN,"1,000"
SURVEY,2015,CASWELL,CORN,590
SURVEY,2015,CASWELL,SOYBEANS,"2,890"
SURVEY,2015,CASWELL,TOBACCO,"2,490"
SURVEY,2015,CASWELL,WHEAT,"2,100"
SURVEY,2015,DURHAM,TURKEYS, (D)
SURVEY,2015,DURHAM,WHEAT,700
SURVEY,2015,FORSYTH,CORN,"1,900"
SURVEY,2015,FORSYTH,CORN,"1,310"
SURVEY,2015,FORSYTH,SOYBEANS,"4,370"
SURVEY,2015,FORSYTH,WHEAT,"1,100"
SURVEY,2015,FRANKLIN,CORN,800
SURVEY,2015,FRANKLIN,CORN,490
SURVEY,2015,FRANKLIN,SOYBEANS,"18,200"
SURVEY,2015,FRANKLIN,TOBACCO,"4,160"
SURVEY,2015,FRANKLIN,TURKEYS, (D)
SURVEY,2015,FRANKLIN,WHEAT,"6,400"
SURVEY,2015,GRANVILLE,CORN,"2,100"
SURVEY,2015,GRANVILLE,CORN,"1,040"
SURVEY,2015,GRANVILLE,SOYBEANS,"5,060"
SURVEY,2015,GRANVILLE,TOBACCO,"3,130"
SURVEY,2015,GRANVILLE,TURKEYS, (D)
SURVEY,2015,GRANVILLE,WHEAT,"3,500"
SURVEY,2015,GUILFORD,CORN,"4,500"
SURVEY,2015,GUILFORD,CORN,"2,210"
SURVEY,2015,GUILFORD,TURKEYS, (D)
SURVEY,2015,GUILFORD,WHEAT,"4,100"
SURVEY,2015,ORANGE,CORN,"2,100"
SURVEY,2015,ORANGE,CORN,"1,740"
SURVEY,2015,ORANGE,SOYBEANS,"4,070"
SURVEY,2015,ORANGE,TOBACCO,800
SURVEY,2015,ORANGE,TURKEYS, (D)
SURVEY,2015,ORANGE,WHEAT,"1,700"
SURVEY,2015,OTHER (COMBINED) COUNTIES,CORN,"2,900"
SURVEY,2015,OTHER (COMBINED) COUNTIES,CORN,"2,210"
SURVEY,2015,OTHER (COMBINED) COUNTIES,SOYBEANS,"9,600"
SURVEY,2015,OTHER (COMBINED) COUNTIES,TOBACCO,"3,290"
SURVEY,2015,PERSON,SOYBEANS,"14,200"
SURVEY,2015,PERSON,TOBACCO,"5,070"
SURVEY,2015,PERSON,TURKEYS, (D)
SURVEY,2015,PERSON,WHEAT,"6,050"
SURVEY,2015,ROCKINGHAM,CORN,"2,500"
SURVEY,2015,ROCKINGHAM,CORN,"1,550"
SURVEY,2015,ROCKINGHAM,SOYBEANS,"4,880"
SURVEY,2015,ROCKINGHAM,TOBACCO,"3,500"
SURVEY,2015,ROCKINGHAM,TURKEYS, (D)
SURVEY,2015,ROCKINGHAM,WHEAT,"4,000"
SURVEY,2015,STOKES,CORN,"1,500"
SURVEY,2015,STOKES,CORN,"1,100"
SURVEY,2015,STOKES,SOYBEANS,"2,380"
SURVEY,2015,STOKES,TOBACCO,"2,110"
SURVEY,2015,STOKES,TURKEYS, (D)
SURVEY,2015,STOKES,WHEAT,550
SURVEY,2015,VANCE,SOYBEANS,"7,410"
SURVEY,2015,VANCE,TOBACCO,"1,940"
SURVEY,2015,VANCE,TURKEYS, (D)
SURVEY,2015,VANCE,WHEAT,"2,100"
SURVEY,2015,WARREN,SOYBEANS,"9,170"
SURVEY,2015,WARREN,TOBACCO,"1,480"
SURVEY,2015,WARREN,WHEAT,"2,400"
SURVEY,2015,BLADEN,CORN,"19,100"
SURVEY,2015,BLADEN,CORN,"18,800"
SURVEY,2015,BLADEN,SOYBEANS,"22,600"
SURVEY,2015,BLADEN,TURKEYS,"1,900,000"
SURVEY,2015,BLADEN,WHEAT,"4,600"
SURVEY,2015,BRUNSWICK,CORN,"6,900"
SURVEY,2015,BRUNSWICK,CORN,"6,830"
SURVEY,2015,COLUMBUS,SOYBEANS,"60,900"
SURVEY,2015,COLUMBUS,SWEET POTATOES,"1,790"
SURVEY,2015,COLUMBUS,TOBACCO,"1,940"
SURVEY,2015,COLUMBUS,TURKEYS, (D)
SURVEY,2015,COLUMBUS,WHEAT,"13,100"
SURVEY,2015,CUMBERLAND,CORN,"8,200"
SURVEY,2015,CUMBERLAND,CORN,"8,150"
SURVEY,2015,CUMBERLAND,COTTON,"5,930"
SURVEY,2015,CUMBERLAND,SOYBEANS,"17,900"
SURVEY,2015,CUMBERLAND,TOBACCO,"3,880"
SURVEY,2015,CUMBERLAND,TURKEYS,"590,000"
SURVEY,2015,CUMBERLAND,WHEAT,"6,300"
SURVEY,2015,DUPLIN,CORN,"37,000"
SURVEY,2015,DUPLIN,CORN,"36,700"
SURVEY,2015,DUPLIN,SOYBEANS,"53,300"
SURVEY,2015,DUPLIN,SWEET POTATOES,"3,290"
SURVEY,2015,DUPLIN,TOBACCO,"3,300"
SURVEY,2015,DUPLIN,TURKEYS,"4,800,000"
SURVEY,2015,DUPLIN,WHEAT,"23,000"
SURVEY,2015,HARNETT,COTTON,"8,300"
SURVEY,2015,HARNETT,SOYBEANS,"22,200"
SURVEY,2015,HARNETT,TOBACCO,"6,950"
SURVEY,2015,HARNETT,TURKEYS, (D)
SURVEY,2015,HARNETT,WHEAT,"6,000"
SURVEY,2015,HOKE,TURKEYS,"195,000"
SURVEY,2015,HOKE,WHEAT,"4,400"
SURVEY,2015,ONSLOW,CORN,"9,400"
SURVEY,2015,ONSLOW,CORN,"9,390"
SURVEY,2015,ONSLOW,SOYBEANS,"18,500"
SURVEY,2015,ONSLOW,TURKEYS,"1,800,000"
SURVEY,2015,ONSLOW,WHEAT,"2,500"
SURVEY,2015,OTHER (COMBINED) COUNTIES,CORN,"56,400"
SURVEY,2015,OTHER (COMBINED) COUNTIES,CORN,"55,530"
SURVEY,2015,OTHER (COMBINED) COUNTIES,COTTON,"25,270"
SURVEY,2015,OTHER (COMBINED) COUNTIES,SOYBEANS,"39,600"
SURVEY,2015,OTHER (COMBINED) COUNTIES,SWEET POTATOES,"7,020"
SURVEY,2015,OTHER (COMBINED) COUNTIES,TOBACCO,"3,090"
SURVEY,2015,OTHER (COMBINED) COUNTIES,WHEAT,"11,600"
SURVEY,2015,PENDER,TURKEYS,"460,000"
SURVEY,2015,ROBESON,CORN,"59,600"
SURVEY,2015,ROBESON,CORN,"59,400"
SURVEY,2015,ROBESON,COTTON,"10,700"
SURVEY,2015,ROBESON,SOYBEANS,"90,500"
SURVEY,2015,ROBESON,TOBACCO,"2,040"
SURVEY,2015,ROBESON,TURKEYS,"200,000"
SURVEY,2015,ROBESON,WHEAT,"47,000"
SURVEY,2015,SAMPSON,CORN,"26,400"
SURVEY,2015,SAMPSON,CORN,"26,200"
SURVEY,2015,SAMPSON,COTTON,"11,100"
SURVEY,2015,SAMPSON,SOYBEANS,"65,400"
SURVEY,2015,SAMPSON,SWEET POTATOES,"13,500"
SURVEY,2015,SAMPSON,TOBACCO,"13,600"
SURVEY,2015,SAMPSON,TURKEYS,"7,850,000"
SURVEY,2015,SAMPSON,WHEAT,"26,500"
SURVEY,2015,SCOTLAND,SOYBEANS,"12,100"
SURVEY,2015,ANSON,CORN,"8,100"
SURVEY,2015,ANSON,CORN,"7,450"
SURVEY,2015,ANSON,SOYBEANS,"15,700"
SURVEY,2015,ANSON,TURKEYS,"1,100,000"
SURVEY,2015,ANSON,WHEAT,"8,900"
SURVEY,2015,CABARRUS,CORN,"4,600"
SURVEY,2015,CABARRUS,CORN,"3,510"
SURVEY,2015,CABARRUS,SOYBEANS,"6,500"
SURVEY,2015,CABARRUS,TURKEYS, (D)
SURVEY,2015,CABARRUS,WHEAT,"4,000"
SURVEY,2015,CLEVELAND,CORN,"3,900"
SURVEY,2015,CLEVELAND,CORN,"1,090"
SURVEY,2015,CLEVELAND,SOYBEANS,"14,900"
SURVEY,2015,CLEVELAND,TURKEYS,"365,000"
SURVEY,2015,CLEVELAND,WHEAT,"8,800"
SURVEY,2015,GASTON,TURKEYS, (D)
SURVEY,2015,GASTON,WHEAT,"1,800"
SURVEY,2015,LINCOLN,CORN,"2,700"
SURVEY,2015,LINCOLN,CORN,350
SURVEY,2015,LINCOLN,SOYBEANS,"6,460"
SURVEY,2015,LINCOLN,WHEAT,"3,500"
SURVEY,2015,MONTGOMERY,SOYBEANS,590
SURVEY,2015,MONTGOMERY,TURKEYS, (D)
SURVEY,2015,MONTGOMERY,WHEAT,300
SURVEY,2015,MOORE,CORN,"1,200"
SURVEY,2015,MOORE,CORN,"1,150"
SURVEY,2015,MOORE,SOYBEANS,"3,850"
SURVEY,2015,MOORE,TURKEYS, (D)
SURVEY,2015,OTHER (COMBINED) COUNTIES,CORN,"5,400"
SURVEY,2015,OTHER (COMBINED) COUNTIES,CORN,"4,200"
SURVEY,2015,OTHER (COMBINED) COUNTIES,SOYBEANS,"5,000"
SURVEY,2015,OTHER (COMBINED) COUNTIES,TOBACCO,"1,790"
SURVEY,2015,OTHER (COMBINED) COUNTIES,WHEAT,"3,400"
SURVEY,2015,RICHMOND,SOYBEANS,"3,500"
SURVEY,2015,RICHMOND,TURKEYS, (D)
SURVEY,2015,STANLY,CORN,"11,100"
SURVEY,2015,STANLY,CORN,"9,950"
SURVEY,2015,STANLY,SOYBEANS,"19,600"
SURVEY,2015,STANLY,TURKEYS,"545,000"
SURVEY,2015,STANLY,WHEAT,"11,600"
SURVEY,2015,UNION,CORN,"30,700"
SURVEY,2015,UNION,CORN,"28,900"
SURVEY,2015,UNION,SOYBEANS,"62,600"
SURVEY,2015,UNION,TURKEYS,"3,000,000"
SURVEY,2015,UNION,WHEAT,"44,700"
SURVEY,2015,BUNCOMBE,CORN,700
SURVEY,2015,BUNCOMBE,CORN,100
SURVEY,2015,BUNCOMBE,TURKEYS, (D)
SURVEY,2015,BURKE,CORN,"1,200"
SURVEY,2015,BURKE,CORN,920
SURVEY,2015,JACKSON,TURKEYS, (D)
SURVEY,2015,MADISON,TURKEYS, (D)
SURVEY,2015,OTHER (COMBINED) COUNTIES,CORN,"8,800"
SURVEY,2015,OTHER (COMBINED) COUNTIES,CORN,"5,350"
SURVEY,2015,OTHER (COMBINED) COUNTIES,SOYBEANS,"5,150"
SURVEY,2015,OTHER (COMBINED) COUNTIES,TOBACCO,140
SURVEY,2015,RUTHERFORD,CORN,600
SURVEY,2015,RUTHERFORD,CORN,230
SURVEY,2015,RUTHERFORD,SOYBEANS,"1,750"
SURVEY,2015,TRANSYLVANIA,TURKEYS, (D)
SURVEY,2014,OTHER COUNTIES,CATTLE,"89,300"
SURVEY,2014,OTHER COUNTIES,CATTLE,"4,300"
SURVEY,2014,BEAUFORT,CATTLE,700
SURVEY,2014,CARTERET,CATTLE,200
SURVEY,2014,CRAVEN,CATTLE,600
SURVEY,2014,CRAVEN,CATTLE, (D)
SURVEY,2014,GREENE,CATTLE,800
SURVEY,2014,GREENE,CATTLE, (D)
SURVEY,2014,HYDE,CATTLE, (D)
SURVEY,2014,JOHNSTON,CATTLE, (D)
SURVEY,2014,JONES,CATTLE,700
SURVEY,2014,LENOIR,CATTLE,"1,500"
SURVEY,2014,PAMLICO,CATTLE, (D)
SURVEY,2014,PITT,CATTLE, (D)
SURVEY,2014,WAYNE,CATTLE, (D)
SURVEY,2014,WAYNE,CATTLE, (D)
SURVEY,2014,WILSON,CATTLE,600
SURVEY,2014,ALEXANDER,CATTLE,"6,800"
SURVEY,2014,ALEXANDER,CATTLE,"1,500"
SURVEY,2014,CATAWBA,CATTLE,"7,200"
SURVEY,2014,CATAWBA,CATTLE,400
SURVEY,2014,CHATHAM,CATTLE,"14,300"
SURVEY,2014,CHATHAM,CATTLE,"1,200"
SURVEY,2014,DAVIDSON,CATTLE,"5,300"
SURVEY,2014,DAVIDSON,CATTLE,"1,400"
SURVEY,2014,DAVIE,CATTLE,"5,200"
SURVEY,2014,DAVIE,CATTLE,500
SURVEY,2014,IREDELL,CATTLE,"12,500"
SURVEY,2014,IREDELL,CATTLE,"12,800"
SURVEY,2014,LEE,CATTLE,"1,500"
SURVEY,2014,RANDOLPH,CATTLE,"16,000"
SURVEY,2014,RANDOLPH,CATTLE,"4,400"
SURVEY,2014,ROWAN,CATTLE,"7,700"
SURVEY,2014,ROWAN,CATTLE,"1,400"
SURVEY,2014,WAKE,CATTLE, (D)
SURVEY,2014,WAKE,CATTLE, (D)
SURVEY,2014,BERTIE,CATTLE,500
SURVEY,2014,CAMDEN,CATTLE,100
SURVEY,2014,CHOWAN,CATTLE, (D)
SURVEY,2014,CURRITUCK,CATTLE, (D)
SURVEY,2014,EDGECOMBE,CATTLE,"1,400"
SURVEY,2014,GATES,CATTLE,400
SURVEY,2014,HALIFAX,CATTLE, (D)
SURVEY,2014,HALIFAX,CATTLE, (D)
SURVEY,2014,HERTFORD,CATTLE,200
SURVEY,2014,MARTIN,CATTLE,500
SURVEY,2014,MARTIN,CATTLE, (D)
SURVEY,2014,NASH,CATTLE,"4,000"
SURVEY,2014,NORTHAMPTON,CATTLE,600
SURVEY,2014,PASQUOTANK,CATTLE, (D)
SURVEY,2014,PERQUIMANS,CATTLE,500
SURVEY,2014,TYRRELL,CATTLE,100
SURVEY,2014,WASHINGTON,CATTLE,600
SURVEY,2014,ALLEGHANY,CATTLE,"6,800"
SURVEY,2014,ALLEGHANY,CATTLE,"1,600"
SURVEY,2014,ASHE,CATTLE,"6,100"
SURVEY,2014,ASHE,CATTLE,100
SURVEY,2014,AVERY,CATTLE,700
SURVEY,2014,AVERY,CATTLE, (D)
SURVEY,2014,CALDWELL,CATTLE,"3,000"
SURVEY,2014,CALDWELL,CATTLE, (D)
SURVEY,2014,SURRY,CATTLE, (D)
SURVEY,2014,SURRY,CATTLE, (D)
SURVEY,2014,WATAUGA,CATTLE,"4,300"
SURVEY,2014,WATAUGA,CATTLE, (D)
SURVEY,2014,WILKES,CATTLE,"13,700"
SURVEY,2014,WILKES,CATTLE,"1,200"
SURVEY,2014,YADKIN,CATTLE,"8,500"
SURVEY,2014,YADKIN,CATTLE,"1,300"
SURVEY,2014,ALAMANCE,CATTLE,"6,900"
SURVEY,2014,ALAMANCE,CATTLE,"1,200"
SURVEY,2014,CASWELL,CATTLE, (D)
SURVEY,2014,CASWELL,CATTLE, (D)
SURVEY,2014,DURHAM,CATTLE,"1,000"
SURVEY,2014,DURHAM,CATTLE,100
SURVEY,2014,FORSYTH,CATTLE,"2,200"
SURVEY,2014,FORSYTH,CATTLE, (D)
SURVEY,2014,FRANKLIN,CATTLE,"5,700"
SURVEY,2014,FRANKLIN,CATTLE, (D)
SURVEY,2014,GRANVILLE,CATTLE,"3,400"
SURVEY,2014,GRANVILLE,CATTLE,500
SURVEY,2014,GUILFORD,CATTLE,"5,400"
SURVEY,2014,GUILFORD,CATTLE,"1,500"
SURVEY,2014,ORANGE,CATTLE,"4,700"
SURVEY,2014,ORANGE,CATTLE,700
SURVEY,2014,PERSON,CATTLE, (D)
SURVEY,2014,PERSON,CATTLE, (D)
SURVEY,2014,ROCKINGHAM,CATTLE, (D)
SURVEY,2014,ROCKINGHAM,CATTLE, (D)
SURVEY,2014,STOKES,CATTLE,"5,000"
SURVEY,2014,STOKES,CATTLE, (D)
SURVEY,2014,VANCE,CATTLE,800
SURVEY,2014,WARREN,CATTLE, (D)
SURVEY,2014,WARREN,CATTLE, (D)
SURVEY,2014,BLADEN,CATTLE, (D)
SURVEY,2014,BLADEN,CATTLE, (D)
SURVEY,2014,BRUNSWICK,CATTLE, (D)
SURVEY,2014,COLUMBUS,CATTLE, (D)
SURVEY,2014,CUMBERLAND,CATTLE,"1,900"
SURVEY,2014,DUPLIN,CATTLE,"13,300"
SURVEY,2014,DUPLIN,CATTLE,100
SURVEY,2014,HARNETT,CATTLE,"3,900"
SURVEY,2014,HARNETT,CATTLE, (D)
SURVEY,2014,HOKE,CATTLE, (D)
SURVEY,2014,HOKE,CATTLE, (D)
SURVEY,2014,ONSLOW,CATTLE,"1,100"
SURVEY,2014,PENDER,CATTLE, (D)
SURVEY,2014,PENDER,CATTLE, (D)
SURVEY,2014,ROBESON,CATTLE, (D)
SURVEY,2014,ROBESON,CATTLE, (D)
SURVEY,2014,SAMPSON,CATTLE, (D)
SURVEY,2014,SAMPSON,CATTLE, (D)
SURVEY,2014,SCOTLAND,CATTLE, (D)
SURVEY,2014,ANSON,CATTLE,"4,400"
SURVEY,2014,ANSON,CATTLE, (D)
SURVEY,2014,CABARRUS,CATTLE,"6,500"
SURVEY,2014,CABARRUS,CATTLE,"1,200"
SURVEY,2014,CLEVELAND,CATTLE,"9,700"
SURVEY,2014,CLEVELAND,CATTLE,600
SURVEY,2014,GASTON,CATTLE,"3,000"
SURVEY,2014,GASTON,CATTLE,700
SURVEY,2014,LINCOLN,CATTLE,"4,000"
SURVEY,2014,LINCOLN,CATTLE,"2,800"
SURVEY,2014,MECKLENBURG,CATTLE, (D)
SURVEY,2014,MECKLENBURG,CATTLE, (D)
SURVEY,2014,MONTGOMERY,CATTLE,"2,900"
SURVEY,2014,MOORE,CATTLE,"5,700"
SURVEY,2014,RICHMOND,CATTLE,"1,200"
SURVEY,2014,STANLY,CATTLE, (D)
SURVEY,2014,STANLY,CATTLE, (D)
SURVEY,2014,UNION,CATTLE,"11,900"
SURVEY,2014,UNION,CATTLE, (D)
SURVEY,2014,BUNCOMBE,CATTLE,"6,900"
SURVEY,2014,BUNCOMBE,CATTLE,800
SURVEY,2014,BURKE,CATTLE,"2,500"
SURVEY,2014,CHEROKEE,CATTLE,"2,400"
SURVEY,2014,CLAY,CATTLE, (D)
SURVEY,2014,CLAY,CATTLE, (D)
SURVEY,2014,GRAHAM,CATTLE, (D)
SURVEY,2014,GRAHAM,CATTLE, (D)
SURVEY,2014,HAYWOOD,CATTLE,"4,800"
SURVEY,2014,HAYWOOD,CATTLE,"1,100"
SURVEY,2014,HENDERSON,CATTLE,"1,500"
SURVEY,2014,HENDERSON,CATTLE,"1,500"
SURVEY,2014,JACKSON,CATTLE, (D)
SURVEY,2014,MACON,CATTLE,"1,700"
SURVEY,2014,MADISON,CATTLE,"3,700"
SURVEY,2014,MADISON,CATTLE, (D)
SURVEY,2014,MCDOWELL,CATTLE, (D)
SURVEY,2014,MCDOWELL,CATTLE, (D)
SURVEY,2014,MITCHELL,CATTLE,900
SURVEY,2014,MITCHELL,CATTLE, (D)
SURVEY,2014,POLK,CATTLE, (D)
SURVEY,2014,POLK,CATTLE, (D)
SURVEY,2014,RUTHERFORD,CATTLE, (D)
SURVEY,2014,RUTHERFORD,CATTLE, (D)
SURVEY,2014,SWAIN,CATTLE, (D)
SURVEY,2014,TRANSYLVANIA,CATTLE,"1,000"
SURVEY,2014,TRANSYLVANIA,CATTLE, (D)
SURVEY,2014,YANCEY,CATTLE,"2,100"
SURVEY,2014,YANCEY,CATTLE,100
SURVEY,2014,BEAUFORT,COTTON, (D)
SURVEY,2014,GREENE,COTTON, (D)
SURVEY,2014,HYDE,COTTON, (D)
SURVEY,2014,JONES,COTTON, (D)
SURVEY,2014,LENOIR,COTTON, (D)
SURVEY,2014,OTHER (COMBINED) COUNTIES,COTTON,"259,450"
SURVEY,2014,PITT,COTTON, (D)
SURVEY,2014,WAYNE,COTTON, (D)
SURVEY,2014,WILSON,COTTON, (D)
SURVEY,2014,BERTIE,COTTON, (D)
SURVEY,2014,CHOWAN,COTTON, (D)
SURVEY,2014,EDGECOMBE,COTTON, (D)
SURVEY,2014,GATES,COTTON, (D)
SURVEY,2014,HALIFAX,COTTON,"155,700"
SURVEY,2014,HERTFORD,COTTON, (D)
SURVEY,2014,MARTIN,COTTON, (D)
SURVEY,2014,NASH,COTTON, (D)
SURVEY,2014,NORTHAMPTON,COTTON,"123,050"
SURVEY,2014,OTHER (COMBINED) COUNTIES,COTTON,"275,150"
SURVEY,2014,PERQUIMANS,COTTON, (D)
SURVEY,2014,BLADEN,COTTON, (D)
SURVEY,2014,CUMBERLAND,COTTON, (D)
SURVEY,2014,DUPLIN,COTTON, (D)
SURVEY,2014,HOKE,COTTON, (D)
SURVEY,2014,ROBESON,COTTON, (D)
SURVEY,2014,SAMPSON,COTTON, (D)
SURVEY,2014,ANSON,COTTON, (D)
SURVEY,2014,CLEVELAND,COTTON, (D)
SURVEY,2014,STANLY,COTTON, (D)
SURVEY,2014,OTHER COUNTIES,TURKEYS,"605,000"
SURVEY,2014,BEAUFORT,CORN,"39,700"
SURVEY,2014,BEAUFORT,CORN,"38,500"
SURVEY,2014,BEAUFORT,COTTON,"14,800"
SURVEY,2014,BEAUFORT,SOYBEANS,"70,400"
SURVEY,2014,BEAUFORT,WHEAT,"32,000"
SURVEY,2014,CRAVEN,CORN,"16,600"
SURVEY,2014,CRAVEN,CORN,"16,100"
SURVEY,2014,CRAVEN,COTTON,"5,650"
SURVEY,2014,CRAVEN,SOYBEANS,"26,300"
SURVEY,2014,CRAVEN,TOBACCO,"2,140"
SURVEY,2014,GREENE,CORN,"7,200"
SURVEY,2014,GREENE,CORN,"7,100"
SURVEY,2014,GREENE,SOYBEANS,"36,700"
SURVEY,2014,GREENE,TOBACCO,"8,660"
SURVEY,2014,GREENE,TURKEYS,"1,600,000"
SURVEY,2014,GREENE,WHEAT,"13,500"
SURVEY,2014,HYDE,COTTON,"11,400"
SURVEY,2014,HYDE,WHEAT,"15,600"
SURVEY,2014,JOHNSTON,CORN,"6,200"
SURVEY,2014,JOHNSTON,CORN,"6,100"
SURVEY,2014,JOHNSTON,COTTON,"5,950"
SURVEY,2014,JOHNSTON,SOYBEANS,"56,600"
SURVEY,2014,JOHNSTON,SWEET POTATOES,"9,220"
SURVEY,2014,JOHNSTON,TOBACCO,"12,800"
SURVEY,2014,JOHNSTON,TURKEYS,"305,000"
SURVEY,2014,JOHNSTON,WHEAT,"18,200"
SURVEY,2014,JONES,CORN,"13,200"
SURVEY,2014,JONES,CORN,"12,900"
SURVEY,2014,JONES,COTTON,"11,500"
SURVEY,2014,JONES,PEANUTS,700
SURVEY,2014,JONES,SOYBEANS,"18,600"
SURVEY,2014,JONES,TOBACCO,"3,670"
SURVEY,2014,JONES,TURKEYS,"240,000"
SURVEY,2014,JONES,WHEAT,"9,300"
SURVEY,2014,LENOIR,CORN,"19,700"
SURVEY,2014,LENOIR,CORN,"19,200"
SURVEY,2014,LENOIR,COTTON,"10,300"
SURVEY,2014,LENOIR,SOYBEANS,"40,300"
SURVEY,2014,LENOIR,SWEET POTATOES,"1,570"
SURVEY,2014,LENOIR,TOBACCO,"8,260"
SURVEY,2014,LENOIR,TURKEYS,"1,350,000"
SURVEY,2014,LENOIR,WHEAT,"19,700"
SURVEY,2014,OTHER (COMBINED) COUNTIES,CORN,"55,300"
SURVEY,2014,OTHER (COMBINED) COUNTIES,CORN,"53,700"
SURVEY,2014,OTHER (COMBINED) COUNTIES,COTTON,"10,500"
SURVEY,2014,OTHER (COMBINED) COUNTIES,PEANUTS,"9,200"
SURVEY,2014,OTHER (COMBINED) COUNTIES,SOYBEANS,"55,900"
SURVEY,2014,OTHER (COMBINED) COUNTIES,SWEET POTATOES,"13,590"
SURVEY,2014,OTHER (COMBINED) COUNTIES,TOBACCO,"8,070"
SURVEY,2014,OTHER (COMBINED) COUNTIES,WHEAT,"6,600"
SURVEY,2014,PAMLICO,CORN,"16,900"
SURVEY,2014,PAMLICO,CORN,"16,700"
SURVEY,2014,PAMLICO,SOYBEANS,"16,400"
SURVEY,2014,PAMLICO,WHEAT,"8,900"
SURVEY,2014,PITT,CORN,"17,000"
SURVEY,2014,PITT,CORN,"16,900"
SURVEY,2014,PITT,COTTON,"17,000"
SURVEY,2014,PITT,PEANUTS,"7,600"
SURVEY,2014,PITT,SOYBEANS,"65,100"
SURVEY,2014,PITT,TURKEYS, (D)
SURVEY,2014,PITT,WHEAT,"22,200"
SURVEY,2014,WAYNE,CORN,"21,800"
SURVEY,2014,WAYNE,CORN,"21,500"
SURVEY,2014,WAYNE,COTTON,"7,500"
SURVEY,2014,WAYNE,PEANUTS,"3,000"
SURVEY,2014,WAYNE,SOYBEANS,"62,500"
SURVEY,2014,WAYNE,TOBACCO,"10,200"
SURVEY,2014,WAYNE,TURKEYS,"3,500,000"
SURVEY,2014,WAYNE,WHEAT,"35,600"
SURVEY,2014,WILSON,CORN,"6,400"
SURVEY,2014,WILSON,CORN,"6,300"
SURVEY,2014,WILSON,COTTON,"10,000"
SURVEY,2014,WILSON,SOYBEANS,"36,200"
SURVEY,2014,WILSON,SWEET POTATOES,"7,720"
SURVEY,2014,WILSON,TOBACCO,"10,100"
SURVEY,2014,WILSON,WHEAT,"9,900"
SURVEY,2014,ALEXANDER,CORN,"1,900"
SURVEY,2014,ALEXANDER,CORN,700
SURVEY,2014,ALEXANDER,SOYBEANS,"2,480"
SURVEY,2014,ALEXANDER,WHEAT,850
SURVEY,2014,CATAWBA,CORN,"3,500"
SURVEY,2014,CATAWBA,CORN,"2,800"
SURVEY,2014,CATAWBA,SOYBEANS,"8,520"
SURVEY,2014,CATAWBA,WHEAT,"4,700"
SURVEY,2014,CHATHAM,CORN,"2,500"
SURVEY,2014,CHATHAM,CORN,"1,700"
SURVEY,2014,CHATHAM,SOYBEANS,"3,050"
SURVEY,2014,CHATHAM,TURKEYS, (D)
SURVEY,2014,CHATHAM,WHEAT,750
SURVEY,2014,DAVIDSON,CORN,"7,200"
SURVEY,2014,DAVIDSON,CORN,"6,100"
SURVEY,2014,DAVIDSON,SOYBEANS,"11,200"
SURVEY,2014,DAVIDSON,TOBACCO,650
SURVEY,2014,DAVIDSON,TURKEYS, (D)
SURVEY,2014,DAVIDSON,WHEAT,"3,100"
SURVEY,2014,DAVIE,CORN,"7,800"
SURVEY,2014,DAVIE,CORN,"7,500"
SURVEY,2014,DAVIE,SOYBEANS,"8,570"
SURVEY,2014,DAVIE,TOBACCO,190
SURVEY,2014,DAVIE,TURKEYS, (D)
SURVEY,2014,DAVIE,WHEAT,"3,800"
SURVEY,2014,IREDELL,CORN,"20,800"
SURVEY,2014,IREDELL,CORN,"11,800"
SURVEY,2014,IREDELL,SOYBEANS,"15,300"
SURVEY,2014,IREDELL,TURKEYS, (D)
SURVEY,2014,IREDELL,WHEAT,"5,100"
SURVEY,2014,LEE,SOYBEANS,"6,260"
SURVEY,2014,LEE,TOBACCO,"2,200"
SURVEY,2014,LEE,WHEAT,"1,300"
SURVEY,2014,OTHER (COMBINED) COUNTIES,CORN,"1,200"
SURVEY,2014,OTHER (COMBINED) COUNTIES,CORN,"1,100"
SURVEY,2014,OTHER (COMBINED) COUNTIES,SWEET POTATOES,820
SURVEY,2014,OTHER (COMBINED) COUNTIES,TOBACCO,"1,210"
SURVEY,2014,RANDOLPH,CORN,"8,600"
SURVEY,2014,RANDOLPH,CORN,"6,900"
SURVEY,2014,RANDOLPH,SOYBEANS,"9,020"
SURVEY,2014,RANDOLPH,TOBACCO,940
SURVEY,2014,RANDOLPH,WHEAT,"3,300"
SURVEY,2014,ROWAN,CORN,"10,500"
SURVEY,2014,ROWAN,CORN,"9,400"
SURVEY,2014,ROWAN,SOYBEANS,"17,900"
SURVEY,2014,ROWAN,TURKEYS, (D)
SURVEY,2014,ROWAN,WHEAT,"6,600"
SURVEY,2014,WAKE,SOYBEANS,"15,200"
SURVEY,2014,WAKE,TOBACCO,"4,410"
SURVEY,2014,WAKE,TURKEYS, (D)
SURVEY,2014,WAKE,WHEAT,"5,900"
SURVEY,2014,BERTIE,CORN,"9,700"
SURVEY,2014,BERTIE,CORN,"9,400"
SURVEY,2014,BERTIE,COTTON,"24,000"
SURVEY,2014,BERTIE,PEANUTS,"6,950"
SURVEY,2014,BERTIE,SOYBEANS,"30,900"
SURVEY,2014,BERTIE,TOBACCO,"5,450"
SURVEY,2014,BERTIE,WHEAT,"14,000"
SURVEY,2014,CAMDEN,CORN,"16,900"
SURVEY,2014,CAMDEN,CORN,"16,800"
SURVEY,2014,CAMDEN,SOYBEANS,"33,300"
SURVEY,2014,CAMDEN,WHEAT,"12,700"
SURVEY,2014,CHOWAN,CORN,"5,100"
SURVEY,2014,CHOWAN,CORN,"5,000"
SURVEY,2014,CHOWAN,COTTON,"11,800"
SURVEY,2014,CHOWAN,PEANUTS,"2,950"
SURVEY,2014,CHOWAN,SWEET POTATOES,290
SURVEY,2014,CHOWAN,WHEAT,"6,000"
SURVEY,2014,CURRITUCK,CORN,"12,700"
SURVEY,2014,CURRITUCK,CORN,"12,300"
SURVEY,2014,CURRITUCK,SOYBEANS,"17,300"
SURVEY,2014,CURRITUCK,WHEAT,"10,000"
SURVEY,2014,EDGECOMBE,CORN,"10,000"
SURVEY,2014,EDGECOMBE,CORN,"9,900"
SURVEY,2014,EDGECOMBE,COTTON,"26,300"
SURVEY,2014,EDGECOMBE,PEANUTS,"4,700"
SURVEY,2014,EDGECOMBE,SOYBEANS,"44,100"
SURVEY,2014,EDGECOMBE,SWEET POTATOES,"6,180"
SURVEY,2014,EDGECOMBE,TOBACCO,"9,350"
SURVEY,2014,EDGECOMBE,WHEAT,"15,500"
SURVEY,2014,GATES,CORN,"4,000"
SURVEY,2014,GATES,CORN,"3,900"
SURVEY,2014,GATES,COTTON,"13,600"
SURVEY,2014,GATES,PEANUTS,"2,600"
SURVEY,2014,GATES,SOYBEANS,"20,800"
SURVEY,2014,GATES,WHEAT,"10,500"
SURVEY,2014,HALIFAX,CORN,"5,300"
SURVEY,2014,HALIFAX,CORN,"4,500"
SURVEY,2014,HALIFAX,COTTON,"51,000"
SURVEY,2014,HALIFAX,PEANUTS,"6,800"
SURVEY,2014,HALIFAX,TOBACCO,"2,980"
SURVEY,2014,HALIFAX,WHEAT,"8,000"
SURVEY,2014,HERTFORD,CORN,"7,000"
SURVEY,2014,HERTFORD,CORN,"6,900"
SURVEY,2014,HERTFORD,COTTON,"14,000"
SURVEY,2014,HERTFORD,PEANUTS,"4,050"
SURVEY,2014,HERTFORD,SOYBEANS,"15,400"
SURVEY,2014,HERTFORD,TOBACCO,"3,020"
SURVEY,2014,MARTIN,CORN,"3,200"
SURVEY,2014,MARTIN,CORN,"3,060"
SURVEY,2014,MARTIN,COTTON,"31,000"
SURVEY,2014,MARTIN,PEANUTS,"7,600"
SURVEY,2014,MARTIN,SOYBEANS,"23,200"
SURVEY,2014,MARTIN,TOBACCO,"5,210"
SURVEY,2014,MARTIN,WHEAT,"9,100"
SURVEY,2014,NASH,COTTON,"7,600"
SURVEY,2014,NASH,SOYBEANS,"32,700"
SURVEY,2014,NASH,SWEET POTATOES,"9,260"
SURVEY,2014,NASH,TOBACCO,"10,500"
SURVEY,2014,NASH,WHEAT,"8,100"
SURVEY,2014,NORTHAMPTON,CORN,"5,900"
SURVEY,2014,NORTHAMPTON,CORN,"5,700"
SURVEY,2014,NORTHAMPTON,COTTON,"41,700"
SURVEY,2014,NORTHAMPTON,PEANUTS,"3,650"
SURVEY,2014,NORTHAMPTON,SOYBEANS,"36,800"
SURVEY,2014,NORTHAMPTON,WHEAT,"11,000"
SURVEY,2014,OTHER (COMBINED) COUNTIES,CORN,"1,800"
SURVEY,2014,OTHER (COMBINED) COUNTIES,CORN,"1,740"
SURVEY,2014,OTHER (COMBINED) COUNTIES,COTTON,"4,600"
SURVEY,2014,OTHER (COMBINED) COUNTIES,PEANUTS,"3,500"
SURVEY,2014,OTHER (COMBINED) COUNTIES,SOYBEANS,"48,500"
SURVEY,2014,OTHER (COMBINED) COUNTIES,SWEET POTATOES,"1,370"
SURVEY,2014,OTHER (COMBINED) COUNTIES,TOBACCO,690
SURVEY,2014,OTHER (COMBINED) COUNTIES,WHEAT,"6,700"
SURVEY,2014,PASQUOTANK,CORN,"25,900"
SURVEY,2014,PASQUOTANK,CORN,"25,200"
SURVEY,2014,PASQUOTANK,SOYBEANS,"43,700"
SURVEY,2014,PASQUOTANK,WHEAT,"15,600"
SURVEY,2014,PERQUIMANS,CORN,"14,400"
SURVEY,2014,PERQUIMANS,CORN,"14,200"
SURVEY,2014,PERQUIMANS,COTTON,"11,100"
SURVEY,2014,PERQUIMANS,SOYBEANS,"43,800"
SURVEY,2014,PERQUIMANS,WHEAT,"23,000"
SURVEY,2014,TYRRELL,CORN,"25,900"
SURVEY,2014,TYRRELL,CORN,"25,400"
SURVEY,2014,TYRRELL,SOYBEANS,"31,000"
SURVEY,2014,TYRRELL,WHEAT,"15,300"
SURVEY,2014,WASHINGTON,CORN,"27,200"
SURVEY,2014,WASHINGTON,CORN,"27,000"
SURVEY,2014,WASHINGTON,COTTON,"10,300"
SURVEY,2014,WASHINGTON,SOYBEANS,"43,000"
SURVEY,2014,WASHINGTON,WHEAT,"17,500"
SURVEY,2014,CALDWELL,CORN,"1,400"
SURVEY,2014,CALDWELL,CORN,"1,000"
SURVEY,2014,OTHER (COMBINED) COUNTIES,CORN,"11,100"
SURVEY,2014,OTHER (COMBINED) COUNTIES,CORN,"4,800"
SURVEY,2014,OTHER (COMBINED) COUNTIES,SOYBEANS,"1,160"
SURVEY,2014,OTHER (COMBINED) COUNTIES,TOBACCO,"4,380"
SURVEY,2014,SURRY,CORN,"10,500"
SURVEY,2014,SURRY,CORN,"9,000"
SURVEY,2014,SURRY,SOYBEANS,"12,000"
SURVEY,2014,SURRY,TOBACCO,"3,380"
SURVEY,2014,SURRY,TURKEYS, (D)
SURVEY,2014,WATAUGA,TURKEYS, (D)
SURVEY,2014,WILKES,SOYBEANS,"1,940"
SURVEY,2014,YADKIN,CORN,"13,000"
SURVEY,2014,YADKIN,CORN,"11,200"
SURVEY,2014,YADKIN,SOYBEANS,"18,400"
SURVEY,2014,YADKIN,TURKEYS, (D)
SURVEY,2014,ALAMANCE,SOYBEANS,"6,000"
SURVEY,2014,ALAMANCE,TOBACCO,"1,350"
SURVEY,2014,ALAMANCE,TURKEYS, (D)
SURVEY,2014,ALAMANCE,WHEAT,"3,300"
SURVEY,2014,CASWELL,TOBACCO,"2,660"
SURVEY,2014,CASWELL,WHEAT,"3,100"
SURVEY,2014,DURHAM,TOBACCO,250
SURVEY,2014,DURHAM,TURKEYS, (D)
SURVEY,2014,FORSYTH,TOBACCO,950
SURVEY,2014,FORSYTH,WHEAT,"1,300"
SURVEY,2014,FRANKLIN,SOYBEANS,"18,200"
SURVEY,2014,FRANKLIN,TOBACCO,"4,260"
SURVEY,2014,FRANKLIN,TURKEYS, (D)
SURVEY,2014,FRANKLIN,WHEAT,"8,000"
SURVEY,2014,GRANVILLE,SOYBEANS,"3,770"
SURVEY,2014,GRANVILLE,TOBACCO,"3,520"
SURVEY,2014,GRANVILLE,TURKEYS, (D)
SURVEY,2014,GRANVILLE,WHEAT,"4,700"
SURVEY,2014,GUILFORD,CORN,"5,100"
SURVEY,2014,GUILFORD,CORN,"3,200"
SURVEY,2014,GUILFORD,SOYBEANS,"10,000"
SURVEY,2014,GUILFORD,TOBACCO,"2,650"
SURVEY,2014,GUILFORD,TURKEYS, (D)
SURVEY,2014,GUILFORD,WHEAT,"6,300"
SURVEY,2014,ORANGE,CORN,"2,900"
SURVEY,2014,ORANGE,CORN,"2,200"
SURVEY,2014,ORANGE,SOYBEANS,"3,830"
SURVEY,2014,ORANGE,TOBACCO,780
SURVEY,2014,ORANGE,TURKEYS, (D)
SURVEY,2014,ORANGE,WHEAT,"2,600"
SURVEY,2014,OTHER (COMBINED) COUNTIES,CORN,"13,300"
SURVEY,2014,OTHER (COMBINED) COUNTIES,CORN,"9,800"
SURVEY,2014,OTHER (COMBINED) COUNTIES,SOYBEANS,"7,670"
SURVEY,2014,OTHER (COMBINED) COUNTIES,TOBACCO,280
SURVEY,2014,OTHER (COMBINED) COUNTIES,WHEAT,"1,800"
SURVEY,2014,PERSON,CORN,"2,500"
SURVEY,2014,PERSON,CORN,"2,300"
SURVEY,2014,PERSON,SOYBEANS,"13,800"
SURVEY,2014,PERSON,TOBACCO,"4,830"
SURVEY,2014,PERSON,TURKEYS, (D)
SURVEY,2014,PERSON,WHEAT,"9,100"
SURVEY,2014,ROCKINGHAM,CORN,"3,200"
SURVEY,2014,ROCKINGHAM,CORN,"2,000"
SURVEY,2014,ROCKINGHAM,SOYBEANS,"4,790"
SURVEY,2014,ROCKINGHAM,TOBACCO,"4,000"
SURVEY,2014,ROCKINGHAM,TURKEYS, (D)
SURVEY,2014,ROCKINGHAM,WHEAT,"4,200"
SURVEY,2014,STOKES,SOYBEANS,"2,390"
SURVEY,2014,STOKES,TOBACCO,"2,400"
SURVEY,2014,STOKES,TURKEYS, (D)
SURVEY,2014,VANCE,SOYBEANS,"7,100"
SURVEY,2014,VANCE,TOBACCO,"2,170"
SURVEY,2014,VANCE,TURKEYS, (D)
SURVEY,2014,VANCE,WHEAT,"3,000"
SURVEY,2014,WARREN,SOYBEANS,"9,050"
SURVEY,2014,WARREN,TOBACCO,"1,680"
SURVEY,2014,WARREN,WHEAT,"4,000"
SURVEY,2014,BLADEN,CORN,"21,600"
SURVEY,2014,BLADEN,CORN,"21,200"
SURVEY,2014,BLADEN,COTTON,"4,800"
SURVEY,2014,BLADEN,SOYBEANS,"22,100"
SURVEY,2014,BLADEN,TURKEYS,"1,750,000"
SURVEY,2014,BLADEN,WHEAT,"7,500"
SURVEY,2014,BRUNSWICK,CORN,"7,200"
SURVEY,2014,BRUNSWICK,CORN,"6,800"
SURVEY,2014,BRUNSWICK,SOYBEANS,"9,320"
SURVEY,2014,COLUMBUS,CORN,"29,800"
SURVEY,2014,COLUMBUS,CORN,"29,400"
SURVEY,2014,COLUMBUS,SOYBEANS,"60,200"
SURVEY,2014,COLUMBUS,TOBACCO,"2,410"
SURVEY,2014,COLUMBUS,TURKEYS, (D)
SURVEY,2014,COLUMBUS,WHEAT,"22,200"
SURVEY,2014,CUMBERLAND,CORN,"8,900"
SURVEY,2014,CUMBERLAND,CORN,"8,700"
SURVEY,2014,CUMBERLAND,COTTON,"6,450"
SURVEY,2014,CUMBERLAND,SOYBEANS,"19,500"
SURVEY,2014,CUMBERLAND,TURKEYS,"545,000"
SURVEY,2014,CUMBERLAND,WHEAT,"9,200"
SURVEY,2014,DUPLIN,CORN,"38,300"
SURVEY,2014,DUPLIN,CORN,"37,100"
SURVEY,2014,DUPLIN,COTTON,"7,800"
SURVEY,2014,DUPLIN,SOYBEANS,"57,100"
SURVEY,2014,DUPLIN,SWEET POTATOES,"1,770"
SURVEY,2014,DUPLIN,TOBACCO,"4,360"
SURVEY,2014,DUPLIN,TURKEYS,"4,400,000"
SURVEY,2014,DUPLIN,WHEAT,"31,500"
SURVEY,2014,HARNETT,COTTON,"10,400"
SURVEY,2014,HARNETT,SOYBEANS,"26,900"
SURVEY,2014,HARNETT,SWEET POTATOES,"2,070"
SURVEY,2014,HARNETT,TOBACCO,"8,310"
SURVEY,2014,HARNETT,TURKEYS, (D)
SURVEY,2014,HARNETT,WHEAT,"10,200"
SURVEY,2014,HOKE,CORN,"5,900"
SURVEY,2014,HOKE,CORN,"5,800"
SURVEY,2014,HOKE,COTTON,"9,600"
SURVEY,2014,HOKE,SOYBEANS,"12,200"
SURVEY,2014,HOKE,TURKEYS,"180,000"
SURVEY,2014,HOKE,WHEAT,"5,800"
SURVEY,2014,ONSLOW,CORN,"8,200"
SURVEY,2014,ONSLOW,CORN,"8,000"
SURVEY,2014,ONSLOW,SOYBEANS,"15,500"
SURVEY,2014,ONSLOW,TURKEYS,"1,650,000"
SURVEY,2014,ONSLOW,WHEAT,"6,300"
SURVEY,2014,OTHER (COMBINED) COUNTIES,CORN,"104,800"
SURVEY,2014,OTHER (COMBINED) COUNTIES,CORN,"102,100"
SURVEY,2014,OTHER (COMBINED) COUNTIES,COTTON,"18,150"
SURVEY,2014,OTHER (COMBINED) COUNTIES,SOYBEANS,"32,580"
SURVEY,2014,OTHER (COMBINED) COUNTIES,SWEET POTATOES,"5,760"
SURVEY,2014,OTHER (COMBINED) COUNTIES,TOBACCO,"22,800"
SURVEY,2014,OTHER (COMBINED) COUNTIES,WHEAT,"10,400"
SURVEY,2014,PENDER,TURKEYS,"425,000"
SURVEY,2014,ROBESON,COTTON,"12,700"
SURVEY,2014,ROBESON,SOYBEANS,"94,800"
SURVEY,2014,ROBESON,TOBACCO,"2,020"
SURVEY,2014,ROBESON,TURKEYS,"185,000"
SURVEY,2014,ROBESON,WHEAT,"57,500"
SURVEY,2014,SAMPSON,COTTON,"15,100"
SURVEY,2014,SAMPSON,SOYBEANS,"65,300"
SURVEY,2014,SAMPSON,SWEET POTATOES,"11,500"
SURVEY,2014,SAMPSON,TURKEYS,"7,200,000"
SURVEY,2014,SAMPSON,WHEAT,"36,000"
SURVEY,2014,SCOTLAND,CORN,"6,300"
SURVEY,2014,SCOTLAND,CORN,"5,900"
SURVEY,2014,SCOTLAND,WHEAT,"6,400"
SURVEY,2014,ANSON,CORN,"9,300"
SURVEY,2014,ANSON,CORN,"8,800"
SURVEY,2014,ANSON,SOYBEANS,"14,400"
SURVEY,2014,ANSON,TURKEYS,"990,000"
SURVEY,2014,ANSON,WHEAT,"8,600"
SURVEY,2014,CABARRUS,CORN,"5,000"
SURVEY,2014,CABARRUS,CORN,"4,300"
SURVEY,2014,CABARRUS,SOYBEANS,"6,600"
SURVEY,2014,CABARRUS,TURKEYS, (D)
SURVEY,2014,CABARRUS,WHEAT,"3,400"
SURVEY,2014,CLEVELAND,CORN,"4,400"
SURVEY,2014,CLEVELAND,CORN,"2,750"
SURVEY,2014,CLEVELAND,SOYBEANS,"15,100"
SURVEY,2014,CLEVELAND,TURKEYS,"330,000"
SURVEY,2014,CLEVELAND,WHEAT,"7,700"
SURVEY,2014,GASTON,SOYBEANS,"3,780"
SURVEY,2014,GASTON,TURKEYS, (D)
SURVEY,2014,GASTON,WHEAT,"1,500"
SURVEY,2014,LINCOLN,CORN,"3,400"
SURVEY,2014,LINCOLN,CORN,"1,300"
SURVEY,2014,LINCOLN,SOYBEANS,"7,200"
SURVEY,2014,LINCOLN,WHEAT,"4,700"
SURVEY,2014,MONTGOMERY,TURKEYS, (D)
SURVEY,2014,MOORE,CORN,"1,500"
SURVEY,2014,MOORE,CORN,"1,280"
SURVEY,2014,MOORE,SOYBEANS,"4,100"
SURVEY,2014,MOORE,TURKEYS, (D)
SURVEY,2014,MOORE,WHEAT,"2,400"
SURVEY,2014,OTHER (COMBINED) COUNTIES,CORN,"6,400"
SURVEY,2014,OTHER (COMBINED) COUNTIES,CORN,"5,270"
SURVEY,2014,OTHER (COMBINED) COUNTIES,SOYBEANS,"2,360"
SURVEY,2014,OTHER (COMBINED) COUNTIES,TOBACCO,"2,140"
SURVEY,2014,OTHER (COMBINED) COUNTIES,WHEAT,"1,200"
SURVEY,2014,RICHMOND,SOYBEANS,"3,960"
SURVEY,2014,RICHMOND,TURKEYS, (D)
SURVEY,2014,RICHMOND,WHEAT,"2,500"
SURVEY,2014,STANLY,CORN,"12,500"
SURVEY,2014,STANLY,CORN,"12,300"
SURVEY,2014,STANLY,SOYBEANS,"20,000"
SURVEY,2014,STANLY,TURKEYS,"495,000"
SURVEY,2014,STANLY,WHEAT,"13,300"
SURVEY,2014,UNION,CORN,"32,500"
SURVEY,2014,UNION,CORN,"32,000"
SURVEY,2014,UNION,SOYBEANS,"63,000"
SURVEY,2014,UNION,TURKEYS,"2,750,000"
SURVEY,2014,UNION,WHEAT,"50,700"
SURVEY,2014,BUNCOMBE,CORN,600
SURVEY,2014,BUNCOMBE,CORN,150
SURVEY,2014,BUNCOMBE,TURKEYS, (D)
SURVEY,2014,BURKE,CORN,"1,500"
SURVEY,2014,BURKE,CORN,"1,100"
SURVEY,2014,BURKE,SOYBEANS,"1,050"
SURVEY,2014,CHEROKEE,CORN,"1,000"
SURVEY,2014,CHEROKEE,CORN,570
SURVEY,2014,HAYWOOD,TOBACCO,100
SURVEY,2014,HENDERSON,CORN,"2,200"
SURVEY,2014,HENDERSON,CORN,"1,900"
SURVEY,2014,JACKSON,TURKEYS, (D)
SURVEY,2014,MACON,CORN,600
SURVEY,2014,MACON,CORN,470
SURVEY,2014,MADISON,TOBACCO,100
SURVEY,2014,MADISON,TURKEYS, (D)
SURVEY,2014,MCDOWELL,CORN,500
SURVEY,2014,MCDOWELL,CORN,400
SURVEY,2014,OTHER (COMBINED) COUNTIES,CORN,"5,000"
SURVEY,2014,OTHER (COMBINED) COUNTIES,CORN,"2,470"
SURVEY,2014,OTHER (COMBINED) COUNTIES,SOYBEANS,"3,880"
SURVEY,2014,OTHER (COMBINED) COUNTIES,TOBACCO,130
SURVEY,2014,RUTHERFORD,CORN,600
SURVEY,2014,RUTHERFORD,CORN,440
SURVEY,2014,RUTHERFORD,SOYBEANS,"1,970"
SURVEY,2014,TRANSYLVANIA,TURKEYS, (D)
SURVEY,2013,OTHER COUNTIES,CATTLE,"89,900"
SURVEY,2013,OTHER COUNTIES,CATTLE,"4,300"
SURVEY,2013,BEAUFORT,CATTLE,700
SURVEY,2013,CARTERET,CATTLE,200
SURVEY,2013,CRAVEN,CATTLE,700
SURVEY,2013,CRAVEN,CATTLE, (D)
SURVEY,2013,GREENE,CATTLE,"1,000"
SURVEY,2013,GREENE,CATTLE, (D)
SURVEY,2013,HYDE,CATTLE, (D)
SURVEY,2013,JOHNSTON,CATTLE, (D)
SURVEY,2013,JONES,CATTLE,600
SURVEY,2013,LENOIR,CATTLE,"1,400"
SURVEY,2013,PAMLICO,CATTLE, (D)
SURVEY,2013,PITT,CATTLE, (D)
SURVEY,2013,PITT,CATTLE, (D)
SURVEY,2013,WAYNE,CATTLE, (D)
SURVEY,2013,WAYNE,CATTLE, (D)
SURVEY,2013,WILSON,CATTLE,600
SURVEY,2013,ALEXANDER,CATTLE,"6,900"
SURVEY,2013,ALEXANDER,CATTLE,"1,500"
SURVEY,2013,CATAWBA,CATTLE,"7,300"
SURVEY,2013,CATAWBA,CATTLE,400
SURVEY,2013,CHATHAM,CATTLE,"14,500"
SURVEY,2013,CHATHAM,CATTLE,"1,200"
SURVEY,2013,DAVIDSON,CATTLE,"5,300"
SURVEY,2013,DAVIDSON,CATTLE,"1,500"
SURVEY,2013,DAVIE,CATTLE,"5,100"
SURVEY,2013,DAVIE,CATTLE,500
SURVEY,2013,IREDELL,CATTLE,"12,700"
SURVEY,2013,IREDELL,CATTLE,"13,100"
SURVEY,2013,LEE,CATTLE,"1,500"
SURVEY,2013,RANDOLPH,CATTLE,"16,400"
SURVEY,2013,RANDOLPH,CATTLE,"4,600"
SURVEY,2013,ROWAN,CATTLE,"7,900"
SURVEY,2013,ROWAN,CATTLE,"1,400"
SURVEY,2013,WAKE,CATTLE, (D)
SURVEY,2013,WAKE,CATTLE, (D)
SURVEY,2013,BERTIE,CATTLE,500
SURVEY,2013,CAMDEN,CATTLE,100
SURVEY,2013,CHOWAN,CATTLE, (D)
SURVEY,2013,CURRITUCK,CATTLE, (D)
SURVEY,2013,EDGECOMBE,CATTLE,"1,400"
SURVEY,2013,GATES,CATTLE,400
SURVEY,2013,HALIFAX,CATTLE, (D)
SURVEY,2013,HALIFAX,CATTLE, (D)
SURVEY,2013,HERTFORD,CATTLE,200
SURVEY,2013,MARTIN,CATTLE,500
SURVEY,2013,MARTIN,CATTLE, (D)
SURVEY,2013,NASH,CATTLE,"4,000"
SURVEY,2013,NORTHAMPTON,CATTLE,600
SURVEY,2013,PASQUOTANK,CATTLE, (D)
SURVEY,2013,PERQUIMANS,CATTLE,500
SURVEY,2013,TYRRELL,CATTLE,100
SURVEY,2013,WASHINGTON,CATTLE,600
SURVEY,2013,ALLEGHANY,CATTLE,"6,900"
SURVEY,2013,ALLEGHANY,CATTLE,"1,700"
SURVEY,2013,ASHE,CATTLE,"6,200"
SURVEY,2013,ASHE,CATTLE,100
SURVEY,2013,AVERY,CATTLE,700
SURVEY,2013,AVERY,CATTLE, (D)
SURVEY,2013,CALDWELL,CATTLE,"3,000"
SURVEY,2013,CALDWELL,CATTLE, (D)
SURVEY,2013,SURRY,CATTLE, (D)
SURVEY,2013,SURRY,CATTLE, (D)
SURVEY,2013,WATAUGA,CATTLE,"4,400"
SURVEY,2013,WATAUGA,CATTLE, (D)
SURVEY,2013,WILKES,CATTLE,"13,900"
SURVEY,2013,WILKES,CATTLE,"1,200"
SURVEY,2013,YADKIN,CATTLE,"8,600"
SURVEY,2013,YADKIN,CATTLE,"1,300"
SURVEY,2013,ALAMANCE,CATTLE,"7,000"
SURVEY,2013,ALAMANCE,CATTLE,"1,200"
SURVEY,2013,CASWELL,CATTLE, (D)
SURVEY,2013,CASWELL,CATTLE, (D)
SURVEY,2013,DURHAM,CATTLE,"1,000"
SURVEY,2013,DURHAM,CATTLE,100
SURVEY,2013,FORSYTH,CATTLE,"2,300"
SURVEY,2013,FORSYTH,CATTLE, (D)
SURVEY,2013,FRANKLIN,CATTLE,"5,900"
SURVEY,2013,FRANKLIN,CATTLE, (D)
SURVEY,2013,GRANVILLE,CATTLE,"3,500"
SURVEY,2013,GRANVILLE,CATTLE,500
SURVEY,2013,GUILFORD,CATTLE,"5,500"
SURVEY,2013,GUILFORD,CATTLE,"1,500"
SURVEY,2013,ORANGE,CATTLE,"4,800"
SURVEY,2013,ORANGE,CATTLE,700
SURVEY,2013,PERSON,CATTLE, (D)
SURVEY,2013,PERSON,CATTLE, (D)
SURVEY,2013,ROCKINGHAM,CATTLE, (D)
SURVEY,2013,ROCKINGHAM,CATTLE, (D)
SURVEY,2013,STOKES,CATTLE,"5,100"
SURVEY,2013,STOKES,CATTLE, (D)
SURVEY,2013,VANCE,CATTLE,800
SURVEY,2013,WARREN,CATTLE, (D)
SURVEY,2013,WARREN,CATTLE, (D)
SURVEY,2013,BLADEN,CATTLE, (D)
SURVEY,2013,BLADEN,CATTLE, (D)
SURVEY,2013,BRUNSWICK,CATTLE, (D)
SURVEY,2013,COLUMBUS,CATTLE, (D)
SURVEY,2013,CUMBERLAND,CATTLE,"1,900"
SURVEY,2013,DUPLIN,CATTLE,"13,200"
SURVEY,2013,DUPLIN,CATTLE,100
SURVEY,2013,HARNETT,CATTLE,"3,900"
SURVEY,2013,HARNETT,CATTLE, (D)
SURVEY,2013,HOKE,CATTLE, (D)
SURVEY,2013,HOKE,CATTLE, (D)
SURVEY,2013,ONSLOW,CATTLE,"1,100"
SURVEY,2013,PENDER,CATTLE, (D)
SURVEY,2013,PENDER,CATTLE, (D)
SURVEY,2013,ROBESON,CATTLE, (D)
SURVEY,2013,ROBESON,CATTLE, (D)
SURVEY,2013,SAMPSON,CATTLE, (D)
SURVEY,2013,SAMPSON,CATTLE, (D)
SURVEY,2013,SCOTLAND,CATTLE, (D)
SURVEY,2013,ANSON,CATTLE,"4,400"
SURVEY,2013,ANSON,CATTLE, (D)
SURVEY,2013,CABARRUS,CATTLE,"6,600"
SURVEY,2013,CABARRUS,CATTLE,"1,200"
SURVEY,2013,CLEVELAND,CATTLE,"9,800"
SURVEY,2013,CLEVELAND,CATTLE,600
SURVEY,2013,GASTON,CATTLE,"3,100"
SURVEY,2013,GASTON,CATTLE,700
SURVEY,2013,LINCOLN,CATTLE,"4,100"
SURVEY,2013,LINCOLN,CATTLE,"2,800"
SURVEY,2013,MECKLENBURG,CATTLE, (D)
SURVEY,2013,MECKLENBURG,CATTLE, (D)
SURVEY,2013,MONTGOMERY,CATTLE,"2,900"
SURVEY,2013,MOORE,CATTLE,"6,000"
SURVEY,2013,RICHMOND,CATTLE,"1,200"
SURVEY,2013,STANLY,CATTLE, (D)
SURVEY,2013,STANLY,CATTLE, (D)
SURVEY,2013,UNION,CATTLE,"12,000"
SURVEY,2013,UNION,CATTLE, (D)
SURVEY,2013,BUNCOMBE,CATTLE,"7,000"
SURVEY,2013,BUNCOMBE,CATTLE,900
SURVEY,2013,BURKE,CATTLE,"2,500"
SURVEY,2013,BURKE,CATTLE, (D)
SURVEY,2013,CHEROKEE,CATTLE,"2,500"
SURVEY,2013,CLAY,CATTLE, (D)
SURVEY,2013,CLAY,CATTLE, (D)
SURVEY,2013,GRAHAM,CATTLE, (D)
SURVEY,2013,GRAHAM,CATTLE, (D)
SURVEY,2013,HAYWOOD,CATTLE,"4,800"
SURVEY,2013,HAYWOOD,CATTLE,"1,200"
SURVEY,2013,HENDERSON,CATTLE,"1,500"
SURVEY,2013,HENDERSON,CATTLE,"1,500"
SURVEY,2013,JACKSON,CATTLE, (D)
SURVEY,2013,MACON,CATTLE,"1,700"
SURVEY,2013,MADISON,CATTLE,"3,600"
SURVEY,2013,MADISON,CATTLE, (D)
SURVEY,2013,MCDOWELL,CATTLE, (D)
SURVEY,2013,MCDOWELL,CATTLE, (D)
SURVEY,2013,MITCHELL,CATTLE,900
SURVEY,2013,MITCHELL,CATTLE, (D)
SURVEY,2013,POLK,CATTLE, (D)
SURVEY,2013,POLK,CATTLE, (D)
SURVEY,2013,RUTHERFORD,CATTLE, (D)
SURVEY,2013,RUTHERFORD,CATTLE, (D)
SURVEY,2013,SWAIN,CATTLE, (D)
SURVEY,2013,TRANSYLVANIA,CATTLE,"1,000"
SURVEY,2013,TRANSYLVANIA,CATTLE, (D)
SURVEY,2013,YANCEY,CATTLE,"2,100"
SURVEY,2013,YANCEY,CATTLE,200
SURVEY,2013,OTHER COUNTIES,TURKEYS,"600,000"
SURVEY,2013,BEAUFORT,CORN,"48,000"
SURVEY,2013,BEAUFORT,CORN,"46,300"
SURVEY,2013,BEAUFORT,COTTON,"11,800"
SURVEY,2013,BEAUFORT,SOYBEANS,"62,800"
SURVEY,2013,BEAUFORT,TOBACCO,"2,110"
SURVEY,2013,BEAUFORT,WHEAT,"35,500"
SURVEY,2013,CRAVEN,CORN,"19,900"
SURVEY,2013,CRAVEN,CORN,"18,700"
SURVEY,2013,CRAVEN,COTTON,"5,200"
SURVEY,2013,CRAVEN,SOYBEANS,"23,600"
SURVEY,2013,CRAVEN,WHEAT,"8,900"
SURVEY,2013,GREENE,CORN,"10,000"
SURVEY,2013,GREENE,CORN,"9,600"
SURVEY,2013,GREENE,COTTON,"8,500"
SURVEY,2013,GREENE,SOYBEANS,"32,900"
SURVEY,2013,GREENE,TOBACCO,"7,590"
SURVEY,2013,GREENE,TURKEYS,"1,550,000"
SURVEY,2013,GREENE,WHEAT,"17,700"
SURVEY,2013,HYDE,CORN,"35,500"
SURVEY,2013,HYDE,CORN,"34,200"
SURVEY,2013,HYDE,COTTON,"11,400"
SURVEY,2013,HYDE,SOYBEANS,"31,400"
SURVEY,2013,JOHNSTON,CORN,"7,300"
SURVEY,2013,JOHNSTON,CORN,"6,800"
SURVEY,2013,JOHNSTON,COTTON,"5,800"
SURVEY,2013,JOHNSTON,SOYBEANS,"45,800"
SURVEY,2013,JOHNSTON,SWEET POTATOES,"7,670"
SURVEY,2013,JOHNSTON,TOBACCO,"12,600"
SURVEY,2013,JOHNSTON,TURKEYS,"295,000"
SURVEY,2013,JOHNSTON,WHEAT,"23,100"
SURVEY,2013,JONES,SOYBEANS,"18,900"
SURVEY,2013,JONES,TOBACCO,"2,830"
SURVEY,2013,JONES,TURKEYS,"235,000"
SURVEY,2013,JONES,WHEAT,"13,400"
SURVEY,2013,LENOIR,CORN,"21,200"
SURVEY,2013,LENOIR,CORN,"20,800"
SURVEY,2013,LENOIR,COTTON,"11,400"
SURVEY,2013,LENOIR,SOYBEANS,"34,900"
SURVEY,2013,LENOIR,TOBACCO,"8,080"
SURVEY,2013,LENOIR,TURKEYS,"1,300,000"
SURVEY,2013,LENOIR,WHEAT,"22,400"
SURVEY,2013,OTHER (COMBINED) COUNTIES,CORN,"34,600"
SURVEY,2013,OTHER (COMBINED) COUNTIES,CORN,"33,300"
SURVEY,2013,OTHER (COMBINED) COUNTIES,COTTON,"12,200"
SURVEY,2013,OTHER (COMBINED) COUNTIES,SOYBEANS,"37,100"
SURVEY,2013,OTHER (COMBINED) COUNTIES,SWEET POTATOES,"9,820"
SURVEY,2013,OTHER (COMBINED) COUNTIES,TOBACCO,"1,920"
SURVEY,2013,OTHER (COMBINED) COUNTIES,WHEAT,"22,400"
SURVEY,2013,PAMLICO,CORN,"18,100"
SURVEY,2013,PAMLICO,CORN,"17,500"
SURVEY,2013,PAMLICO,WHEAT,"9,700"
SURVEY,2013,PITT,CORN,"19,400"
SURVEY,2013,PITT,CORN,"18,600"
SURVEY,2013,PITT,COTTON,"19,300"
SURVEY,2013,PITT,SOYBEANS,"57,300"
SURVEY,2013,PITT,TOBACCO,"5,730"
SURVEY,2013,PITT,TURKEYS, (D)
SURVEY,2013,PITT,WHEAT,"32,900"
SURVEY,2013,WAYNE,CORN,"22,700"
SURVEY,2013,WAYNE,CORN,"22,100"
SURVEY,2013,WAYNE,COTTON,"7,300"
SURVEY,2013,WAYNE,SOYBEANS,"52,400"
SURVEY,2013,WAYNE,TOBACCO,"11,100"
SURVEY,2013,WAYNE,TURKEYS,"3,450,000"
SURVEY,2013,WAYNE,WHEAT,"44,800"
SURVEY,2013,WILSON,CORN,"8,300"
SURVEY,2013,WILSON,CORN,"8,100"
SURVEY,2013,WILSON,COTTON,"12,000"
SURVEY,2013,WILSON,SOYBEANS,"33,400"
SURVEY,2013,WILSON,SWEET POTATOES,"5,510"
SURVEY,2013,WILSON,TOBACCO,"8,940"
SURVEY,2013,WILSON,WHEAT,"14,200"
SURVEY,2013,ALEXANDER,CORN,"2,200"
SURVEY,2013,ALEXANDER,CORN,"1,300"
SURVEY,2013,ALEXANDER,SOYBEANS,"2,400"
SURVEY,2013,CATAWBA,CORN,"3,200"
SURVEY,2013,CATAWBA,CORN,"2,800"
SURVEY,2013,CATAWBA,SOYBEANS,"6,600"
SURVEY,2013,CATAWBA,WHEAT,"4,700"
SURVEY,2013,CHATHAM,CORN,"2,800"
SURVEY,2013,CHATHAM,CORN,"1,900"
SURVEY,2013,CHATHAM,SOYBEANS,"1,700"
SURVEY,2013,CHATHAM,TURKEYS, (D)
SURVEY,2013,DAVIDSON,CORN,"7,600"
SURVEY,2013,DAVIDSON,CORN,"6,300"
SURVEY,2013,DAVIDSON,SOYBEANS,"9,100"
SURVEY,2013,DAVIDSON,TOBACCO,630
SURVEY,2013,DAVIDSON,TURKEYS, (D)
SURVEY,2013,DAVIDSON,WHEAT,"2,800"
SURVEY,2013,DAVIE,CORN,"7,100"
SURVEY,2013,DAVIE,CORN,"6,400"
SURVEY,2013,DAVIE,SOYBEANS,"6,200"
SURVEY,2013,DAVIE,TOBACCO,130
SURVEY,2013,DAVIE,TURKEYS, (D)
SURVEY,2013,DAVIE,WHEAT,"5,700"
SURVEY,2013,IREDELL,CORN,"19,600"
SURVEY,2013,IREDELL,CORN,"9,500"
SURVEY,2013,IREDELL,SOYBEANS,"14,800"
SURVEY,2013,IREDELL,TURKEYS, (D)
SURVEY,2013,IREDELL,WHEAT,"8,200"
SURVEY,2013,LEE,SOYBEANS,"3,200"
SURVEY,2013,LEE,TOBACCO,"2,410"
SURVEY,2013,LEE,WHEAT,"1,300"
SURVEY,2013,OTHER (COMBINED) COUNTIES,CORN,900
SURVEY,2013,OTHER (COMBINED) COUNTIES,CORN,800
SURVEY,2013,OTHER (COMBINED) COUNTIES,TOBACCO,"1,050"
SURVEY,2013,OTHER (COMBINED) COUNTIES,WHEAT,"1,800"
SURVEY,2013,RANDOLPH,CORN,"7,700"
SURVEY,2013,RANDOLPH,CORN,"5,200"
SURVEY,2013,RANDOLPH,SOYBEANS,"7,300"
SURVEY,2013,RANDOLPH,TOBACCO,980
SURVEY,2013,RANDOLPH,WHEAT,"5,400"
SURVEY,2013,ROWAN,CORN,"10,900"
SURVEY,2013,ROWAN,CORN,"9,800"
SURVEY,2013,ROWAN,SOYBEANS,"15,600"
SURVEY,2013,ROWAN,TURKEYS, (D)
SURVEY,2013,ROWAN,WHEAT,"7,000"
SURVEY,2013,WAKE,SOYBEANS,"11,600"
SURVEY,2013,WAKE,TOBACCO,"3,900"
SURVEY,2013,WAKE,TURKEYS, (D)
SURVEY,2013,WAKE,WHEAT,"6,600"
SURVEY,2013,BERTIE,CORN,"12,200"
SURVEY,2013,BERTIE,CORN,"12,100"
SURVEY,2013,BERTIE,COTTON,"26,000"
SURVEY,2013,BERTIE,PEANUTS,"6,650"
SURVEY,2013,BERTIE,SOYBEANS,"26,900"
SURVEY,2013,BERTIE,TOBACCO,"4,140"
SURVEY,2013,BERTIE,WHEAT,"15,400"
SURVEY,2013,CAMDEN,CORN,"19,800"
SURVEY,2013,CAMDEN,CORN,"19,500"
SURVEY,2013,CAMDEN,SOYBEANS,"29,900"
SURVEY,2013,CAMDEN,WHEAT,"15,100"
SURVEY,2013,CHOWAN,CORN,"6,600"
SURVEY,2013,CHOWAN,CORN,"6,500"
SURVEY,2013,CHOWAN,COTTON,"10,700"
SURVEY,2013,CHOWAN,PEANUTS,"2,700"
SURVEY,2013,CHOWAN,SOYBEANS,"13,200"
SURVEY,2013,CHOWAN,WHEAT,"9,600"
SURVEY,2013,CURRITUCK,CORN,"13,200"
SURVEY,2013,CURRITUCK,CORN,"13,000"
SURVEY,2013,CURRITUCK,SOYBEANS,"20,200"
SURVEY,2013,CURRITUCK,WHEAT,"12,000"
SURVEY,2013,EDGECOMBE,CORN,"12,700"
SURVEY,2013,EDGECOMBE,CORN,"12,400"
SURVEY,2013,EDGECOMBE,COTTON,"27,900"
SURVEY,2013,EDGECOMBE,SOYBEANS,"42,900"
SURVEY,2013,EDGECOMBE,TOBACCO,"6,890"
SURVEY,2013,EDGECOMBE,WHEAT,"18,200"
SURVEY,2013,GATES,CORN,"6,100"
SURVEY,2013,GATES,CORN,"5,900"
SURVEY,2013,GATES,COTTON,"12,400"
SURVEY,2013,GATES,PEANUTS,"2,400"
SURVEY,2013,GATES,SOYBEANS,"19,700"
SURVEY,2013,GATES,WHEAT,"12,500"
SURVEY,2013,HALIFAX,CORN,"5,800"
SURVEY,2013,HALIFAX,CORN,"5,300"
SURVEY,2013,HALIFAX,COTTON,"54,400"
SURVEY,2013,HALIFAX,PEANUTS,"4,850"
SURVEY,2013,HALIFAX,SOYBEANS,"26,400"
SURVEY,2013,HALIFAX,TOBACCO,"3,750"
SURVEY,2013,HALIFAX,WHEAT,"11,400"
SURVEY,2013,HERTFORD,CORN,"8,300"
SURVEY,2013,HERTFORD,CORN,"8,100"
SURVEY,2013,HERTFORD,COTTON,"12,300"
SURVEY,2013,HERTFORD,PEANUTS,"3,450"
SURVEY,2013,HERTFORD,SOYBEANS,"15,700"
SURVEY,2013,HERTFORD,TOBACCO,"3,080"
SURVEY,2013,MARTIN,CORN,"3,900"
SURVEY,2013,MARTIN,CORN,"3,800"
SURVEY,2013,MARTIN,COTTON,"34,000"
SURVEY,2013,MARTIN,PEANUTS,"7,750"
SURVEY,2013,MARTIN,SOYBEANS,"17,800"
SURVEY,2013,MARTIN,TOBACCO,"5,660"
SURVEY,2013,MARTIN,WHEAT,"10,600"
SURVEY,2013,NASH,COTTON,"10,200"
SURVEY,2013,NASH,SOYBEANS,"29,100"
SURVEY,2013,NASH,TOBACCO,"10,100"
SURVEY,2013,NASH,WHEAT,"10,500"
SURVEY,2013,NORTHAMPTON,CORN,"6,800"
SURVEY,2013,NORTHAMPTON,CORN,"6,600"
SURVEY,2013,NORTHAMPTON,COTTON,"37,500"
SURVEY,2013,NORTHAMPTON,PEANUTS,"2,700"
SURVEY,2013,NORTHAMPTON,SOYBEANS,"37,700"
SURVEY,2013,NORTHAMPTON,WHEAT,"17,600"
SURVEY,2013,OTHER (COMBINED) COUNTIES,CORN,"62,600"
SURVEY,2013,OTHER (COMBINED) COUNTIES,CORN,"61,700"
SURVEY,2013,OTHER (COMBINED) COUNTIES,COTTON,"4,300"
SURVEY,2013,OTHER (COMBINED) COUNTIES,PEANUTS,"9,300"
SURVEY,2013,OTHER (COMBINED) COUNTIES,SOYBEANS,"79,300"
SURVEY,2013,OTHER (COMBINED) COUNTIES,SWEET POTATOES,"14,000"
SURVEY,2013,OTHER (COMBINED) COUNTIES,TOBACCO,780
SURVEY,2013,OTHER (COMBINED) COUNTIES,WHEAT,"28,500"
SURVEY,2013,PASQUOTANK,WHEAT,"18,800"
SURVEY,2013,PERQUIMANS,CORN,"16,000"
SURVEY,2013,PERQUIMANS,CORN,"15,600"
SURVEY,2013,PERQUIMANS,COTTON,"8,900"
SURVEY,2013,PERQUIMANS,SOYBEANS,"43,800"
SURVEY,2013,PERQUIMANS,WHEAT,"30,300"
SURVEY,2013,TYRRELL,CORN,"27,000"
SURVEY,2013,TYRRELL,CORN,"26,500"
SURVEY,2013,TYRRELL,SOYBEANS,"29,900"
SURVEY,2013,WASHINGTON,COTTON,"11,400"
SURVEY,2013,WASHINGTON,WHEAT,"23,500"
SURVEY,2013,CALDWELL,CORN,"1,400"
SURVEY,2013,CALDWELL,CORN,"1,100"
SURVEY,2013,CALDWELL,WHEAT,900
SURVEY,2013,OTHER (COMBINED) COUNTIES,CORN,"9,400"
SURVEY,2013,OTHER (COMBINED) COUNTIES,CORN,"3,300"
SURVEY,2013,OTHER (COMBINED) COUNTIES,SOYBEANS,"2,400"
SURVEY,2013,OTHER (COMBINED) COUNTIES,TOBACCO,360
SURVEY,2013,OTHER (COMBINED) COUNTIES,TOBACCO,"4,170"
SURVEY,2013,OTHER (COMBINED) COUNTIES,WHEAT,"3,600"
SURVEY,2013,SURRY,CORN,"11,100"
SURVEY,2013,SURRY,CORN,"9,400"
SURVEY,2013,SURRY,SOYBEANS,"10,000"
SURVEY,2013,SURRY,TOBACCO,180
SURVEY,2013,SURRY,TOBACCO,"3,230"
SURVEY,2013,SURRY,TURKEYS, (D)
SURVEY,2013,WATAUGA,TURKEYS, (D)
SURVEY,2013,YADKIN,CORN,"13,100"
SURVEY,2013,YADKIN,CORN,"11,200"
SURVEY,2013,YADKIN,SOYBEANS,"16,600"
SURVEY,2013,YADKIN,TURKEYS, (D)
SURVEY,2013,YADKIN,WHEAT,"6,600"
SURVEY,2013,ALAMANCE,CORN,"2,800"
SURVEY,2013,ALAMANCE,CORN,"1,400"
SURVEY,2013,ALAMANCE,SOYBEANS,"4,200"
SURVEY,2013,ALAMANCE,TOBACCO,"1,380"
SURVEY,2013,ALAMANCE,TURKEYS, (D)
SURVEY,2013,ALAMANCE,WHEAT,"3,900"
SURVEY,2013,CASWELL,CORN,"1,200"
SURVEY,2013,CASWELL,CORN,700
SURVEY,2013,CASWELL,TOBACCO,"2,730"
SURVEY,2013,CASWELL,WHEAT,"1,700"
SURVEY,2013,DURHAM,TURKEYS, (D)
SURVEY,2013,FORSYTH,SOYBEANS,"3,400"
SURVEY,2013,FORSYTH,TOBACCO,950
SURVEY,2013,FORSYTH,WHEAT,"1,400"
SURVEY,2013,FRANKLIN,CORN,"1,400"
SURVEY,2013,FRANKLIN,CORN,"1,300"
SURVEY,2013,FRANKLIN,SOYBEANS,"16,800"
SURVEY,2013,FRANKLIN,TOBACCO,"3,890"
SURVEY,2013,FRANKLIN,TURKEYS, (D)
SURVEY,2013,FRANKLIN,WHEAT,"9,500"
SURVEY,2013,GRANVILLE,CORN,"2,400"
SURVEY,2013,GRANVILLE,CORN,"1,100"
SURVEY,2013,GRANVILLE,SOYBEANS,"3,000"
SURVEY,2013,GRANVILLE,TOBACCO,"3,370"
SURVEY,2013,GRANVILLE,TURKEYS, (D)
SURVEY,2013,GRANVILLE,WHEAT,"4,600"
SURVEY,2013,GUILFORD,CORN,"4,600"
SURVEY,2013,GUILFORD,CORN,"3,700"
SURVEY,2013,GUILFORD,SOYBEANS,"7,000"
SURVEY,2013,GUILFORD,TOBACCO,"2,140"
SURVEY,2013,GUILFORD,TURKEYS, (D)
SURVEY,2013,GUILFORD,WHEAT,"4,500"
SURVEY,2013,ORANGE,CORN,"2,900"
SURVEY,2013,ORANGE,CORN,"2,200"
SURVEY,2013,ORANGE,SOYBEANS,"2,200"
SURVEY,2013,ORANGE,TURKEYS, (D)
SURVEY,2013,ORANGE,WHEAT,"2,600"
SURVEY,2013,OTHER (COMBINED) COUNTIES,CORN,"3,700"
SURVEY,2013,OTHER (COMBINED) COUNTIES,CORN,"3,100"
SURVEY,2013,OTHER (COMBINED) COUNTIES,COTTON,"2,600"
SURVEY,2013,OTHER (COMBINED) COUNTIES,SOYBEANS,"2,250"
SURVEY,2013,OTHER (COMBINED) COUNTIES,TOBACCO,250
SURVEY,2013,OTHER (COMBINED) COUNTIES,TOBACCO,890
SURVEY,2013,OTHER (COMBINED) COUNTIES,WHEAT,"1,400"
SURVEY,2013,PERSON,CORN,"2,500"
SURVEY,2013,PERSON,CORN,"2,300"
SURVEY,2013,PERSON,SOYBEANS,"10,400"
SURVEY,2013,PERSON,TOBACCO,"4,590"
SURVEY,2013,PERSON,TURKEYS, (D)
SURVEY,2013,PERSON,WHEAT,"8,600"
SURVEY,2013,ROCKINGHAM,CORN,"3,500"
SURVEY,2013,ROCKINGHAM,CORN,"2,300"
SURVEY,2013,ROCKINGHAM,SOYBEANS,"3,800"
SURVEY,2013,ROCKINGHAM,TOBACCO,130
SURVEY,2013,ROCKINGHAM,TOBACCO,"3,740"
SURVEY,2013,ROCKINGHAM,TURKEYS, (D)
SURVEY,2013,ROCKINGHAM,WHEAT,"2,600"
SURVEY,2013,STOKES,CORN,"2,000"
SURVEY,2013,STOKES,CORN,"1,400"
SURVEY,2013,STOKES,SOYBEANS,"1,950"
SURVEY,2013,STOKES,TOBACCO,"1,960"
SURVEY,2013,STOKES,TURKEYS, (D)
SURVEY,2013,VANCE,SOYBEANS,"5,600"
SURVEY,2013,VANCE,TOBACCO,"2,000"
SURVEY,2013,VANCE,TURKEYS, (D)
SURVEY,2013,VANCE,WHEAT,"3,800"
SURVEY,2013,WARREN,SOYBEANS,"7,400"
SURVEY,2013,WARREN,TOBACCO,"1,560"
SURVEY,2013,WARREN,WHEAT,"4,000"
SURVEY,2013,BLADEN,CORN,"26,500"
SURVEY,2013,BLADEN,CORN,"24,900"
SURVEY,2013,BLADEN,PEANUTS,"3,900"
SURVEY,2013,BLADEN,SOYBEANS,"16,300"
SURVEY,2013,BLADEN,TURKEYS,"1,650,000"
SURVEY,2013,BRUNSWICK,CORN,"7,000"
SURVEY,2013,BRUNSWICK,CORN,"6,650"
SURVEY,2013,COLUMBUS,CORN,"38,000"
SURVEY,2013,COLUMBUS,CORN,"36,900"
SURVEY,2013,COLUMBUS,COTTON,"3,550"
SURVEY,2013,COLUMBUS,PEANUTS,"6,100"
SURVEY,2013,COLUMBUS,SOYBEANS,"46,100"
SURVEY,2013,COLUMBUS,TOBACCO,"2,220"
SURVEY,2013,COLUMBUS,TURKEYS, (D)
SURVEY,2013,COLUMBUS,WHEAT,"24,000"
SURVEY,2013,CUMBERLAND,COTTON,"5,650"
SURVEY,2013,CUMBERLAND,SOYBEANS,"12,800"
SURVEY,2013,CUMBERLAND,TOBACCO,"3,450"
SURVEY,2013,CUMBERLAND,TURKEYS,"505,000"
SURVEY,2013,DUPLIN,CORN,"41,500"
SURVEY,2013,DUPLIN,CORN,"40,400"
SURVEY,2013,DUPLIN,COTTON,"7,250"
SURVEY,2013,DUPLIN,PEANUTS,"5,440"
SURVEY,2013,DUPLIN,SOYBEANS,"46,700"
SURVEY,2013,DUPLIN,TOBACCO,"3,980"
SURVEY,2013,DUPLIN,TURKEYS,"6,850,000"
SURVEY,2013,DUPLIN,WHEAT,"38,900"
SURVEY,2013,HARNETT,COTTON,"10,400"
SURVEY,2013,HARNETT,SOYBEANS,"18,200"
SURVEY,2013,HARNETT,SWEET POTATOES,"1,070"
SURVEY,2013,HARNETT,TOBACCO,"7,380"
SURVEY,2013,HARNETT,TURKEYS, (D)
SURVEY,2013,HARNETT,WHEAT,"12,400"
SURVEY,2013,HOKE,CORN,"6,700"
SURVEY,2013,HOKE,CORN,"6,350"
SURVEY,2013,HOKE,COTTON,"10,500"
SURVEY,2013,HOKE,TURKEYS,"175,000"
SURVEY,2013,HOKE,WHEAT,"7,900"
SURVEY,2013,ONSLOW,CORN,"9,800"
SURVEY,2013,ONSLOW,CORN,"9,500"
SURVEY,2013,ONSLOW,SOYBEANS,"13,300"
SURVEY,2013,ONSLOW,TURKEYS,"1,700,000"
SURVEY,2013,ONSLOW,WHEAT,"8,000"
SURVEY,2013,OTHER (COMBINED) COUNTIES,CORN,"31,800"
SURVEY,2013,OTHER (COMBINED) COUNTIES,CORN,"30,750"
SURVEY,2013,OTHER (COMBINED) COUNTIES,COTTON,"15,850"
SURVEY,2013,OTHER (COMBINED) COUNTIES,PEANUTS,"4,710"
SURVEY,2013,OTHER (COMBINED) COUNTIES,SOYBEANS,"30,600"
SURVEY,2013,OTHER (COMBINED) COUNTIES,SWEET POTATOES,"5,390"
SURVEY,2013,OTHER (COMBINED) COUNTIES,TOBACCO,"3,090"
SURVEY,2013,OTHER (COMBINED) COUNTIES,WHEAT,"32,400"
SURVEY,2013,PENDER,TURKEYS,"745,000"
SURVEY,2013,ROBESON,CORN,"68,000"
SURVEY,2013,ROBESON,CORN,"64,700"
SURVEY,2013,ROBESON,COTTON,"12,200"
SURVEY,2013,ROBESON,SOYBEANS,"63,500"
SURVEY,2013,ROBESON,TOBACCO,"2,080"
SURVEY,2013,ROBESON,TURKEYS,"170,000"
SURVEY,2013,ROBESON,WHEAT,"62,200"
SURVEY,2013,SAMPSON,CORN,"35,500"
SURVEY,2013,SAMPSON,CORN,"34,700"
SURVEY,2013,SAMPSON,COTTON,"16,500"
SURVEY,2013,SAMPSON,PEANUTS,"3,550"
SURVEY,2013,SAMPSON,SOYBEANS,"52,500"
SURVEY,2013,SAMPSON,SWEET POTATOES,"8,340"
SURVEY,2013,SAMPSON,TOBACCO,"14,800"
SURVEY,2013,SAMPSON,TURKEYS,"9,700,000"
SURVEY,2013,SAMPSON,WHEAT,"44,600"
SURVEY,2013,SCOTLAND,CORN,"5,200"
SURVEY,2013,SCOTLAND,CORN,"5,150"
SURVEY,2013,SCOTLAND,SOYBEANS,"10,000"
SURVEY,2013,SCOTLAND,WHEAT,"8,600"
SURVEY,2013,ANSON,CORN,"8,300"
SURVEY,2013,ANSON,CORN,"8,200"
SURVEY,2013,ANSON,SOYBEANS,"9,300"
SURVEY,2013,ANSON,TURKEYS,"1,000,000"
SURVEY,2013,ANSON,WHEAT,"9,400"
SURVEY,2013,CABARRUS,CORN,"5,100"
SURVEY,2013,CABARRUS,CORN,"3,800"
SURVEY,2013,CABARRUS,SOYBEANS,"3,800"
SURVEY,2013,CABARRUS,TURKEYS, (D)
SURVEY,2013,CABARRUS,WHEAT,"4,200"
SURVEY,2013,CLEVELAND,COTTON,"1,900"
SURVEY,2013,CLEVELAND,SOYBEANS,"14,100"
SURVEY,2013,CLEVELAND,TURKEYS,"330,000"
SURVEY,2013,CLEVELAND,WHEAT,"9,400"
SURVEY,2013,GASTON,SOYBEANS,"3,500"
SURVEY,2013,GASTON,TURKEYS, (D)
SURVEY,2013,GASTON,WHEAT,"1,300"
SURVEY,2013,LINCOLN,CORN,"3,500"
SURVEY,2013,LINCOLN,CORN,"2,000"
SURVEY,2013,LINCOLN,SOYBEANS,"5,700"
SURVEY,2013,LINCOLN,WHEAT,"3,900"
SURVEY,2013,MECKLENBURG,SOYBEANS,"1,200"
SURVEY,2013,MONTGOMERY,CORN,"1,600"
SURVEY,2013,MONTGOMERY,CORN,"1,500"
SURVEY,2013,MONTGOMERY,SOYBEANS,900
SURVEY,2013,MONTGOMERY,TURKEYS, (D)
SURVEY,2013,MOORE,CORN,"1,000"
SURVEY,2013,MOORE,CORN,900
SURVEY,2013,MOORE,SOYBEANS,"2,800"
SURVEY,2013,MOORE,TURKEYS, (D)
SURVEY,2013,MOORE,WHEAT,"3,200"
SURVEY,2013,OTHER (COMBINED) COUNTIES,CORN,"7,700"
SURVEY,2013,OTHER (COMBINED) COUNTIES,CORN,"5,400"
SURVEY,2013,OTHER (COMBINED) COUNTIES,COTTON,"5,350"
SURVEY,2013,OTHER (COMBINED) COUNTIES,TOBACCO,"2,000"
SURVEY,2013,OTHER (COMBINED) COUNTIES,WHEAT,"1,500"
SURVEY,2013,RICHMOND,SOYBEANS,"2,300"
SURVEY,2013,RICHMOND,TURKEYS, (D)
SURVEY,2013,RICHMOND,WHEAT,"3,000"
SURVEY,2013,STANLY,CORN,"13,800"
SURVEY,2013,STANLY,CORN,"12,700"
SURVEY,2013,STANLY,COTTON,"9,900"
SURVEY,2013,STANLY,SOYBEANS,"13,900"
SURVEY,2013,STANLY,TURKEYS,"495,000"
SURVEY,2013,STANLY,WHEAT,"14,300"
SURVEY,2013,UNION,CORN,"37,000"
SURVEY,2013,UNION,CORN,"36,500"
SURVEY,2013,UNION,COTTON,"1,650"
SURVEY,2013,UNION,SOYBEANS,"38,500"
SURVEY,2013,UNION,TURKEYS,"2,750,000"
SURVEY,2013,UNION,WHEAT,"51,800"
SURVEY,2013,BUNCOMBE,CORN,700
SURVEY,2013,BUNCOMBE,CORN,150
SURVEY,2013,BUNCOMBE,TURKEYS, (D)
SURVEY,2013,BURKE,CORN,"1,100"
SURVEY,2013,BURKE,CORN,850
SURVEY,2013,CHEROKEE,CORN,"1,100"
SURVEY,2013,CHEROKEE,CORN,700
SURVEY,2013,HAYWOOD,TOBACCO,110
SURVEY,2013,HENDERSON,CORN,"2,800"
SURVEY,2013,HENDERSON,CORN,"2,350"
SURVEY,2013,JACKSON,TURKEYS, (D)
SURVEY,2013,MACON,CORN,600
SURVEY,2013,MACON,CORN,450
SURVEY,2013,MADISON,TOBACCO,150
SURVEY,2013,MADISON,TURKEYS, (D)
SURVEY,2013,OTHER (COMBINED) COUNTIES,CORN,"3,700"
SURVEY,2013,OTHER (COMBINED) COUNTIES,CORN,"1,450"
SURVEY,2013,OTHER (COMBINED) COUNTIES,SOYBEANS,"5,500"
SURVEY,2013,OTHER (COMBINED) COUNTIES,TOBACCO,120
SURVEY,2013,OTHER (COMBINED) COUNTIES,WHEAT,"1,100"
SURVEY,2013,RUTHERFORD,CORN,600
SURVEY,2013,RUTHERFORD,CORN,550
SURVEY,2013,RUTHERFORD,WHEAT,700
SURVEY,2013,TRANSYLVANIA,CORN,"1,400"
SURVEY,2013,TRANSYLVANIA,CORN,"1,000"
SURVEY,2013,TRANSYLVANIA,TURKEYS, (D)
SURVEY,2013,YANCEY,TURKEYS, (D)
SURVEY,2012,OTHER COUNTIES,CATTLE,"92,800"
SURVEY,2012,OTHER COUNTIES,CATTLE,"3,600"
SURVEY,2012,BEAUFORT,CATTLE,900
SURVEY,2012,CARTERET,CATTLE,100
SURVEY,2012,CRAVEN,CATTLE,500
SURVEY,2012,GREENE,CATTLE,900
SURVEY,2012,HYDE,CATTLE,300
SURVEY,2012,JOHNSTON,CATTLE,"6,000"
SURVEY,2012,JONES,CATTLE,800
SURVEY,2012,LENOIR,CATTLE,"1,700"
SURVEY,2012,PITT,CATTLE,"2,100"
SURVEY,2012,WAYNE,CATTLE, (D)
SURVEY,2012,WAYNE,CATTLE, (D)
SURVEY,2012,WILSON,CATTLE,900
SURVEY,2012,ALEXANDER,CATTLE,"7,200"
SURVEY,2012,ALEXANDER,CATTLE,"1,600"
SURVEY,2012,CATAWBA,CATTLE,"6,800"
SURVEY,2012,CATAWBA,CATTLE,500
SURVEY,2012,CHATHAM,CATTLE,"14,500"
SURVEY,2012,CHATHAM,CATTLE,"1,100"
SURVEY,2012,DAVIDSON,CATTLE,"5,200"
SURVEY,2012,DAVIDSON,CATTLE,"1,300"
SURVEY,2012,DAVIE,CATTLE,"6,000"
SURVEY,2012,DAVIE,CATTLE,500
SURVEY,2012,IREDELL,CATTLE,"12,500"
SURVEY,2012,IREDELL,CATTLE,"12,800"
SURVEY,2012,LEE,CATTLE, (D)
SURVEY,2012,RANDOLPH,CATTLE,"16,000"
SURVEY,2012,RANDOLPH,CATTLE,"4,400"
SURVEY,2012,ROWAN,CATTLE,"6,600"
SURVEY,2012,ROWAN,CATTLE,"1,400"
SURVEY,2012,WAKE,CATTLE, (D)
SURVEY,2012,WAKE,CATTLE, (D)
SURVEY,2012,BERTIE,CATTLE,400
SURVEY,2012,CAMDEN,CATTLE,100
SURVEY,2012,CHOWAN,CATTLE,600
SURVEY,2012,CURRITUCK,CATTLE, (D)
SURVEY,2012,EDGECOMBE,CATTLE,"1,300"
SURVEY,2012,GATES,CATTLE,400
SURVEY,2012,HALIFAX,CATTLE, (D)
SURVEY,2012,HALIFAX,CATTLE, (D)
SURVEY,2012,HERTFORD,CATTLE,200
SURVEY,2012,MARTIN,CATTLE,800
SURVEY,2012,NASH,CATTLE, (D)
SURVEY,2012,NASH,CATTLE, (D)
SURVEY,2012,NORTHAMPTON,CATTLE, (D)
SURVEY,2012,PASQUOTANK,CATTLE,200
SURVEY,2012,PERQUIMANS,CATTLE,600
SURVEY,2012,TYRRELL,CATTLE,100
SURVEY,2012,WASHINGTON,CATTLE,600
SURVEY,2012,ALLEGHANY,CATTLE,"6,200"
SURVEY,2012,ALLEGHANY,CATTLE,"1,700"
SURVEY,2012,ASHE,CATTLE,"6,000"
SURVEY,2012,ASHE,CATTLE,100
SURVEY,2012,AVERY,CATTLE, (D)
SURVEY,2012,AVERY,CATTLE, (D)
SURVEY,2012,CALDWELL,CATTLE,"2,600"
SURVEY,2012,CALDWELL,CATTLE, (D)
SURVEY,2012,SURRY,CATTLE, (D)
SURVEY,2012,SURRY,CATTLE, (D)
SURVEY,2012,WATAUGA,CATTLE, (D)
SURVEY,2012,WATAUGA,CATTLE, (D)
SURVEY,2012,WILKES,CATTLE,"14,000"
SURVEY,2012,WILKES,CATTLE,"1,100"
SURVEY,2012,YADKIN,CATTLE,"9,000"
SURVEY,2012,YADKIN,CATTLE,"1,500"
SURVEY,2012,ALAMANCE,CATTLE,"6,900"
SURVEY,2012,ALAMANCE,CATTLE,"1,200"
SURVEY,2012,CASWELL,CATTLE, (D)
SURVEY,2012,CASWELL,CATTLE, (D)
SURVEY,2012,DURHAM,CATTLE, (D)
SURVEY,2012,DURHAM,CATTLE, (D)
SURVEY,2012,FORSYTH,CATTLE,"2,000"
SURVEY,2012,FORSYTH,CATTLE, (D)
SURVEY,2012,FRANKLIN,CATTLE, (D)
SURVEY,2012,FRANKLIN,CATTLE, (D)
SURVEY,2012,GRANVILLE,CATTLE,"4,000"
SURVEY,2012,GRANVILLE,CATTLE,500
SURVEY,2012,GUILFORD,CATTLE,"5,000"
SURVEY,2012,GUILFORD,CATTLE,"1,400"
SURVEY,2012,ORANGE,CATTLE,"4,600"
SURVEY,2012,ORANGE,CATTLE,800
SURVEY,2012,PERSON,CATTLE, (D)
SURVEY,2012,PERSON,CATTLE, (D)
SURVEY,2012,ROCKINGHAM,CATTLE,"4,800"
SURVEY,2012,ROCKINGHAM,CATTLE,400
SURVEY,2012,STOKES,CATTLE,"5,000"
SURVEY,2012,STOKES,CATTLE,100
SURVEY,2012,VANCE,CATTLE,900
SURVEY,2012,WARREN,CATTLE, (D)
SURVEY,2012,WARREN,CATTLE, (D)
SURVEY,2012,BLADEN,CATTLE,"3,000"
SURVEY,2012,BRUNSWICK,CATTLE,"1,200"
SURVEY,2012,COLUMBUS,CATTLE,"3,800"
SURVEY,2012,CUMBERLAND,CATTLE,"1,900"
SURVEY,2012,DUPLIN,CATTLE,"14,200"
SURVEY,2012,DUPLIN,CATTLE,100
SURVEY,2012,HARNETT,CATTLE,"3,800"
SURVEY,2012,HOKE,CATTLE,600
SURVEY,2012,ONSLOW,CATTLE, (D)
SURVEY,2012,PENDER,CATTLE, (D)
SURVEY,2012,ROBESON,CATTLE, (D)
SURVEY,2012,SAMPSON,CATTLE, (D)
SURVEY,2012,SAMPSON,CATTLE, (D)
SURVEY,2012,SCOTLAND,CATTLE,700
SURVEY,2012,ANSON,CATTLE,"4,500"
SURVEY,2012,ANSON,CATTLE, (D)
SURVEY,2012,CABARRUS,CATTLE,"6,600"
SURVEY,2012,CABARRUS,CATTLE,900
SURVEY,2012,CLEVELAND,CATTLE,"9,200"
SURVEY,2012,CLEVELAND,CATTLE,600
SURVEY,2012,GASTON,CATTLE,"3,000"
SURVEY,2012,GASTON,CATTLE,800
SURVEY,2012,LINCOLN,CATTLE,"3,900"
SURVEY,2012,LINCOLN,CATTLE,"2,400"
SURVEY,2012,MECKLENBURG,CATTLE,"1,200"
SURVEY,2012,MECKLENBURG,CATTLE, (D)
SURVEY,2012,MONTGOMERY,CATTLE,"3,700"
SURVEY,2012,MOORE,CATTLE,"5,000"
SURVEY,2012,RICHMOND,CATTLE,"1,700"
SURVEY,2012,STANLY,CATTLE,"7,700"
SURVEY,2012,STANLY,CATTLE,400
SURVEY,2012,UNION,CATTLE, (D)
SURVEY,2012,UNION,CATTLE, (D)
SURVEY,2012,BUNCOMBE,CATTLE,"6,400"
SURVEY,2012,BUNCOMBE,CATTLE,"1,000"
SURVEY,2012,BURKE,CATTLE,"2,000"
SURVEY,2012,CHEROKEE,CATTLE, (D)
SURVEY,2012,CHEROKEE,CATTLE, (D)
SURVEY,2012,CLAY,CATTLE,"1,300"
SURVEY,2012,GRAHAM,CATTLE,600
SURVEY,2012,GRAHAM,CATTLE, (D)
SURVEY,2012,HAYWOOD,CATTLE,"5,000"
SURVEY,2012,HAYWOOD,CATTLE,"1,200"
SURVEY,2012,HENDERSON,CATTLE,"1,500"
SURVEY,2012,HENDERSON,CATTLE,"1,500"
SURVEY,2012,JACKSON,CATTLE, (D)
SURVEY,2012,JACKSON,CATTLE, (D)
SURVEY,2012,MACON,CATTLE,"1,800"
SURVEY,2012,MADISON,CATTLE,"3,800"
SURVEY,2012,MADISON,CATTLE, (D)
SURVEY,2012,MCDOWELL,CATTLE, (D)
SURVEY,2012,MCDOWELL,CATTLE, (D)
SURVEY,2012,MITCHELL,CATTLE,"1,000"
SURVEY,2012,POLK,CATTLE, (D)
SURVEY,2012,POLK,CATTLE, (D)
SURVEY,2012,RUTHERFORD,CATTLE, (D)
SURVEY,2012,RUTHERFORD,CATTLE, (D)
SURVEY,2012,SWAIN,CATTLE,300
SURVEY,2012,TRANSYLVANIA,CATTLE, (D)
SURVEY,2012,YANCEY,CATTLE,"2,500"
SURVEY,2012,YANCEY,CATTLE,100
SURVEY,2012,OTHER COUNTIES,TURKEYS,"625,000"
SURVEY,2012,BEAUFORT,CORN,"41,300"
SURVEY,2012,BEAUFORT,CORN,"40,700"
SURVEY,2012,BEAUFORT,COTTON,"18,900"
SURVEY,2012,BEAUFORT,SOYBEANS,"61,800"
SURVEY,2012,BEAUFORT,TOBACCO,"1,550"
SURVEY,2012,BEAUFORT,WHEAT,"32,900"
SURVEY,2012,CRAVEN,CORN,"19,000"
SURVEY,2012,CRAVEN,CORN,"18,700"
SURVEY,2012,CRAVEN,COTTON,"7,200"
SURVEY,2012,CRAVEN,SOYBEANS,"24,000"
SURVEY,2012,CRAVEN,TOBACCO,"2,000"
SURVEY,2012,GREENE,CORN,"8,600"
SURVEY,2012,GREENE,CORN,"8,500"
SURVEY,2012,GREENE,COTTON,"13,800"
SURVEY,2012,GREENE,SOYBEANS,"32,100"
SURVEY,2012,GREENE,TOBACCO,"6,100"
SURVEY,2012,GREENE,TURKEYS,"1,600,000"
SURVEY,2012,GREENE,WHEAT,"10,800"
SURVEY,2012,HYDE,CORN,"29,900"
SURVEY,2012,HYDE,CORN,"29,200"
SURVEY,2012,HYDE,COTTON,"17,700"
SURVEY,2012,HYDE,SOYBEANS,"25,800"
SURVEY,2012,HYDE,WHEAT,"15,700"
SURVEY,2012,JOHNSTON,CORN,"8,700"
SURVEY,2012,JOHNSTON,CORN,"8,600"
SURVEY,2012,JOHNSTON,SOYBEANS,"55,300"
SURVEY,2012,JOHNSTON,SWEET POTATOES,"9,300"
SURVEY,2012,JOHNSTON,TOBACCO,"10,700"
SURVEY,2012,JOHNSTON,TURKEYS,"320,000"
SURVEY,2012,JOHNSTON,WHEAT,"13,900"
SURVEY,2012,JONES,COTTON,"14,200"
SURVEY,2012,JONES,SOYBEANS,"19,700"
SURVEY,2012,JONES,TURKEYS,"250,000"
SURVEY,2012,JONES,WHEAT,"6,300"
SURVEY,2012,LENOIR,CORN,"19,300"
SURVEY,2012,LENOIR,CORN,"19,100"
SURVEY,2012,LENOIR,COTTON,"15,800"
SURVEY,2012,LENOIR,SOYBEANS,"34,700"
SURVEY,2012,LENOIR,TOBACCO,"7,950"
SURVEY,2012,LENOIR,TURKEYS,"1,400,000"
SURVEY,2012,LENOIR,WHEAT,"16,400"
SURVEY,2012,OTHER (COMBINED) COUNTIES,CORN,"28,700"
SURVEY,2012,OTHER (COMBINED) COUNTIES,CORN,"28,300"
SURVEY,2012,OTHER (COMBINED) COUNTIES,COTTON,"16,100"
SURVEY,2012,OTHER (COMBINED) COUNTIES,SOYBEANS,"34,400"
SURVEY,2012,OTHER (COMBINED) COUNTIES,SWEET POTATOES,"12,550"
SURVEY,2012,OTHER (COMBINED) COUNTIES,TOBACCO,"2,550"
SURVEY,2012,OTHER (COMBINED) COUNTIES,WHEAT,"9,500"
SURVEY,2012,PAMLICO,CORN,"17,100"
SURVEY,2012,PAMLICO,CORN,"17,000"
SURVEY,2012,PAMLICO,WHEAT,"10,700"
SURVEY,2012,PITT,CORN,"14,000"
SURVEY,2012,PITT,CORN,"13,600"
SURVEY,2012,PITT,COTTON,"25,800"
SURVEY,2012,PITT,SOYBEANS,"59,500"
SURVEY,2012,PITT,TOBACCO,"5,250"
SURVEY,2012,PITT,TURKEYS, (D)
SURVEY,2012,PITT,WHEAT,"17,200"
SURVEY,2012,WAYNE,CORN,"22,000"
SURVEY,2012,WAYNE,CORN,"21,500"
SURVEY,2012,WAYNE,COTTON,"11,300"
SURVEY,2012,WAYNE,SOYBEANS,"60,900"
SURVEY,2012,WAYNE,TOBACCO,"9,700"
SURVEY,2012,WAYNE,TURKEYS,"3,700,000"
SURVEY,2012,WAYNE,WHEAT,"37,700"
SURVEY,2012,WILSON,CORN,"8,900"
SURVEY,2012,WILSON,CORN,"8,800"
SURVEY,2012,WILSON,COTTON,"16,200"
SURVEY,2012,WILSON,SOYBEANS,"32,300"
SURVEY,2012,WILSON,SWEET POTATOES,"6,950"
SURVEY,2012,WILSON,TOBACCO,"9,800"
SURVEY,2012,WILSON,WHEAT,"8,900"
SURVEY,2012,ALEXANDER,SOYBEANS,"2,450"
SURVEY,2012,ALEXANDER,WHEAT,950
SURVEY,2012,CATAWBA,CORN,"3,400"
SURVEY,2012,CATAWBA,CORN,"3,000"
SURVEY,2012,CATAWBA,SOYBEANS,"8,400"
SURVEY,2012,CATAWBA,WHEAT,"4,500"
SURVEY,2012,CHATHAM,CORN,"2,600"
SURVEY,2012,CHATHAM,CORN,"1,900"
SURVEY,2012,CHATHAM,SOYBEANS,"2,700"
SURVEY,2012,CHATHAM,TURKEYS, (D)
SURVEY,2012,CHATHAM,WHEAT,"1,150"
SURVEY,2012,DAVIDSON,CORN,"6,300"
SURVEY,2012,DAVIDSON,CORN,"5,500"
SURVEY,2012,DAVIDSON,SOYBEANS,"10,600"
SURVEY,2012,DAVIDSON,TOBACCO,680
SURVEY,2012,DAVIDSON,TURKEYS, (D)
SURVEY,2012,DAVIDSON,WHEAT,"3,000"
SURVEY,2012,DAVIE,CORN,"8,400"
SURVEY,2012,DAVIE,CORN,"7,900"
SURVEY,2012,DAVIE,SOYBEANS,"8,400"
SURVEY,2012,DAVIE,TOBACCO,230
SURVEY,2012,DAVIE,TURKEYS, (D)
SURVEY,2012,DAVIE,WHEAT,"4,850"
SURVEY,2012,IREDELL,CORN,"19,000"
SURVEY,2012,IREDELL,CORN,"13,600"
SURVEY,2012,IREDELL,SOYBEANS,"16,200"
SURVEY,2012,IREDELL,TURKEYS, (D)
SURVEY,2012,IREDELL,WHEAT,"6,700"
SURVEY,2012,LEE,CORN,"1,200"
SURVEY,2012,LEE,CORN,"1,100"
SURVEY,2012,LEE,COTTON,"1,200"
SURVEY,2012,LEE,SOYBEANS,"4,550"
SURVEY,2012,LEE,TOBACCO,"2,350"
SURVEY,2012,LEE,WHEAT,"1,250"
SURVEY,2012,OTHER (COMBINED) COUNTIES,CORN,"3,200"
SURVEY,2012,OTHER (COMBINED) COUNTIES,CORN,"1,600"
SURVEY,2012,OTHER (COMBINED) COUNTIES,COTTON,"1,900"
SURVEY,2012,OTHER (COMBINED) COUNTIES,TOBACCO,900
SURVEY,2012,RANDOLPH,CORN,"7,700"
SURVEY,2012,RANDOLPH,CORN,"5,900"
SURVEY,2012,RANDOLPH,SOYBEANS,"8,400"
SURVEY,2012,RANDOLPH,TOBACCO,920
SURVEY,2012,RANDOLPH,WHEAT,"4,400"
SURVEY,2012,ROWAN,CORN,"11,200"
SURVEY,2012,ROWAN,CORN,"10,200"
SURVEY,2012,ROWAN,SOYBEANS,"17,300"
SURVEY,2012,ROWAN,TURKEYS, (D)
SURVEY,2012,ROWAN,WHEAT,"8,900"
SURVEY,2012,WAKE,SOYBEANS,"15,800"
SURVEY,2012,WAKE,TOBACCO,"3,520"
SURVEY,2012,WAKE,TURKEYS, (D)
SURVEY,2012,WAKE,WHEAT,"5,800"
SURVEY,2012,BERTIE,CORN,"9,900"
SURVEY,2012,BERTIE,CORN,"9,700"
SURVEY,2012,BERTIE,COTTON,"27,900"
SURVEY,2012,BERTIE,PEANUTS,"9,150"
SURVEY,2012,BERTIE,SOYBEANS,"27,700"
SURVEY,2012,BERTIE,TOBACCO,"3,650"
SURVEY,2012,BERTIE,WHEAT,"7,600"
SURVEY,2012,CAMDEN,CORN,"16,500"
SURVEY,2012,CAMDEN,CORN,"16,300"
SURVEY,2012,CAMDEN,SOYBEANS,"30,900"
SURVEY,2012,CAMDEN,WHEAT,"13,900"
SURVEY,2012,CHOWAN,CORN,"4,600"
SURVEY,2012,CHOWAN,CORN,"4,600"
SURVEY,2012,CHOWAN,COTTON,"12,400"
SURVEY,2012,CHOWAN,PEANUTS,"4,300"
SURVEY,2012,CHOWAN,SOYBEANS,"13,900"
SURVEY,2012,CHOWAN,WHEAT,"5,700"
SURVEY,2012,CURRITUCK,CORN,"13,300"
SURVEY,2012,CURRITUCK,CORN,"13,100"
SURVEY,2012,CURRITUCK,SOYBEANS,"19,600"
SURVEY,2012,CURRITUCK,WHEAT,"11,900"
SURVEY,2012,EDGECOMBE,CORN,"9,300"
SURVEY,2012,EDGECOMBE,CORN,"9,200"
SURVEY,2012,EDGECOMBE,COTTON,"35,600"
SURVEY,2012,EDGECOMBE,PEANUTS,"7,150"
SURVEY,2012,EDGECOMBE,SOYBEANS,"42,400"
SURVEY,2012,EDGECOMBE,TOBACCO,"6,700"
SURVEY,2012,EDGECOMBE,WHEAT,"9,950"
SURVEY,2012,GATES,CORN,"5,100"
SURVEY,2012,GATES,CORN,"5,000"
SURVEY,2012,GATES,COTTON,"9,500"
SURVEY,2012,GATES,PEANUTS,"2,600"
SURVEY,2012,GATES,SOYBEANS,"22,800"
SURVEY,2012,GATES,WHEAT,"9,700"
SURVEY,2012,HALIFAX,CORN,"3,800"
SURVEY,2012,HALIFAX,CORN,"3,700"
SURVEY,2012,HALIFAX,COTTON,"55,500"
SURVEY,2012,HALIFAX,PEANUTS,"8,150"
SURVEY,2012,HALIFAX,SOYBEANS,"27,300"
SURVEY,2012,HALIFAX,TOBACCO,"3,350"
SURVEY,2012,HALIFAX,WHEAT,"3,000"
SURVEY,2012,HERTFORD,CORN,"7,100"
SURVEY,2012,HERTFORD,CORN,"7,000"
SURVEY,2012,HERTFORD,COTTON,"14,500"
SURVEY,2012,HERTFORD,PEANUTS,"4,600"
SURVEY,2012,HERTFORD,SOYBEANS,"15,200"
SURVEY,2012,HERTFORD,TOBACCO,"2,650"
SURVEY,2012,MARTIN,CORN,"3,600"
SURVEY,2012,MARTIN,CORN,"3,400"
SURVEY,2012,MARTIN,COTTON,"40,500"
SURVEY,2012,MARTIN,PEANUTS,"9,450"
SURVEY,2012,MARTIN,TOBACCO,"5,300"
SURVEY,2012,MARTIN,WHEAT,"3,900"
SURVEY,2012,NASH,COTTON,"10,900"
SURVEY,2012,NASH,SOYBEANS,"31,000"
SURVEY,2012,NASH,SWEET POTATOES,"9,350"
SURVEY,2012,NASH,TOBACCO,"8,400"
SURVEY,2012,NASH,WHEAT,"4,850"
SURVEY,2012,NORTHAMPTON,CORN,"5,300"
SURVEY,2012,NORTHAMPTON,CORN,"5,200"
SURVEY,2012,NORTHAMPTON,COTTON,"40,500"
SURVEY,2012,NORTHAMPTON,PEANUTS,"4,850"
SURVEY,2012,NORTHAMPTON,SOYBEANS,"36,700"
SURVEY,2012,NORTHAMPTON,WHEAT,"11,300"
SURVEY,2012,OTHER (COMBINED) COUNTIES,CORN,"3,600"
SURVEY,2012,OTHER (COMBINED) COUNTIES,CORN,"3,400"
SURVEY,2012,OTHER (COMBINED) COUNTIES,COTTON,"4,800"
SURVEY,2012,OTHER (COMBINED) COUNTIES,PEANUTS,"3,650"
SURVEY,2012,OTHER (COMBINED) COUNTIES,SOYBEANS,"15,900"
SURVEY,2012,OTHER (COMBINED) COUNTIES,SWEET POTATOES,"4,550"
SURVEY,2012,OTHER (COMBINED) COUNTIES,TOBACCO,550
SURVEY,2012,OTHER (COMBINED) COUNTIES,WHEAT,"5,100"
SURVEY,2012,PASQUOTANK,CORN,"24,800"
SURVEY,2012,PASQUOTANK,CORN,"24,400"
SURVEY,2012,PASQUOTANK,SOYBEANS,"43,700"
SURVEY,2012,PASQUOTANK,WHEAT,"18,100"
SURVEY,2012,PERQUIMANS,CORN,"14,000"
SURVEY,2012,PERQUIMANS,CORN,"13,800"
SURVEY,2012,PERQUIMANS,COTTON,"12,800"
SURVEY,2012,PERQUIMANS,PEANUTS,"1,100"
SURVEY,2012,PERQUIMANS,SOYBEANS,"40,500"
SURVEY,2012,PERQUIMANS,WHEAT,"21,300"
SURVEY,2012,TYRRELL,CORN,"27,300"
SURVEY,2012,TYRRELL,CORN,"27,000"
SURVEY,2012,TYRRELL,SOYBEANS,"31,300"
SURVEY,2012,TYRRELL,WHEAT,"17,400"
SURVEY,2012,WASHINGTON,CORN,"29,300"
SURVEY,2012,WASHINGTON,CORN,"29,000"
SURVEY,2012,WASHINGTON,COTTON,"15,100"
SURVEY,2012,WASHINGTON,SOYBEANS,"35,600"
SURVEY,2012,WASHINGTON,WHEAT,"18,300"
SURVEY,2012,ALLEGHANY,TOBACCO,170
SURVEY,2012,OTHER (COMBINED) COUNTIES,CORN,"4,100"
SURVEY,2012,OTHER (COMBINED) COUNTIES,CORN,"1,500"
SURVEY,2012,OTHER (COMBINED) COUNTIES,SOYBEANS,"1,000"
SURVEY,2012,OTHER (COMBINED) COUNTIES,TOBACCO,200
SURVEY,2012,OTHER (COMBINED) COUNTIES,TOBACCO,"3,850"
SURVEY,2012,OTHER (COMBINED) COUNTIES,WHEAT,"1,800"
SURVEY,2012,SURRY,CORN,"9,900"
SURVEY,2012,SURRY,CORN,"9,100"
SURVEY,2012,SURRY,SOYBEANS,"10,100"
SURVEY,2012,SURRY,TOBACCO,170
SURVEY,2012,SURRY,TOBACCO,"3,250"
SURVEY,2012,SURRY,TURKEYS, (D)
SURVEY,2012,SURRY,WHEAT,"2,300"
SURVEY,2012,WATAUGA,TURKEYS, (D)
SURVEY,2012,WILKES,CORN,"9,800"
SURVEY,2012,WILKES,CORN,"3,800"
SURVEY,2012,WILKES,SOYBEANS,"1,000"
SURVEY,2012,YADKIN,CORN,"14,200"
SURVEY,2012,YADKIN,CORN,"12,600"
SURVEY,2012,YADKIN,SOYBEANS,"17,300"
SURVEY,2012,YADKIN,TURKEYS, (D)
SURVEY,2012,YADKIN,WHEAT,"4,400"
SURVEY,2012,ALAMANCE,CORN,"3,400"
SURVEY,2012,ALAMANCE,CORN,"2,400"
SURVEY,2012,ALAMANCE,SOYBEANS,"4,850"
SURVEY,2012,ALAMANCE,TOBACCO,"1,400"
SURVEY,2012,ALAMANCE,TURKEYS, (D)
SURVEY,2012,ALAMANCE,WHEAT,"3,000"
SURVEY,2012,CASWELL,CORN,"1,600"
SURVEY,2012,CASWELL,CORN,900
SURVEY,2012,CASWELL,SOYBEANS,"2,000"
SURVEY,2012,CASWELL,TOBACCO,"2,660"
SURVEY,2012,CASWELL,WHEAT,"1,600"
SURVEY,2012,DURHAM,TOBACCO,180
SURVEY,2012,DURHAM,TURKEYS, (D)
SURVEY,2012,FORSYTH,SOYBEANS,"4,700"
SURVEY,2012,FORSYTH,TOBACCO,750
SURVEY,2012,FRANKLIN,CORN,"1,300"
SURVEY,2012,FRANKLIN,CORN,"1,000"
SURVEY,2012,FRANKLIN,SOYBEANS,"19,400"
SURVEY,2012,FRANKLIN,TOBACCO,"3,350"
SURVEY,2012,FRANKLIN,TURKEYS, (D)
SURVEY,2012,FRANKLIN,WHEAT,"8,500"
SURVEY,2012,GRANVILLE,CORN,"2,800"
SURVEY,2012,GRANVILLE,CORN,"1,500"
SURVEY,2012,GRANVILLE,SOYBEANS,"3,400"
SURVEY,2012,GRANVILLE,TOBACCO,"3,500"
SURVEY,2012,GRANVILLE,TURKEYS, (D)
SURVEY,2012,GRANVILLE,WHEAT,"2,800"
SURVEY,2012,GUILFORD,CORN,"5,400"
SURVEY,2012,GUILFORD,CORN,"4,100"
SURVEY,2012,GUILFORD,SOYBEANS,"9,100"
SURVEY,2012,GUILFORD,TOBACCO,"1,920"
SURVEY,2012,GUILFORD,TURKEYS, (D)
SURVEY,2012,GUILFORD,WHEAT,"4,600"
SURVEY,2012,ORANGE,CORN,"3,700"
SURVEY,2012,ORANGE,CORN,"3,000"
SURVEY,2012,ORANGE,SOYBEANS,"2,850"
SURVEY,2012,ORANGE,TOBACCO,650
SURVEY,2012,ORANGE,TURKEYS, (D)
SURVEY,2012,ORANGE,WHEAT,"2,100"
SURVEY,2012,OTHER (COMBINED) COUNTIES,CORN,"3,700"
SURVEY,2012,OTHER (COMBINED) COUNTIES,CORN,"3,200"
SURVEY,2012,OTHER (COMBINED) COUNTIES,SOYBEANS,"2,650"
SURVEY,2012,OTHER (COMBINED) COUNTIES,TOBACCO,270
SURVEY,2012,OTHER (COMBINED) COUNTIES,WHEAT,"1,700"
SURVEY,2012,PERSON,CORN,"3,100"
SURVEY,2012,PERSON,CORN,"2,900"
SURVEY,2012,PERSON,SOYBEANS,"12,500"
SURVEY,2012,PERSON,TOBACCO,"3,750"
SURVEY,2012,PERSON,TURKEYS, (D)
SURVEY,2012,PERSON,WHEAT,"9,800"
SURVEY,2012,ROCKINGHAM,CORN,"4,100"
SURVEY,2012,ROCKINGHAM,CORN,"3,100"
SURVEY,2012,ROCKINGHAM,SOYBEANS,"4,300"
SURVEY,2012,ROCKINGHAM,TOBACCO,190
SURVEY,2012,ROCKINGHAM,TOBACCO,"3,750"
SURVEY,2012,ROCKINGHAM,TURKEYS, (D)
SURVEY,2012,ROCKINGHAM,WHEAT,"4,100"
SURVEY,2012,STOKES,CORN,"1,900"
SURVEY,2012,STOKES,CORN,"1,700"
SURVEY,2012,STOKES,TOBACCO,100
SURVEY,2012,STOKES,TOBACCO,"1,900"
SURVEY,2012,STOKES,TURKEYS, (D)
SURVEY,2012,STOKES,WHEAT,900
SURVEY,2012,VANCE,SOYBEANS,"6,800"
SURVEY,2012,VANCE,TOBACCO,"2,050"
SURVEY,2012,VANCE,TURKEYS, (D)
SURVEY,2012,VANCE,WHEAT,"3,000"
SURVEY,2012,WARREN,SOYBEANS,"8,450"
SURVEY,2012,WARREN,TOBACCO,"1,340"
SURVEY,2012,WARREN,WHEAT,"3,900"
SURVEY,2012,BLADEN,CORN,"22,000"
SURVEY,2012,BLADEN,CORN,"21,700"
SURVEY,2012,BLADEN,COTTON,"6,500"
SURVEY,2012,BLADEN,PEANUTS,"7,150"
SURVEY,2012,BLADEN,SOYBEANS,"17,200"
SURVEY,2012,BLADEN,TURKEYS,"1,750,000"
SURVEY,2012,BLADEN,WHEAT,"11,000"
SURVEY,2012,BRUNSWICK,CORN,"7,500"
SURVEY,2012,BRUNSWICK,CORN,"7,500"
SURVEY,2012,COLUMBUS,CORN,"38,300"
SURVEY,2012,COLUMBUS,CORN,"37,800"
SURVEY,2012,COLUMBUS,COTTON,"6,700"
SURVEY,2012,COLUMBUS,PEANUTS,"5,750"
SURVEY,2012,COLUMBUS,SOYBEANS,"49,500"
SURVEY,2012,COLUMBUS,TOBACCO,"2,350"
SURVEY,2012,COLUMBUS,TURKEYS, (D)
SURVEY,2012,COLUMBUS,WHEAT,"20,000"
SURVEY,2012,CUMBERLAND,CORN,"9,700"
SURVEY,2012,CUMBERLAND,CORN,"9,600"
SURVEY,2012,CUMBERLAND,COTTON,"8,200"
SURVEY,2012,CUMBERLAND,SOYBEANS,"15,500"
SURVEY,2012,CUMBERLAND,TOBACCO,"3,650"
SURVEY,2012,CUMBERLAND,TURKEYS,"550,000"
SURVEY,2012,CUMBERLAND,WHEAT,"8,400"
SURVEY,2012,DUPLIN,CORN,"37,200"
SURVEY,2012,DUPLIN,CORN,"36,700"
SURVEY,2012,DUPLIN,COTTON,"12,700"
SURVEY,2012,DUPLIN,PEANUTS,"5,750"
SURVEY,2012,DUPLIN,SOYBEANS,"54,000"
SURVEY,2012,DUPLIN,TOBACCO,"3,500"
SURVEY,2012,DUPLIN,TURKEYS,"7,500,000"
SURVEY,2012,DUPLIN,WHEAT,"33,400"
SURVEY,2012,HARNETT,COTTON,"13,200"
SURVEY,2012,HARNETT,SOYBEANS,"24,600"
SURVEY,2012,HARNETT,SWEET POTATOES,"1,280"
SURVEY,2012,HARNETT,TOBACCO,"7,200"
SURVEY,2012,HARNETT,TURKEYS, (D)
SURVEY,2012,HARNETT,WHEAT,"9,400"
SURVEY,2012,HOKE,CORN,"6,200"
SURVEY,2012,HOKE,CORN,"6,100"
SURVEY,2012,HOKE,COTTON,"10,300"
SURVEY,2012,HOKE,SOYBEANS,"11,800"
SURVEY,2012,HOKE,TURKEYS,"185,000"
SURVEY,2012,ONSLOW,CORN,"8,300"
SURVEY,2012,ONSLOW,CORN,"8,200"
SURVEY,2012,ONSLOW,COTTON,"4,800"
SURVEY,2012,ONSLOW,SOYBEANS,"15,400"
SURVEY,2012,ONSLOW,TURKEYS,"1,800,000"
SURVEY,2012,ONSLOW,WHEAT,"6,400"
SURVEY,2012,OTHER (COMBINED) COUNTIES,CORN,"4,600"
SURVEY,2012,OTHER (COMBINED) COUNTIES,CORN,"4,600"
SURVEY,2012,OTHER (COMBINED) COUNTIES,COTTON,"13,000"
SURVEY,2012,OTHER (COMBINED) COUNTIES,PEANUTS,"2,450"
SURVEY,2012,OTHER (COMBINED) COUNTIES,SOYBEANS,"25,600"
SURVEY,2012,OTHER (COMBINED) COUNTIES,SWEET POTATOES,"7,470"
SURVEY,2012,OTHER (COMBINED) COUNTIES,TOBACCO,"4,600"
SURVEY,2012,OTHER (COMBINED) COUNTIES,WHEAT,"20,600"
SURVEY,2012,PENDER,CORN,"14,500"
SURVEY,2012,PENDER,CORN,"14,200"
SURVEY,2012,PENDER,TURKEYS,"790,000"
SURVEY,2012,ROBESON,CORN,"65,300"
SURVEY,2012,ROBESON,CORN,"64,300"
SURVEY,2012,ROBESON,COTTON,"16,200"
SURVEY,2012,ROBESON,PEANUTS,"3,950"
SURVEY,2012,ROBESON,SOYBEANS,"85,700"
SURVEY,2012,ROBESON,TURKEYS,"200,000"
SURVEY,2012,ROBESON,WHEAT,"56,700"
SURVEY,2012,SAMPSON,CORN,"31,400"
SURVEY,2012,SAMPSON,CORN,"30,900"
SURVEY,2012,SAMPSON,COTTON,"21,300"
SURVEY,2012,SAMPSON,PEANUTS,"5,350"
SURVEY,2012,SAMPSON,SOYBEANS,"60,900"
SURVEY,2012,SAMPSON,SWEET POTATOES,"8,950"
SURVEY,2012,SAMPSON,TOBACCO,"12,000"
SURVEY,2012,SAMPSON,TURKEYS,"10,500,000"
SURVEY,2012,SAMPSON,WHEAT,"36,300"
SURVEY,2012,SCOTLAND,CORN,"5,500"
SURVEY,2012,SCOTLAND,CORN,"5,400"
SURVEY,2012,SCOTLAND,SOYBEANS,"10,300"
SURVEY,2012,SCOTLAND,WHEAT,"6,800"
SURVEY,2012,ANSON,CORN,"8,800"
SURVEY,2012,ANSON,CORN,"8,600"
SURVEY,2012,ANSON,COTTON,"3,900"
SURVEY,2012,ANSON,SOYBEANS,"11,600"
SURVEY,2012,ANSON,TURKEYS,"1,050,000"
SURVEY,2012,ANSON,WHEAT,"8,400"
SURVEY,2012,CABARRUS,CORN,"5,100"
SURVEY,2012,CABARRUS,CORN,"4,400"
SURVEY,2012,CABARRUS,SOYBEANS,"6,350"
SURVEY,2012,CABARRUS,TURKEYS, (D)
SURVEY,2012,CABARRUS,WHEAT,"3,700"
SURVEY,2012,CLEVELAND,CORN,"3,100"
SURVEY,2012,CLEVELAND,CORN,"2,100"
SURVEY,2012,CLEVELAND,COTTON,"1,700"
SURVEY,2012,CLEVELAND,SOYBEANS,"13,500"
SURVEY,2012,CLEVELAND,TURKEYS,"350,000"
SURVEY,2012,CLEVELAND,WHEAT,"6,800"
SURVEY,2012,GASTON,SOYBEANS,"3,900"
SURVEY,2012,GASTON,TURKEYS, (D)
SURVEY,2012,GASTON,WHEAT,"1,500"
SURVEY,2012,LINCOLN,CORN,"3,000"
SURVEY,2012,LINCOLN,CORN,"1,800"
SURVEY,2012,LINCOLN,SOYBEANS,"7,200"
SURVEY,2012,LINCOLN,WHEAT,"4,600"
SURVEY,2012,MECKLENBURG,SOYBEANS,"1,280"
SURVEY,2012,MONTGOMERY,CORN,"1,900"
SURVEY,2012,MONTGOMERY,CORN,"1,900"
SURVEY,2012,MONTGOMERY,SOYBEANS,"1,470"
SURVEY,2012,MONTGOMERY,TURKEYS, (D)
SURVEY,2012,MOORE,SOYBEANS,"4,450"
SURVEY,2012,MOORE,TURKEYS, (D)
SURVEY,2012,MOORE,WHEAT,"2,900"
SURVEY,2012,OTHER (COMBINED) COUNTIES,CORN,"6,900"
SURVEY,2012,OTHER (COMBINED) COUNTIES,CORN,"6,000"
SURVEY,2012,OTHER (COMBINED) COUNTIES,COTTON,"3,600"
SURVEY,2012,OTHER (COMBINED) COUNTIES,TOBACCO,"1,600"
SURVEY,2012,OTHER (COMBINED) COUNTIES,WHEAT,"1,500"
SURVEY,2012,RICHMOND,SOYBEANS,"3,850"
SURVEY,2012,RICHMOND,TURKEYS, (D)
SURVEY,2012,RICHMOND,WHEAT,"1,900"
SURVEY,2012,STANLY,CORN,"13,700"
SURVEY,2012,STANLY,CORN,"12,400"
SURVEY,2012,STANLY,COTTON,"12,300"
SURVEY,2012,STANLY,SOYBEANS,"16,200"
SURVEY,2012,STANLY,TURKEYS,"530,000"
SURVEY,2012,STANLY,WHEAT,"10,700"
SURVEY,2012,UNION,CORN,"36,400"
SURVEY,2012,UNION,CORN,"35,800"
SURVEY,2012,UNION,COTTON,"1,400"
SURVEY,2012,UNION,SOYBEANS,"53,900"
SURVEY,2012,UNION,TURKEYS,"2,900,000"
SURVEY,2012,UNION,WHEAT,"49,500"
SURVEY,2012,BUNCOMBE,CORN,"1,000"
SURVEY,2012,BUNCOMBE,CORN,150
SURVEY,2012,BUNCOMBE,TURKEYS, (D)
SURVEY,2012,BURKE,CORN,"1,400"
SURVEY,2012,BURKE,CORN,"1,350"
SURVEY,2012,BURKE,SOYBEANS,700
SURVEY,2012,CHEROKEE,CORN,"1,000"
SURVEY,2012,CHEROKEE,CORN,830
SURVEY,2012,HAYWOOD,CORN,"1,600"
SURVEY,2012,HAYWOOD,CORN,630
SURVEY,2012,HENDERSON,CORN,"3,400"
SURVEY,2012,HENDERSON,CORN,"2,400"
SURVEY,2012,HENDERSON,SOYBEANS,800
SURVEY,2012,JACKSON,TURKEYS, (D)
SURVEY,2012,MADISON,TOBACCO,110
SURVEY,2012,MADISON,TURKEYS, (D)
SURVEY,2012,MCDOWELL,CORN,600
SURVEY,2012,MCDOWELL,CORN,460
SURVEY,2012,OTHER (COMBINED) COUNTIES,CORN,"4,100"
SURVEY,2012,OTHER (COMBINED) COUNTIES,CORN,"3,400"
SURVEY,2012,OTHER (COMBINED) COUNTIES,SOYBEANS,"4,100"
SURVEY,2012,OTHER (COMBINED) COUNTIES,TOBACCO,200
SURVEY,2012,OTHER (COMBINED) COUNTIES,WHEAT,900
SURVEY,2012,RUTHERFORD,CORN,500
SURVEY,2012,RUTHERFORD,CORN,480
SURVEY,2012,RUTHERFORD,WHEAT,600
SURVEY,2012,TRANSYLVANIA,TURKEYS, (D)
SURVEY,2012,YANCEY,TURKEYS, (D)
SURVEY,2011,OTHER COUNTIES,CATTLE,"90,700"
SURVEY,2011,OTHER COUNTIES,CATTLE,"3,200"
SURVEY,2011,BEAUFORT,CATTLE,700
SURVEY,2011,CARTERET,CATTLE,100
SURVEY,2011,CRAVEN,CATTLE,500
SURVEY,2011,GREENE,CATTLE,500
SURVEY,2011,HYDE,CATTLE,300
SURVEY,2011,JOHNSTON,CATTLE,"5,900"
SURVEY,2011,JONES,CATTLE,900
SURVEY,2011,LENOIR,CATTLE,"1,900"
SURVEY,2011,PITT,CATTLE,"2,100"
SURVEY,2011,WAYNE,CATTLE, (D)
SURVEY,2011,WAYNE,CATTLE, (D)
SURVEY,2011,WILSON,CATTLE,900
SURVEY,2011,ALEXANDER,CATTLE,"7,300"
SURVEY,2011,ALEXANDER,CATTLE,"1,700"
SURVEY,2011,CATAWBA,CATTLE,"5,800"
SURVEY,2011,CATAWBA,CATTLE,600
SURVEY,2011,CHATHAM,CATTLE,"14,500"
SURVEY,2011,CHATHAM,CATTLE,"1,100"
SURVEY,2011,DAVIDSON,CATTLE,"5,100"
SURVEY,2011,DAVIDSON,CATTLE,"1,000"
SURVEY,2011,DAVIE,CATTLE,"6,200"
SURVEY,2011,DAVIE,CATTLE,500
SURVEY,2011,IREDELL,CATTLE,"12,500"
SURVEY,2011,IREDELL,CATTLE,"12,300"
SURVEY,2011,LEE,CATTLE, (D)
SURVEY,2011,RANDOLPH,CATTLE,"15,100"
SURVEY,2011,RANDOLPH,CATTLE,"4,300"
SURVEY,2011,ROWAN,CATTLE,"6,300"
SURVEY,2011,ROWAN,CATTLE,"1,500"
SURVEY,2011,WAKE,CATTLE, (D)
SURVEY,2011,WAKE,CATTLE, (D)
SURVEY,2011,BERTIE,CATTLE,400
SURVEY,2011,CAMDEN,CATTLE,100
SURVEY,2011,CHOWAN,CATTLE,600
SURVEY,2011,CURRITUCK,CATTLE, (D)
SURVEY,2011,EDGECOMBE,CATTLE,"1,300"
SURVEY,2011,GATES,CATTLE,400
SURVEY,2011,HALIFAX,CATTLE, (D)
SURVEY,2011,HALIFAX,CATTLE, (D)
SURVEY,2011,HERTFORD,CATTLE,200
SURVEY,2011,MARTIN,CATTLE,800
SURVEY,2011,NASH,CATTLE, (D)
SURVEY,2011,NASH,CATTLE, (D)
SURVEY,2011,NORTHAMPTON,CATTLE, (D)
SURVEY,2011,PASQUOTANK,CATTLE,200
SURVEY,2011,PERQUIMANS,CATTLE,700
SURVEY,2011,TYRRELL,CATTLE,100
SURVEY,2011,WASHINGTON,CATTLE,600
SURVEY,2011,ALLEGHANY,CATTLE,"5,800"
SURVEY,2011,ALLEGHANY,CATTLE,"1,800"
SURVEY,2011,ASHE,CATTLE,"6,000"
SURVEY,2011,ASHE,CATTLE,100
SURVEY,2011,AVERY,CATTLE, (D)
SURVEY,2011,CALDWELL,CATTLE,"2,400"
SURVEY,2011,CALDWELL,CATTLE, (D)
SURVEY,2011,SURRY,CATTLE, (D)
SURVEY,2011,SURRY,CATTLE, (D)
SURVEY,2011,WATAUGA,CATTLE, (D)
SURVEY,2011,WATAUGA,CATTLE, (D)
SURVEY,2011,WILKES,CATTLE,"14,300"
SURVEY,2011,WILKES,CATTLE,"1,100"
SURVEY,2011,YADKIN,CATTLE,"9,000"
SURVEY,2011,YADKIN,CATTLE,"1,800"
SURVEY,2011,ALAMANCE,CATTLE,"6,700"
SURVEY,2011,ALAMANCE,CATTLE,"1,300"
SURVEY,2011,CASWELL,CATTLE, (D)
SURVEY,2011,CASWELL,CATTLE, (D)
SURVEY,2011,DURHAM,CATTLE, (D)
SURVEY,2011,DURHAM,CATTLE, (D)
SURVEY,2011,FORSYTH,CATTLE,"2,000"
SURVEY,2011,FORSYTH,CATTLE,100
SURVEY,2011,FRANKLIN,CATTLE, (D)
SURVEY,2011,GRANVILLE,CATTLE,"4,200"
SURVEY,2011,GRANVILLE,CATTLE,300
SURVEY,2011,GUILFORD,CATTLE,"4,800"
SURVEY,2011,GUILFORD,CATTLE,"1,300"
SURVEY,2011,ORANGE,CATTLE,"4,300"
SURVEY,2011,ORANGE,CATTLE,800
SURVEY,2011,PERSON,CATTLE, (D)
SURVEY,2011,PERSON,CATTLE, (D)
SURVEY,2011,ROCKINGHAM,CATTLE,"4,700"
SURVEY,2011,ROCKINGHAM,CATTLE,500
SURVEY,2011,STOKES,CATTLE,"4,900"
SURVEY,2011,STOKES,CATTLE,100
SURVEY,2011,VANCE,CATTLE,900
SURVEY,2011,WARREN,CATTLE, (D)
SURVEY,2011,WARREN,CATTLE, (D)
SURVEY,2011,BLADEN,CATTLE,"3,100"
SURVEY,2011,BRUNSWICK,CATTLE,"1,300"
SURVEY,2011,COLUMBUS,CATTLE,"4,000"
SURVEY,2011,CUMBERLAND,CATTLE,"1,900"
SURVEY,2011,DUPLIN,CATTLE,"14,600"
SURVEY,2011,DUPLIN,CATTLE,100
SURVEY,2011,HARNETT,CATTLE,"3,700"
SURVEY,2011,HOKE,CATTLE,600
SURVEY,2011,ONSLOW,CATTLE, (D)
SURVEY,2011,PENDER,CATTLE, (D)
SURVEY,2011,ROBESON,CATTLE, (D)
SURVEY,2011,SAMPSON,CATTLE, (D)
SURVEY,2011,SAMPSON,CATTLE, (D)
SURVEY,2011,SCOTLAND,CATTLE,700
SURVEY,2011,ANSON,CATTLE,"4,600"
SURVEY,2011,CABARRUS,CATTLE,"6,500"
SURVEY,2011,CABARRUS,CATTLE,600
SURVEY,2011,CLEVELAND,CATTLE,"9,100"
SURVEY,2011,CLEVELAND,CATTLE,600
SURVEY,2011,GASTON,CATTLE,"3,000"
SURVEY,2011,GASTON,CATTLE,900
SURVEY,2011,LINCOLN,CATTLE,"4,100"
SURVEY,2011,LINCOLN,CATTLE,"1,800"
SURVEY,2011,MECKLENBURG,CATTLE,"1,200"
SURVEY,2011,MECKLENBURG,CATTLE,100
SURVEY,2011,MONTGOMERY,CATTLE,"3,600"
SURVEY,2011,MOORE,CATTLE,"4,500"
SURVEY,2011,RICHMOND,CATTLE,"1,700"
SURVEY,2011,STANLY,CATTLE,"7,900"
SURVEY,2011,STANLY,CATTLE,600
SURVEY,2011,UNION,CATTLE, (D)
SURVEY,2011,UNION,CATTLE, (D)
SURVEY,2011,BUNCOMBE,CATTLE,"6,300"
SURVEY,2011,BUNCOMBE,CATTLE,"1,100"
SURVEY,2011,BURKE,CATTLE,"2,000"
SURVEY,2011,CHEROKEE,CATTLE, (D)
SURVEY,2011,CHEROKEE,CATTLE, (D)
SURVEY,2011,CLAY,CATTLE,"1,300"
SURVEY,2011,GRAHAM,CATTLE,600
SURVEY,2011,GRAHAM,CATTLE, (D)
SURVEY,2011,HAYWOOD,CATTLE,"5,500"
SURVEY,2011,HAYWOOD,CATTLE,"1,200"
SURVEY,2011,HENDERSON,CATTLE,"1,500"
SURVEY,2011,HENDERSON,CATTLE,"1,500"
SURVEY,2011,JACKSON,CATTLE, (D)
SURVEY,2011,JACKSON,CATTLE, (D)
SURVEY,2011,MACON,CATTLE,"2,000"
SURVEY,2011,MADISON,CATTLE,"4,200"
SURVEY,2011,MADISON,CATTLE, (D)
SURVEY,2011,MCDOWELL,CATTLE, (D)
SURVEY,2011,MCDOWELL,CATTLE, (D)
SURVEY,2011,MITCHELL,CATTLE,"1,000"
SURVEY,2011,POLK,CATTLE, (D)
SURVEY,2011,POLK,CATTLE, (D)
SURVEY,2011,RUTHERFORD,CATTLE, (D)
SURVEY,2011,RUTHERFORD,CATTLE, (D)
SURVEY,2011,SWAIN,CATTLE,300
SURVEY,2011,TRANSYLVANIA,CATTLE, (D)
SURVEY,2011,YANCEY,CATTLE,"2,500"
SURVEY,2011,YANCEY,CATTLE,100
SURVEY,2011,OTHER COUNTIES,TURKEYS,"615,000"
SURVEY,2011,BEAUFORT,CORN,"41,100"
SURVEY,2011,BEAUFORT,CORN,"37,500"
SURVEY,2011,BEAUFORT,COTTON,"25,000"
SURVEY,2011,BEAUFORT,SOYBEANS,"56,000"
SURVEY,2011,BEAUFORT,TOBACCO,"1,730"
SURVEY,2011,BEAUFORT,WHEAT,"30,000"
SURVEY,2011,CARTERET,CORN,"17,900"
SURVEY,2011,CARTERET,CORN,"17,800"
SURVEY,2011,CARTERET,SOYBEANS,"20,200"
SURVEY,2011,CRAVEN,CORN,"18,500"
SURVEY,2011,CRAVEN,CORN,"18,000"
SURVEY,2011,CRAVEN,COTTON,"12,400"
SURVEY,2011,CRAVEN,SOYBEANS,"18,500"
SURVEY,2011,CRAVEN,TOBACCO,"1,830"
SURVEY,2011,GREENE,CORN,"9,200"
SURVEY,2011,GREENE,CORN,"9,100"
SURVEY,2011,GREENE,COTTON,"19,200"
SURVEY,2011,GREENE,SOYBEANS,"25,600"
SURVEY,2011,GREENE,TOBACCO,"5,690"
SURVEY,2011,GREENE,TURKEYS,"1,000,000"
SURVEY,2011,GREENE,WHEAT,"7,450"
SURVEY,2011,HYDE,CORN,"30,200"
SURVEY,2011,HYDE,CORN,"30,000"
SURVEY,2011,HYDE,COTTON,"19,000"
SURVEY,2011,HYDE,SOYBEANS,"23,400"
SURVEY,2011,HYDE,WHEAT,"13,300"
SURVEY,2011,JOHNSTON,CORN,"9,000"
SURVEY,2011,JOHNSTON,CORN,"8,500"
SURVEY,2011,JOHNSTON,COTTON,"10,500"
SURVEY,2011,JOHNSTON,SOYBEANS,"53,100"
SURVEY,2011,JOHNSTON,SWEET POTATOES,"9,600"
SURVEY,2011,JOHNSTON,TOBACCO,"9,700"
SURVEY,2011,JOHNSTON,TURKEYS,"485,000"
SURVEY,2011,JOHNSTON,WHEAT,"11,900"
SURVEY,2011,JONES,CORN,"9,200"
SURVEY,2011,JONES,CORN,"8,700"
SURVEY,2011,JONES,COTTON,"24,600"
SURVEY,2011,JONES,SOYBEANS,"9,200"
SURVEY,2011,JONES,TURKEYS,"385,000"
SURVEY,2011,JONES,WHEAT,"6,100"
SURVEY,2011,LENOIR,CORN,"20,900"
SURVEY,2011,LENOIR,CORN,"20,500"
SURVEY,2011,LENOIR,COTTON,"28,100"
SURVEY,2011,LENOIR,SOYBEANS,"25,200"
SURVEY,2011,LENOIR,TOBACCO,"7,130"
SURVEY,2011,LENOIR,TURKEYS,"1,400,000"
SURVEY,2011,LENOIR,WHEAT,"13,000"
SURVEY,2011,OTHER (COMBINED) COUNTIES,COTTON,"10,000"
SURVEY,2011,OTHER (COMBINED) COUNTIES,SWEET POTATOES,"6,900"
SURVEY,2011,OTHER (COMBINED) COUNTIES,TOBACCO,"2,930"
SURVEY,2011,OTHER (COMBINED) COUNTIES,WHEAT,"4,950"
SURVEY,2011,PAMLICO,CORN,"15,000"
SURVEY,2011,PAMLICO,CORN,"15,000"
SURVEY,2011,PAMLICO,SOYBEANS,"16,300"
SURVEY,2011,PAMLICO,WHEAT,"8,500"
SURVEY,2011,PITT,CORN,"13,200"
SURVEY,2011,PITT,CORN,"13,000"
SURVEY,2011,PITT,COTTON,"46,700"
SURVEY,2011,PITT,SOYBEANS,"42,600"
SURVEY,2011,PITT,TOBACCO,"6,590"
SURVEY,2011,PITT,WHEAT,"13,800"
SURVEY,2011,WAYNE,CORN,"26,400"
SURVEY,2011,WAYNE,CORN,"26,100"
SURVEY,2011,WAYNE,COTTON,"19,700"
SURVEY,2011,WAYNE,SOYBEANS,"49,300"
SURVEY,2011,WAYNE,SWEET POTATOES,"3,800"
SURVEY,2011,WAYNE,TOBACCO,"9,300"
SURVEY,2011,WAYNE,TURKEYS,"3,200,000"
SURVEY,2011,WAYNE,WHEAT,"29,800"
SURVEY,2011,WILSON,CORN,"8,400"
SURVEY,2011,WILSON,CORN,"8,300"
SURVEY,2011,WILSON,COTTON,"22,300"
SURVEY,2011,WILSON,SOYBEANS,"26,100"
SURVEY,2011,WILSON,SWEET POTATOES,"7,500"
SURVEY,2011,WILSON,TOBACCO,"9,000"
SURVEY,2011,WILSON,WHEAT,"6,200"
SURVEY,2011,ALEXANDER,CORN,"2,100"
SURVEY,2011,ALEXANDER,CORN,900
SURVEY,2011,ALEXANDER,SOYBEANS,"1,600"
SURVEY,2011,ALEXANDER,TOBACCO,550
SURVEY,2011,ALEXANDER,WHEAT,610
SURVEY,2011,CATAWBA,CORN,"2,000"
SURVEY,2011,CATAWBA,CORN,"1,700"
SURVEY,2011,CATAWBA,SOYBEANS,"7,950"
SURVEY,2011,CATAWBA,WHEAT,"3,950"
SURVEY,2011,CHATHAM,CORN,"3,000"
SURVEY,2011,CHATHAM,CORN,"2,300"
SURVEY,2011,CHATHAM,SOYBEANS,"2,300"
SURVEY,2011,CHATHAM,WHEAT,810
SURVEY,2011,DAVIDSON,CORN,"6,800"
SURVEY,2011,DAVIDSON,CORN,"6,100"
SURVEY,2011,DAVIDSON,SOYBEANS,"7,800"
SURVEY,2011,DAVIDSON,TOBACCO,650
SURVEY,2011,DAVIDSON,WHEAT,"1,100"
SURVEY,2011,DAVIE,CORN,"6,700"
SURVEY,2011,DAVIE,CORN,"6,300"
SURVEY,2011,DAVIE,SOYBEANS,"7,150"
SURVEY,2011,DAVIE,TOBACCO,240
SURVEY,2011,DAVIE,WHEAT,"3,520"
SURVEY,2011,IREDELL,CORN,"17,500"
SURVEY,2011,IREDELL,CORN,"11,200"
SURVEY,2011,IREDELL,SOYBEANS,"15,400"
SURVEY,2011,IREDELL,WHEAT,"4,640"
SURVEY,2011,LEE,CORN,"1,000"
SURVEY,2011,LEE,CORN,900
SURVEY,2011,LEE,SOYBEANS,"5,050"
SURVEY,2011,LEE,TOBACCO,"1,500"
SURVEY,2011,LEE,WHEAT,"1,480"
SURVEY,2011,OTHER (COMBINED) COUNTIES,COTTON,"5,800"
SURVEY,2011,OTHER (COMBINED) COUNTIES,TOBACCO,130
SURVEY,2011,OTHER (COMBINED) COUNTIES,TOBACCO,550
SURVEY,2011,RANDOLPH,CORN,"8,200"
SURVEY,2011,RANDOLPH,CORN,"6,500"
SURVEY,2011,RANDOLPH,SOYBEANS,"8,350"
SURVEY,2011,RANDOLPH,TOBACCO,810
SURVEY,2011,RANDOLPH,WHEAT,"2,090"
SURVEY,2011,ROWAN,CORN,"9,900"
SURVEY,2011,ROWAN,CORN,"9,300"
SURVEY,2011,ROWAN,SOYBEANS,"16,900"
SURVEY,2011,ROWAN,WHEAT,"6,250"
SURVEY,2011,WAKE,CORN,"1,200"
SURVEY,2011,WAKE,CORN,"1,000"
SURVEY,2011,WAKE,SOYBEANS,"14,500"
SURVEY,2011,WAKE,TOBACCO,"3,140"
SURVEY,2011,WAKE,WHEAT,"3,150"
SURVEY,2011,BERTIE,CORN,"10,700"
SURVEY,2011,BERTIE,CORN,"10,500"
SURVEY,2011,BERTIE,COTTON,"39,100"
SURVEY,2011,BERTIE,PEANUTS,"6,700"
SURVEY,2011,BERTIE,SOYBEANS,"20,700"
SURVEY,2011,BERTIE,TOBACCO,"3,900"
SURVEY,2011,BERTIE,WHEAT,"4,700"
SURVEY,2011,CAMDEN,CORN,"17,800"
SURVEY,2011,CAMDEN,CORN,"17,800"
SURVEY,2011,CAMDEN,SOYBEANS,"29,800"
SURVEY,2011,CAMDEN,WHEAT,"9,700"
SURVEY,2011,CHOWAN,CORN,"3,400"
SURVEY,2011,CHOWAN,CORN,"3,400"
SURVEY,2011,CHOWAN,COTTON,"16,300"
SURVEY,2011,CHOWAN,PEANUTS,"3,200"
SURVEY,2011,CHOWAN,SOYBEANS,"11,700"
SURVEY,2011,CHOWAN,WHEAT,"5,800"
SURVEY,2011,CURRITUCK,CORN,"13,000"
SURVEY,2011,CURRITUCK,CORN,"13,000"
SURVEY,2011,CURRITUCK,SOYBEANS,"20,000"
SURVEY,2011,CURRITUCK,WHEAT,"9,600"
SURVEY,2011,EDGECOMBE,CORN,"7,500"
SURVEY,2011,EDGECOMBE,CORN,"7,500"
SURVEY,2011,EDGECOMBE,COTTON,"50,300"
SURVEY,2011,EDGECOMBE,PEANUTS,"5,500"
SURVEY,2011,EDGECOMBE,SOYBEANS,"26,200"
SURVEY,2011,EDGECOMBE,TOBACCO,"7,360"
SURVEY,2011,EDGECOMBE,WHEAT,"8,500"
SURVEY,2011,GATES,CORN,"5,300"
SURVEY,2011,GATES,CORN,"5,100"
SURVEY,2011,GATES,COTTON,"14,400"
SURVEY,2011,GATES,PEANUTS,"2,600"
SURVEY,2011,GATES,SOYBEANS,"17,800"
SURVEY,2011,GATES,WHEAT,"9,900"
SURVEY,2011,HALIFAX,CORN,"4,500"
SURVEY,2011,HALIFAX,CORN,"4,200"
SURVEY,2011,HALIFAX,COTTON,"72,800"
SURVEY,2011,HALIFAX,PEANUTS,"5,500"
SURVEY,2011,HALIFAX,SOYBEANS,"12,900"
SURVEY,2011,HALIFAX,TOBACCO,"2,280"
SURVEY,2011,HALIFAX,WHEAT,"3,900"
SURVEY,2011,HERTFORD,CORN,"6,800"
SURVEY,2011,HERTFORD,CORN,"6,300"
SURVEY,2011,HERTFORD,COTTON,"21,700"
SURVEY,2011,HERTFORD,PEANUTS,"3,600"
SURVEY,2011,HERTFORD,SOYBEANS,"10,600"
SURVEY,2011,MARTIN,CORN,"3,100"
SURVEY,2011,MARTIN,CORN,"3,000"
SURVEY,2011,MARTIN,COTTON,"46,900"
SURVEY,2011,MARTIN,PEANUTS,"8,200"
SURVEY,2011,MARTIN,TOBACCO,"5,070"
SURVEY,2011,MARTIN,WHEAT,"2,400"
SURVEY,2011,NASH,COTTON,"16,800"
SURVEY,2011,NASH,SOYBEANS,"25,300"
SURVEY,2011,NASH,TOBACCO,"9,050"
SURVEY,2011,NASH,WHEAT,"5,200"
SURVEY,2011,NORTHAMPTON,CORN,"4,100"
SURVEY,2011,NORTHAMPTON,CORN,"4,100"
SURVEY,2011,NORTHAMPTON,COTTON,"55,400"
SURVEY,2011,NORTHAMPTON,PEANUTS,"3,000"
SURVEY,2011,NORTHAMPTON,SOYBEANS,"24,200"
SURVEY,2011,NORTHAMPTON,WHEAT,"5,800"
SURVEY,2011,OTHER (COMBINED) COUNTIES,CORN,"3,400"
SURVEY,2011,OTHER (COMBINED) COUNTIES,CORN,"3,200"
SURVEY,2011,OTHER (COMBINED) COUNTIES,COTTON,"6,700"
SURVEY,2011,OTHER (COMBINED) COUNTIES,PEANUTS,"3,400"
SURVEY,2011,OTHER (COMBINED) COUNTIES,SOYBEANS,"10,900"
SURVEY,2011,OTHER (COMBINED) COUNTIES,SWEET POTATOES,"16,400"
SURVEY,2011,OTHER (COMBINED) COUNTIES,TOBACCO,"2,540"
SURVEY,2011,OTHER (COMBINED) COUNTIES,WHEAT,"2,600"
SURVEY,2011,PASQUOTANK,CORN,"21,000"
SURVEY,2011,PASQUOTANK,CORN,"20,900"
SURVEY,2011,PASQUOTANK,SOYBEANS,"46,600"
SURVEY,2011,PASQUOTANK,WHEAT,"16,800"
SURVEY,2011,PERQUIMANS,CORN,"13,500"
SURVEY,2011,PERQUIMANS,CORN,"13,500"
SURVEY,2011,PERQUIMANS,COTTON,"19,000"
SURVEY,2011,PERQUIMANS,PEANUTS,600
SURVEY,2011,PERQUIMANS,SOYBEANS,"36,000"
SURVEY,2011,PERQUIMANS,WHEAT,"18,200"
SURVEY,2011,TYRRELL,CORN,"28,600"
SURVEY,2011,TYRRELL,CORN,"28,600"
SURVEY,2011,TYRRELL,SOYBEANS,"30,800"
SURVEY,2011,TYRRELL,WHEAT,"16,200"
SURVEY,2011,WASHINGTON,CORN,"29,800"
SURVEY,2011,WASHINGTON,CORN,"29,200"
SURVEY,2011,WASHINGTON,COTTON,"16,600"
SURVEY,2011,WASHINGTON,SOYBEANS,"32,500"
SURVEY,2011,WASHINGTON,WHEAT,"17,700"
SURVEY,2011,CALDWELL,CORN,"1,100"
SURVEY,2011,CALDWELL,CORN,"1,000"
SURVEY,2011,CALDWELL,SOYBEANS,"1,000"
SURVEY,2011,OTHER (COMBINED) COUNTIES,CORN,"7,900"
SURVEY,2011,OTHER (COMBINED) COUNTIES,CORN,"2,200"
SURVEY,2011,OTHER (COMBINED) COUNTIES,SOYBEANS,680
SURVEY,2011,OTHER (COMBINED) COUNTIES,TOBACCO,510
SURVEY,2011,OTHER (COMBINED) COUNTIES,TOBACCO,"3,630"
SURVEY,2011,OTHER (COMBINED) COUNTIES,WHEAT,"3,200"
SURVEY,2011,SURRY,CORN,"9,600"
SURVEY,2011,SURRY,CORN,"9,200"
SURVEY,2011,SURRY,SOYBEANS,"9,420"
SURVEY,2011,SURRY,TOBACCO,"3,280"
SURVEY,2011,YADKIN,CORN,"12,400"
SURVEY,2011,YADKIN,CORN,"9,900"
SURVEY,2011,YADKIN,SOYBEANS,"17,400"
SURVEY,2011,YADKIN,WHEAT,"5,200"
SURVEY,2011,ALAMANCE,CORN,"3,600"
SURVEY,2011,ALAMANCE,CORN,"2,800"
SURVEY,2011,ALAMANCE,SOYBEANS,"4,100"
SURVEY,2011,ALAMANCE,TOBACCO,"1,300"
SURVEY,2011,ALAMANCE,WHEAT,"1,560"
SURVEY,2011,CASWELL,CORN,"1,200"
SURVEY,2011,CASWELL,CORN,800
SURVEY,2011,CASWELL,SOYBEANS,"1,900"
SURVEY,2011,CASWELL,TOBACCO,110
SURVEY,2011,CASWELL,TOBACCO,"2,460"
SURVEY,2011,CASWELL,WHEAT,"1,740"
SURVEY,2011,DURHAM,WHEAT,620
SURVEY,2011,FORSYTH,SOYBEANS,"3,300"
SURVEY,2011,FORSYTH,TOBACCO,680
SURVEY,2011,FRANKLIN,CORN,"1,600"
SURVEY,2011,FRANKLIN,CORN,"1,300"
SURVEY,2011,FRANKLIN,SOYBEANS,"18,500"
SURVEY,2011,FRANKLIN,TOBACCO,"3,510"
SURVEY,2011,FRANKLIN,WHEAT,"7,060"
SURVEY,2011,GRANVILLE,CORN,"3,300"
SURVEY,2011,GRANVILLE,CORN,"2,100"
SURVEY,2011,GRANVILLE,SOYBEANS,"2,600"
SURVEY,2011,GRANVILLE,TOBACCO,"3,160"
SURVEY,2011,GRANVILLE,WHEAT,"2,430"
SURVEY,2011,GUILFORD,CORN,"5,300"
SURVEY,2011,GUILFORD,CORN,"2,200"
SURVEY,2011,GUILFORD,SOYBEANS,"9,100"
SURVEY,2011,GUILFORD,TOBACCO,"1,950"
SURVEY,2011,GUILFORD,WHEAT,"4,960"
SURVEY,2011,ORANGE,CORN,"3,100"
SURVEY,2011,ORANGE,CORN,"2,200"
SURVEY,2011,ORANGE,SOYBEANS,"2,700"
SURVEY,2011,ORANGE,WHEAT,"2,250"
SURVEY,2011,OTHER (COMBINED) COUNTIES,CORN,"3,100"
SURVEY,2011,OTHER (COMBINED) COUNTIES,CORN,"2,800"
SURVEY,2011,OTHER (COMBINED) COUNTIES,SOYBEANS,"2,350"
SURVEY,2011,OTHER (COMBINED) COUNTIES,TOBACCO,240
SURVEY,2011,OTHER (COMBINED) COUNTIES,TOBACCO,820
SURVEY,2011,OTHER (COMBINED) COUNTIES,WHEAT,"1,280"
SURVEY,2011,PERSON,CORN,"3,500"
SURVEY,2011,PERSON,CORN,"2,200"
SURVEY,2011,PERSON,SOYBEANS,"12,700"
SURVEY,2011,PERSON,TOBACCO,150
SURVEY,2011,PERSON,TOBACCO,"3,780"
SURVEY,2011,PERSON,WHEAT,"7,790"
SURVEY,2011,ROCKINGHAM,CORN,"3,700"
SURVEY,2011,ROCKINGHAM,CORN,"2,200"
SURVEY,2011,ROCKINGHAM,SOYBEANS,"4,050"
SURVEY,2011,ROCKINGHAM,TOBACCO,220
SURVEY,2011,ROCKINGHAM,TOBACCO,"3,570"
SURVEY,2011,ROCKINGHAM,WHEAT,"3,790"
SURVEY,2011,STOKES,CORN,"1,800"
SURVEY,2011,STOKES,CORN,"1,300"
SURVEY,2011,STOKES,TOBACCO,110
SURVEY,2011,STOKES,TOBACCO,"1,620"
SURVEY,2011,VANCE,SOYBEANS,"6,800"
SURVEY,2011,VANCE,TOBACCO,"2,200"
SURVEY,2011,VANCE,WHEAT,"1,900"
SURVEY,2011,WARREN,CORN,500
SURVEY,2011,WARREN,CORN,300
SURVEY,2011,WARREN,SOYBEANS,"6,600"
SURVEY,2011,WARREN,TOBACCO,"1,350"
SURVEY,2011,WARREN,WHEAT,"1,820"
SURVEY,2011,BLADEN,CORN,"26,400"
SURVEY,2011,BLADEN,CORN,"25,800"
SURVEY,2011,BLADEN,PEANUTS,"5,500"
SURVEY,2011,BLADEN,SOYBEANS,"16,200"
SURVEY,2011,BLADEN,TURKEYS,"885,000"
SURVEY,2011,BRUNSWICK,CORN,"9,300"
SURVEY,2011,BRUNSWICK,CORN,"8,800"
SURVEY,2011,BRUNSWICK,COTTON,800
SURVEY,2011,COLUMBUS,CORN,"43,500"
SURVEY,2011,COLUMBUS,CORN,"42,500"
SURVEY,2011,COLUMBUS,COTTON,"5,800"
SURVEY,2011,COLUMBUS,PEANUTS,"5,300"
SURVEY,2011,COLUMBUS,SOYBEANS,"46,100"
SURVEY,2011,COLUMBUS,TOBACCO,"3,650"
SURVEY,2011,COLUMBUS,TURKEYS,"70,000"
SURVEY,2011,COLUMBUS,WHEAT,"15,200"
SURVEY,2011,CUMBERLAND,CORN,"11,200"
SURVEY,2011,CUMBERLAND,CORN,"10,500"
SURVEY,2011,CUMBERLAND,COTTON,"9,800"
SURVEY,2011,CUMBERLAND,SOYBEANS,"14,500"
SURVEY,2011,CUMBERLAND,TOBACCO,"2,800"
SURVEY,2011,CUMBERLAND,TURKEYS,"610,000"
SURVEY,2011,CUMBERLAND,WHEAT,"6,700"
SURVEY,2011,DUPLIN,CORN,"47,300"
SURVEY,2011,DUPLIN,CORN,"46,700"
SURVEY,2011,DUPLIN,COTTON,"16,200"
SURVEY,2011,DUPLIN,PEANUTS,"4,200"
SURVEY,2011,DUPLIN,SOYBEANS,"41,500"
SURVEY,2011,DUPLIN,SWEET POTATOES,"2,250"
SURVEY,2011,DUPLIN,TOBACCO,"4,200"
SURVEY,2011,DUPLIN,TURKEYS,"8,000,000"
SURVEY,2011,DUPLIN,WHEAT,"20,400"
SURVEY,2011,HARNETT,COTTON,"15,900"
SURVEY,2011,HARNETT,SOYBEANS,"23,600"
SURVEY,2011,HARNETT,SWEET POTATOES,"1,400"
SURVEY,2011,HARNETT,TOBACCO,"7,260"
SURVEY,2011,HARNETT,WHEAT,"4,900"
SURVEY,2011,HOKE,CORN,"5,700"
SURVEY,2011,HOKE,CORN,"5,700"
SURVEY,2011,HOKE,COTTON,"13,400"
SURVEY,2011,HOKE,SOYBEANS,"8,800"
SURVEY,2011,HOKE,TURKEYS,"145,000"
SURVEY,2011,HOKE,WHEAT,"4,500"
SURVEY,2011,ONSLOW,CORN,"9,300"
SURVEY,2011,ONSLOW,CORN,"9,000"
SURVEY,2011,ONSLOW,COTTON,"9,000"
SURVEY,2011,ONSLOW,SOYBEANS,"12,000"
SURVEY,2011,ONSLOW,TURKEYS,"1,450,000"
SURVEY,2011,ONSLOW,WHEAT,"5,850"
SURVEY,2011,OTHER (COMBINED) COUNTIES,CORN,"21,200"
SURVEY,2011,OTHER (COMBINED) COUNTIES,CORN,"20,800"
SURVEY,2011,OTHER (COMBINED) COUNTIES,COTTON,"22,100"
SURVEY,2011,OTHER (COMBINED) COUNTIES,PEANUTS,"1,600"
SURVEY,2011,OTHER (COMBINED) COUNTIES,SOYBEANS,"21,500"
SURVEY,2011,OTHER (COMBINED) COUNTIES,SWEET POTATOES,"3,650"
SURVEY,2011,OTHER (COMBINED) COUNTIES,TOBACCO,"1,850"
SURVEY,2011,OTHER (COMBINED) COUNTIES,WHEAT,"8,850"
SURVEY,2011,PENDER,TURKEYS,"450,000"
SURVEY,2011,PENDER,WHEAT,"6,000"
SURVEY,2011,ROBESON,CORN,"65,300"
SURVEY,2011,ROBESON,CORN,"64,900"
SURVEY,2011,ROBESON,COTTON,"21,600"
SURVEY,2011,ROBESON,PEANUTS,"3,100"
SURVEY,2011,ROBESON,SOYBEANS,"82,500"
SURVEY,2011,ROBESON,SWEET POTATOES,950
SURVEY,2011,ROBESON,TOBACCO,"2,240"
SURVEY,2011,ROBESON,TURKEYS,"365,000"
SURVEY,2011,ROBESON,WHEAT,"51,000"
SURVEY,2011,SAMPSON,CORN,"33,900"
SURVEY,2011,SAMPSON,CORN,"33,000"
SURVEY,2011,SAMPSON,COTTON,"35,500"
SURVEY,2011,SAMPSON,PEANUTS,"3,700"
SURVEY,2011,SAMPSON,SOYBEANS,"47,100"
SURVEY,2011,SAMPSON,SWEET POTATOES,"9,750"
SURVEY,2011,SAMPSON,TOBACCO,"11,500"
SURVEY,2011,SAMPSON,TURKEYS,"8,700,000"
SURVEY,2011,SAMPSON,WHEAT,"24,400"
SURVEY,2011,SCOTLAND,CORN,"5,400"
SURVEY,2011,SCOTLAND,CORN,"5,300"
SURVEY,2011,SCOTLAND,SOYBEANS,"10,200"
SURVEY,2011,SCOTLAND,WHEAT,"5,200"
SURVEY,2011,ANSON,CORN,"8,200"
SURVEY,2011,ANSON,CORN,"8,100"
SURVEY,2011,ANSON,COTTON,"3,600"
SURVEY,2011,ANSON,SOYBEANS,"11,500"
SURVEY,2011,ANSON,TURKEYS,"900,000"
SURVEY,2011,CABARRUS,CORN,"4,300"
SURVEY,2011,CABARRUS,CORN,"3,900"
SURVEY,2011,CABARRUS,SOYBEANS,"6,100"
SURVEY,2011,CABARRUS,WHEAT,"2,630"
SURVEY,2011,CLEVELAND,CORN,"3,200"
SURVEY,2011,CLEVELAND,CORN,"2,200"
SURVEY,2011,CLEVELAND,COTTON,"1,800"
SURVEY,2011,CLEVELAND,SOYBEANS,"11,400"
SURVEY,2011,CLEVELAND,WHEAT,"6,100"
SURVEY,2011,GASTON,SOYBEANS,"3,300"
SURVEY,2011,GASTON,WHEAT,"1,150"
SURVEY,2011,LINCOLN,CORN,"2,600"
SURVEY,2011,LINCOLN,CORN,"1,500"
SURVEY,2011,LINCOLN,SOYBEANS,"6,600"
SURVEY,2011,LINCOLN,WHEAT,"3,950"
SURVEY,2011,MECKLENBURG,SOYBEANS,"1,400"
SURVEY,2011,MONTGOMERY,CORN,"1,100"
SURVEY,2011,MONTGOMERY,CORN,"1,000"
SURVEY,2011,MONTGOMERY,WHEAT,300
SURVEY,2011,MOORE,CORN,"1,500"
SURVEY,2011,MOORE,CORN,"1,200"
SURVEY,2011,MOORE,SOYBEANS,"4,650"
SURVEY,2011,MOORE,WHEAT,"1,770"
SURVEY,2011,OTHER (COMBINED) COUNTIES,CORN,"4,200"
SURVEY,2011,OTHER (COMBINED) COUNTIES,CORN,"3,000"
SURVEY,2011,OTHER (COMBINED) COUNTIES,COTTON,"3,900"
SURVEY,2011,OTHER (COMBINED) COUNTIES,SOYBEANS,"5,550"
SURVEY,2011,OTHER (COMBINED) COUNTIES,TOBACCO,"1,650"
SURVEY,2011,OTHER (COMBINED) COUNTIES,WHEAT,"7,500"
SURVEY,2011,RICHMOND,WHEAT,"2,100"
SURVEY,2011,STANLY,CORN,"11,200"
SURVEY,2011,STANLY,CORN,"11,000"
SURVEY,2011,STANLY,COTTON,"13,100"
SURVEY,2011,STANLY,SOYBEANS,"16,500"
SURVEY,2011,STANLY,TURKEYS,"440,000"
SURVEY,2011,STANLY,WHEAT,"10,300"
SURVEY,2011,UNION,CORN,"31,000"
SURVEY,2011,UNION,CORN,"30,900"
SURVEY,2011,UNION,COTTON,"2,400"
SURVEY,2011,UNION,SOYBEANS,"53,100"
SURVEY,2011,UNION,TURKEYS,"2,900,000"
SURVEY,2011,UNION,WHEAT,"44,700"
SURVEY,2011,BUNCOMBE,CORN,800
SURVEY,2011,BUNCOMBE,CORN,100
SURVEY,2011,BURKE,CORN,"1,000"
SURVEY,2011,BURKE,CORN,720
SURVEY,2011,BURKE,SOYBEANS,450
SURVEY,2011,CHEROKEE,CORN,"1,000"
SURVEY,2011,CHEROKEE,CORN,820
SURVEY,2011,HAYWOOD,CORN,"1,500"
SURVEY,2011,HAYWOOD,CORN,280
SURVEY,2011,HENDERSON,CORN,"4,000"
SURVEY,2011,HENDERSON,CORN,"3,200"
SURVEY,2011,MADISON,TOBACCO,150
SURVEY,2011,OTHER (COMBINED) COUNTIES,CORN,"4,300"
SURVEY,2011,OTHER (COMBINED) COUNTIES,CORN,"2,580"
SURVEY,2011,OTHER (COMBINED) COUNTIES,SOYBEANS,"3,750"
SURVEY,2011,OTHER (COMBINED) COUNTIES,TOBACCO,220
SURVEY,2011,OTHER (COMBINED) COUNTIES,WHEAT,620
SURVEY,2011,RUTHERFORD,WHEAT,680
SURVEY,2010,OTHER COUNTIES,CATTLE,"93,400"
SURVEY,2010,OTHER COUNTIES,CATTLE,"3,300"
SURVEY,2010,BEAUFORT,CATTLE,700
SURVEY,2010,CARTERET,CATTLE,100
SURVEY,2010,CRAVEN,CATTLE,500
SURVEY,2010,GREENE,CATTLE,500
SURVEY,2010,HYDE,CATTLE,300
SURVEY,2010,JOHNSTON,CATTLE,"6,100"
SURVEY,2010,JONES,CATTLE,"1,200"
SURVEY,2010,LENOIR,CATTLE,"2,100"
SURVEY,2010,PITT,CATTLE,"2,200"
SURVEY,2010,WAYNE,CATTLE, (D)
SURVEY,2010,WAYNE,CATTLE, (D)
SURVEY,2010,WILSON,CATTLE,900
SURVEY,2010,ALEXANDER,CATTLE,"7,300"
SURVEY,2010,ALEXANDER,CATTLE,"1,600"
SURVEY,2010,CATAWBA,CATTLE,"5,800"
SURVEY,2010,CATAWBA,CATTLE,600
SURVEY,2010,CHATHAM,CATTLE,"14,500"
SURVEY,2010,CHATHAM,CATTLE,"1,100"
SURVEY,2010,DAVIDSON,CATTLE,"5,300"
SURVEY,2010,DAVIDSON,CATTLE,"1,000"
SURVEY,2010,DAVIE,CATTLE,"6,700"
SURVEY,2010,DAVIE,CATTLE,500
SURVEY,2010,IREDELL,CATTLE,"12,400"
SURVEY,2010,IREDELL,CATTLE,"11,500"
SURVEY,2010,LEE,CATTLE, (D)
SURVEY,2010,RANDOLPH,CATTLE,"14,900"
SURVEY,2010,RANDOLPH,CATTLE,"4,200"
SURVEY,2010,ROWAN,CATTLE,"6,800"
SURVEY,2010,ROWAN,CATTLE,"1,700"
SURVEY,2010,WAKE,CATTLE, (D)
SURVEY,2010,WAKE,CATTLE, (D)
SURVEY,2010,BERTIE,CATTLE,500
SURVEY,2010,CAMDEN,CATTLE,100
SURVEY,2010,CHOWAN,CATTLE,600
SURVEY,2010,CURRITUCK,CATTLE, (D)
SURVEY,2010,EDGECOMBE,CATTLE,"1,300"
SURVEY,2010,GATES,CATTLE,400
SURVEY,2010,HALIFAX,CATTLE, (D)
SURVEY,2010,HALIFAX,CATTLE, (D)
SURVEY,2010,HERTFORD,CATTLE,200
SURVEY,2010,MARTIN,CATTLE,800
SURVEY,2010,NASH,CATTLE, (D)
SURVEY,2010,NASH,CATTLE, (D)
SURVEY,2010,NORTHAMPTON,CATTLE, (D)
SURVEY,2010,PASQUOTANK,CATTLE,200
SURVEY,2010,PERQUIMANS,CATTLE,700
SURVEY,2010,TYRRELL,CATTLE,100
SURVEY,2010,WASHINGTON,CATTLE,600
SURVEY,2010,ALLEGHANY,CATTLE,"5,800"
SURVEY,2010,ALLEGHANY,CATTLE,"2,000"
SURVEY,2010,ASHE,CATTLE,"6,000"
SURVEY,2010,ASHE,CATTLE,100
SURVEY,2010,AVERY,CATTLE, (D)
SURVEY,2010,CALDWELL,CATTLE,"2,400"
SURVEY,2010,CALDWELL,CATTLE, (D)
SURVEY,2010,SURRY,CATTLE, (D)
SURVEY,2010,SURRY,CATTLE, (D)
SURVEY,2010,WATAUGA,CATTLE, (D)
SURVEY,2010,WATAUGA,CATTLE, (D)
SURVEY,2010,WILKES,CATTLE,"14,300"
SURVEY,2010,WILKES,CATTLE,"1,000"
SURVEY,2010,YADKIN,CATTLE,"10,000"
SURVEY,2010,YADKIN,CATTLE,"2,200"
SURVEY,2010,ALAMANCE,CATTLE,"6,700"
SURVEY,2010,ALAMANCE,CATTLE,"1,500"
SURVEY,2010,CASWELL,CATTLE, (D)
SURVEY,2010,CASWELL,CATTLE, (D)
SURVEY,2010,DURHAM,CATTLE, (D)
SURVEY,2010,DURHAM,CATTLE, (D)
SURVEY,2010,FORSYTH,CATTLE,"2,100"
SURVEY,2010,FORSYTH,CATTLE,100
SURVEY,2010,FRANKLIN,CATTLE, (D)
SURVEY,2010,GRANVILLE,CATTLE,"4,200"
SURVEY,2010,GRANVILLE,CATTLE,300
SURVEY,2010,GUILFORD,CATTLE,"5,000"
SURVEY,2010,GUILFORD,CATTLE,"1,300"
SURVEY,2010,ORANGE,CATTLE,"4,300"
SURVEY,2010,ORANGE,CATTLE,800
SURVEY,2010,PERSON,CATTLE, (D)
SURVEY,2010,PERSON,CATTLE, (D)
SURVEY,2010,ROCKINGHAM,CATTLE,"4,900"
SURVEY,2010,ROCKINGHAM,CATTLE,500
SURVEY,2010,STOKES,CATTLE,"4,900"
SURVEY,2010,STOKES,CATTLE,100
SURVEY,2010,VANCE,CATTLE,900
SURVEY,2010,WARREN,CATTLE, (D)
SURVEY,2010,WARREN,CATTLE, (D)
SURVEY,2010,BLADEN,CATTLE,"3,600"
SURVEY,2010,BRUNSWICK,CATTLE,"1,400"
SURVEY,2010,COLUMBUS,CATTLE,"4,300"
SURVEY,2010,CUMBERLAND,CATTLE,"2,000"
SURVEY,2010,DUPLIN,CATTLE,"15,100"
SURVEY,2010,DUPLIN,CATTLE, (D)
SURVEY,2010,HARNETT,CATTLE,"3,800"
SURVEY,2010,HOKE,CATTLE,600
SURVEY,2010,ONSLOW,CATTLE, (D)
SURVEY,2010,PENDER,CATTLE, (D)
SURVEY,2010,ROBESON,CATTLE, (D)
SURVEY,2010,SAMPSON,CATTLE, (D)
SURVEY,2010,SAMPSON,CATTLE, (D)
SURVEY,2010,SCOTLAND,CATTLE,700
SURVEY,2010,ANSON,CATTLE,"4,600"
SURVEY,2010,CABARRUS,CATTLE,"6,700"
SURVEY,2010,CABARRUS,CATTLE,400
SURVEY,2010,CLEVELAND,CATTLE,"9,000"
SURVEY,2010,CLEVELAND,CATTLE,600
SURVEY,2010,GASTON,CATTLE,"3,100"
SURVEY,2010,GASTON,CATTLE,800
SURVEY,2010,LINCOLN,CATTLE,"3,900"
SURVEY,2010,LINCOLN,CATTLE,"1,100"
SURVEY,2010,MECKLENBURG,CATTLE,"1,300"
SURVEY,2010,MECKLENBURG,CATTLE,200
SURVEY,2010,MONTGOMERY,CATTLE,"3,700"
SURVEY,2010,MOORE,CATTLE,"4,300"
SURVEY,2010,MOORE,CATTLE, (D)
SURVEY,2010,RICHMOND,CATTLE,"1,700"
SURVEY,2010,STANLY,CATTLE,"8,700"
SURVEY,2010,STANLY,CATTLE,700
SURVEY,2010,UNION,CATTLE, (D)
SURVEY,2010,UNION,CATTLE, (D)
SURVEY,2010,BUNCOMBE,CATTLE,"6,500"
SURVEY,2010,BUNCOMBE,CATTLE,"1,000"
SURVEY,2010,BURKE,CATTLE,"2,100"
SURVEY,2010,CHEROKEE,CATTLE, (D)
SURVEY,2010,CHEROKEE,CATTLE, (D)
SURVEY,2010,CLAY,CATTLE,"1,400"
SURVEY,2010,GRAHAM,CATTLE,600
SURVEY,2010,GRAHAM,CATTLE, (D)
SURVEY,2010,HAYWOOD,CATTLE,"6,300"
SURVEY,2010,HAYWOOD,CATTLE,"1,200"
SURVEY,2010,HENDERSON,CATTLE,"1,500"
SURVEY,2010,HENDERSON,CATTLE,"1,500"
SURVEY,2010,JACKSON,CATTLE, (D)
SURVEY,2010,JACKSON,CATTLE, (D)
SURVEY,2010,MACON,CATTLE,"2,100"
SURVEY,2010,MADISON,CATTLE,"4,900"
SURVEY,2010,MADISON,CATTLE, (D)
SURVEY,2010,MCDOWELL,CATTLE, (D)
SURVEY,2010,MCDOWELL,CATTLE, (D)
SURVEY,2010,MITCHELL,CATTLE,"1,100"
SURVEY,2010,POLK,CATTLE, (D)
SURVEY,2010,POLK,CATTLE, (D)
SURVEY,2010,RUTHERFORD,CATTLE, (D)
SURVEY,2010,RUTHERFORD,CATTLE, (D)
SURVEY,2010,SWAIN,CATTLE,300
SURVEY,2010,TRANSYLVANIA,CATTLE, (D)
SURVEY,2010,YANCEY,CATTLE,"3,000"
SURVEY,2010,YANCEY,CATTLE,100
SURVEY,2010,OTHER COUNTIES,TURKEYS,"438,000"
SURVEY,2010,BEAUFORT,CORN,"46,000"
SURVEY,2010,BEAUFORT,CORN,"45,300"
SURVEY,2010,BEAUFORT,COTTON,"15,500"
SURVEY,2010,BEAUFORT,SOYBEANS,"61,300"
SURVEY,2010,BEAUFORT,TOBACCO,"2,030"
SURVEY,2010,BEAUFORT,WHEAT,"10,900"
SURVEY,2010,CARTERET,CORN,"18,000"
SURVEY,2010,CARTERET,CORN,"17,700"
SURVEY,2010,CARTERET,SOYBEANS,"19,100"
SURVEY,2010,CARTERET,WHEAT,800
SURVEY,2010,CRAVEN,CORN,"18,400"
SURVEY,2010,CRAVEN,CORN,"18,300"
SURVEY,2010,CRAVEN,COTTON,"6,400"
SURVEY,2010,CRAVEN,SOYBEANS,"24,100"
SURVEY,2010,CRAVEN,TOBACCO,"1,490"
SURVEY,2010,CRAVEN,WHEAT,"1,360"
SURVEY,2010,GREENE,CORN,"13,600"
SURVEY,2010,GREENE,CORN,"12,800"
SURVEY,2010,GREENE,COTTON,"9,800"
SURVEY,2010,GREENE,PEANUTS,"2,500"
SURVEY,2010,GREENE,SOYBEANS,"29,300"
SURVEY,2010,GREENE,TOBACCO,"7,450"
SURVEY,2010,GREENE,TURKEYS,"760,000"
SURVEY,2010,GREENE,WHEAT,"3,720"
SURVEY,2010,HYDE,CORN,"30,500"
SURVEY,2010,HYDE,CORN,"29,700"
SURVEY,2010,HYDE,COTTON,"15,600"
SURVEY,2010,HYDE,SOYBEANS,"25,900"
SURVEY,2010,HYDE,WHEAT,"3,120"
SURVEY,2010,JOHNSTON,CORN,"10,200"
SURVEY,2010,JOHNSTON,CORN,"10,100"
SURVEY,2010,JOHNSTON,PEANUTS,"1,000"
SURVEY,2010,JOHNSTON,SOYBEANS,"55,600"
SURVEY,2010,JOHNSTON,SWEET POTATOES,"8,600"
SURVEY,2010,JOHNSTON,TOBACCO,"10,800"
SURVEY,2010,JOHNSTON,TURKEYS,"305,000"
SURVEY,2010,JOHNSTON,WHEAT,"5,160"
SURVEY,2010,JONES,CORN,"11,600"
SURVEY,2010,JONES,CORN,"11,500"
SURVEY,2010,JONES,COTTON,"13,800"
SURVEY,2010,JONES,PEANUTS,900
SURVEY,2010,JONES,SOYBEANS,"18,100"
SURVEY,2010,JONES,TOBACCO,"2,340"
SURVEY,2010,JONES,TURKEYS,"275,000"
SURVEY,2010,JONES,WHEAT,"3,000"
SURVEY,2010,LENOIR,CORN,"23,600"
SURVEY,2010,LENOIR,CORN,"23,200"
SURVEY,2010,LENOIR,COTTON,"19,200"
SURVEY,2010,LENOIR,SOYBEANS,"30,900"
SURVEY,2010,LENOIR,TOBACCO,"7,500"
SURVEY,2010,LENOIR,TURKEYS,"1,200,000"
SURVEY,2010,LENOIR,WHEAT,"5,830"
SURVEY,2010,OTHER (COMBINED) COUNTIES,COTTON,"15,600"
SURVEY,2010,OTHER (COMBINED) COUNTIES,PEANUTS,"3,300"
SURVEY,2010,OTHER (COMBINED) COUNTIES,SWEET POTATOES,"8,600"
SURVEY,2010,OTHER (COMBINED) COUNTIES,TOBACCO,230
SURVEY,2010,PAMLICO,CORN,"14,800"
SURVEY,2010,PAMLICO,CORN,"14,700"
SURVEY,2010,PAMLICO,SOYBEANS,"17,900"
SURVEY,2010,PAMLICO,TOBACCO,250
SURVEY,2010,PAMLICO,WHEAT,"5,640"
SURVEY,2010,PITT,CORN,"26,000"
SURVEY,2010,PITT,CORN,"23,900"
SURVEY,2010,PITT,COTTON,"23,000"
SURVEY,2010,PITT,PEANUTS,"5,900"
SURVEY,2010,PITT,SOYBEANS,"53,400"
SURVEY,2010,PITT,TOBACCO,"6,000"
SURVEY,2010,PITT,WHEAT,"7,620"
SURVEY,2010,WAYNE,CORN,"28,200"
SURVEY,2010,WAYNE,CORN,"27,300"
SURVEY,2010,WAYNE,COTTON,"9,900"
SURVEY,2010,WAYNE,SOYBEANS,"59,800"
SURVEY,2010,WAYNE,TOBACCO,"8,900"
SURVEY,2010,WAYNE,TURKEYS,"3,250,000"
SURVEY,2010,WAYNE,WHEAT,"19,700"
SURVEY,2010,WILSON,CORN,"10,600"
SURVEY,2010,WILSON,CORN,"10,500"
SURVEY,2010,WILSON,COTTON,"14,200"
SURVEY,2010,WILSON,PEANUTS,"1,000"
SURVEY,2010,WILSON,SOYBEANS,"33,100"
SURVEY,2010,WILSON,SWEET POTATOES,"5,300"
SURVEY,2010,WILSON,TOBACCO,110
SURVEY,2010,WILSON,TOBACCO,"9,240"
SURVEY,2010,WILSON,WHEAT,"5,950"
SURVEY,2010,ALEXANDER,CORN,"2,500"
SURVEY,2010,ALEXANDER,CORN,"1,000"
SURVEY,2010,ALEXANDER,SOYBEANS,"2,000"
SURVEY,2010,ALEXANDER,TOBACCO,420
SURVEY,2010,CATAWBA,CORN,"2,800"
SURVEY,2010,CATAWBA,CORN,"2,300"
SURVEY,2010,CATAWBA,SOYBEANS,"6,700"
SURVEY,2010,CATAWBA,WHEAT,"2,840"
SURVEY,2010,CHATHAM,CORN,"3,000"
SURVEY,2010,CHATHAM,CORN,900
SURVEY,2010,CHATHAM,SOYBEANS,"2,700"
SURVEY,2010,DAVIDSON,CORN,"6,300"
SURVEY,2010,DAVIDSON,CORN,"4,800"
SURVEY,2010,DAVIDSON,SOYBEANS,"8,300"
SURVEY,2010,DAVIDSON,TOBACCO,740
SURVEY,2010,DAVIDSON,WHEAT,660
SURVEY,2010,DAVIE,CORN,"7,000"
SURVEY,2010,DAVIE,CORN,"6,300"
SURVEY,2010,DAVIE,SOYBEANS,"6,300"
SURVEY,2010,DAVIE,WHEAT,"1,330"
SURVEY,2010,IREDELL,CORN,"17,900"
SURVEY,2010,IREDELL,CORN,"8,100"
SURVEY,2010,IREDELL,SOYBEANS,"14,200"
SURVEY,2010,IREDELL,WHEAT,"4,600"
SURVEY,2010,LEE,CORN,"1,300"
SURVEY,2010,LEE,CORN,"1,100"
SURVEY,2010,LEE,SOYBEANS,"5,400"
SURVEY,2010,LEE,TOBACCO,"1,830"
SURVEY,2010,OTHER (COMBINED) COUNTIES,COTTON,"2,100"
SURVEY,2010,OTHER (COMBINED) COUNTIES,SWEET POTATOES,880
SURVEY,2010,OTHER (COMBINED) COUNTIES,TOBACCO,530
SURVEY,2010,OTHER (COMBINED) COUNTIES,WHEAT,"1,820"
SURVEY,2010,RANDOLPH,CORN,"7,900"
SURVEY,2010,RANDOLPH,CORN,"5,400"
SURVEY,2010,RANDOLPH,SOYBEANS,"9,200"
SURVEY,2010,RANDOLPH,TOBACCO,780
SURVEY,2010,RANDOLPH,WHEAT,"1,600"
SURVEY,2010,ROWAN,CORN,"10,000"
SURVEY,2010,ROWAN,CORN,"8,600"
SURVEY,2010,ROWAN,SOYBEANS,"15,900"
SURVEY,2010,ROWAN,WHEAT,"3,900"
SURVEY,2010,WAKE,CORN,800
SURVEY,2010,WAKE,CORN,300
SURVEY,2010,WAKE,SOYBEANS,"16,600"
SURVEY,2010,WAKE,TOBACCO,"3,290"
SURVEY,2010,WAKE,WHEAT,"1,650"
SURVEY,2010,BERTIE,CORN,"15,100"
SURVEY,2010,BERTIE,CORN,"14,600"
SURVEY,2010,BERTIE,COTTON,"31,700"
SURVEY,2010,BERTIE,PEANUTS,"8,300"
SURVEY,2010,BERTIE,SOYBEANS,"24,400"
SURVEY,2010,BERTIE,TOBACCO,"3,530"
SURVEY,2010,BERTIE,WHEAT,"1,620"
SURVEY,2010,CAMDEN,CORN,"15,700"
SURVEY,2010,CAMDEN,CORN,"15,600"
SURVEY,2010,CAMDEN,SOYBEANS,"31,800"
SURVEY,2010,CAMDEN,WHEAT,"7,730"
SURVEY,2010,CHOWAN,COTTON,"14,500"
SURVEY,2010,CHOWAN,PEANUTS,"3,700"
SURVEY,2010,CHOWAN,WHEAT,"2,650"
SURVEY,2010,CURRITUCK,CORN,"11,900"
SURVEY,2010,CURRITUCK,CORN,"11,900"
SURVEY,2010,CURRITUCK,SOYBEANS,"18,600"
SURVEY,2010,CURRITUCK,WHEAT,"5,810"
SURVEY,2010,EDGECOMBE,CORN,"13,700"
SURVEY,2010,EDGECOMBE,CORN,"13,400"
SURVEY,2010,EDGECOMBE,COTTON,"31,600"
SURVEY,2010,EDGECOMBE,PEANUTS,"7,500"
SURVEY,2010,EDGECOMBE,SOYBEANS,"39,600"
SURVEY,2010,EDGECOMBE,TOBACCO,"7,350"
SURVEY,2010,EDGECOMBE,WHEAT,"5,410"
SURVEY,2010,GATES,CORN,"6,700"
SURVEY,2010,GATES,CORN,"6,600"
SURVEY,2010,GATES,COTTON,"12,500"
SURVEY,2010,GATES,PEANUTS,"3,100"
SURVEY,2010,GATES,SOYBEANS,"17,400"
SURVEY,2010,GATES,WHEAT,"5,160"
SURVEY,2010,HALIFAX,CORN,"7,300"
SURVEY,2010,HALIFAX,CORN,"7,100"
SURVEY,2010,HALIFAX,COTTON,"53,400"
SURVEY,2010,HALIFAX,PEANUTS,"4,900"
SURVEY,2010,HALIFAX,SOYBEANS,"27,300"
SURVEY,2010,HALIFAX,TOBACCO,"3,080"
SURVEY,2010,HALIFAX,WHEAT,"1,290"
SURVEY,2010,HERTFORD,CORN,"10,700"
SURVEY,2010,HERTFORD,CORN,"9,600"
SURVEY,2010,HERTFORD,COTTON,"14,700"
SURVEY,2010,HERTFORD,PEANUTS,"4,100"
SURVEY,2010,HERTFORD,SOYBEANS,"13,500"
SURVEY,2010,HERTFORD,TOBACCO,"2,920"
SURVEY,2010,HERTFORD,WHEAT,"2,120"
SURVEY,2010,MARTIN,CORN,"6,300"
SURVEY,2010,MARTIN,CORN,"5,800"
SURVEY,2010,MARTIN,COTTON,"39,300"
SURVEY,2010,MARTIN,PEANUTS,"8,700"
SURVEY,2010,MARTIN,SOYBEANS,"13,600"
SURVEY,2010,MARTIN,TOBACCO,"5,550"
SURVEY,2010,MARTIN,WHEAT,"1,170"
SURVEY,2010,NASH,CORN,"5,000"
SURVEY,2010,NASH,CORN,"4,900"
SURVEY,2010,NASH,COTTON,"8,500"
SURVEY,2010,NASH,SOYBEANS,"34,800"
SURVEY,2010,NASH,SWEET POTATOES,"8,410"
SURVEY,2010,NASH,TOBACCO,"8,680"
SURVEY,2010,NASH,WHEAT,"3,530"
SURVEY,2010,NORTHAMPTON,CORN,"6,500"
SURVEY,2010,NORTHAMPTON,CORN,"6,200"
SURVEY,2010,NORTHAMPTON,COTTON,"43,500"
SURVEY,2010,NORTHAMPTON,PEANUTS,"3,200"
SURVEY,2010,NORTHAMPTON,SOYBEANS,"34,100"
SURVEY,2010,NORTHAMPTON,WHEAT,"4,810"
SURVEY,2010,OTHER (COMBINED) COUNTIES,CORN,"4,200"
SURVEY,2010,OTHER (COMBINED) COUNTIES,CORN,"3,800"
SURVEY,2010,OTHER (COMBINED) COUNTIES,COTTON,"5,900"
SURVEY,2010,OTHER (COMBINED) COUNTIES,PEANUTS,"2,800"
SURVEY,2010,OTHER (COMBINED) COUNTIES,SOYBEANS,"14,200"
SURVEY,2010,OTHER (COMBINED) COUNTIES,SWEET POTATOES,"6,390"
SURVEY,2010,OTHER (COMBINED) COUNTIES,TOBACCO,490
SURVEY,2010,PASQUOTANK,CORN,"18,600"
SURVEY,2010,PASQUOTANK,CORN,"18,500"
SURVEY,2010,PASQUOTANK,SOYBEANS,"49,100"
SURVEY,2010,PASQUOTANK,WHEAT,"7,860"
SURVEY,2010,PERQUIMANS,CORN,"14,500"
SURVEY,2010,PERQUIMANS,CORN,"14,400"
SURVEY,2010,PERQUIMANS,COTTON,"13,900"
SURVEY,2010,PERQUIMANS,PEANUTS,"1,300"
SURVEY,2010,PERQUIMANS,SOYBEANS,"38,100"
SURVEY,2010,PERQUIMANS,WHEAT,"9,620"
SURVEY,2010,TYRRELL,CORN,"27,800"
SURVEY,2010,TYRRELL,CORN,"27,700"
SURVEY,2010,TYRRELL,SOYBEANS,"31,200"
SURVEY,2010,TYRRELL,WHEAT,"7,060"
SURVEY,2010,WASHINGTON,CORN,"33,000"
SURVEY,2010,WASHINGTON,CORN,"32,700"
SURVEY,2010,WASHINGTON,COTTON,"13,000"
SURVEY,2010,WASHINGTON,SOYBEANS,"34,800"
SURVEY,2010,WASHINGTON,WHEAT,"5,560"
SURVEY,2010,OTHER (COMBINED) COUNTIES,CORN,"3,100"
SURVEY,2010,OTHER (COMBINED) COUNTIES,CORN,700
SURVEY,2010,OTHER (COMBINED) COUNTIES,SOYBEANS,"1,200"
SURVEY,2010,OTHER (COMBINED) COUNTIES,TOBACCO,210
SURVEY,2010,OTHER (COMBINED) COUNTIES,WHEAT,500
SURVEY,2010,SURRY,CORN,"8,400"
SURVEY,2010,SURRY,CORN,"7,300"
SURVEY,2010,SURRY,SOYBEANS,"9,000"
SURVEY,2010,SURRY,TOBACCO,300
SURVEY,2010,SURRY,TOBACCO,"3,150"
SURVEY,2010,SURRY,WHEAT,"1,500"
SURVEY,2010,WILKES,CORN,"5,500"
SURVEY,2010,WILKES,CORN,"2,100"
SURVEY,2010,WILKES,TOBACCO,570
SURVEY,2010,YADKIN,CORN,"14,000"
SURVEY,2010,YADKIN,CORN,"10,500"
SURVEY,2010,YADKIN,SOYBEANS,"15,300"
SURVEY,2010,YADKIN,TOBACCO,"2,780"
SURVEY,2010,YADKIN,WHEAT,"2,650"
SURVEY,2010,ALAMANCE,CORN,"4,300"
SURVEY,2010,ALAMANCE,CORN,"2,900"
SURVEY,2010,ALAMANCE,SOYBEANS,"3,100"
SURVEY,2010,ALAMANCE,TOBACCO,"1,390"
SURVEY,2010,ALAMANCE,WHEAT,"1,260"
SURVEY,2010,CASWELL,CORN,"1,500"
SURVEY,2010,CASWELL,CORN,600
SURVEY,2010,CASWELL,SOYBEANS,"2,000"
SURVEY,2010,CASWELL,TOBACCO,130
SURVEY,2010,CASWELL,TOBACCO,"2,520"
SURVEY,2010,CASWELL,WHEAT,510
SURVEY,2010,DURHAM,CORN,700
SURVEY,2010,DURHAM,CORN,600
SURVEY,2010,DURHAM,SOYBEANS,600
SURVEY,2010,FORSYTH,SOYBEANS,"4,100"
SURVEY,2010,FRANKLIN,CORN,"2,000"
SURVEY,2010,FRANKLIN,CORN,"1,100"
SURVEY,2010,FRANKLIN,SOYBEANS,"18,000"
SURVEY,2010,FRANKLIN,TOBACCO,"3,250"
SURVEY,2010,FRANKLIN,WHEAT,"5,580"
SURVEY,2010,GRANVILLE,CORN,"3,000"
SURVEY,2010,GRANVILLE,CORN,"1,400"
SURVEY,2010,GRANVILLE,SOYBEANS,"4,000"
SURVEY,2010,GRANVILLE,TOBACCO,"3,460"
SURVEY,2010,GRANVILLE,WHEAT,"1,170"
SURVEY,2010,GUILFORD,CORN,"5,300"
SURVEY,2010,GUILFORD,CORN,"2,600"
SURVEY,2010,GUILFORD,SOYBEANS,"9,400"
SURVEY,2010,GUILFORD,TOBACCO,"1,920"
SURVEY,2010,GUILFORD,WHEAT,"1,420"
SURVEY,2010,ORANGE,CORN,"3,100"
SURVEY,2010,ORANGE,CORN,"2,400"
SURVEY,2010,ORANGE,SOYBEANS,"3,100"
SURVEY,2010,ORANGE,TOBACCO,600
SURVEY,2010,ORANGE,WHEAT,"1,320"
SURVEY,2010,OTHER (COMBINED) COUNTIES,CORN,"3,500"
SURVEY,2010,OTHER (COMBINED) COUNTIES,CORN,"3,000"
SURVEY,2010,OTHER (COMBINED) COUNTIES,SWEET POTATOES,190
SURVEY,2010,OTHER (COMBINED) COUNTIES,TOBACCO,220
SURVEY,2010,OTHER (COMBINED) COUNTIES,TOBACCO,820
SURVEY,2010,OTHER (COMBINED) COUNTIES,WHEAT,600
SURVEY,2010,PERSON,CORN,"3,400"
SURVEY,2010,PERSON,CORN,"2,400"
SURVEY,2010,PERSON,SOYBEANS,"12,700"
SURVEY,2010,PERSON,TOBACCO,140
SURVEY,2010,PERSON,TOBACCO,"3,550"
SURVEY,2010,PERSON,WHEAT,"5,100"
SURVEY,2010,ROCKINGHAM,CORN,"3,600"
SURVEY,2010,ROCKINGHAM,CORN,"2,200"
SURVEY,2010,ROCKINGHAM,SOYBEANS,"4,600"
SURVEY,2010,ROCKINGHAM,TOBACCO,200
SURVEY,2010,ROCKINGHAM,TOBACCO,"3,380"
SURVEY,2010,ROCKINGHAM,WHEAT,"1,960"
SURVEY,2010,STOKES,SOYBEANS,"1,500"
SURVEY,2010,STOKES,TOBACCO,120
SURVEY,2010,STOKES,TOBACCO,"1,980"
SURVEY,2010,STOKES,WHEAT,300
SURVEY,2010,VANCE,SOYBEANS,"7,300"
SURVEY,2010,VANCE,TOBACCO,"2,200"
SURVEY,2010,VANCE,WHEAT,660
SURVEY,2010,WARREN,CORN,600
SURVEY,2010,WARREN,CORN,400
SURVEY,2010,WARREN,SOYBEANS,"8,800"
SURVEY,2010,WARREN,TOBACCO,"1,230"
SURVEY,2010,WARREN,WHEAT,220
SURVEY,2010,BLADEN,CORN,"26,400"
SURVEY,2010,BLADEN,CORN,"26,100"
SURVEY,2010,BLADEN,COTTON,"5,900"
SURVEY,2010,BLADEN,PEANUTS,"4,900"
SURVEY,2010,BLADEN,SOYBEANS,"18,600"
SURVEY,2010,BLADEN,TURKEYS,"1,050,000"
SURVEY,2010,BLADEN,WHEAT,"2,440"
SURVEY,2010,BRUNSWICK,CORN,"7,300"
SURVEY,2010,BRUNSWICK,CORN,"6,700"
SURVEY,2010,COLUMBUS,CORN,"39,600"
SURVEY,2010,COLUMBUS,CORN,"39,300"
SURVEY,2010,COLUMBUS,COTTON,"4,800"
SURVEY,2010,COLUMBUS,PEANUTS,"5,100"
SURVEY,2010,COLUMBUS,SOYBEANS,"47,800"
SURVEY,2010,COLUMBUS,TOBACCO,"4,200"
SURVEY,2010,COLUMBUS,TURKEYS,"72,000"
SURVEY,2010,CUMBERLAND,CORN,"11,300"
SURVEY,2010,CUMBERLAND,CORN,"10,900"
SURVEY,2010,CUMBERLAND,COTTON,"7,800"
SURVEY,2010,CUMBERLAND,SOYBEANS,"16,000"
SURVEY,2010,CUMBERLAND,TOBACCO,"2,600"
SURVEY,2010,CUMBERLAND,TURKEYS,"585,000"
SURVEY,2010,CUMBERLAND,WHEAT,"3,230"
SURVEY,2010,DUPLIN,CORN,"42,000"
SURVEY,2010,DUPLIN,CORN,"41,400"
SURVEY,2010,DUPLIN,COTTON,"8,200"
SURVEY,2010,DUPLIN,SOYBEANS,"55,900"
SURVEY,2010,DUPLIN,TOBACCO,"5,360"
SURVEY,2010,DUPLIN,TURKEYS,"7,300,000"
SURVEY,2010,DUPLIN,WHEAT,"10,900"
SURVEY,2010,HARNETT,COTTON,"11,900"
SURVEY,2010,HARNETT,SOYBEANS,"27,500"
SURVEY,2010,HARNETT,SWEET POTATOES,"1,070"
SURVEY,2010,HARNETT,TOBACCO,"6,520"
SURVEY,2010,HARNETT,WHEAT,"3,950"
SURVEY,2010,HOKE,CORN,"5,600"
SURVEY,2010,HOKE,CORN,"5,500"
SURVEY,2010,HOKE,COTTON,"9,900"
SURVEY,2010,HOKE,SOYBEANS,"12,100"
SURVEY,2010,HOKE,TOBACCO,230
SURVEY,2010,HOKE,TURKEYS,"145,000"
SURVEY,2010,HOKE,WHEAT,"3,750"
SURVEY,2010,ONSLOW,CORN,"11,000"
SURVEY,2010,ONSLOW,CORN,"10,900"
SURVEY,2010,ONSLOW,COTTON,"4,100"
SURVEY,2010,ONSLOW,SOYBEANS,"14,400"
SURVEY,2010,ONSLOW,TOBACCO,610
SURVEY,2010,ONSLOW,TURKEYS,"1,250,000"
SURVEY,2010,ONSLOW,WHEAT,"2,980"
SURVEY,2010,OTHER (COMBINED) COUNTIES,CORN,"4,300"
SURVEY,2010,OTHER (COMBINED) COUNTIES,CORN,"3,800"
SURVEY,2010,OTHER (COMBINED) COUNTIES,COTTON,"10,600"
SURVEY,2010,OTHER (COMBINED) COUNTIES,PEANUTS,"5,200"
SURVEY,2010,OTHER (COMBINED) COUNTIES,SOYBEANS,"24,800"
SURVEY,2010,OTHER (COMBINED) COUNTIES,SWEET POTATOES,"6,130"
SURVEY,2010,OTHER (COMBINED) COUNTIES,TOBACCO,"2,200"
SURVEY,2010,OTHER (COMBINED) COUNTIES,WHEAT,"7,420"
SURVEY,2010,PENDER,CORN,"14,400"
SURVEY,2010,PENDER,CORN,"14,300"
SURVEY,2010,PENDER,TURKEYS,"370,000"
SURVEY,2010,PENDER,WHEAT,"2,330"
SURVEY,2010,ROBESON,CORN,"56,300"
SURVEY,2010,ROBESON,CORN,"56,000"
SURVEY,2010,ROBESON,COTTON,"13,600"
SURVEY,2010,ROBESON,PEANUTS,"2,800"
SURVEY,2010,ROBESON,SOYBEANS,"98,400"
SURVEY,2010,ROBESON,TOBACCO,"3,380"
SURVEY,2010,ROBESON,TURKEYS,"330,000"
SURVEY,2010,ROBESON,WHEAT,"34,700"
SURVEY,2010,SAMPSON,CORN,"36,900"
SURVEY,2010,SAMPSON,CORN,"35,200"
SURVEY,2010,SAMPSON,COTTON,"21,800"
SURVEY,2010,SAMPSON,PEANUTS,"4,600"
SURVEY,2010,SAMPSON,SOYBEANS,"56,900"
SURVEY,2010,SAMPSON,SWEET POTATOES,"8,200"
SURVEY,2010,SAMPSON,TOBACCO,"11,400"
SURVEY,2010,SAMPSON,TURKEYS,"8,450,000"
SURVEY,2010,SAMPSON,WHEAT,"12,400"
SURVEY,2010,SCOTLAND,CORN,"4,900"
SURVEY,2010,SCOTLAND,CORN,"4,900"
SURVEY,2010,SCOTLAND,PEANUTS,"1,200"
SURVEY,2010,SCOTLAND,SOYBEANS,"12,600"
SURVEY,2010,ANSON,CORN,"7,400"
SURVEY,2010,ANSON,CORN,"7,300"
SURVEY,2010,ANSON,COTTON,"2,000"
SURVEY,2010,ANSON,SOYBEANS,"13,300"
SURVEY,2010,ANSON,TURKEYS,"850,000"
SURVEY,2010,ANSON,WHEAT,"4,100"
SURVEY,2010,CABARRUS,CORN,"4,000"
SURVEY,2010,CABARRUS,CORN,"3,200"
SURVEY,2010,CABARRUS,SOYBEANS,"6,700"
SURVEY,2010,CABARRUS,WHEAT,"1,520"
SURVEY,2010,CLEVELAND,CORN,"3,000"
SURVEY,2010,CLEVELAND,CORN,"1,900"
SURVEY,2010,CLEVELAND,COTTON,"1,500"
SURVEY,2010,CLEVELAND,SOYBEANS,"10,900"
SURVEY,2010,CLEVELAND,WHEAT,"5,050"
SURVEY,2010,GASTON,SOYBEANS,"2,700"
SURVEY,2010,GASTON,WHEAT,710
SURVEY,2010,LINCOLN,CORN,"2,700"
SURVEY,2010,LINCOLN,CORN,"1,200"
SURVEY,2010,LINCOLN,SOYBEANS,"6,500"
SURVEY,2010,LINCOLN,WHEAT,"2,840"
SURVEY,2010,MECKLENBURG,SOYBEANS,"1,300"
SURVEY,2010,MOORE,SOYBEANS,"2,800"
SURVEY,2010,MOORE,WHEAT,"1,040"
SURVEY,2010,OTHER (COMBINED) COUNTIES,CORN,"8,900"
SURVEY,2010,OTHER (COMBINED) COUNTIES,CORN,"7,400"
SURVEY,2010,OTHER (COMBINED) COUNTIES,COTTON,"2,900"
SURVEY,2010,OTHER (COMBINED) COUNTIES,SOYBEANS,"5,600"
SURVEY,2010,OTHER (COMBINED) COUNTIES,TOBACCO,"1,510"
SURVEY,2010,OTHER (COMBINED) COUNTIES,WHEAT,"1,970"
SURVEY,2010,STANLY,CORN,"11,900"
SURVEY,2010,STANLY,CORN,"10,500"
SURVEY,2010,STANLY,COTTON,"10,400"
SURVEY,2010,STANLY,SOYBEANS,"17,100"
SURVEY,2010,STANLY,TURKEYS,"620,000"
SURVEY,2010,STANLY,WHEAT,"5,570"
SURVEY,2010,UNION,CORN,"31,600"
SURVEY,2010,UNION,CORN,"31,400"
SURVEY,2010,UNION,SOYBEANS,"52,100"
SURVEY,2010,UNION,TURKEYS,"2,750,000"
SURVEY,2010,UNION,WHEAT,"34,600"
SURVEY,2010,BURKE,CORN,"1,200"
SURVEY,2010,BURKE,CORN,"1,000"
SURVEY,2010,BURKE,SOYBEANS,700
SURVEY,2010,CHEROKEE,CORN,"1,000"
SURVEY,2010,CHEROKEE,CORN,900
SURVEY,2010,HAYWOOD,CORN,"1,500"
SURVEY,2010,HAYWOOD,CORN,100
SURVEY,2010,HENDERSON,CORN,"3,100"
SURVEY,2010,HENDERSON,CORN,"1,900"
SURVEY,2010,MADISON,TOBACCO,150
SURVEY,2010,OTHER (COMBINED) COUNTIES,CORN,"3,100"
SURVEY,2010,OTHER (COMBINED) COUNTIES,CORN,"1,200"
SURVEY,2010,OTHER (COMBINED) COUNTIES,SOYBEANS,"1,400"
SURVEY,2010,OTHER (COMBINED) COUNTIES,TOBACCO,260
SURVEY,2010,OTHER (COMBINED) COUNTIES,WHEAT,650
SURVEY,2010,RUTHERFORD,SOYBEANS,900
SURVEY,2010,RUTHERFORD,WHEAT,500
SURVEY,2010,TRANSYLVANIA,CORN,600
SURVEY,2010,TRANSYLVANIA,CORN,200
SURVEY,2009,OTHER COUNTIES,CATTLE,"97,700"
SURVEY,2009,OTHER COUNTIES,CATTLE,"3,200"
SURVEY,2009,BEAUFORT,CATTLE,700
SURVEY,2009,CARTERET,CATTLE,100
SURVEY,2009,CRAVEN,CATTLE,500
SURVEY,2009,GREENE,CATTLE,600
SURVEY,2009,HYDE,CATTLE,300
SURVEY,2009,JOHNSTON,CATTLE,"6,400"
SURVEY,2009,JONES,CATTLE,"1,200"
SURVEY,2009,LENOIR,CATTLE,"2,200"
SURVEY,2009,PITT,CATTLE,"2,300"
SURVEY,2009,WAYNE,CATTLE, (D)
SURVEY,2009,WAYNE,CATTLE, (D)
SURVEY,2009,WILSON,CATTLE,"1,000"
SURVEY,2009,ALEXANDER,CATTLE,"7,700"
SURVEY,2009,ALEXANDER,CATTLE,"1,800"
SURVEY,2009,CATAWBA,CATTLE,"6,000"
SURVEY,2009,CATAWBA,CATTLE,600
SURVEY,2009,CHATHAM,CATTLE,"15,200"
SURVEY,2009,CHATHAM,CATTLE,"1,100"
SURVEY,2009,DAVIDSON,CATTLE,"5,600"
SURVEY,2009,DAVIDSON,CATTLE,"1,100"
SURVEY,2009,DAVIE,CATTLE,"7,000"
SURVEY,2009,DAVIE,CATTLE,500
SURVEY,2009,IREDELL,CATTLE,"13,000"
SURVEY,2009,IREDELL,CATTLE,"12,300"
SURVEY,2009,LEE,CATTLE, (D)
SURVEY,2009,RANDOLPH,CATTLE,"15,600"
SURVEY,2009,RANDOLPH,CATTLE,"4,500"
SURVEY,2009,ROWAN,CATTLE,"7,100"
SURVEY,2009,ROWAN,CATTLE,"1,800"
SURVEY,2009,WAKE,CATTLE, (D)
SURVEY,2009,WAKE,CATTLE, (D)
SURVEY,2009,BERTIE,CATTLE,500
SURVEY,2009,CAMDEN,CATTLE,100
SURVEY,2009,CHOWAN,CATTLE,600
SURVEY,2009,CURRITUCK,CATTLE, (D)
SURVEY,2009,EDGECOMBE,CATTLE,"1,400"
SURVEY,2009,GATES,CATTLE,400
SURVEY,2009,HALIFAX,CATTLE, (D)
SURVEY,2009,HALIFAX,CATTLE, (D)
SURVEY,2009,HERTFORD,CATTLE,200
SURVEY,2009,MARTIN,CATTLE,800
SURVEY,2009,NASH,CATTLE, (D)
SURVEY,2009,NASH,CATTLE, (D)
SURVEY,2009,NORTHAMPTON,CATTLE, (D)
SURVEY,2009,PASQUOTANK,CATTLE,200
SURVEY,2009,PERQUIMANS,CATTLE,800
SURVEY,2009,TYRRELL,CATTLE,100
SURVEY,2009,WASHINGTON,CATTLE,700
SURVEY,2009,ALLEGHANY,CATTLE,"6,100"
SURVEY,2009,ALLEGHANY,CATTLE,"2,100"
SURVEY,2009,ASHE,CATTLE,"6,300"
SURVEY,2009,ASHE,CATTLE,200
SURVEY,2009,AVERY,CATTLE, (D)
SURVEY,2009,CALDWELL,CATTLE,"2,500"
SURVEY,2009,SURRY,CATTLE, (D)
SURVEY,2009,SURRY,CATTLE, (D)
SURVEY,2009,WATAUGA,CATTLE, (D)
SURVEY,2009,WILKES,CATTLE,"15,000"
SURVEY,2009,WILKES,CATTLE,"1,100"
SURVEY,2009,YADKIN,CATTLE,"10,500"
SURVEY,2009,YADKIN,CATTLE,"2,400"
SURVEY,2009,ALAMANCE,CATTLE,"7,100"
SURVEY,2009,ALAMANCE,CATTLE,"1,600"
SURVEY,2009,CASWELL,CATTLE, (D)
SURVEY,2009,CASWELL,CATTLE, (D)
SURVEY,2009,DURHAM,CATTLE, (D)
SURVEY,2009,DURHAM,CATTLE, (D)
SURVEY,2009,FORSYTH,CATTLE,"2,200"
SURVEY,2009,FORSYTH,CATTLE,100
SURVEY,2009,FRANKLIN,CATTLE, (D)
SURVEY,2009,GRANVILLE,CATTLE,"4,400"
SURVEY,2009,GRANVILLE,CATTLE,300
SURVEY,2009,GUILFORD,CATTLE,"5,200"
SURVEY,2009,GUILFORD,CATTLE,"1,400"
SURVEY,2009,ORANGE,CATTLE,"4,500"
SURVEY,2009,ORANGE,CATTLE,900
SURVEY,2009,PERSON,CATTLE, (D)
SURVEY,2009,PERSON,CATTLE, (D)
SURVEY,2009,ROCKINGHAM,CATTLE,"5,100"
SURVEY,2009,ROCKINGHAM,CATTLE,500
SURVEY,2009,STOKES,CATTLE,"5,100"
SURVEY,2009,STOKES,CATTLE,100
SURVEY,2009,VANCE,CATTLE,900
SURVEY,2009,WARREN,CATTLE, (D)
SURVEY,2009,WARREN,CATTLE, (D)
SURVEY,2009,BLADEN,CATTLE,"3,800"
SURVEY,2009,BRUNSWICK,CATTLE,"1,400"
SURVEY,2009,COLUMBUS,CATTLE,"4,500"
SURVEY,2009,CUMBERLAND,CATTLE,"2,100"
SURVEY,2009,DUPLIN,CATTLE,"15,800"
SURVEY,2009,DUPLIN,CATTLE,100
SURVEY,2009,HARNETT,CATTLE,"4,000"
SURVEY,2009,HOKE,CATTLE,600
SURVEY,2009,ONSLOW,CATTLE, (D)
SURVEY,2009,PENDER,CATTLE, (D)
SURVEY,2009,ROBESON,CATTLE, (D)
SURVEY,2009,SAMPSON,CATTLE, (D)
SURVEY,2009,SAMPSON,CATTLE, (D)
SURVEY,2009,SCOTLAND,CATTLE,700
SURVEY,2009,ANSON,CATTLE,"4,800"
SURVEY,2009,CABARRUS,CATTLE,"7,000"
SURVEY,2009,CABARRUS,CATTLE,400
SURVEY,2009,CLEVELAND,CATTLE,"9,400"
SURVEY,2009,CLEVELAND,CATTLE,700
SURVEY,2009,GASTON,CATTLE,"3,200"
SURVEY,2009,GASTON,CATTLE,900
SURVEY,2009,LINCOLN,CATTLE,"4,100"
SURVEY,2009,LINCOLN,CATTLE,"1,100"
SURVEY,2009,MECKLENBURG,CATTLE,"1,300"
SURVEY,2009,MECKLENBURG,CATTLE,200
SURVEY,2009,MONTGOMERY,CATTLE,"3,900"
SURVEY,2009,MOORE,CATTLE,"4,400"
SURVEY,2009,RICHMOND,CATTLE,"1,800"
SURVEY,2009,STANLY,CATTLE,"9,100"
SURVEY,2009,STANLY,CATTLE,800
SURVEY,2009,UNION,CATTLE, (D)
SURVEY,2009,UNION,CATTLE, (D)
SURVEY,2009,BUNCOMBE,CATTLE,"6,800"
SURVEY,2009,BUNCOMBE,CATTLE,"1,100"
SURVEY,2009,BURKE,CATTLE,"2,200"
SURVEY,2009,CHEROKEE,CATTLE, (D)
SURVEY,2009,CHEROKEE,CATTLE, (D)
SURVEY,2009,CLAY,CATTLE,"1,500"
SURVEY,2009,GRAHAM,CATTLE,600
SURVEY,2009,HAYWOOD,CATTLE,"6,600"
SURVEY,2009,HAYWOOD,CATTLE,"1,400"
SURVEY,2009,HENDERSON,CATTLE,"1,600"
SURVEY,2009,HENDERSON,CATTLE,"1,600"
SURVEY,2009,JACKSON,CATTLE, (D)
SURVEY,2009,MACON,CATTLE,"2,200"
SURVEY,2009,MADISON,CATTLE,"5,200"
SURVEY,2009,MCDOWELL,CATTLE, (D)
SURVEY,2009,MCDOWELL,CATTLE, (D)
SURVEY,2009,MITCHELL,CATTLE,"1,100"
SURVEY,2009,POLK,CATTLE, (D)
SURVEY,2009,POLK,CATTLE, (D)
SURVEY,2009,RUTHERFORD,CATTLE, (D)
SURVEY,2009,RUTHERFORD,CATTLE, (D)
SURVEY,2009,SWAIN,CATTLE,300
SURVEY,2009,TRANSYLVANIA,CATTLE, (D)
SURVEY,2009,YANCEY,CATTLE,"3,100"
SURVEY,2009,YANCEY,CATTLE,100
SURVEY,2009,OTHER COUNTIES,TURKEYS,"775,000"
SURVEY,2009,BEAUFORT,CORN,"46,000"
SURVEY,2009,BEAUFORT,CORN,"44,500"
SURVEY,2009,BEAUFORT,COTTON,"13,200"
SURVEY,2009,BEAUFORT,SOYBEANS,"69,800"
SURVEY,2009,BEAUFORT,TOBACCO,"2,920"
SURVEY,2009,BEAUFORT,WHEAT,"27,100"
SURVEY,2009,CARTERET,CORN,"18,100"
SURVEY,2009,CARTERET,CORN,"17,500"
SURVEY,2009,CARTERET,SOYBEANS,"26,500"
SURVEY,2009,CRAVEN,CORN,"19,800"
SURVEY,2009,CRAVEN,CORN,"19,200"
SURVEY,2009,CRAVEN,SOYBEANS,"27,000"
SURVEY,2009,CRAVEN,TOBACCO,"1,970"
SURVEY,2009,GREENE,CORN,"11,200"
SURVEY,2009,GREENE,CORN,"10,900"
SURVEY,2009,GREENE,COTTON,"5,500"
SURVEY,2009,GREENE,SOYBEANS,"37,400"
SURVEY,2009,GREENE,TOBACCO,"6,370"
SURVEY,2009,GREENE,TURKEYS,"935,000"
SURVEY,2009,GREENE,WHEAT,"7,050"
SURVEY,2009,HYDE,CORN,"27,000"
SURVEY,2009,HYDE,CORN,"25,900"
SURVEY,2009,HYDE,COTTON,"12,600"
SURVEY,2009,HYDE,SOYBEANS,"26,500"
SURVEY,2009,HYDE,WHEAT,"13,200"
SURVEY,2009,JOHNSTON,CORN,"9,700"
SURVEY,2009,JOHNSTON,CORN,"9,400"
SURVEY,2009,JOHNSTON,SOYBEANS,"58,000"
SURVEY,2009,JOHNSTON,SWEET POTATOES,"7,200"
SURVEY,2009,JOHNSTON,TOBACCO,"10,470"
SURVEY,2009,JOHNSTON,TURKEYS,"390,000"
SURVEY,2009,JOHNSTON,WHEAT,"11,500"
SURVEY,2009,JONES,CORN,"15,000"
SURVEY,2009,JONES,CORN,"14,500"
SURVEY,2009,JONES,COTTON,"6,000"
SURVEY,2009,JONES,PEANUTS,900
SURVEY,2009,JONES,SOYBEANS,"22,200"
SURVEY,2009,JONES,TOBACCO,"2,450"
SURVEY,2009,JONES,TURKEYS,"300,000"
SURVEY,2009,JONES,WHEAT,"12,900"
SURVEY,2009,LENOIR,CORN,"22,500"
SURVEY,2009,LENOIR,CORN,"21,800"
SURVEY,2009,LENOIR,COTTON,"12,100"
SURVEY,2009,LENOIR,SOYBEANS,"39,000"
SURVEY,2009,LENOIR,TOBACCO,"8,000"
SURVEY,2009,LENOIR,TURKEYS,"1,200,000"
SURVEY,2009,LENOIR,WHEAT,"14,800"
SURVEY,2009,OTHER (COMBINED) COUNTIES,COTTON,"7,900"
SURVEY,2009,OTHER (COMBINED) COUNTIES,PEANUTS,"4,400"
SURVEY,2009,OTHER (COMBINED) COUNTIES,SWEET POTATOES,"5,100"
SURVEY,2009,OTHER (COMBINED) COUNTIES,TOBACCO,350
SURVEY,2009,OTHER (COMBINED) COUNTIES,WHEAT,"11,650"
SURVEY,2009,PAMLICO,CORN,"12,500"
SURVEY,2009,PAMLICO,CORN,"12,100"
SURVEY,2009,PAMLICO,SOYBEANS,"19,600"
SURVEY,2009,PAMLICO,TOBACCO,280
SURVEY,2009,PAMLICO,WHEAT,"7,450"
SURVEY,2009,PITT,CORN,"21,000"
SURVEY,2009,PITT,CORN,"20,300"
SURVEY,2009,PITT,COTTON,"10,400"
SURVEY,2009,PITT,PEANUTS,"3,500"
SURVEY,2009,PITT,SOYBEANS,"72,000"
SURVEY,2009,PITT,TOBACCO,"7,650"
SURVEY,2009,PITT,WHEAT,"18,200"
SURVEY,2009,WAYNE,CORN,"27,400"
SURVEY,2009,WAYNE,CORN,"26,400"
SURVEY,2009,WAYNE,COTTON,"4,200"
SURVEY,2009,WAYNE,PEANUTS,"1,600"
SURVEY,2009,WAYNE,SOYBEANS,"65,300"
SURVEY,2009,WAYNE,SWEET POTATOES,"2,400"
SURVEY,2009,WAYNE,TOBACCO,"10,900"
SURVEY,2009,WAYNE,TURKEYS,"3,200,000"
SURVEY,2009,WAYNE,WHEAT,"27,000"
SURVEY,2009,WILSON,CORN,"8,800"
SURVEY,2009,WILSON,CORN,"8,500"
SURVEY,2009,WILSON,COTTON,"9,100"
SURVEY,2009,WILSON,SOYBEANS,"42,700"
SURVEY,2009,WILSON,SWEET POTATOES,"5,300"
SURVEY,2009,WILSON,TOBACCO,"9,290"
SURVEY,2009,WILSON,WHEAT,"9,150"
SURVEY,2009,ALEXANDER,SOYBEANS,"1,500"
SURVEY,2009,CATAWBA,CORN,"2,000"
SURVEY,2009,CATAWBA,CORN,"1,700"
SURVEY,2009,CATAWBA,SOYBEANS,"7,400"
SURVEY,2009,CATAWBA,WHEAT,"3,100"
SURVEY,2009,CHATHAM,CORN,"2,500"
SURVEY,2009,CHATHAM,CORN,"1,200"
SURVEY,2009,CHATHAM,SOYBEANS,"2,200"
SURVEY,2009,DAVIDSON,CORN,"6,100"
SURVEY,2009,DAVIDSON,CORN,"4,700"
SURVEY,2009,DAVIDSON,SOYBEANS,"7,400"
SURVEY,2009,DAVIDSON,TOBACCO,610
SURVEY,2009,DAVIDSON,WHEAT,"1,600"
SURVEY,2009,DAVIE,CORN,"5,400"
SURVEY,2009,DAVIE,CORN,"4,800"
SURVEY,2009,DAVIE,SOYBEANS,"6,600"
SURVEY,2009,DAVIE,TOBACCO,240
SURVEY,2009,DAVIE,WHEAT,"3,300"
SURVEY,2009,IREDELL,CORN,"17,000"
SURVEY,2009,IREDELL,CORN,"8,100"
SURVEY,2009,IREDELL,SOYBEANS,"14,300"
SURVEY,2009,IREDELL,TOBACCO,220
SURVEY,2009,IREDELL,WHEAT,"6,000"
SURVEY,2009,LEE,SOYBEANS,"6,200"
SURVEY,2009,LEE,TOBACCO,"1,890"
SURVEY,2009,LEE,WHEAT,"1,550"
SURVEY,2009,OTHER (COMBINED) COUNTIES,CORN,"3,300"
SURVEY,2009,OTHER (COMBINED) COUNTIES,CORN,"2,000"
SURVEY,2009,OTHER (COMBINED) COUNTIES,TOBACCO,300
SURVEY,2009,OTHER (COMBINED) COUNTIES,TOBACCO,600
SURVEY,2009,OTHER (COMBINED) COUNTIES,WHEAT,"1,700"
SURVEY,2009,RANDOLPH,CORN,"7,000"
SURVEY,2009,RANDOLPH,CORN,"5,200"
SURVEY,2009,RANDOLPH,SOYBEANS,"9,500"
SURVEY,2009,RANDOLPH,TOBACCO,760
SURVEY,2009,RANDOLPH,WHEAT,"3,450"
SURVEY,2009,ROWAN,CORN,"8,800"
SURVEY,2009,ROWAN,CORN,"7,400"
SURVEY,2009,ROWAN,SOYBEANS,"17,000"
SURVEY,2009,ROWAN,WHEAT,"5,930"
SURVEY,2009,WAKE,CORN,"1,300"
SURVEY,2009,WAKE,CORN,"1,200"
SURVEY,2009,WAKE,SOYBEANS,"17,400"
SURVEY,2009,WAKE,SWEET POTATOES,"1,200"
SURVEY,2009,WAKE,TOBACCO,"2,980"
SURVEY,2009,WAKE,WHEAT,"2,670"
SURVEY,2009,BERTIE,CORN,"17,600"
SURVEY,2009,BERTIE,CORN,"17,000"
SURVEY,2009,BERTIE,COTTON,"28,000"
SURVEY,2009,BERTIE,PEANUTS,"6,300"
SURVEY,2009,BERTIE,SOYBEANS,"28,900"
SURVEY,2009,BERTIE,TOBACCO,"3,480"
SURVEY,2009,CAMDEN,CORN,"16,000"
SURVEY,2009,CAMDEN,CORN,"15,600"
SURVEY,2009,CAMDEN,SOYBEANS,"32,700"
SURVEY,2009,CAMDEN,WHEAT,"10,800"
SURVEY,2009,CHOWAN,CORN,"4,700"
SURVEY,2009,CHOWAN,CORN,"4,500"
SURVEY,2009,CHOWAN,COTTON,"12,000"
SURVEY,2009,CHOWAN,PEANUTS,"3,200"
SURVEY,2009,CHOWAN,TOBACCO,110
SURVEY,2009,CHOWAN,WHEAT,"5,600"
SURVEY,2009,CURRITUCK,CORN,"7,900"
SURVEY,2009,CURRITUCK,CORN,"7,700"
SURVEY,2009,CURRITUCK,SOYBEANS,"18,500"
SURVEY,2009,CURRITUCK,WHEAT,"6,850"
SURVEY,2009,EDGECOMBE,CORN,"16,100"
SURVEY,2009,EDGECOMBE,CORN,"15,600"
SURVEY,2009,EDGECOMBE,COTTON,"19,400"
SURVEY,2009,EDGECOMBE,PEANUTS,"3,500"
SURVEY,2009,EDGECOMBE,SOYBEANS,"53,000"
SURVEY,2009,EDGECOMBE,TOBACCO,"7,950"
SURVEY,2009,GATES,CORN,"6,700"
SURVEY,2009,GATES,CORN,"6,500"
SURVEY,2009,GATES,COTTON,"10,200"
SURVEY,2009,GATES,PEANUTS,"2,400"
SURVEY,2009,GATES,SOYBEANS,"20,600"
SURVEY,2009,GATES,WHEAT,"6,100"
SURVEY,2009,HALIFAX,CORN,"10,700"
SURVEY,2009,HALIFAX,CORN,"9,600"
SURVEY,2009,HALIFAX,COTTON,"39,100"
SURVEY,2009,HALIFAX,PEANUTS,"5,100"
SURVEY,2009,HALIFAX,SOYBEANS,"38,000"
SURVEY,2009,HALIFAX,TOBACCO,"2,750"
SURVEY,2009,HALIFAX,WHEAT,"5,800"
SURVEY,2009,HERTFORD,CORN,"11,500"
SURVEY,2009,HERTFORD,CORN,"11,200"
SURVEY,2009,HERTFORD,COTTON,"9,900"
SURVEY,2009,HERTFORD,PEANUTS,"2,900"
SURVEY,2009,HERTFORD,SOYBEANS,"17,100"
SURVEY,2009,HERTFORD,TOBACCO,"2,310"
SURVEY,2009,HERTFORD,WHEAT,"4,050"
SURVEY,2009,MARTIN,CORN,"7,100"
SURVEY,2009,MARTIN,CORN,"6,700"
SURVEY,2009,MARTIN,COTTON,"30,000"
SURVEY,2009,MARTIN,PEANUTS,"7,300"
SURVEY,2009,MARTIN,SOYBEANS,"22,900"
SURVEY,2009,MARTIN,TOBACCO,"5,620"
SURVEY,2009,MARTIN,WHEAT,"5,350"
SURVEY,2009,NASH,COTTON,"6,100"
SURVEY,2009,NASH,SOYBEANS,"36,500"
SURVEY,2009,NASH,SWEET POTATOES,"7,100"
SURVEY,2009,NASH,TOBACCO,"8,600"
SURVEY,2009,NASH,WHEAT,"4,870"
SURVEY,2009,NORTHAMPTON,CORN,"8,500"
SURVEY,2009,NORTHAMPTON,CORN,"8,300"
SURVEY,2009,NORTHAMPTON,COTTON,"31,700"
SURVEY,2009,NORTHAMPTON,PEANUTS,"3,500"
SURVEY,2009,NORTHAMPTON,SOYBEANS,"42,600"
SURVEY,2009,NORTHAMPTON,WHEAT,"10,200"
SURVEY,2009,OTHER (COMBINED) COUNTIES,CORN,"34,300"
SURVEY,2009,OTHER (COMBINED) COUNTIES,CORN,"33,000"
SURVEY,2009,OTHER (COMBINED) COUNTIES,COTTON,"5,700"
SURVEY,2009,OTHER (COMBINED) COUNTIES,PEANUTS,"1,700"
SURVEY,2009,OTHER (COMBINED) COUNTIES,SOYBEANS,"16,100"
SURVEY,2009,OTHER (COMBINED) COUNTIES,SWEET POTATOES,"4,400"
SURVEY,2009,OTHER (COMBINED) COUNTIES,TOBACCO,380
SURVEY,2009,OTHER (COMBINED) COUNTIES,WHEAT,"16,280"
SURVEY,2009,PASQUOTANK,CORN,"15,000"
SURVEY,2009,PASQUOTANK,CORN,"14,600"
SURVEY,2009,PASQUOTANK,SOYBEANS,"53,300"
SURVEY,2009,PASQUOTANK,WHEAT,"21,600"
SURVEY,2009,PERQUIMANS,CORN,"13,000"
SURVEY,2009,PERQUIMANS,CORN,"12,600"
SURVEY,2009,PERQUIMANS,COTTON,"10,900"
SURVEY,2009,PERQUIMANS,PEANUTS,"1,200"
SURVEY,2009,PERQUIMANS,SOYBEANS,"40,800"
SURVEY,2009,PERQUIMANS,WHEAT,"13,400"
SURVEY,2009,TYRRELL,SOYBEANS,"36,000"
SURVEY,2009,TYRRELL,WHEAT,"16,000"
SURVEY,2009,WASHINGTON,CORN,"27,900"
SURVEY,2009,WASHINGTON,CORN,"27,100"
SURVEY,2009,WASHINGTON,COTTON,"7,900"
SURVEY,2009,WASHINGTON,PEANUTS,"1,000"
SURVEY,2009,WASHINGTON,SOYBEANS,"37,000"
SURVEY,2009,WASHINGTON,WHEAT,"19,100"
SURVEY,2009,ALLEGHANY,CORN,"2,200"
SURVEY,2009,ALLEGHANY,TOBACCO,100
SURVEY,2009,OTHER (COMBINED) COUNTIES,CORN,"1,200"
SURVEY,2009,OTHER (COMBINED) COUNTIES,CORN,600
SURVEY,2009,OTHER (COMBINED) COUNTIES,SOYBEANS,"1,200"
SURVEY,2009,OTHER (COMBINED) COUNTIES,TOBACCO,240
SURVEY,2009,OTHER (COMBINED) COUNTIES,WHEAT,"7,130"
SURVEY,2009,SURRY,CORN,"7,800"
SURVEY,2009,SURRY,CORN,"7,200"
SURVEY,2009,SURRY,SOYBEANS,"8,500"
SURVEY,2009,SURRY,TOBACCO,360
SURVEY,2009,SURRY,TOBACCO,"3,270"
SURVEY,2009,WILKES,CORN,"5,600"
SURVEY,2009,WILKES,CORN,"3,100"
SURVEY,2009,WILKES,TOBACCO,480
SURVEY,2009,YADKIN,CORN,"11,000"
SURVEY,2009,YADKIN,CORN,"8,600"
SURVEY,2009,YADKIN,SOYBEANS,"16,500"
SURVEY,2009,YADKIN,TOBACCO,"2,820"
SURVEY,2009,YADKIN,WHEAT,"5,970"
SURVEY,2009,ALAMANCE,CORN,"3,900"
SURVEY,2009,ALAMANCE,CORN,"2,600"
SURVEY,2009,ALAMANCE,SOYBEANS,"3,200"
SURVEY,2009,ALAMANCE,TOBACCO,"1,340"
SURVEY,2009,ALAMANCE,WHEAT,"2,000"
SURVEY,2009,CASWELL,CORN,"1,200"
SURVEY,2009,CASWELL,CORN,800
SURVEY,2009,CASWELL,SOYBEANS,"1,800"
SURVEY,2009,CASWELL,TOBACCO,140
SURVEY,2009,CASWELL,TOBACCO,"2,320"
SURVEY,2009,CASWELL,WHEAT,"1,800"
SURVEY,2009,DURHAM,SOYBEANS,800
SURVEY,2009,DURHAM,TOBACCO,230
SURVEY,2009,FORSYTH,CORN,"1,500"
SURVEY,2009,FORSYTH,CORN,"1,300"
SURVEY,2009,FORSYTH,SOYBEANS,"3,500"
SURVEY,2009,FORSYTH,TOBACCO,700
SURVEY,2009,FRANKLIN,CORN,"2,300"
SURVEY,2009,FRANKLIN,CORN,"2,000"
SURVEY,2009,FRANKLIN,SOYBEANS,"18,200"
SURVEY,2009,FRANKLIN,TOBACCO,"3,750"
SURVEY,2009,FRANKLIN,WHEAT,"6,450"
SURVEY,2009,GRANVILLE,CORN,"3,400"
SURVEY,2009,GRANVILLE,CORN,"2,300"
SURVEY,2009,GRANVILLE,SOYBEANS,"2,500"
SURVEY,2009,GRANVILLE,TOBACCO,"3,090"
SURVEY,2009,GRANVILLE,WHEAT,"2,500"
SURVEY,2009,GUILFORD,CORN,"4,800"
SURVEY,2009,GUILFORD,CORN,"2,300"
SURVEY,2009,GUILFORD,SOYBEANS,"8,600"
SURVEY,2009,GUILFORD,TOBACCO,"2,000"
SURVEY,2009,GUILFORD,WHEAT,"4,100"
SURVEY,2009,ORANGE,CORN,"2,900"
SURVEY,2009,ORANGE,CORN,"2,100"
SURVEY,2009,ORANGE,SOYBEANS,"3,200"
SURVEY,2009,ORANGE,TOBACCO,590
SURVEY,2009,ORANGE,WHEAT,"1,900"
SURVEY,2009,OTHER (COMBINED) COUNTIES,CORN,600
SURVEY,2009,OTHER (COMBINED) COUNTIES,CORN,500
SURVEY,2009,OTHER (COMBINED) COUNTIES,COTTON,"1,400"
SURVEY,2009,OTHER (COMBINED) COUNTIES,TOBACCO,260
SURVEY,2009,OTHER (COMBINED) COUNTIES,WHEAT,"1,050"
SURVEY,2009,PERSON,CORN,"3,600"
SURVEY,2009,PERSON,CORN,"3,100"
SURVEY,2009,PERSON,SOYBEANS,"10,300"
SURVEY,2009,PERSON,TOBACCO,200
SURVEY,2009,PERSON,TOBACCO,"3,260"
SURVEY,2009,PERSON,WHEAT,"6,500"
SURVEY,2009,ROCKINGHAM,CORN,"3,500"
SURVEY,2009,ROCKINGHAM,CORN,"1,700"
SURVEY,2009,ROCKINGHAM,SOYBEANS,"3,400"
SURVEY,2009,ROCKINGHAM,TOBACCO,300
SURVEY,2009,ROCKINGHAM,TOBACCO,"3,230"
SURVEY,2009,ROCKINGHAM,WHEAT,"3,500"
SURVEY,2009,STOKES,CORN,"1,500"
SURVEY,2009,STOKES,CORN,"1,200"
SURVEY,2009,STOKES,SOYBEANS,"1,200"
SURVEY,2009,STOKES,TOBACCO,250
SURVEY,2009,STOKES,TOBACCO,"2,200"
SURVEY,2009,STOKES,WHEAT,650
SURVEY,2009,VANCE,SOYBEANS,"7,200"
SURVEY,2009,VANCE,TOBACCO,"2,000"
SURVEY,2009,VANCE,WHEAT,"2,050"
SURVEY,2009,WARREN,CORN,500
SURVEY,2009,WARREN,CORN,200
SURVEY,2009,WARREN,SOYBEANS,"8,100"
SURVEY,2009,WARREN,TOBACCO,"1,290"
SURVEY,2009,WARREN,WHEAT,"1,900"
SURVEY,2009,BLADEN,CORN,"24,500"
SURVEY,2009,BLADEN,CORN,"23,700"
SURVEY,2009,BLADEN,PEANUTS,"4,200"
SURVEY,2009,BLADEN,SOYBEANS,"22,200"
SURVEY,2009,BLADEN,TOBACCO,"1,290"
SURVEY,2009,BLADEN,TURKEYS,"1,200,000"
SURVEY,2009,BLADEN,WHEAT,"4,200"
SURVEY,2009,BRUNSWICK,CORN,"6,400"
SURVEY,2009,BRUNSWICK,CORN,"5,900"
SURVEY,2009,BRUNSWICK,TOBACCO,590
SURVEY,2009,COLUMBUS,CORN,"31,000"
SURVEY,2009,COLUMBUS,CORN,"30,200"
SURVEY,2009,COLUMBUS,PEANUTS,"2,900"
SURVEY,2009,COLUMBUS,SOYBEANS,"58,500"
SURVEY,2009,COLUMBUS,TOBACCO,"5,130"
SURVEY,2009,CUMBERLAND,CORN,"12,100"
SURVEY,2009,CUMBERLAND,CORN,"11,700"
SURVEY,2009,CUMBERLAND,COTTON,"4,600"
SURVEY,2009,CUMBERLAND,SOYBEANS,"19,500"
SURVEY,2009,CUMBERLAND,TOBACCO,"2,680"
SURVEY,2009,CUMBERLAND,TURKEYS,"680,000"
SURVEY,2009,CUMBERLAND,WHEAT,"4,950"
SURVEY,2009,DUPLIN,CORN,"42,500"
SURVEY,2009,DUPLIN,CORN,"40,900"
SURVEY,2009,DUPLIN,COTTON,"3,700"
SURVEY,2009,DUPLIN,PEANUTS,"3,500"
SURVEY,2009,DUPLIN,SOYBEANS,"59,500"
SURVEY,2009,DUPLIN,TOBACCO,"6,130"
SURVEY,2009,DUPLIN,TURKEYS,"8,900,000"
SURVEY,2009,DUPLIN,WHEAT,"23,100"
SURVEY,2009,HARNETT,COTTON,"10,500"
SURVEY,2009,HARNETT,SOYBEANS,"28,500"
SURVEY,2009,HARNETT,SWEET POTATOES,"1,200"
SURVEY,2009,HARNETT,TOBACCO,"7,280"
SURVEY,2009,HARNETT,WHEAT,"4,850"
SURVEY,2009,HOKE,CORN,"6,000"
SURVEY,2009,HOKE,CORN,"5,700"
SURVEY,2009,HOKE,COTTON,"8,100"
SURVEY,2009,HOKE,SOYBEANS,"13,200"
SURVEY,2009,HOKE,TOBACCO,330
SURVEY,2009,HOKE,TURKEYS,"145,000"
SURVEY,2009,HOKE,WHEAT,"4,550"
SURVEY,2009,ONSLOW,CORN,"12,200"
SURVEY,2009,ONSLOW,CORN,"11,900"
SURVEY,2009,ONSLOW,SOYBEANS,"15,900"
SURVEY,2009,ONSLOW,TOBACCO,820
SURVEY,2009,ONSLOW,TURKEYS,"1,700,000"
SURVEY,2009,ONSLOW,WHEAT,"5,250"
SURVEY,2009,OTHER (COMBINED) COUNTIES,CORN,"18,100"
SURVEY,2009,OTHER (COMBINED) COUNTIES,CORN,"17,500"
SURVEY,2009,OTHER (COMBINED) COUNTIES,COTTON,"14,600"
SURVEY,2009,OTHER (COMBINED) COUNTIES,PEANUTS,"3,900"
SURVEY,2009,OTHER (COMBINED) COUNTIES,SOYBEANS,"27,300"
SURVEY,2009,OTHER (COMBINED) COUNTIES,SWEET POTATOES,"4,600"
SURVEY,2009,OTHER (COMBINED) COUNTIES,WHEAT,"21,300"
SURVEY,2009,PENDER,TOBACCO,670
SURVEY,2009,PENDER,TURKEYS,"515,000"
SURVEY,2009,ROBESON,CORN,"50,500"
SURVEY,2009,ROBESON,CORN,"49,100"
SURVEY,2009,ROBESON,COTTON,"11,200"
SURVEY,2009,ROBESON,PEANUTS,"2,100"
SURVEY,2009,ROBESON,SOYBEANS,"110,100"
SURVEY,2009,ROBESON,TOBACCO,"4,020"
SURVEY,2009,ROBESON,TURKEYS,"490,000"
SURVEY,2009,ROBESON,WHEAT,"36,500"
SURVEY,2009,SAMPSON,CORN,"39,500"
SURVEY,2009,SAMPSON,CORN,"37,500"
SURVEY,2009,SAMPSON,COTTON,"12,500"
SURVEY,2009,SAMPSON,SOYBEANS,"66,200"
SURVEY,2009,SAMPSON,SWEET POTATOES,"7,500"
SURVEY,2009,SAMPSON,TOBACCO,"12,190"
SURVEY,2009,SAMPSON,TURKEYS,"10,400,000"
SURVEY,2009,SAMPSON,WHEAT,"23,300"
SURVEY,2009,SCOTLAND,CORN,"5,200"
SURVEY,2009,SCOTLAND,CORN,"4,900"
SURVEY,2009,SCOTLAND,PEANUTS,900
SURVEY,2009,SCOTLAND,SOYBEANS,"15,100"
SURVEY,2009,ANSON,CORN,"9,000"
SURVEY,2009,ANSON,CORN,"8,500"
SURVEY,2009,ANSON,SOYBEANS,"11,500"
SURVEY,2009,ANSON,TURKEYS,"950,000"
SURVEY,2009,ANSON,WHEAT,"4,250"
SURVEY,2009,CABARRUS,CORN,"3,900"
SURVEY,2009,CABARRUS,CORN,"3,200"
SURVEY,2009,CABARRUS,SOYBEANS,"6,600"
SURVEY,2009,CABARRUS,WHEAT,"2,450"
SURVEY,2009,CLEVELAND,CORN,"1,700"
SURVEY,2009,CLEVELAND,CORN,800
SURVEY,2009,CLEVELAND,COTTON,"1,600"
SURVEY,2009,CLEVELAND,SOYBEANS,"11,200"
SURVEY,2009,CLEVELAND,WHEAT,"5,850"
SURVEY,2009,GASTON,SOYBEANS,"2,300"
SURVEY,2009,LINCOLN,CORN,"2,800"
SURVEY,2009,LINCOLN,CORN,"1,800"
SURVEY,2009,LINCOLN,SOYBEANS,"5,200"
SURVEY,2009,LINCOLN,WHEAT,"2,750"
SURVEY,2009,MONTGOMERY,SOYBEANS,"1,800"
SURVEY,2009,MOORE,CORN,"1,100"
SURVEY,2009,MOORE,CORN,"1,000"
SURVEY,2009,MOORE,SOYBEANS,"4,300"
SURVEY,2009,MOORE,WHEAT,"1,520"
SURVEY,2009,OTHER (COMBINED) COUNTIES,CORN,"5,600"
SURVEY,2009,OTHER (COMBINED) COUNTIES,CORN,"4,700"
SURVEY,2009,OTHER (COMBINED) COUNTIES,COTTON,"3,100"
SURVEY,2009,OTHER (COMBINED) COUNTIES,SOYBEANS,"6,300"
SURVEY,2009,OTHER (COMBINED) COUNTIES,WHEAT,"4,380"
SURVEY,2009,STANLY,CORN,"11,900"
SURVEY,2009,STANLY,CORN,"11,400"
SURVEY,2009,STANLY,COTTON,"6,000"
SURVEY,2009,STANLY,SOYBEANS,"20,500"
SURVEY,2009,STANLY,TURKEYS,"720,000"
SURVEY,2009,STANLY,WHEAT,"7,200"
SURVEY,2009,UNION,CORN,"29,000"
SURVEY,2009,UNION,CORN,"27,700"
SURVEY,2009,UNION,SOYBEANS,"53,700"
SURVEY,2009,UNION,TURKEYS,"3,000,000"
SURVEY,2009,UNION,WHEAT,"34,700"
SURVEY,2009,BUNCOMBE,TOBACCO,120
SURVEY,2009,BURKE,CORN,"1,200"
SURVEY,2009,BURKE,CORN,"1,100"
SURVEY,2009,BURKE,SOYBEANS,600
SURVEY,2009,CHEROKEE,CORN,"1,000"
SURVEY,2009,CHEROKEE,CORN,800
SURVEY,2009,HAYWOOD,CORN,"1,400"
SURVEY,2009,HAYWOOD,CORN,100
SURVEY,2009,HENDERSON,CORN,"2,800"
SURVEY,2009,HENDERSON,CORN,"1,500"
SURVEY,2009,MADISON,TOBACCO,200
SURVEY,2009,OTHER (COMBINED) COUNTIES,CORN,"3,200"
SURVEY,2009,OTHER (COMBINED) COUNTIES,CORN,"1,200"
SURVEY,2009,OTHER (COMBINED) COUNTIES,SOYBEANS,"1,400"
SURVEY,2009,OTHER (COMBINED) COUNTIES,TOBACCO,230
SURVEY,2009,OTHER (COMBINED) COUNTIES,WHEAT,"1,100"
SURVEY,2009,RUTHERFORD,SOYBEANS,900
SURVEY,2009,TRANSYLVANIA,CORN,500
SURVEY,2009,TRANSYLVANIA,CORN,300
SURVEY,2008,OTHER COUNTIES,CATTLE,"94,300"
SURVEY,2008,OTHER COUNTIES,CATTLE,"3,300"
SURVEY,2008,BEAUFORT,CATTLE,700
SURVEY,2008,CARTERET,CATTLE,100
SURVEY,2008,CRAVEN,CATTLE,500
SURVEY,2008,GREENE,CATTLE,500
SURVEY,2008,HYDE,CATTLE,300
SURVEY,2008,JOHNSTON,CATTLE,"6,200"
SURVEY,2008,JONES,CATTLE,"1,200"
SURVEY,2008,LENOIR,CATTLE,"2,200"
SURVEY,2008,PITT,CATTLE,"2,200"
SURVEY,2008,WILSON,CATTLE,900
SURVEY,2008,ALEXANDER,CATTLE,"7,400"
SURVEY,2008,ALEXANDER,CATTLE,"1,800"
SURVEY,2008,CATAWBA,CATTLE,"5,800"
SURVEY,2008,CATAWBA,CATTLE,700
SURVEY,2008,CHATHAM,CATTLE,"14,700"
SURVEY,2008,CHATHAM,CATTLE,"1,200"
SURVEY,2008,DAVIDSON,CATTLE,"5,400"
SURVEY,2008,DAVIDSON,CATTLE,"1,100"
SURVEY,2008,DAVIE,CATTLE,"6,800"
SURVEY,2008,DAVIE,CATTLE,500
SURVEY,2008,IREDELL,CATTLE,"12,600"
SURVEY,2008,IREDELL,CATTLE,"12,900"
SURVEY,2008,RANDOLPH,CATTLE,"15,100"
SURVEY,2008,RANDOLPH,CATTLE,"4,700"
SURVEY,2008,ROWAN,CATTLE,"6,900"
SURVEY,2008,ROWAN,CATTLE,"1,900"
SURVEY,2008,BERTIE,CATTLE,500
SURVEY,2008,CAMDEN,CATTLE,100
SURVEY,2008,CHOWAN,CATTLE,600
SURVEY,2008,EDGECOMBE,CATTLE,"1,300"
SURVEY,2008,GATES,CATTLE,400
SURVEY,2008,HERTFORD,CATTLE,200
SURVEY,2008,MARTIN,CATTLE,800
SURVEY,2008,PASQUOTANK,CATTLE,200
SURVEY,2008,PERQUIMANS,CATTLE,800
SURVEY,2008,TYRRELL,CATTLE,100
SURVEY,2008,WASHINGTON,CATTLE,600
SURVEY,2008,ALLEGHANY,CATTLE,"5,900"
SURVEY,2008,ALLEGHANY,CATTLE,"2,200"
SURVEY,2008,ASHE,CATTLE,"6,100"
SURVEY,2008,ASHE,CATTLE,200
SURVEY,2008,CALDWELL,CATTLE,"2,400"
SURVEY,2008,WILKES,CATTLE,"14,500"
SURVEY,2008,WILKES,CATTLE,"1,100"
SURVEY,2008,YADKIN,CATTLE,"10,100"
SURVEY,2008,YADKIN,CATTLE,"2,500"
SURVEY,2008,ALAMANCE,CATTLE,"6,800"
SURVEY,2008,ALAMANCE,CATTLE,"1,700"
SURVEY,2008,FORSYTH,CATTLE,"2,100"
SURVEY,2008,FORSYTH,CATTLE,100
SURVEY,2008,GRANVILLE,CATTLE,"4,300"
SURVEY,2008,GRANVILLE,CATTLE,300
SURVEY,2008,GUILFORD,CATTLE,"5,100"
SURVEY,2008,GUILFORD,CATTLE,"1,500"
SURVEY,2008,ORANGE,CATTLE,"4,400"
SURVEY,2008,ORANGE,CATTLE,900
SURVEY,2008,ROCKINGHAM,CATTLE,"5,000"
SURVEY,2008,ROCKINGHAM,CATTLE,600
SURVEY,2008,STOKES,CATTLE,"5,000"
SURVEY,2008,STOKES,CATTLE,100
SURVEY,2008,VANCE,CATTLE,900
SURVEY,2008,BLADEN,CATTLE,"3,700"
SURVEY,2008,BRUNSWICK,CATTLE,"1,400"
SURVEY,2008,COLUMBUS,CATTLE,"4,400"
SURVEY,2008,CUMBERLAND,CATTLE,"2,000"
SURVEY,2008,DUPLIN,CATTLE,"15,400"
SURVEY,2008,DUPLIN,CATTLE,100
SURVEY,2008,HARNETT,CATTLE,"3,900"
SURVEY,2008,HOKE,CATTLE,600
SURVEY,2008,SCOTLAND,CATTLE,700
SURVEY,2008,ANSON,CATTLE,"4,600"
SURVEY,2008,CABARRUS,CATTLE,"6,800"
SURVEY,2008,CABARRUS,CATTLE,400
SURVEY,2008,CLEVELAND,CATTLE,"9,100"
SURVEY,2008,CLEVELAND,CATTLE,700
SURVEY,2008,GASTON,CATTLE,"3,100"
SURVEY,2008,GASTON,CATTLE,900
SURVEY,2008,LINCOLN,CATTLE,"4,000"
SURVEY,2008,LINCOLN,CATTLE,"1,200"
SURVEY,2008,MECKLENBURG,CATTLE,"1,300"
SURVEY,2008,MECKLENBURG,CATTLE,200
SURVEY,2008,MONTGOMERY,CATTLE,"3,800"
SURVEY,2008,MOORE,CATTLE,"4,300"
SURVEY,2008,RICHMOND,CATTLE,"1,800"
SURVEY,2008,STANLY,CATTLE,"8,900"
SURVEY,2008,STANLY,CATTLE,800
SURVEY,2008,BUNCOMBE,CATTLE,"6,600"
SURVEY,2008,BUNCOMBE,CATTLE,"1,100"
SURVEY,2008,BURKE,CATTLE,"2,200"
SURVEY,2008,CLAY,CATTLE,"1,400"
SURVEY,2008,GRAHAM,CATTLE,600
SURVEY,2008,HAYWOOD,CATTLE,"6,400"
SURVEY,2008,HAYWOOD,CATTLE,"1,400"
SURVEY,2008,HENDERSON,CATTLE,"1,500"
SURVEY,2008,HENDERSON,CATTLE,"1,700"
SURVEY,2008,MACON,CATTLE,"2,100"
SURVEY,2008,MADISON,CATTLE,"5,000"
SURVEY,2008,MITCHELL,CATTLE,"1,100"
SURVEY,2008,SWAIN,CATTLE,300
SURVEY,2008,YANCEY,CATTLE,"3,000"
SURVEY,2008,YANCEY,CATTLE,200
SURVEY,2008,OTHER COUNTIES,TURKEYS,"1,300,000"
SURVEY,2008,BEAUFORT,CORN,"46,500"
SURVEY,2008,BEAUFORT,CORN,"43,800"
SURVEY,2008,BEAUFORT,COTTON,"13,900"
SURVEY,2008,BEAUFORT,HAY,"1,200"
SURVEY,2008,BEAUFORT,OATS,"1,950"
SURVEY,2008,BEAUFORT,SORGHUM,500
SURVEY,2008,BEAUFORT,SOYBEANS,"69,200"
SURVEY,2008,BEAUFORT,TOBACCO,"2,410"
SURVEY,2008,BEAUFORT,WHEAT,"43,700"
SURVEY,2008,CARTERET,CORN,"22,000"
SURVEY,2008,CARTERET,CORN,"22,000"
SURVEY,2008,CARTERET,SOYBEANS,"21,500"
SURVEY,2008,CARTERET,WHEAT,"8,000"
SURVEY,2008,CRAVEN,CORN,"20,500"
SURVEY,2008,CRAVEN,CORN,"20,000"
SURVEY,2008,CRAVEN,COTTON,"3,000"
SURVEY,2008,CRAVEN,HAY,"1,300"
SURVEY,2008,CRAVEN,SOYBEANS,"27,000"
SURVEY,2008,CRAVEN,TOBACCO,"1,690"
SURVEY,2008,CRAVEN,WHEAT,"9,200"
SURVEY,2008,GREENE,CORN,"14,700"
SURVEY,2008,GREENE,CORN,"12,500"
SURVEY,2008,GREENE,COTTON,"10,300"
SURVEY,2008,GREENE,HAY,"2,500"
SURVEY,2008,GREENE,PEANUTS,"1,600"
SURVEY,2008,GREENE,SOYBEANS,"30,700"
SURVEY,2008,GREENE,TOBACCO,"6,330"
SURVEY,2008,GREENE,TURKEYS,"1,000,000"
SURVEY,2008,GREENE,WHEAT,"9,100"
SURVEY,2008,HYDE,CORN,"27,000"
SURVEY,2008,HYDE,CORN,"26,900"
SURVEY,2008,HYDE,COTTON,"12,300"
SURVEY,2008,HYDE,SOYBEANS,"30,200"
SURVEY,2008,HYDE,WHEAT,"15,900"
SURVEY,2008,JOHNSTON,CORN,"10,500"
SURVEY,2008,JOHNSTON,CORN,"10,200"
SURVEY,2008,JOHNSTON,COTTON,"5,300"
SURVEY,2008,JOHNSTON,HAY,"12,000"
SURVEY,2008,JOHNSTON,OATS,"1,280"
SURVEY,2008,JOHNSTON,PEANUTS,"1,100"
SURVEY,2008,JOHNSTON,SOYBEANS,"57,900"
SURVEY,2008,JOHNSTON,SWEET POTATOES,"6,900"
SURVEY,2008,JOHNSTON,TOBACCO,"10,610"
SURVEY,2008,JOHNSTON,TURKEYS,"800,000"
SURVEY,2008,JOHNSTON,WHEAT,"14,200"
SURVEY,2008,JONES,CORN,"17,000"
SURVEY,2008,JONES,CORN,"17,000"
SURVEY,2008,JONES,COTTON,"7,700"
SURVEY,2008,JONES,HAY,"1,900"
SURVEY,2008,JONES,PEANUTS,900
SURVEY,2008,JONES,SOYBEANS,"19,500"
SURVEY,2008,JONES,TOBACCO,"1,610"
SURVEY,2008,JONES,TURKEYS,"325,000"
SURVEY,2008,JONES,WHEAT,"11,300"
SURVEY,2008,LENOIR,CORN,"22,500"
SURVEY,2008,LENOIR,CORN,"22,200"
SURVEY,2008,LENOIR,COTTON,"17,700"
SURVEY,2008,LENOIR,HAY,"2,300"
SURVEY,2008,LENOIR,SOYBEANS,"35,600"
SURVEY,2008,LENOIR,TOBACCO,"8,030"
SURVEY,2008,LENOIR,TURKEYS,"1,600,000"
SURVEY,2008,LENOIR,WHEAT,"15,400"
SURVEY,2008,OTHER (COMBINED) COUNTIES,COTTON,"3,300"
SURVEY,2008,OTHER (COMBINED) COUNTIES,HAY,800
SURVEY,2008,OTHER (COMBINED) COUNTIES,OATS,"2,020"
SURVEY,2008,OTHER (COMBINED) COUNTIES,PEANUTS,"2,900"
SURVEY,2008,OTHER (COMBINED) COUNTIES,SORGHUM,900
SURVEY,2008,OTHER (COMBINED) COUNTIES,SWEET POTATOES,"4,600"
SURVEY,2008,OTHER (COMBINED) COUNTIES,TOBACCO,325
SURVEY,2008,OTHER (COMBINED) COUNTIES,TOBACCO,220
SURVEY,2008,PAMLICO,CORN,"12,700"
SURVEY,2008,PAMLICO,CORN,"12,700"
SURVEY,2008,PAMLICO,SORGHUM,600
SURVEY,2008,PAMLICO,SOYBEANS,"18,700"
SURVEY,2008,PAMLICO,WHEAT,"9,800"
SURVEY,2008,PITT,CORN,"22,200"
SURVEY,2008,PITT,CORN,"21,100"
SURVEY,2008,PITT,COTTON,"15,100"
SURVEY,2008,PITT,HAY,"5,000"
SURVEY,2008,PITT,PEANUTS,"5,100"
SURVEY,2008,PITT,SOYBEANS,"66,200"
SURVEY,2008,PITT,TOBACCO,"8,780"
SURVEY,2008,PITT,WHEAT,"27,700"
SURVEY,2008,WAYNE,CORN,"30,500"
SURVEY,2008,WAYNE,CORN,"29,700"
SURVEY,2008,WAYNE,COTTON,"8,600"
SURVEY,2008,WAYNE,HAY,"10,500"
SURVEY,2008,WAYNE,OATS,580
SURVEY,2008,WAYNE,PEANUTS,"1,900"
SURVEY,2008,WAYNE,SOYBEANS,"59,700"
SURVEY,2008,WAYNE,SWEET POTATOES,"2,900"
SURVEY,2008,WAYNE,TOBACCO,"9,490"
SURVEY,2008,WAYNE,TURKEYS,"3,500,000"
SURVEY,2008,WAYNE,WHEAT,"30,900"
SURVEY,2008,WILSON,CORN,"10,900"
SURVEY,2008,WILSON,CORN,"10,900"
SURVEY,2008,WILSON,COTTON,"12,500"
SURVEY,2008,WILSON,HAY,"1,000"
SURVEY,2008,WILSON,SOYBEANS,"37,800"
SURVEY,2008,WILSON,SWEET POTATOES,"4,400"
SURVEY,2008,WILSON,TOBACCO,"9,130"
SURVEY,2008,WILSON,WHEAT,"10,300"
SURVEY,2008,ALEXANDER,BARLEY,100
SURVEY,2008,ALEXANDER,CORN,"2,200"
SURVEY,2008,ALEXANDER,CORN,900
SURVEY,2008,ALEXANDER,HAY,"9,600"
SURVEY,2008,ALEXANDER,SOYBEANS,"1,600"
SURVEY,2008,ALEXANDER,WHEAT,"1,100"
SURVEY,2008,CATAWBA,BARLEY,500
SURVEY,2008,CATAWBA,CORN,"2,600"
SURVEY,2008,CATAWBA,CORN,"2,100"
SURVEY,2008,CATAWBA,HAY,"18,400"
SURVEY,2008,CATAWBA,SOYBEANS,"6,300"
SURVEY,2008,CATAWBA,WHEAT,"4,200"
SURVEY,2008,CHATHAM,CORN,"3,000"
SURVEY,2008,CHATHAM,CORN,"1,900"
SURVEY,2008,CHATHAM,HAY,"21,600"
SURVEY,2008,CHATHAM,SOYBEANS,"2,500"
SURVEY,2008,CHATHAM,WHEAT,"1,750"
SURVEY,2008,DAVIDSON,BARLEY,700
SURVEY,2008,DAVIDSON,CORN,"6,400"
SURVEY,2008,DAVIDSON,CORN,"4,900"
SURVEY,2008,DAVIDSON,HAY,"21,300"
SURVEY,2008,DAVIDSON,OATS,880
SURVEY,2008,DAVIDSON,SOYBEANS,"8,100"
SURVEY,2008,DAVIDSON,TOBACCO,700
SURVEY,2008,DAVIDSON,WHEAT,"2,900"
SURVEY,2008,DAVIE,CORN,"5,000"
SURVEY,2008,DAVIE,CORN,"4,200"
SURVEY,2008,DAVIE,HAY,"25,000"
SURVEY,2008,DAVIE,SOYBEANS,"6,600"
SURVEY,2008,DAVIE,TOBACCO,240
SURVEY,2008,DAVIE,WHEAT,"3,600"
SURVEY,2008,IREDELL,BARLEY,600
SURVEY,2008,IREDELL,CORN,"16,600"
SURVEY,2008,IREDELL,CORN,"7,700"
SURVEY,2008,IREDELL,HAY,"27,000"
SURVEY,2008,IREDELL,SOYBEANS,"14,300"
SURVEY,2008,IREDELL,TOBACCO,300
SURVEY,2008,IREDELL,WHEAT,"8,600"
SURVEY,2008,LEE,CORN,"1,300"
SURVEY,2008,LEE,CORN,"1,300"
SURVEY,2008,LEE,HAY,"2,000"
SURVEY,2008,LEE,OATS,350
SURVEY,2008,LEE,SOYBEANS,"5,500"
SURVEY,2008,LEE,TOBACCO,"2,260"
SURVEY,2008,LEE,WHEAT,"2,050"
SURVEY,2008,OTHER (COMBINED) COUNTIES,BARLEY,300
SURVEY,2008,OTHER (COMBINED) COUNTIES,OATS,"1,050"
SURVEY,2008,OTHER (COMBINED) COUNTIES,SWEET POTATOES,800
SURVEY,2008,OTHER (COMBINED) COUNTIES,TOBACCO,320
SURVEY,2008,OTHER (COMBINED) COUNTIES,TOBACCO,820
SURVEY,2008,RANDOLPH,BARLEY,300
SURVEY,2008,RANDOLPH,CORN,"7,400"
SURVEY,2008,RANDOLPH,CORN,"4,300"
SURVEY,2008,RANDOLPH,HAY,"23,000"
SURVEY,2008,RANDOLPH,OATS,930
SURVEY,2008,RANDOLPH,SOYBEANS,"8,600"
SURVEY,2008,RANDOLPH,TOBACCO,810
SURVEY,2008,RANDOLPH,WHEAT,"4,500"
SURVEY,2008,ROWAN,BARLEY,"1,500"
SURVEY,2008,ROWAN,CORN,"9,000"
SURVEY,2008,ROWAN,CORN,"7,600"
SURVEY,2008,ROWAN,HAY,"18,500"
SURVEY,2008,ROWAN,SOYBEANS,"17,100"
SURVEY,2008,ROWAN,WHEAT,"9,500"
SURVEY,2008,WAKE,CORN,"1,500"
SURVEY,2008,WAKE,CORN,"1,400"
SURVEY,2008,WAKE,HAY,"4,100"
SURVEY,2008,WAKE,OATS,"1,110"
SURVEY,2008,WAKE,SOYBEANS,"17,300"
SURVEY,2008,WAKE,TOBACCO,"2,770"
SURVEY,2008,WAKE,WHEAT,"3,900"
SURVEY,2008,BERTIE,CORN,"16,500"
SURVEY,2008,BERTIE,CORN,"16,500"
SURVEY,2008,BERTIE,COTTON,"25,300"
SURVEY,2008,BERTIE,PEANUTS,"9,700"
SURVEY,2008,BERTIE,SOYBEANS,"30,000"
SURVEY,2008,BERTIE,TOBACCO,"3,490"
SURVEY,2008,CAMDEN,CORN,"14,600"
SURVEY,2008,CAMDEN,CORN,"14,600"
SURVEY,2008,CAMDEN,SOYBEANS,"31,400"
SURVEY,2008,CAMDEN,WHEAT,"12,300"
SURVEY,2008,CHOWAN,CORN,"5,500"
SURVEY,2008,CHOWAN,CORN,"5,500"
SURVEY,2008,CHOWAN,COTTON,"10,900"
SURVEY,2008,CHOWAN,PEANUTS,"5,000"
SURVEY,2008,CHOWAN,SORGHUM,"1,000"
SURVEY,2008,CHOWAN,SWEET POTATOES,300
SURVEY,2008,CHOWAN,TOBACCO,100
SURVEY,2008,CHOWAN,WHEAT,"7,500"
SURVEY,2008,CURRITUCK,CORN,"8,800"
SURVEY,2008,CURRITUCK,CORN,"8,800"
SURVEY,2008,CURRITUCK,SOYBEANS,"17,000"
SURVEY,2008,CURRITUCK,WHEAT,"8,500"
SURVEY,2008,EDGECOMBE,CORN,"13,000"
SURVEY,2008,EDGECOMBE,CORN,"12,700"
SURVEY,2008,EDGECOMBE,COTTON,"27,000"
SURVEY,2008,EDGECOMBE,HAY,"2,700"
SURVEY,2008,EDGECOMBE,PEANUTS,"7,500"
SURVEY,2008,EDGECOMBE,SOYBEANS,"43,800"
SURVEY,2008,EDGECOMBE,SWEET POTATOES,"4,500"
SURVEY,2008,EDGECOMBE,TOBACCO,"7,200"
SURVEY,2008,EDGECOMBE,WHEAT,"17,500"
SURVEY,2008,GATES,CORN,"5,200"
SURVEY,2008,GATES,CORN,"5,100"
SURVEY,2008,GATES,COTTON,"10,900"
SURVEY,2008,GATES,HAY,800
SURVEY,2008,GATES,PEANUTS,"3,600"
SURVEY,2008,GATES,SOYBEANS,"20,400"
SURVEY,2008,GATES,WHEAT,"9,800"
SURVEY,2008,HALIFAX,CORN,"9,600"
SURVEY,2008,HALIFAX,CORN,"9,200"
SURVEY,2008,HALIFAX,COTTON,"44,900"
SURVEY,2008,HALIFAX,HAY,"4,000"
SURVEY,2008,HALIFAX,PEANUTS,"7,400"
SURVEY,2008,HALIFAX,SOYBEANS,"33,100"
SURVEY,2008,HALIFAX,TOBACCO,"2,500"
SURVEY,2008,HALIFAX,WHEAT,"9,200"
SURVEY,2008,HERTFORD,CORN,"10,300"
SURVEY,2008,HERTFORD,CORN,"10,200"
SURVEY,2008,HERTFORD,COTTON,"10,000"
SURVEY,2008,HERTFORD,PEANUTS,"5,000"
SURVEY,2008,HERTFORD,SOYBEANS,"17,200"
SURVEY,2008,HERTFORD,TOBACCO,"1,540"
SURVEY,2008,HERTFORD,WHEAT,"5,200"
SURVEY,2008,MARTIN,CORN,"7,200"
SURVEY,2008,MARTIN,CORN,"7,000"
SURVEY,2008,MARTIN,COTTON,"32,100"
SURVEY,2008,MARTIN,HAY,"1,000"
SURVEY,2008,MARTIN,PEANUTS,"10,300"
SURVEY,2008,MARTIN,SOYBEANS,"21,000"
SURVEY,2008,MARTIN,TOBACCO,"4,570"
SURVEY,2008,MARTIN,WHEAT,"9,800"
SURVEY,2008,NASH,COTTON,"8,000"
SURVEY,2008,NASH,HAY,"6,000"
SURVEY,2008,NASH,PEANUTS,"3,900"
SURVEY,2008,NASH,SOYBEANS,"33,200"
SURVEY,2008,NASH,SWEET POTATOES,"6,500"
SURVEY,2008,NASH,TOBACCO,"9,670"
SURVEY,2008,NASH,WHEAT,"9,300"
SURVEY,2008,NORTHAMPTON,CORN,"7,000"
SURVEY,2008,NORTHAMPTON,CORN,"7,000"
SURVEY,2008,NORTHAMPTON,COTTON,"32,700"
SURVEY,2008,NORTHAMPTON,PEANUTS,"5,000"
SURVEY,2008,NORTHAMPTON,SORGHUM,"1,300"
SURVEY,2008,NORTHAMPTON,SOYBEANS,"42,400"
SURVEY,2008,NORTHAMPTON,WHEAT,"12,800"
SURVEY,2008,OTHER (COMBINED) COUNTIES,CORN,"5,200"
SURVEY,2008,OTHER (COMBINED) COUNTIES,CORN,"5,100"
SURVEY,2008,OTHER (COMBINED) COUNTIES,COTTON,"3,900"
SURVEY,2008,OTHER (COMBINED) COUNTIES,HAY,"2,500"
SURVEY,2008,OTHER (COMBINED) COUNTIES,OATS,"3,270"
SURVEY,2008,OTHER (COMBINED) COUNTIES,POTATOES,"5,800"
SURVEY,2008,OTHER (COMBINED) COUNTIES,SORGHUM,"2,200"
SURVEY,2008,OTHER (COMBINED) COUNTIES,SOYBEANS,"13,700"
SURVEY,2008,OTHER (COMBINED) COUNTIES,SWEET POTATOES,700
SURVEY,2008,OTHER (COMBINED) COUNTIES,TOBACCO,430
SURVEY,2008,OTHER (COMBINED) COUNTIES,WHEAT,"6,300"
SURVEY,2008,PASQUOTANK,CORN,"17,500"
SURVEY,2008,PASQUOTANK,CORN,"17,400"
SURVEY,2008,PASQUOTANK,COTTON,"1,900"
SURVEY,2008,PASQUOTANK,POTATOES,"3,500"
SURVEY,2008,PASQUOTANK,SORGHUM,"1,900"
SURVEY,2008,PASQUOTANK,SOYBEANS,"50,700"
SURVEY,2008,PASQUOTANK,WHEAT,"29,800"
SURVEY,2008,PERQUIMANS,CORN,"12,600"
SURVEY,2008,PERQUIMANS,CORN,"12,600"
SURVEY,2008,PERQUIMANS,COTTON,"12,300"
SURVEY,2008,PERQUIMANS,PEANUTS,"2,400"
SURVEY,2008,PERQUIMANS,SORGHUM,500
SURVEY,2008,PERQUIMANS,SOYBEANS,"39,800"
SURVEY,2008,PERQUIMANS,WHEAT,"22,700"
SURVEY,2008,TYRRELL,CORN,"25,400"
SURVEY,2008,TYRRELL,CORN,"25,300"
SURVEY,2008,TYRRELL,SOYBEANS,"40,100"
SURVEY,2008,TYRRELL,WHEAT,"21,100"
SURVEY,2008,WASHINGTON,CORN,"25,100"
SURVEY,2008,WASHINGTON,CORN,"25,000"
SURVEY,2008,WASHINGTON,COTTON,"6,900"
SURVEY,2008,WASHINGTON,PEANUTS,"1,700"
SURVEY,2008,WASHINGTON,POTATOES,"1,800"
SURVEY,2008,WASHINGTON,SOYBEANS,"42,700"
SURVEY,2008,WASHINGTON,WHEAT,"24,700"
SURVEY,2008,ALLEGHANY,HAY,"15,600"
SURVEY,2008,ALLEGHANY,TOBACCO,175
SURVEY,2008,ASHE,HAY,"9,000"
SURVEY,2008,AVERY,HAY,"1,000"
SURVEY,2008,CALDWELL,CORN,900
SURVEY,2008,CALDWELL,CORN,600
SURVEY,2008,CALDWELL,HAY,"7,000"
SURVEY,2008,CALDWELL,SOYBEANS,800
SURVEY,2008,CALDWELL,WHEAT,400
SURVEY,2008,OTHER (COMBINED) COUNTIES,BARLEY,200
SURVEY,2008,OTHER (COMBINED) COUNTIES,CORN,"2,400"
SURVEY,2008,OTHER (COMBINED) COUNTIES,CORN,200
SURVEY,2008,OTHER (COMBINED) COUNTIES,OATS,"1,280"
SURVEY,2008,OTHER (COMBINED) COUNTIES,SOYBEANS,400
SURVEY,2008,OTHER (COMBINED) COUNTIES,TOBACCO,200
SURVEY,2008,OTHER (COMBINED) COUNTIES,TOBACCO,450
SURVEY,2008,OTHER (COMBINED) COUNTIES,WHEAT,900
SURVEY,2008,SURRY,BARLEY,"1,700"
SURVEY,2008,SURRY,CORN,"6,800"
SURVEY,2008,SURRY,CORN,"5,700"
SURVEY,2008,SURRY,HAY,"16,000"
SURVEY,2008,SURRY,SOYBEANS,"9,300"
SURVEY,2008,SURRY,TOBACCO,285
SURVEY,2008,SURRY,TOBACCO,"3,340"
SURVEY,2008,SURRY,WHEAT,"2,700"
SURVEY,2008,WATAUGA,HAY,"8,000"
SURVEY,2008,WILKES,CORN,"6,600"
SURVEY,2008,WILKES,CORN,"1,500"
SURVEY,2008,WILKES,HAY,"22,400"
SURVEY,2008,YADKIN,BARLEY,"2,500"
SURVEY,2008,YADKIN,CORN,"11,100"
SURVEY,2008,YADKIN,CORN,"8,400"
SURVEY,2008,YADKIN,HAY,"14,000"
SURVEY,2008,YADKIN,SOYBEANS,"16,700"
SURVEY,2008,YADKIN,TOBACCO,"2,810"
SURVEY,2008,YADKIN,WHEAT,"6,300"
SURVEY,2008,ALAMANCE,CORN,"4,200"
SURVEY,2008,ALAMANCE,CORN,"3,000"
SURVEY,2008,ALAMANCE,HAY,"17,000"
SURVEY,2008,ALAMANCE,OATS,470
SURVEY,2008,ALAMANCE,SOYBEANS,"2,900"
SURVEY,2008,ALAMANCE,TOBACCO,"1,430"
SURVEY,2008,ALAMANCE,WHEAT,"3,050"
SURVEY,2008,CASWELL,CORN,"1,500"
SURVEY,2008,CASWELL,CORN,800
SURVEY,2008,CASWELL,HAY,"16,000"
SURVEY,2008,CASWELL,OATS,290
SURVEY,2008,CASWELL,SOYBEANS,"2,200"
SURVEY,2008,CASWELL,TOBACCO,150
SURVEY,2008,CASWELL,TOBACCO,"2,350"
SURVEY,2008,CASWELL,WHEAT,"2,100"
SURVEY,2008,DURHAM,CORN,700
SURVEY,2008,DURHAM,CORN,500
SURVEY,2008,DURHAM,HAY,"2,900"
SURVEY,2008,DURHAM,TOBACCO,260
SURVEY,2008,FORSYTH,CORN,"1,000"
SURVEY,2008,FORSYTH,CORN,800
SURVEY,2008,FORSYTH,HAY,"7,200"
SURVEY,2008,FORSYTH,SOYBEANS,"3,300"
SURVEY,2008,FORSYTH,TOBACCO,860
SURVEY,2008,FORSYTH,WHEAT,"1,100"
SURVEY,2008,FRANKLIN,CORN,"2,700"
SURVEY,2008,FRANKLIN,CORN,"2,600"
SURVEY,2008,FRANKLIN,HAY,"11,400"
SURVEY,2008,FRANKLIN,OATS,470
SURVEY,2008,FRANKLIN,SOYBEANS,"16,900"
SURVEY,2008,FRANKLIN,TOBACCO,"3,180"
SURVEY,2008,FRANKLIN,WHEAT,"7,000"
SURVEY,2008,GRANVILLE,CORN,"4,200"
SURVEY,2008,GRANVILLE,CORN,"1,900"
SURVEY,2008,GRANVILLE,HAY,"11,000"
SURVEY,2008,GRANVILLE,OATS,400
SURVEY,2008,GRANVILLE,SOYBEANS,"3,500"
SURVEY,2008,GRANVILLE,TOBACCO,"3,060"
SURVEY,2008,GRANVILLE,WHEAT,"2,500"
SURVEY,2008,GUILFORD,BARLEY,"1,300"
SURVEY,2008,GUILFORD,CORN,"5,700"
SURVEY,2008,GUILFORD,CORN,"2,500"
SURVEY,2008,GUILFORD,HAY,"19,600"
SURVEY,2008,GUILFORD,SOYBEANS,"8,800"
SURVEY,2008,GUILFORD,TOBACCO,"1,840"
SURVEY,2008,GUILFORD,WHEAT,"6,200"
SURVEY,2008,ORANGE,CORN,"2,900"
SURVEY,2008,ORANGE,CORN,"1,900"
SURVEY,2008,ORANGE,HAY,"14,900"
SURVEY,2008,ORANGE,OATS,350
SURVEY,2008,ORANGE,SOYBEANS,"3,000"
SURVEY,2008,ORANGE,TOBACCO,700
SURVEY,2008,ORANGE,WHEAT,"2,800"
SURVEY,2008,OTHER (COMBINED) COUNTIES,BARLEY,"1,400"
SURVEY,2008,OTHER (COMBINED) COUNTIES,CORN,"1,000"
SURVEY,2008,OTHER (COMBINED) COUNTIES,CORN,700
SURVEY,2008,OTHER (COMBINED) COUNTIES,COTTON,"1,700"
SURVEY,2008,OTHER (COMBINED) COUNTIES,OATS,880
SURVEY,2008,OTHER (COMBINED) COUNTIES,SOYBEANS,"2,100"
SURVEY,2008,OTHER (COMBINED) COUNTIES,TOBACCO,310
SURVEY,2008,OTHER (COMBINED) COUNTIES,WHEAT,"1,350"
SURVEY,2008,PERSON,CORN,"3,200"
SURVEY,2008,PERSON,CORN,"3,000"
SURVEY,2008,PERSON,HAY,"9,700"
SURVEY,2008,PERSON,SOYBEANS,"11,300"
SURVEY,2008,PERSON,TOBACCO,140
SURVEY,2008,PERSON,TOBACCO,"3,310"
SURVEY,2008,PERSON,WHEAT,"9,300"
SURVEY,2008,ROCKINGHAM,CORN,"3,600"
SURVEY,2008,ROCKINGHAM,CORN,"1,800"
SURVEY,2008,ROCKINGHAM,HAY,"19,000"
SURVEY,2008,ROCKINGHAM,OATS,400
SURVEY,2008,ROCKINGHAM,SOYBEANS,"4,100"
SURVEY,2008,ROCKINGHAM,TOBACCO,310
SURVEY,2008,ROCKINGHAM,TOBACCO,"3,490"
SURVEY,2008,ROCKINGHAM,WHEAT,"5,700"
SURVEY,2008,STOKES,CORN,"1,500"
SURVEY,2008,STOKES,CORN,"1,200"
SURVEY,2008,STOKES,HAY,"17,000"
SURVEY,2008,STOKES,TOBACCO,260
SURVEY,2008,STOKES,TOBACCO,"2,020"
SURVEY,2008,VANCE,HAY,"2,700"
SURVEY,2008,VANCE,SOYBEANS,"6,500"
SURVEY,2008,VANCE,TOBACCO,"1,790"
SURVEY,2008,VANCE,WHEAT,"2,800"
SURVEY,2008,WARREN,HAY,"5,600"
SURVEY,2008,WARREN,OATS,470
SURVEY,2008,WARREN,SOYBEANS,"8,000"
SURVEY,2008,WARREN,TOBACCO,"1,210"
SURVEY,2008,WARREN,WHEAT,"2,500"
SURVEY,2008,BLADEN,CORN,"23,000"
SURVEY,2008,BLADEN,CORN,"22,600"
SURVEY,2008,BLADEN,COTTON,"4,090"
SURVEY,2008,BLADEN,HAY,"3,000"
SURVEY,2008,BLADEN,OATS,420
SURVEY,2008,BLADEN,PEANUTS,"6,000"
SURVEY,2008,BLADEN,SOYBEANS,"23,600"
SURVEY,2008,BLADEN,TOBACCO,690
SURVEY,2008,BLADEN,TURKEYS,"950,000"
SURVEY,2008,BLADEN,WHEAT,"6,200"
SURVEY,2008,BRUNSWICK,CORN,"7,200"
SURVEY,2008,BRUNSWICK,CORN,"7,100"
SURVEY,2008,BRUNSWICK,HAY,"2,300"
SURVEY,2008,BRUNSWICK,SOYBEANS,"7,500"
SURVEY,2008,BRUNSWICK,TOBACCO,520
SURVEY,2008,BRUNSWICK,WHEAT,"1,300"
SURVEY,2008,COLUMBUS,CORN,"35,000"
SURVEY,2008,COLUMBUS,CORN,"34,700"
SURVEY,2008,COLUMBUS,COTTON,"4,870"
SURVEY,2008,COLUMBUS,HAY,"4,900"
SURVEY,2008,COLUMBUS,OATS,760
SURVEY,2008,COLUMBUS,PEANUTS,"3,200"
SURVEY,2008,COLUMBUS,SOYBEANS,"52,100"
SURVEY,2008,COLUMBUS,TOBACCO,"5,100"
SURVEY,2008,COLUMBUS,WHEAT,"14,900"
SURVEY,2008,CUMBERLAND,CORN,"12,500"
SURVEY,2008,CUMBERLAND,CORN,"12,300"
SURVEY,2008,CUMBERLAND,COTTON,"4,680"
SURVEY,2008,CUMBERLAND,HAY,"2,700"
SURVEY,2008,CUMBERLAND,OATS,520
SURVEY,2008,CUMBERLAND,SOYBEANS,"18,900"
SURVEY,2008,CUMBERLAND,TOBACCO,"2,730"
SURVEY,2008,CUMBERLAND,TURKEYS,"750,000"
SURVEY,2008,CUMBERLAND,WHEAT,"5,200"
SURVEY,2008,DUPLIN,CORN,"50,500"
SURVEY,2008,DUPLIN,CORN,"49,700"
SURVEY,2008,DUPLIN,COTTON,"3,600"
SURVEY,2008,DUPLIN,HAY,"36,500"
SURVEY,2008,DUPLIN,OATS,870
SURVEY,2008,DUPLIN,PEANUTS,"3,100"
SURVEY,2008,DUPLIN,SOYBEANS,"52,800"
SURVEY,2008,DUPLIN,TOBACCO,"6,250"
SURVEY,2008,DUPLIN,TURKEYS,"10,700,000"
SURVEY,2008,DUPLIN,WHEAT,"22,600"
SURVEY,2008,HARNETT,CORN,"4,900"
SURVEY,2008,HARNETT,CORN,"4,700"
SURVEY,2008,HARNETT,COTTON,"11,000"
SURVEY,2008,HARNETT,HAY,"6,300"
SURVEY,2008,HARNETT,OATS,580
SURVEY,2008,HARNETT,SOYBEANS,"26,300"
SURVEY,2008,HARNETT,SWEET POTATOES,"1,000"
SURVEY,2008,HARNETT,TOBACCO,"7,310"
SURVEY,2008,HARNETT,WHEAT,"5,500"
SURVEY,2008,HOKE,CORN,"6,000"
SURVEY,2008,HOKE,CORN,"6,000"
SURVEY,2008,HOKE,COTTON,"8,000"
SURVEY,2008,HOKE,HAY,"4,000"
SURVEY,2008,HOKE,SOYBEANS,"13,900"
SURVEY,2008,HOKE,TOBACCO,300
SURVEY,2008,HOKE,TURKEYS,"165,000"
SURVEY,2008,HOKE,WHEAT,"6,200"
SURVEY,2008,ONSLOW,CORN,"12,300"
SURVEY,2008,ONSLOW,CORN,"12,300"
SURVEY,2008,ONSLOW,HAY,"2,900"
SURVEY,2008,ONSLOW,SOYBEANS,"15,200"
SURVEY,2008,ONSLOW,TOBACCO,990
SURVEY,2008,ONSLOW,TURKEYS,"2,200,000"
SURVEY,2008,ONSLOW,WHEAT,"6,200"
SURVEY,2008,OTHER (COMBINED) COUNTIES,BARLEY,900
SURVEY,2008,OTHER (COMBINED) COUNTIES,CORN,"18,700"
SURVEY,2008,OTHER (COMBINED) COUNTIES,CORN,"18,400"
SURVEY,2008,OTHER (COMBINED) COUNTIES,COTTON,"9,860"
SURVEY,2008,OTHER (COMBINED) COUNTIES,HAY,"1,200"
SURVEY,2008,OTHER (COMBINED) COUNTIES,OATS,"2,560"
SURVEY,2008,OTHER (COMBINED) COUNTIES,PEANUTS,"4,900"
SURVEY,2008,OTHER (COMBINED) COUNTIES,SOYBEANS,"16,000"
SURVEY,2008,OTHER (COMBINED) COUNTIES,SWEET POTATOES,"5,700"
SURVEY,2008,OTHER (COMBINED) COUNTIES,TOBACCO,150
SURVEY,2008,OTHER (COMBINED) COUNTIES,WHEAT,"6,300"
SURVEY,2008,PENDER,HAY,"1,500"
SURVEY,2008,PENDER,TOBACCO,700
SURVEY,2008,PENDER,TURKEYS,"690,000"
SURVEY,2008,ROBESON,CORN,"54,000"
SURVEY,2008,ROBESON,CORN,"53,000"
SURVEY,2008,ROBESON,COTTON,"12,400"
SURVEY,2008,ROBESON,HAY,"9,700"
SURVEY,2008,ROBESON,OATS,"1,630"
SURVEY,2008,ROBESON,PEANUTS,"2,700"
SURVEY,2008,ROBESON,SOYBEANS,"104,000"
SURVEY,2008,ROBESON,TOBACCO,"4,780"
SURVEY,2008,ROBESON,TURKEYS,"730,000"
SURVEY,2008,ROBESON,WHEAT,"51,400"
SURVEY,2008,SAMPSON,CORN,"42,000"
SURVEY,2008,SAMPSON,CORN,"40,800"
SURVEY,2008,SAMPSON,COTTON,"16,700"
SURVEY,2008,SAMPSON,HAY,"35,500"
SURVEY,2008,SAMPSON,OATS,"2,000"
SURVEY,2008,SAMPSON,SOYBEANS,"59,700"
SURVEY,2008,SAMPSON,SWEET POTATOES,"7,300"
SURVEY,2008,SAMPSON,TOBACCO,"12,180"
SURVEY,2008,SAMPSON,TURKEYS,"10,600,000"
SURVEY,2008,SAMPSON,WHEAT,"22,600"
SURVEY,2008,SCOTLAND,CORN,"4,900"
SURVEY,2008,SCOTLAND,CORN,"4,900"
SURVEY,2008,SCOTLAND,PEANUTS,"2,100"
SURVEY,2008,SCOTLAND,SOYBEANS,"13,000"
SURVEY,2008,SCOTLAND,WHEAT,"4,200"
SURVEY,2008,ANSON,CORN,"7,600"
SURVEY,2008,ANSON,CORN,"7,200"
SURVEY,2008,ANSON,HAY,"4,600"
SURVEY,2008,ANSON,SOYBEANS,"12,300"
SURVEY,2008,ANSON,TURKEYS,"990,000"
SURVEY,2008,ANSON,WHEAT,"5,500"
SURVEY,2008,CABARRUS,CORN,"3,500"
SURVEY,2008,CABARRUS,CORN,"2,800"
SURVEY,2008,CABARRUS,HAY,"26,000"
SURVEY,2008,CABARRUS,OATS,"1,280"
SURVEY,2008,CABARRUS,SOYBEANS,"6,200"
SURVEY,2008,CABARRUS,WHEAT,"3,100"
SURVEY,2008,CLEVELAND,BARLEY,500
SURVEY,2008,CLEVELAND,CORN,"2,000"
SURVEY,2008,CLEVELAND,CORN,700
SURVEY,2008,CLEVELAND,COTTON,"1,600"
SURVEY,2008,CLEVELAND,HAY,"19,000"
SURVEY,2008,CLEVELAND,OATS,930
SURVEY,2008,CLEVELAND,SOYBEANS,"11,600"
SURVEY,2008,CLEVELAND,WHEAT,"6,200"
SURVEY,2008,GASTON,HAY,"10,700"
SURVEY,2008,GASTON,SOYBEANS,"2,000"
SURVEY,2008,GASTON,WHEAT,800
SURVEY,2008,LINCOLN,BARLEY,700
SURVEY,2008,LINCOLN,CORN,"2,800"
SURVEY,2008,LINCOLN,CORN,"1,000"
SURVEY,2008,LINCOLN,HAY,"12,000"
SURVEY,2008,LINCOLN,SOYBEANS,"5,200"
SURVEY,2008,LINCOLN,WHEAT,"3,500"
SURVEY,2008,MECKLENBURG,HAY,"3,300"
SURVEY,2008,MECKLENBURG,SOYBEANS,"1,100"
SURVEY,2008,MECKLENBURG,WHEAT,950
SURVEY,2008,MONTGOMERY,HAY,"6,400"
SURVEY,2008,MOORE,CORN,"1,400"
SURVEY,2008,MOORE,CORN,"1,400"
SURVEY,2008,MOORE,HAY,"5,700"
SURVEY,2008,MOORE,OATS,350
SURVEY,2008,MOORE,SOYBEANS,"5,000"
SURVEY,2008,MOORE,TOBACCO,"1,210"
SURVEY,2008,MOORE,WHEAT,"1,150"
SURVEY,2008,OTHER (COMBINED) COUNTIES,BARLEY,"1,200"
SURVEY,2008,OTHER (COMBINED) COUNTIES,CORN,"6,700"
SURVEY,2008,OTHER (COMBINED) COUNTIES,CORN,"5,600"
SURVEY,2008,OTHER (COMBINED) COUNTIES,COTTON,"2,900"
SURVEY,2008,OTHER (COMBINED) COUNTIES,OATS,"2,800"
SURVEY,2008,OTHER (COMBINED) COUNTIES,SORGHUM,700
SURVEY,2008,OTHER (COMBINED) COUNTIES,SOYBEANS,"6,100"
SURVEY,2008,OTHER (COMBINED) COUNTIES,TOBACCO,290
SURVEY,2008,OTHER (COMBINED) COUNTIES,WHEAT,"2,500"
SURVEY,2008,RICHMOND,HAY,"5,600"
SURVEY,2008,STANLY,CORN,"10,600"
SURVEY,2008,STANLY,CORN,"9,800"
SURVEY,2008,STANLY,COTTON,"6,900"
SURVEY,2008,STANLY,HAY,"12,000"
SURVEY,2008,STANLY,OATS,"1,170"
SURVEY,2008,STANLY,SOYBEANS,"21,100"
SURVEY,2008,STANLY,TURKEYS,"1,000,000"
SURVEY,2008,STANLY,WHEAT,"8,700"
SURVEY,2008,UNION,CORN,"27,400"
SURVEY,2008,UNION,CORN,"26,000"
SURVEY,2008,UNION,COTTON,"2,000"
SURVEY,2008,UNION,HAY,"16,200"
SURVEY,2008,UNION,SOYBEANS,"55,400"
SURVEY,2008,UNION,TURKEYS,"2,700,000"
SURVEY,2008,UNION,WHEAT,"43,200"
SURVEY,2008,BUNCOMBE,CORN,"1,200"
SURVEY,2008,BUNCOMBE,CORN,100
SURVEY,2008,BUNCOMBE,HAY,"19,500"
SURVEY,2008,BUNCOMBE,TOBACCO,150
SURVEY,2008,BURKE,CORN,"1,200"
SURVEY,2008,BURKE,CORN,900
SURVEY,2008,BURKE,HAY,"5,100"
SURVEY,2008,BURKE,SOYBEANS,700
SURVEY,2008,CHEROKEE,CORN,"1,000"
SURVEY,2008,CHEROKEE,CORN,700
SURVEY,2008,CHEROKEE,HAY,"4,000"
SURVEY,2008,CLAY,HAY,"2,700"
SURVEY,2008,GRAHAM,HAY,800
SURVEY,2008,HAYWOOD,HAY,"13,000"
SURVEY,2008,HENDERSON,CORN,"3,100"
SURVEY,2008,HENDERSON,CORN,"1,400"
SURVEY,2008,HENDERSON,HAY,"5,400"
SURVEY,2008,JACKSON,HAY,"1,300"
SURVEY,2008,MACON,HAY,"3,000"
SURVEY,2008,MADISON,HAY,"8,200"
SURVEY,2008,MADISON,TOBACCO,220
SURVEY,2008,MCDOWELL,CORN,800
SURVEY,2008,MCDOWELL,CORN,400
SURVEY,2008,MCDOWELL,HAY,"2,000"
SURVEY,2008,MITCHELL,HAY,"4,500"
SURVEY,2008,OTHER (COMBINED) COUNTIES,BARLEY,200
SURVEY,2008,OTHER (COMBINED) COUNTIES,CORN,"4,200"
SURVEY,2008,OTHER (COMBINED) COUNTIES,CORN,"1,100"
SURVEY,2008,OTHER (COMBINED) COUNTIES,OATS,700
SURVEY,2008,OTHER (COMBINED) COUNTIES,SOYBEANS,"2,100"
SURVEY,2008,OTHER (COMBINED) COUNTIES,TOBACCO,200
SURVEY,2008,OTHER (COMBINED) COUNTIES,WHEAT,"1,000"
SURVEY,2008,POLK,HAY,"4,300"
SURVEY,2008,RUTHERFORD,HAY,"18,500"
SURVEY,2008,SWAIN,HAY,700
SURVEY,2008,TRANSYLVANIA,HAY,"4,500"
SURVEY,2008,YANCEY,HAY,"5,500"
SURVEY,2007,BEAUFORT,CATTLE,300
SURVEY,2007,CRAVEN,CATTLE,600
SURVEY,2007,GREENE,CATTLE,"1,000"
SURVEY,2007,HYDE,CATTLE,300
SURVEY,2007,JOHNSTON,CATTLE,"5,700"
SURVEY,2007,JONES,CATTLE,700
SURVEY,2007,LENOIR,CATTLE,"2,500"
SURVEY,2007,OTHER (COMBINED) COUNTIES,CATTLE,300
SURVEY,2007,OTHER (COMBINED) COUNTIES,CATTLE,400
SURVEY,2007,PITT,CATTLE,"1,700"
SURVEY,2007,WAYNE,CATTLE,"6,000"
SURVEY,2007,WILSON,CATTLE,900
SURVEY,2007,ALEXANDER,CATTLE,"8,000"
SURVEY,2007,ALEXANDER,CATTLE,"1,800"
SURVEY,2007,CATAWBA,CATTLE,"7,200"
SURVEY,2007,CHATHAM,CATTLE,"17,000"
SURVEY,2007,CHATHAM,CATTLE,"1,100"
SURVEY,2007,DAVIDSON,CATTLE,"7,800"
SURVEY,2007,DAVIDSON,CATTLE,"1,200"
SURVEY,2007,DAVIE,CATTLE,"6,900"
SURVEY,2007,DAVIE,CATTLE,700
SURVEY,2007,IREDELL,CATTLE,"13,300"
SURVEY,2007,IREDELL,CATTLE,"12,000"
SURVEY,2007,LEE,CATTLE,"1,800"
SURVEY,2007,OTHER (COMBINED) COUNTIES,CATTLE,700
SURVEY,2007,RANDOLPH,CATTLE,"15,600"
SURVEY,2007,RANDOLPH,CATTLE,"3,700"
SURVEY,2007,ROWAN,CATTLE,"9,000"
SURVEY,2007,ROWAN,CATTLE,"1,500"
SURVEY,2007,WAKE,CATTLE,"4,400"
SURVEY,2007,BERTIE,CATTLE,400
SURVEY,2007,CHOWAN,CATTLE,800
SURVEY,2007,CURRITUCK,CATTLE,200
SURVEY,2007,EDGECOMBE,CATTLE,"2,200"
SURVEY,2007,GATES,CATTLE,400
SURVEY,2007,HALIFAX,CATTLE,"2,000"
SURVEY,2007,HERTFORD,CATTLE,400
SURVEY,2007,MARTIN,CATTLE,700
SURVEY,2007,NASH,CATTLE,"5,300"
SURVEY,2007,NORTHAMPTON,CATTLE,900
SURVEY,2007,OTHER (COMBINED) COUNTIES,CATTLE,200
SURVEY,2007,OTHER (COMBINED) COUNTIES,CATTLE,600
SURVEY,2007,PASQUOTANK,CATTLE,300
SURVEY,2007,PERQUIMANS,CATTLE,800
SURVEY,2007,WASHINGTON,CATTLE,400
SURVEY,2007,ALLEGHANY,CATTLE,"6,800"
SURVEY,2007,ALLEGHANY,CATTLE,"2,300"
SURVEY,2007,ASHE,CATTLE,"7,000"
SURVEY,2007,AVERY,CATTLE,600
SURVEY,2007,CALDWELL,CATTLE,"2,300"
SURVEY,2007,OTHER (COMBINED) COUNTIES,CATTLE,200
SURVEY,2007,SURRY,CATTLE,"10,900"
SURVEY,2007,SURRY,CATTLE,300
SURVEY,2007,WATAUGA,CATTLE,"3,600"
SURVEY,2007,WILKES,CATTLE,"15,100"
SURVEY,2007,WILKES,CATTLE,"1,300"
SURVEY,2007,YADKIN,CATTLE,"10,700"
SURVEY,2007,YADKIN,CATTLE,"2,200"
SURVEY,2007,ALAMANCE,CATTLE,"7,800"
SURVEY,2007,ALAMANCE,CATTLE,"1,400"
SURVEY,2007,CASWELL,CATTLE,"3,900"
SURVEY,2007,DURHAM,CATTLE,"1,200"
SURVEY,2007,FORSYTH,CATTLE,"3,200"
SURVEY,2007,FORSYTH,CATTLE,200
SURVEY,2007,FRANKLIN,CATTLE,"4,100"
SURVEY,2007,GRANVILLE,CATTLE,"4,500"
SURVEY,2007,GRANVILLE,CATTLE,400
SURVEY,2007,GUILFORD,CATTLE,"6,000"
SURVEY,2007,GUILFORD,CATTLE,"1,500"
SURVEY,2007,ORANGE,CATTLE,"4,300"
SURVEY,2007,ORANGE,CATTLE,"1,400"
SURVEY,2007,OTHER (COMBINED) COUNTIES,CATTLE,"1,400"
SURVEY,2007,PERSON,CATTLE,"3,700"
SURVEY,2007,ROCKINGHAM,CATTLE,"5,100"
SURVEY,2007,ROCKINGHAM,CATTLE,700
SURVEY,2007,STOKES,CATTLE,"4,600"
SURVEY,2007,VANCE,CATTLE,900
SURVEY,2007,WARREN,CATTLE,"3,700"
SURVEY,2007,BLADEN,CATTLE,"2,400"
SURVEY,2007,BRUNSWICK,CATTLE,"1,100"
SURVEY,2007,COLUMBUS,CATTLE,"4,600"
SURVEY,2007,CUMBERLAND,CATTLE,"1,800"
SURVEY,2007,DUPLIN,CATTLE,"15,000"
SURVEY,2007,HARNETT,CATTLE,"4,700"
SURVEY,2007,ONSLOW,CATTLE,900
SURVEY,2007,OTHER (COMBINED) COUNTIES,CATTLE,700
SURVEY,2007,OTHER (COMBINED) COUNTIES,CATTLE,400
SURVEY,2007,PENDER,CATTLE,"1,100"
SURVEY,2007,ROBESON,CATTLE,"4,000"
SURVEY,2007,SAMPSON,CATTLE,"11,000"
SURVEY,2007,SCOTLAND,CATTLE,700
SURVEY,2007,ANSON,CATTLE,"4,200"
SURVEY,2007,CABARRUS,CATTLE,"6,400"
SURVEY,2007,CABARRUS,CATTLE,600
SURVEY,2007,CLEVELAND,CATTLE,"12,300"
SURVEY,2007,CLEVELAND,CATTLE,700
SURVEY,2007,GASTON,CATTLE,"2,800"
SURVEY,2007,GASTON,CATTLE,"1,000"
SURVEY,2007,LINCOLN,CATTLE,"5,000"
SURVEY,2007,LINCOLN,CATTLE,"1,400"
SURVEY,2007,MECKLENBURG,CATTLE,"2,300"
SURVEY,2007,MONTGOMERY,CATTLE,"3,300"
SURVEY,2007,MOORE,CATTLE,"3,500"
SURVEY,2007,OTHER (COMBINED) COUNTIES,CATTLE,400
SURVEY,2007,RICHMOND,CATTLE,"2,100"
SURVEY,2007,STANLY,CATTLE,"8,300"
SURVEY,2007,STANLY,CATTLE,"1,100"
SURVEY,2007,UNION,CATTLE,"11,800"
SURVEY,2007,BUNCOMBE,CATTLE,"8,100"
SURVEY,2007,BUNCOMBE,CATTLE,"1,300"
SURVEY,2007,BURKE,CATTLE,"2,000"
SURVEY,2007,CHEROKEE,CATTLE,"2,200"
SURVEY,2007,CLAY,CATTLE,"1,600"
SURVEY,2007,GRAHAM,CATTLE,600
SURVEY,2007,HAYWOOD,CATTLE,"7,600"
SURVEY,2007,HAYWOOD,CATTLE,"1,600"
SURVEY,2007,HENDERSON,CATTLE,"2,100"
SURVEY,2007,HENDERSON,CATTLE,"1,500"
SURVEY,2007,JACKSON,CATTLE,900
SURVEY,2007,MACON,CATTLE,"2,600"
SURVEY,2007,MADISON,CATTLE,"5,600"
SURVEY,2007,MCDOWELL,CATTLE,"1,400"
SURVEY,2007,MITCHELL,CATTLE,900
SURVEY,2007,OTHER (COMBINED) COUNTIES,CATTLE,"1,000"
SURVEY,2007,POLK,CATTLE,"1,100"
SURVEY,2007,RUTHERFORD,CATTLE,"5,200"
SURVEY,2007,SWAIN,CATTLE,400
SURVEY,2007,TRANSYLVANIA,CATTLE,"1,200"
SURVEY,2007,YANCEY,CATTLE,"2,500"
SURVEY,2007,OTHER COUNTIES,TURKEYS,"995,000"
SURVEY,2007,BEAUFORT,CORN,"55,900"
SURVEY,2007,BEAUFORT,CORN,"55,700"
SURVEY,2007,BEAUFORT,COTTON,"15,400"
SURVEY,2007,BEAUFORT,HAY,500
SURVEY,2007,BEAUFORT,OATS,"1,800"
SURVEY,2007,BEAUFORT,SOYBEANS,"57,600"
SURVEY,2007,BEAUFORT,TOBACCO,"2,690"
SURVEY,2007,BEAUFORT,WHEAT,"26,000"
SURVEY,2007,BEAUFORT,WHEAT,"26,000"
SURVEY,2007,CARTERET,CORN,"18,500"
SURVEY,2007,CARTERET,CORN,"18,300"
SURVEY,2007,CARTERET,SOYBEANS,"21,300"
SURVEY,2007,CARTERET,WHEAT,"5,800"
SURVEY,2007,CARTERET,WHEAT,"5,800"
SURVEY,2007,CRAVEN,CORN,"24,300"
SURVEY,2007,CRAVEN,CORN,"24,000"
SURVEY,2007,CRAVEN,COTTON,"2,380"
SURVEY,2007,CRAVEN,HAY,900
SURVEY,2007,CRAVEN,SOYBEANS,"23,900"
SURVEY,2007,CRAVEN,TOBACCO,"1,570"
SURVEY,2007,CRAVEN,WHEAT,"4,800"
SURVEY,2007,CRAVEN,WHEAT,"4,800"
SURVEY,2007,GREENE,CORN,"18,500"
SURVEY,2007,GREENE,CORN,"18,400"
SURVEY,2007,GREENE,HAY,"2,700"
SURVEY,2007,GREENE,PEANUTS,"1,300"
SURVEY,2007,GREENE,SOYBEANS,"24,700"
SURVEY,2007,GREENE,TOBACCO,"6,030"
SURVEY,2007,GREENE,TURKEYS,"1,000,000"
SURVEY,2007,GREENE,WHEAT,"5,700"
SURVEY,2007,GREENE,WHEAT,"5,700"
SURVEY,2007,HYDE,CORN,"31,100"
SURVEY,2007,HYDE,CORN,"30,000"
SURVEY,2007,HYDE,COTTON,"15,700"
SURVEY,2007,HYDE,SOYBEANS,"25,300"
SURVEY,2007,HYDE,WHEAT,"9,400"
SURVEY,2007,HYDE,WHEAT,"9,400"
SURVEY,2007,JOHNSTON,CORN,"14,200"
SURVEY,2007,JOHNSTON,CORN,"13,800"
SURVEY,2007,JOHNSTON,COTTON,"9,350"
SURVEY,2007,JOHNSTON,HAY,"9,500"
SURVEY,2007,JOHNSTON,OATS,400
SURVEY,2007,JOHNSTON,SOYBEANS,"49,500"
SURVEY,2007,JOHNSTON,SWEET POTATOES,"6,800"
SURVEY,2007,JOHNSTON,TOBACCO,"11,100"
SURVEY,2007,JOHNSTON,TURKEYS,"540,000"
SURVEY,2007,JOHNSTON,WHEAT,"8,800"
SURVEY,2007,JOHNSTON,WHEAT,"8,800"
SURVEY,2007,JONES,CORN,"20,200"
SURVEY,2007,JONES,CORN,"19,800"
SURVEY,2007,JONES,COTTON,"8,700"
SURVEY,2007,JONES,HAY,"1,100"
SURVEY,2007,JONES,SOYBEANS,"15,500"
SURVEY,2007,JONES,TOBACCO,"1,830"
SURVEY,2007,JONES,TURKEYS,"310,000"
SURVEY,2007,JONES,WHEAT,"3,400"
SURVEY,2007,JONES,WHEAT,"3,400"
SURVEY,2007,LENOIR,CORN,"29,300"
SURVEY,2007,LENOIR,CORN,"29,100"
SURVEY,2007,LENOIR,COTTON,"18,200"
SURVEY,2007,LENOIR,HAY,"2,800"
SURVEY,2007,LENOIR,SOYBEANS,"29,000"
SURVEY,2007,LENOIR,TOBACCO,"7,500"
SURVEY,2007,LENOIR,TURKEYS,"1,500,000"
SURVEY,2007,LENOIR,WHEAT,"9,200"
SURVEY,2007,LENOIR,WHEAT,"9,200"
SURVEY,2007,OTHER (COMBINED) COUNTIES,COTTON,"17,300"
SURVEY,2007,OTHER (COMBINED) COUNTIES,HAY,400
SURVEY,2007,OTHER (COMBINED) COUNTIES,OATS,"1,200"
SURVEY,2007,OTHER (COMBINED) COUNTIES,PEANUTS,"3,550"
SURVEY,2007,OTHER (COMBINED) COUNTIES,POTATOES,"3,100"
SURVEY,2007,OTHER (COMBINED) COUNTIES,SORGHUM,"1,100"
SURVEY,2007,OTHER (COMBINED) COUNTIES,SWEET POTATOES,"4,400"
SURVEY,2007,OTHER (COMBINED) COUNTIES,TOBACCO,20
SURVEY,2007,PAMLICO,CORN,"13,000"
SURVEY,2007,PAMLICO,CORN,"12,800"
SURVEY,2007,PAMLICO,COTTON,"1,350"
SURVEY,2007,PAMLICO,SOYBEANS,"19,700"
SURVEY,2007,PAMLICO,TOBACCO,200
SURVEY,2007,PAMLICO,WHEAT,"7,200"
SURVEY,2007,PAMLICO,WHEAT,"7,200"
SURVEY,2007,PITT,CORN,"34,200"
SURVEY,2007,PITT,CORN,"34,000"
SURVEY,2007,PITT,COTTON,"17,400"
SURVEY,2007,PITT,HAY,"3,800"
SURVEY,2007,PITT,PEANUTS,"4,250"
SURVEY,2007,PITT,SOYBEANS,"54,200"
SURVEY,2007,PITT,TOBACCO,"8,210"
SURVEY,2007,PITT,WHEAT,"17,800"
SURVEY,2007,PITT,WHEAT,"17,800"
SURVEY,2007,WAYNE,CORN,"38,300"
SURVEY,2007,WAYNE,CORN,"38,000"
SURVEY,2007,WAYNE,COTTON,"9,300"
SURVEY,2007,WAYNE,HAY,"8,000"
SURVEY,2007,WAYNE,OATS,300
SURVEY,2007,WAYNE,SOYBEANS,"55,200"
SURVEY,2007,WAYNE,SWEET POTATOES,"2,200"
SURVEY,2007,WAYNE,TOBACCO,"8,890"
SURVEY,2007,WAYNE,TURKEYS,"4,100,000"
SURVEY,2007,WAYNE,WHEAT,"23,900"
SURVEY,2007,WAYNE,WHEAT,"23,900"
SURVEY,2007,WILSON,CORN,"14,500"
SURVEY,2007,WILSON,CORN,"14,100"
SURVEY,2007,WILSON,COTTON,"18,600"
SURVEY,2007,WILSON,HAY,"1,300"
SURVEY,2007,WILSON,SOYBEANS,"30,100"
SURVEY,2007,WILSON,SWEET POTATOES,"3,600"
SURVEY,2007,WILSON,TOBACCO,"8,560"
SURVEY,2007,WILSON,WHEAT,"5,000"
SURVEY,2007,WILSON,WHEAT,"5,000"
SURVEY,2007,ALEXANDER,CORN,"2,100"
SURVEY,2007,ALEXANDER,CORN,"1,000"
SURVEY,2007,ALEXANDER,HAY,"9,100"
SURVEY,2007,ALEXANDER,SOYBEANS,"1,000"
SURVEY,2007,ALEXANDER,TOBACCO,450
SURVEY,2007,ALEXANDER,WHEAT,700
SURVEY,2007,ALEXANDER,WHEAT,700
SURVEY,2007,CATAWBA,BARLEY,400
SURVEY,2007,CATAWBA,CORN,"2,600"
SURVEY,2007,CATAWBA,CORN,"1,600"
SURVEY,2007,CATAWBA,HAY,"11,000"
SURVEY,2007,CATAWBA,OATS,100
SURVEY,2007,CATAWBA,SOYBEANS,"5,750"
SURVEY,2007,CATAWBA,WHEAT,"3,000"
SURVEY,2007,CATAWBA,WHEAT,"3,000"
SURVEY,2007,CHATHAM,CORN,"2,900"
SURVEY,2007,CHATHAM,CORN,"1,100"
SURVEY,2007,CHATHAM,HAY,"22,000"
SURVEY,2007,CHATHAM,OATS,150
SURVEY,2007,CHATHAM,SOYBEANS,"1,300"
SURVEY,2007,CHATHAM,WHEAT,"1,400"
SURVEY,2007,CHATHAM,WHEAT,"1,400"
SURVEY,2007,DAVIDSON,BARLEY,300
SURVEY,2007,DAVIDSON,CORN,"6,800"
SURVEY,2007,DAVIDSON,CORN,"5,400"
SURVEY,2007,DAVIDSON,HAY,"19,500"
SURVEY,2007,DAVIDSON,OATS,350
SURVEY,2007,DAVIDSON,SOYBEANS,"6,850"
SURVEY,2007,DAVIDSON,TOBACCO,635
SURVEY,2007,DAVIDSON,WHEAT,"2,400"
SURVEY,2007,DAVIDSON,WHEAT,"2,400"
SURVEY,2007,DAVIE,CORN,"6,100"
SURVEY,2007,DAVIE,CORN,"5,100"
SURVEY,2007,DAVIE,HAY,"14,300"
SURVEY,2007,DAVIE,SOYBEANS,"4,850"
SURVEY,2007,DAVIE,TOBACCO,205
SURVEY,2007,DAVIE,WHEAT,"3,200"
SURVEY,2007,DAVIE,WHEAT,"3,200"
SURVEY,2007,IREDELL,CORN,"16,500"
SURVEY,2007,IREDELL,CORN,"5,000"
SURVEY,2007,IREDELL,HAY,"27,500"
SURVEY,2007,IREDELL,SOYBEANS,"11,000"
SURVEY,2007,IREDELL,WHEAT,"6,500"
SURVEY,2007,IREDELL,WHEAT,"6,500"
SURVEY,2007,LEE,CORN,900
SURVEY,2007,LEE,CORN,850
SURVEY,2007,LEE,HAY,"1,600"
SURVEY,2007,LEE,SOYBEANS,"2,550"
SURVEY,2007,LEE,TOBACCO,"1,700"
SURVEY,2007,LEE,WHEAT,"1,300"
SURVEY,2007,LEE,WHEAT,"1,300"
SURVEY,2007,OTHER (COMBINED) COUNTIES,BARLEY,"2,700"
SURVEY,2007,OTHER (COMBINED) COUNTIES,COTTON,"1,480"
SURVEY,2007,OTHER (COMBINED) COUNTIES,OATS,200
SURVEY,2007,OTHER (COMBINED) COUNTIES,SORGHUM,700
SURVEY,2007,OTHER (COMBINED) COUNTIES,SWEET POTATOES,50
SURVEY,2007,OTHER (COMBINED) COUNTIES,TOBACCO,400
SURVEY,2007,OTHER (COMBINED) COUNTIES,TOBACCO,405
SURVEY,2007,RANDOLPH,CORN,"7,700"
SURVEY,2007,RANDOLPH,CORN,"4,050"
SURVEY,2007,RANDOLPH,HAY,"17,000"
SURVEY,2007,RANDOLPH,OATS,200
SURVEY,2007,RANDOLPH,SOYBEANS,"7,600"
SURVEY,2007,RANDOLPH,TOBACCO,780
SURVEY,2007,RANDOLPH,WHEAT,"3,000"
SURVEY,2007,RANDOLPH,WHEAT,"3,000"
SURVEY,2007,ROWAN,BARLEY,"1,600"
SURVEY,2007,ROWAN,CORN,"8,700"
SURVEY,2007,ROWAN,CORN,"7,000"
SURVEY,2007,ROWAN,HAY,"19,500"
SURVEY,2007,ROWAN,OATS,200
SURVEY,2007,ROWAN,SOYBEANS,"16,200"
SURVEY,2007,ROWAN,WHEAT,"6,500"
SURVEY,2007,ROWAN,WHEAT,"6,500"
SURVEY,2007,WAKE,CORN,"2,100"
SURVEY,2007,WAKE,CORN,"1,600"
SURVEY,2007,WAKE,HAY,"3,500"
SURVEY,2007,WAKE,OATS,500
SURVEY,2007,WAKE,SOYBEANS,"14,000"
SURVEY,2007,WAKE,SWEET POTATOES,850
SURVEY,2007,WAKE,TOBACCO,"2,725"
SURVEY,2007,WAKE,WHEAT,"3,000"
SURVEY,2007,WAKE,WHEAT,"3,000"
SURVEY,2007,BERTIE,CORN,"25,700"
SURVEY,2007,BERTIE,CORN,"25,000"
SURVEY,2007,BERTIE,COTTON,"27,700"
SURVEY,2007,BERTIE,PEANUTS,"9,500"
SURVEY,2007,BERTIE,SOYBEANS,"20,100"
SURVEY,2007,BERTIE,TOBACCO,"2,690"
SURVEY,2007,BERTIE,WHEAT,"3,700"
SURVEY,2007,BERTIE,WHEAT,"3,700"
SURVEY,2007,CAMDEN,CORN,"18,200"
SURVEY,2007,CAMDEN,CORN,"18,000"
SURVEY,2007,CAMDEN,SOYBEANS,"28,900"
SURVEY,2007,CAMDEN,WHEAT,"9,800"
SURVEY,2007,CAMDEN,WHEAT,"9,800"
SURVEY,2007,CHOWAN,CORN,"8,400"
SURVEY,2007,CHOWAN,CORN,"8,200"
SURVEY,2007,CHOWAN,COTTON,"11,000"
SURVEY,2007,CHOWAN,PEANUTS,"5,550"
SURVEY,2007,CHOWAN,SORGHUM,800
SURVEY,2007,CHOWAN,WHEAT,"3,100"
SURVEY,2007,CHOWAN,WHEAT,"3,100"
SURVEY,2007,CURRITUCK,CORN,"11,000"
SURVEY,2007,CURRITUCK,CORN,"10,500"
SURVEY,2007,CURRITUCK,SOYBEANS,"14,400"
SURVEY,2007,CURRITUCK,WHEAT,"5,200"
SURVEY,2007,CURRITUCK,WHEAT,"5,200"
SURVEY,2007,EDGECOMBE,CORN,"22,300"
SURVEY,2007,EDGECOMBE,CORN,"22,000"
SURVEY,2007,EDGECOMBE,COTTON,"28,700"
SURVEY,2007,EDGECOMBE,HAY,800
SURVEY,2007,EDGECOMBE,PEANUTS,"9,500"
SURVEY,2007,EDGECOMBE,SOYBEANS,"33,800"
SURVEY,2007,EDGECOMBE,TOBACCO,"6,220"
SURVEY,2007,EDGECOMBE,WHEAT,"9,900"
SURVEY,2007,EDGECOMBE,WHEAT,"9,900"
SURVEY,2007,GATES,CORN,"9,600"
SURVEY,2007,GATES,CORN,"9,500"
SURVEY,2007,GATES,COTTON,"10,700"
SURVEY,2007,GATES,PEANUTS,"3,700"
SURVEY,2007,GATES,SOYBEANS,"16,100"
SURVEY,2007,GATES,WHEAT,"4,300"
SURVEY,2007,GATES,WHEAT,"4,300"
SURVEY,2007,HALIFAX,CORN,"17,800"
SURVEY,2007,HALIFAX,CORN,"16,600"
SURVEY,2007,HALIFAX,COTTON,"42,500"
SURVEY,2007,HALIFAX,HAY,"1,800"
SURVEY,2007,HALIFAX,PEANUTS,"6,800"
SURVEY,2007,HALIFAX,SOYBEANS,"31,000"
SURVEY,2007,HALIFAX,TOBACCO,"1,810"
SURVEY,2007,HALIFAX,WHEAT,"3,500"
SURVEY,2007,HALIFAX,WHEAT,"3,500"
SURVEY,2007,HERTFORD,CORN,"14,300"
SURVEY,2007,HERTFORD,CORN,"13,800"
SURVEY,2007,HERTFORD,COTTON,"9,560"
SURVEY,2007,HERTFORD,PEANUTS,"4,700"
SURVEY,2007,HERTFORD,SOYBEANS,"14,500"
SURVEY,2007,HERTFORD,TOBACCO,"1,480"
SURVEY,2007,MARTIN,CORN,"12,100"
SURVEY,2007,MARTIN,CORN,"11,900"
SURVEY,2007,MARTIN,COTTON,"33,300"
SURVEY,2007,MARTIN,HAY,"1,500"
SURVEY,2007,MARTIN,PEANUTS,"9,350"
SURVEY,2007,MARTIN,SOYBEANS,"15,800"
SURVEY,2007,MARTIN,TOBACCO,"4,180"
SURVEY,2007,MARTIN,WHEAT,"5,600"
SURVEY,2007,MARTIN,WHEAT,"5,600"
SURVEY,2007,NASH,COTTON,"9,300"
SURVEY,2007,NASH,HAY,"5,000"
SURVEY,2007,NASH,OATS,200
SURVEY,2007,NASH,PEANUTS,"3,700"
SURVEY,2007,NASH,SOYBEANS,"29,500"
SURVEY,2007,NASH,SWEET POTATOES,"6,800"
SURVEY,2007,NASH,TOBACCO,"9,130"
SURVEY,2007,NASH,WHEAT,"5,600"
SURVEY,2007,NASH,WHEAT,"5,600"
SURVEY,2007,NORTHAMPTON,CORN,"10,200"
SURVEY,2007,NORTHAMPTON,CORN,"9,500"
SURVEY,2007,NORTHAMPTON,COTTON,"41,800"
SURVEY,2007,NORTHAMPTON,PEANUTS,"5,400"
SURVEY,2007,NORTHAMPTON,SOYBEANS,"31,800"
SURVEY,2007,NORTHAMPTON,WHEAT,"6,500"
SURVEY,2007,NORTHAMPTON,WHEAT,"6,500"
SURVEY,2007,OTHER (COMBINED) COUNTIES,CORN,"7,700"
SURVEY,2007,OTHER (COMBINED) COUNTIES,CORN,"7,300"
SURVEY,2007,OTHER (COMBINED) COUNTIES,COTTON,"3,470"
SURVEY,2007,OTHER (COMBINED) COUNTIES,HAY,"3,900"
SURVEY,2007,OTHER (COMBINED) COUNTIES,OATS,750
SURVEY,2007,OTHER (COMBINED) COUNTIES,POTATOES,"5,500"
SURVEY,2007,OTHER (COMBINED) COUNTIES,SORGHUM,"2,200"
SURVEY,2007,OTHER (COMBINED) COUNTIES,SOYBEANS,"10,800"
SURVEY,2007,OTHER (COMBINED) COUNTIES,SWEET POTATOES,"5,000"
SURVEY,2007,OTHER (COMBINED) COUNTIES,TOBACCO,490
SURVEY,2007,OTHER (COMBINED) COUNTIES,WHEAT,"2,800"
SURVEY,2007,OTHER (COMBINED) COUNTIES,WHEAT,"2,800"
SURVEY,2007,PASQUOTANK,CORN,"24,600"
SURVEY,2007,PASQUOTANK,CORN,"24,400"
SURVEY,2007,PASQUOTANK,COTTON,"1,590"
SURVEY,2007,PASQUOTANK,POTATOES,"3,500"
SURVEY,2007,PASQUOTANK,SOYBEANS,"44,800"
SURVEY,2007,PASQUOTANK,WHEAT,"21,000"
SURVEY,2007,PASQUOTANK,WHEAT,"21,000"
SURVEY,2007,PERQUIMANS,CORN,"22,600"
SURVEY,2007,PERQUIMANS,CORN,"22,300"
SURVEY,2007,PERQUIMANS,COTTON,"11,800"
SURVEY,2007,PERQUIMANS,PEANUTS,"2,600"
SURVEY,2007,PERQUIMANS,SORGHUM,800
SURVEY,2007,PERQUIMANS,SOYBEANS,"31,000"
SURVEY,2007,PERQUIMANS,WHEAT,"13,200"
SURVEY,2007,PERQUIMANS,WHEAT,"13,200"
SURVEY,2007,TYRRELL,CORN,"28,200"
SURVEY,2007,TYRRELL,CORN,"28,000"
SURVEY,2007,TYRRELL,SOYBEANS,"33,500"
SURVEY,2007,TYRRELL,WHEAT,"17,500"
SURVEY,2007,TYRRELL,WHEAT,"17,500"
SURVEY,2007,WASHINGTON,CORN,"31,300"
SURVEY,2007,WASHINGTON,CORN,"31,000"
SURVEY,2007,WASHINGTON,COTTON,"7,240"
SURVEY,2007,WASHINGTON,PEANUTS,"1,700"
SURVEY,2007,WASHINGTON,POTATOES,"2,000"
SURVEY,2007,WASHINGTON,SOYBEANS,"32,000"
SURVEY,2007,WASHINGTON,WHEAT,"17,300"
SURVEY,2007,WASHINGTON,WHEAT,"17,300"
SURVEY,2007,ALLEGHANY,CORN,"1,900"
SURVEY,2007,ALLEGHANY,HAY,"11,000"
SURVEY,2007,ALLEGHANY,TOBACCO,205
SURVEY,2007,ASHE,HAY,"10,200"
SURVEY,2007,ASHE,TOBACCO,110
SURVEY,2007,AVERY,HAY,"1,000"
SURVEY,2007,CALDWELL,CORN,"1,000"
SURVEY,2007,CALDWELL,CORN,580
SURVEY,2007,CALDWELL,HAY,"5,400"
SURVEY,2007,CALDWELL,SOYBEANS,800
SURVEY,2007,CALDWELL,WHEAT,400
SURVEY,2007,CALDWELL,WHEAT,400
SURVEY,2007,OTHER (COMBINED) COUNTIES,BARLEY,400
SURVEY,2007,OTHER (COMBINED) COUNTIES,CORN,200
SURVEY,2007,OTHER (COMBINED) COUNTIES,CORN,120
SURVEY,2007,OTHER (COMBINED) COUNTIES,SOYBEANS,400
SURVEY,2007,OTHER (COMBINED) COUNTIES,TOBACCO,70
SURVEY,2007,OTHER (COMBINED) COUNTIES,TOBACCO,430
SURVEY,2007,SURRY,BARLEY,"1,500"
SURVEY,2007,SURRY,CORN,"8,300"
SURVEY,2007,SURRY,CORN,"6,640"
SURVEY,2007,SURRY,HAY,"14,800"
SURVEY,2007,SURRY,SOYBEANS,"7,300"
SURVEY,2007,SURRY,TOBACCO,325
SURVEY,2007,SURRY,TOBACCO,"3,520"
SURVEY,2007,SURRY,WHEAT,"2,000"
SURVEY,2007,SURRY,WHEAT,"2,000"
SURVEY,2007,WATAUGA,HAY,"5,600"
SURVEY,2007,WILKES,CORN,"5,700"
SURVEY,2007,WILKES,CORN,560
SURVEY,2007,WILKES,HAY,"22,000"
SURVEY,2007,WILKES,WHEAT,"2,700"
SURVEY,2007,WILKES,WHEAT,"2,700"
SURVEY,2007,YADKIN,BARLEY,900
SURVEY,2007,YADKIN,CORN,"13,500"
SURVEY,2007,YADKIN,CORN,"7,800"
SURVEY,2007,YADKIN,HAY,"10,000"
SURVEY,2007,YADKIN,SOYBEANS,"13,000"
SURVEY,2007,YADKIN,TOBACCO,120
SURVEY,2007,YADKIN,TOBACCO,"3,050"
SURVEY,2007,YADKIN,WHEAT,"3,900"
SURVEY,2007,YADKIN,WHEAT,"3,900"
SURVEY,2007,ALAMANCE,CORN,"4,000"
SURVEY,2007,ALAMANCE,CORN,"2,500"
SURVEY,2007,ALAMANCE,HAY,"15,000"
SURVEY,2007,ALAMANCE,SOYBEANS,"2,080"
SURVEY,2007,ALAMANCE,TOBACCO,"1,490"
SURVEY,2007,ALAMANCE,WHEAT,"2,300"
SURVEY,2007,ALAMANCE,WHEAT,"2,300"
SURVEY,2007,CASWELL,CORN,"1,400"
SURVEY,2007,CASWELL,CORN,620
SURVEY,2007,CASWELL,HAY,"15,000"
SURVEY,2007,CASWELL,SOYBEANS,"1,580"
SURVEY,2007,CASWELL,TOBACCO,190
SURVEY,2007,CASWELL,TOBACCO,"2,520"
SURVEY,2007,CASWELL,WHEAT,"1,300"
SURVEY,2007,CASWELL,WHEAT,"1,300"
SURVEY,2007,DURHAM,HAY,"2,500"
SURVEY,2007,DURHAM,SOYBEANS,280
SURVEY,2007,DURHAM,TOBACCO,220
SURVEY,2007,DURHAM,WHEAT,800
SURVEY,2007,DURHAM,WHEAT,800
SURVEY,2007,FORSYTH,CORN,"3,700"
SURVEY,2007,FORSYTH,CORN,"3,400"
SURVEY,2007,FORSYTH,HAY,"8,000"
SURVEY,2007,FORSYTH,SOYBEANS,"2,130"
SURVEY,2007,FORSYTH,TOBACCO,770
SURVEY,2007,FORSYTH,WHEAT,900
SURVEY,2007,FORSYTH,WHEAT,900
SURVEY,2007,FRANKLIN,CORN,"3,600"
SURVEY,2007,FRANKLIN,CORN,"3,200"
SURVEY,2007,FRANKLIN,HAY,"8,400"
SURVEY,2007,FRANKLIN,OATS,700
SURVEY,2007,FRANKLIN,SOYBEANS,"16,500"
SURVEY,2007,FRANKLIN,TOBACCO,"3,650"
SURVEY,2007,FRANKLIN,WHEAT,"4,900"
SURVEY,2007,FRANKLIN,WHEAT,"4,900"
SURVEY,2007,GRANVILLE,CORN,"2,800"
SURVEY,2007,GRANVILLE,CORN,900
SURVEY,2007,GRANVILLE,HAY,"9,800"
SURVEY,2007,GRANVILLE,OATS,100
SURVEY,2007,GRANVILLE,SOYBEANS,"1,700"
SURVEY,2007,GRANVILLE,TOBACCO,"3,200"
SURVEY,2007,GRANVILLE,WHEAT,"2,600"
SURVEY,2007,GRANVILLE,WHEAT,"2,600"
SURVEY,2007,GUILFORD,BARLEY,700
SURVEY,2007,GUILFORD,CORN,"5,000"
SURVEY,2007,GUILFORD,CORN,"2,200"
SURVEY,2007,GUILFORD,HAY,"16,700"
SURVEY,2007,GUILFORD,OATS,350
SURVEY,2007,GUILFORD,SOYBEANS,"8,000"
SURVEY,2007,GUILFORD,TOBACCO,"1,840"
SURVEY,2007,GUILFORD,WHEAT,"4,500"
SURVEY,2007,GUILFORD,WHEAT,"4,500"
SURVEY,2007,ORANGE,CORN,"3,000"
SURVEY,2007,ORANGE,CORN,"1,600"
SURVEY,2007,ORANGE,HAY,"13,800"
SURVEY,2007,ORANGE,OATS,100
SURVEY,2007,ORANGE,SOYBEANS,"2,310"
SURVEY,2007,ORANGE,TOBACCO,810
SURVEY,2007,ORANGE,WHEAT,"1,900"
SURVEY,2007,ORANGE,WHEAT,"1,900"
SURVEY,2007,OTHER (COMBINED) COUNTIES,BARLEY,"1,300"
SURVEY,2007,OTHER (COMBINED) COUNTIES,CORN,900
SURVEY,2007,OTHER (COMBINED) COUNTIES,CORN,620
SURVEY,2007,OTHER (COMBINED) COUNTIES,COTTON,320
SURVEY,2007,OTHER (COMBINED) COUNTIES,OATS,700
SURVEY,2007,OTHER (COMBINED) COUNTIES,SORGHUM,800
SURVEY,2007,OTHER (COMBINED) COUNTIES,TOBACCO,435
SURVEY,2007,PERSON,CORN,"3,200"
SURVEY,2007,PERSON,CORN,"1,800"
SURVEY,2007,PERSON,HAY,"8,700"
SURVEY,2007,PERSON,SOYBEANS,"9,000"
SURVEY,2007,PERSON,TOBACCO,135
SURVEY,2007,PERSON,TOBACCO,"3,250"
SURVEY,2007,PERSON,WHEAT,"6,300"
SURVEY,2007,PERSON,WHEAT,"6,300"
SURVEY,2007,ROCKINGHAM,CORN,"3,300"
SURVEY,2007,ROCKINGHAM,CORN,"1,900"
SURVEY,2007,ROCKINGHAM,HAY,"16,500"
SURVEY,2007,ROCKINGHAM,SOYBEANS,"3,750"
SURVEY,2007,ROCKINGHAM,TOBACCO,400
SURVEY,2007,ROCKINGHAM,TOBACCO,"3,600"
SURVEY,2007,ROCKINGHAM,WHEAT,"4,500"
SURVEY,2007,ROCKINGHAM,WHEAT,"4,500"
SURVEY,2007,STOKES,CORN,"1,500"
SURVEY,2007,STOKES,CORN,"1,200"
SURVEY,2007,STOKES,HAY,"13,000"
SURVEY,2007,STOKES,SOYBEANS,"1,070"
SURVEY,2007,STOKES,TOBACCO,200
SURVEY,2007,STOKES,TOBACCO,"1,920"
SURVEY,2007,STOKES,WHEAT,700
SURVEY,2007,STOKES,WHEAT,700
SURVEY,2007,VANCE,HAY,"2,600"
SURVEY,2007,VANCE,SOYBEANS,"4,800"
SURVEY,2007,VANCE,TOBACCO,"2,070"
SURVEY,2007,VANCE,WHEAT,"1,800"
SURVEY,2007,VANCE,WHEAT,"1,800"
SURVEY,2007,WARREN,CORN,"1,000"
SURVEY,2007,WARREN,CORN,760
SURVEY,2007,WARREN,COTTON,"1,080"
SURVEY,2007,WARREN,HAY,"5,000"
SURVEY,2007,WARREN,OATS,250
SURVEY,2007,WARREN,SOYBEANS,"6,800"
SURVEY,2007,WARREN,TOBACCO,"1,060"
SURVEY,2007,WARREN,WHEAT,"1,500"
SURVEY,2007,WARREN,WHEAT,"1,500"
SURVEY,2007,BLADEN,CORN,"30,300"
SURVEY,2007,BLADEN,CORN,"30,000"
SURVEY,2007,BLADEN,HAY,"5,400"
SURVEY,2007,BLADEN,OATS,100
SURVEY,2007,BLADEN,PEANUTS,"5,350"
SURVEY,2007,BLADEN,SOYBEANS,"14,900"
SURVEY,2007,BLADEN,TOBACCO,820
SURVEY,2007,BLADEN,TURKEYS,"1,100,000"
SURVEY,2007,BLADEN,WHEAT,"4,000"
SURVEY,2007,BLADEN,WHEAT,"4,000"
SURVEY,2007,BRUNSWICK,CORN,"7,700"
SURVEY,2007,BRUNSWICK,CORN,"7,400"
SURVEY,2007,BRUNSWICK,HAY,"2,600"
SURVEY,2007,BRUNSWICK,SOYBEANS,"7,230"
SURVEY,2007,BRUNSWICK,TOBACCO,640
SURVEY,2007,BRUNSWICK,WHEAT,"1,300"
SURVEY,2007,BRUNSWICK,WHEAT,"1,300"
SURVEY,2007,COLUMBUS,CORN,"44,900"
SURVEY,2007,COLUMBUS,CORN,"44,400"
SURVEY,2007,COLUMBUS,HAY,"3,400"
SURVEY,2007,COLUMBUS,OATS,200
SURVEY,2007,COLUMBUS,PEANUTS,"3,600"
SURVEY,2007,COLUMBUS,SOYBEANS,"41,000"
SURVEY,2007,COLUMBUS,SWEET POTATOES,"2,100"
SURVEY,2007,COLUMBUS,TOBACCO,"5,060"
SURVEY,2007,COLUMBUS,WHEAT,"11,500"
SURVEY,2007,COLUMBUS,WHEAT,"11,500"
SURVEY,2007,CUMBERLAND,CORN,"13,100"
SURVEY,2007,CUMBERLAND,CORN,"12,400"
SURVEY,2007,CUMBERLAND,COTTON,"5,100"
SURVEY,2007,CUMBERLAND,HAY,"2,300"
SURVEY,2007,CUMBERLAND,SOYBEANS,"16,800"
SURVEY,2007,CUMBERLAND,TOBACCO,"2,680"
SURVEY,2007,CUMBERLAND,TURKEYS,"465,000"
SURVEY,2007,CUMBERLAND,WHEAT,"4,800"
SURVEY,2007,CUMBERLAND,WHEAT,"4,800"
SURVEY,2007,DUPLIN,CORN,"63,900"
SURVEY,2007,DUPLIN,CORN,"63,300"
SURVEY,2007,DUPLIN,COTTON,"4,140"
SURVEY,2007,DUPLIN,HAY,"45,000"
SURVEY,2007,DUPLIN,OATS,800
SURVEY,2007,DUPLIN,PEANUTS,"2,400"
SURVEY,2007,DUPLIN,SOYBEANS,"39,500"
SURVEY,2007,DUPLIN,TOBACCO,"6,290"
SURVEY,2007,DUPLIN,TURKEYS,"10,200,000"
SURVEY,2007,DUPLIN,WHEAT,"15,500"
SURVEY,2007,DUPLIN,WHEAT,"15,500"
SURVEY,2007,HARNETT,CORN,"6,300"
SURVEY,2007,HARNETT,CORN,"5,800"
SURVEY,2007,HARNETT,COTTON,"11,600"
SURVEY,2007,HARNETT,HAY,"6,800"
SURVEY,2007,HARNETT,OATS,350
SURVEY,2007,HARNETT,SOYBEANS,"22,600"
SURVEY,2007,HARNETT,SWEET POTATOES,"1,500"
SURVEY,2007,HARNETT,TOBACCO,"6,020"
SURVEY,2007,HARNETT,WHEAT,"4,800"
SURVEY,2007,HARNETT,WHEAT,"4,800"
SURVEY,2007,HOKE,CORN,"5,200"
SURVEY,2007,HOKE,CORN,"5,000"
SURVEY,2007,HOKE,COTTON,"12,400"
SURVEY,2007,HOKE,HAY,"2,300"
SURVEY,2007,HOKE,OATS,250
SURVEY,2007,HOKE,SOYBEANS,"10,500"
SURVEY,2007,HOKE,TOBACCO,430
SURVEY,2007,HOKE,WHEAT,"4,200"
SURVEY,2007,HOKE,WHEAT,"4,200"
SURVEY,2007,ONSLOW,CORN,"14,200"
SURVEY,2007,ONSLOW,CORN,"13,700"
SURVEY,2007,ONSLOW,HAY,"2,500"
SURVEY,2007,ONSLOW,SOYBEANS,"13,000"
SURVEY,2007,ONSLOW,TOBACCO,"1,320"
SURVEY,2007,ONSLOW,TURKEYS,"2,000,000"
SURVEY,2007,ONSLOW,WHEAT,"3,800"
SURVEY,2007,ONSLOW,WHEAT,"3,800"
SURVEY,2007,OTHER (COMBINED) COUNTIES,BARLEY,900
SURVEY,2007,OTHER (COMBINED) COUNTIES,CORN,"20,100"
SURVEY,2007,OTHER (COMBINED) COUNTIES,CORN,"19,400"
SURVEY,2007,OTHER (COMBINED) COUNTIES,COTTON,"41,810"
SURVEY,2007,OTHER (COMBINED) COUNTIES,HAY,"1,000"
SURVEY,2007,OTHER (COMBINED) COUNTIES,OATS,500
SURVEY,2007,OTHER (COMBINED) COUNTIES,PEANUTS,"5,800"
SURVEY,2007,OTHER (COMBINED) COUNTIES,SORGHUM,700
SURVEY,2007,OTHER (COMBINED) COUNTIES,SOYBEANS,"13,700"
SURVEY,2007,OTHER (COMBINED) COUNTIES,SWEET POTATOES,"3,300"
SURVEY,2007,OTHER (COMBINED) COUNTIES,TOBACCO,230
SURVEY,2007,PENDER,HAY,"1,700"
SURVEY,2007,PENDER,TOBACCO,770
SURVEY,2007,PENDER,TURKEYS,"660,000"
SURVEY,2007,PENDER,WHEAT,"3,500"
SURVEY,2007,PENDER,WHEAT,"3,500"
SURVEY,2007,ROBESON,CORN,"62,300"
SURVEY,2007,ROBESON,CORN,"61,700"
SURVEY,2007,ROBESON,COTTON,"18,400"
SURVEY,2007,ROBESON,HAY,"10,500"
SURVEY,2007,ROBESON,OATS,500
SURVEY,2007,ROBESON,PEANUTS,"1,200"
SURVEY,2007,ROBESON,SOYBEANS,"87,100"
SURVEY,2007,ROBESON,TOBACCO,"5,190"
SURVEY,2007,ROBESON,TURKEYS,"700,000"
SURVEY,2007,ROBESON,WHEAT,"38,000"
SURVEY,2007,ROBESON,WHEAT,"38,000"
SURVEY,2007,SAMPSON,CORN,"47,600"
SURVEY,2007,SAMPSON,CORN,"46,800"
SURVEY,2007,SAMPSON,HAY,"27,500"
SURVEY,2007,SAMPSON,OATS,800
SURVEY,2007,SAMPSON,SOYBEANS,"48,700"
SURVEY,2007,SAMPSON,SWEET POTATOES,"6,200"
SURVEY,2007,SAMPSON,TOBACCO,"11,750"
SURVEY,2007,SAMPSON,TURKEYS,"10,400,000"
SURVEY,2007,SAMPSON,WHEAT,"21,000"
SURVEY,2007,SAMPSON,WHEAT,"21,000"
SURVEY,2007,SCOTLAND,CORN,"4,400"
SURVEY,2007,SCOTLAND,CORN,"4,100"
SURVEY,2007,SCOTLAND,SOYBEANS,"9,970"
SURVEY,2007,SCOTLAND,WHEAT,"3,600"
SURVEY,2007,SCOTLAND,WHEAT,"3,600"
SURVEY,2007,ANSON,CORN,"7,800"
SURVEY,2007,ANSON,CORN,"7,300"
SURVEY,2007,ANSON,HAY,"4,600"
SURVEY,2007,ANSON,OATS,300
SURVEY,2007,ANSON,SOYBEANS,"10,000"
SURVEY,2007,ANSON,TURKEYS,"930,000"
SURVEY,2007,ANSON,WHEAT,"3,000"
SURVEY,2007,ANSON,WHEAT,"3,000"
SURVEY,2007,CABARRUS,BARLEY,400
SURVEY,2007,CABARRUS,CORN,"3,700"
SURVEY,2007,CABARRUS,CORN,"2,000"
SURVEY,2007,CABARRUS,HAY,"14,500"
SURVEY,2007,CABARRUS,OATS,"1,000"
SURVEY,2007,CABARRUS,SOYBEANS,"4,630"
SURVEY,2007,CABARRUS,WHEAT,"2,500"
SURVEY,2007,CABARRUS,WHEAT,"2,500"
SURVEY,2007,CLEVELAND,CORN,"1,600"
SURVEY,2007,CLEVELAND,CORN,700
SURVEY,2007,CLEVELAND,HAY,"20,000"
SURVEY,2007,CLEVELAND,OATS,350
SURVEY,2007,CLEVELAND,SOYBEANS,"10,000"
SURVEY,2007,CLEVELAND,WHEAT,"2,900"
SURVEY,2007,CLEVELAND,WHEAT,"2,900"
SURVEY,2007,LINCOLN,BARLEY,700
SURVEY,2007,LINCOLN,CORN,"2,800"
SURVEY,2007,LINCOLN,CORN,"1,300"
SURVEY,2007,LINCOLN,HAY,"10,000"
SURVEY,2007,LINCOLN,OATS,100
SURVEY,2007,LINCOLN,SOYBEANS,"4,700"
SURVEY,2007,LINCOLN,WHEAT,"2,700"
SURVEY,2007,LINCOLN,WHEAT,"2,700"
SURVEY,2007,MECKLENBURG,SOYBEANS,900
SURVEY,2007,MECKLENBURG,WHEAT,"1,000"
SURVEY,2007,MECKLENBURG,WHEAT,"1,000"
SURVEY,2007,MONTGOMERY,CORN,900
SURVEY,2007,MONTGOMERY,CORN,800
SURVEY,2007,MONTGOMERY,HAY,"4,000"
SURVEY,2007,MONTGOMERY,SOYBEANS,430
SURVEY,2007,MOORE,CORN,"1,600"
SURVEY,2007,MOORE,CORN,"1,400"
SURVEY,2007,MOORE,HAY,"5,500"
SURVEY,2007,MOORE,OATS,50
SURVEY,2007,MOORE,SOYBEANS,"4,330"
SURVEY,2007,MOORE,TOBACCO,"1,280"
SURVEY,2007,MOORE,WHEAT,800
SURVEY,2007,MOORE,WHEAT,800
SURVEY,2007,OTHER (COMBINED) COUNTIES,BARLEY,700
SURVEY,2007,OTHER (COMBINED) COUNTIES,CORN,"4,500"
SURVEY,2007,OTHER (COMBINED) COUNTIES,CORN,"3,500"
SURVEY,2007,OTHER (COMBINED) COUNTIES,COTTON,"12,900"
SURVEY,2007,OTHER (COMBINED) COUNTIES,HAY,"26,000"
SURVEY,2007,OTHER (COMBINED) COUNTIES,OATS,100
SURVEY,2007,OTHER (COMBINED) COUNTIES,SORGHUM,800
SURVEY,2007,OTHER (COMBINED) COUNTIES,SOYBEANS,"3,510"
SURVEY,2007,OTHER (COMBINED) COUNTIES,TOBACCO,170
SURVEY,2007,OTHER (COMBINED) COUNTIES,WHEAT,"1,300"
SURVEY,2007,OTHER (COMBINED) COUNTIES,WHEAT,"1,300"
SURVEY,2007,RICHMOND,HAY,"2,400"
SURVEY,2007,RICHMOND,TOBACCO,450
SURVEY,2007,STANLY,BARLEY,500
SURVEY,2007,STANLY,CORN,"12,300"
SURVEY,2007,STANLY,CORN,"11,100"
SURVEY,2007,STANLY,COTTON,"8,330"
SURVEY,2007,STANLY,HAY,"12,000"
SURVEY,2007,STANLY,OATS,300
SURVEY,2007,STANLY,SOYBEANS,"17,500"
SURVEY,2007,STANLY,TURKEYS,"1,200,000"
SURVEY,2007,STANLY,WHEAT,"6,800"
SURVEY,2007,STANLY,WHEAT,"6,800"
SURVEY,2007,UNION,CORN,"29,800"
SURVEY,2007,UNION,CORN,"29,400"
SURVEY,2007,UNION,OATS,300
SURVEY,2007,UNION,SOYBEANS,"50,000"
SURVEY,2007,UNION,TURKEYS,"2,400,000"
SURVEY,2007,UNION,WHEAT,"32,000"
SURVEY,2007,UNION,WHEAT,"32,000"
SURVEY,2007,BUNCOMBE,CORN,900
SURVEY,2007,BUNCOMBE,CORN,140
SURVEY,2007,BUNCOMBE,HAY,"15,800"
SURVEY,2007,BUNCOMBE,TOBACCO,180
SURVEY,2007,BURKE,CORN,"1,400"
SURVEY,2007,BURKE,CORN,"1,000"
SURVEY,2007,BURKE,SOYBEANS,600
SURVEY,2007,BURKE,WHEAT,200
SURVEY,2007,BURKE,WHEAT,200
SURVEY,2007,CHEROKEE,CORN,700
SURVEY,2007,CHEROKEE,CORN,480
SURVEY,2007,CHEROKEE,HAY,"3,600"
SURVEY,2007,CLAY,HAY,"2,800"
SURVEY,2007,GRAHAM,HAY,900
SURVEY,2007,HAYWOOD,CORN,"1,500"
SURVEY,2007,HAYWOOD,CORN,60
SURVEY,2007,HAYWOOD,HAY,"9,500"
SURVEY,2007,HENDERSON,CORN,"2,200"
SURVEY,2007,HENDERSON,CORN,"1,100"
SURVEY,2007,JACKSON,HAY,900
SURVEY,2007,MADISON,HAY,"6,200"
SURVEY,2007,MADISON,TOBACCO,315
SURVEY,2007,MCDOWELL,HAY,"1,800"
SURVEY,2007,OTHER (COMBINED) COUNTIES,CORN,"1,400"
SURVEY,2007,OTHER (COMBINED) COUNTIES,CORN,470
SURVEY,2007,OTHER (COMBINED) COUNTIES,HAY,"16,200"
SURVEY,2007,OTHER (COMBINED) COUNTIES,SOYBEANS,940
SURVEY,2007,OTHER (COMBINED) COUNTIES,TOBACCO,145
SURVEY,2007,OTHER (COMBINED) COUNTIES,WHEAT,800
SURVEY,2007,OTHER (COMBINED) COUNTIES,WHEAT,800
SURVEY,2007,POLK,HAY,"2,500"
SURVEY,2007,RUTHERFORD,HAY,"14,400"
SURVEY,2007,RUTHERFORD,SOYBEANS,860
SURVEY,2007,SWAIN,HAY,600
SURVEY,2007,TRANSYLVANIA,CORN,500
SURVEY,2007,TRANSYLVANIA,CORN,150
SURVEY,2007,TRANSYLVANIA,HAY,"4,000"
SURVEY,2007,YANCEY,HAY,"5,800"
SURVEY,2007,YANCEY,TOBACCO,100
SURVEY,2006,OTHER (COMBINED) COUNTIES,CHICKENS,"869,300"
SURVEY,2006,WAYNE,CHICKENS,"311,700"
SURVEY,2006,ALEXANDER,CHICKENS,"1,800,000"
SURVEY,2006,CHATHAM,CHICKENS,"719,000"
SURVEY,2006,DAVIDSON,CHICKENS,"148,000"
SURVEY,2006,DAVIE,CHICKENS,"190,000"
SURVEY,2006,IREDELL,CHICKENS,"1,570,000"
SURVEY,2006,OTHER (COMBINED) COUNTIES,CHICKENS,"115,000"
SURVEY,2006,RANDOLPH,CHICKENS,"1,140,000"
SURVEY,2006,ROWAN,CHICKENS,"132,000"
SURVEY,2006,EDGECOMBE,CHICKENS,"125,000"
SURVEY,2006,HALIFAX,CHICKENS,"101,000"
SURVEY,2006,NASH,CHICKENS,"1,600,000"
SURVEY,2006,OTHER (COMBINED) COUNTIES,CHICKENS,"99,000"
SURVEY,2006,OTHER (COMBINED) COUNTIES,CHICKENS,"70,000"
SURVEY,2006,SURRY,CHICKENS,"550,000"
SURVEY,2006,WILKES,CHICKENS,"1,050,000"
SURVEY,2006,YADKIN,CHICKENS,"1,650,000"
SURVEY,2006,ALAMANCE,CHICKENS,"400,000"
SURVEY,2006,CASWELL,CHICKENS,"220,000"
SURVEY,2006,FRANKLIN,CHICKENS,"230,000"
SURVEY,2006,GUILFORD,CHICKENS,"247,000"
SURVEY,2006,ORANGE,CHICKENS,"119,000"
SURVEY,2006,OTHER (COMBINED) COUNTIES,CHICKENS,"26,000"
SURVEY,2006,ROCKINGHAM,CHICKENS,"110,000"
SURVEY,2006,STOKES,CHICKENS,"135,000"
SURVEY,2006,WARREN,CHICKENS,"120,000"
SURVEY,2006,BLADEN,CHICKENS,"110,000"
SURVEY,2006,DUPLIN,CHICKENS,"1,000,000"
SURVEY,2006,OTHER (COMBINED) COUNTIES,CHICKENS,"92,000"
SURVEY,2006,SAMPSON,CHICKENS,"620,000"
SURVEY,2006,ANSON,CHICKENS,"204,000"
SURVEY,2006,CABARRUS,CHICKENS,"135,000"
SURVEY,2006,CLEVELAND,CHICKENS,"160,000"
SURVEY,2006,MONTGOMERY,CHICKENS,"100,000"
SURVEY,2006,OTHER (COMBINED) COUNTIES,CHICKENS,"86,000"
SURVEY,2006,STANLY,CHICKENS,"365,000"
SURVEY,2006,UNION,CHICKENS,"1,450,000"
SURVEY,2006,CHEROKEE,CHICKENS,"800,000"
SURVEY,2006,OTHER (COMBINED) COUNTIES,CHICKENS,"232,000"
SURVEY,2006,BEAUFORT,CATTLE,400
SURVEY,2006,CRAVEN,CATTLE,600
SURVEY,2006,GREENE,CATTLE,900
SURVEY,2006,HYDE,CATTLE,200
SURVEY,2006,JOHNSTON,CATTLE,"6,000"
SURVEY,2006,JONES,CATTLE,700
SURVEY,2006,LENOIR,CATTLE,"2,300"
SURVEY,2006,OTHER (COMBINED) COUNTIES,CATTLE,200
SURVEY,2006,OTHER (COMBINED) COUNTIES,CATTLE,200
SURVEY,2006,PITT,CATTLE,"1,600"
SURVEY,2006,WAYNE,CATTLE,"5,500"
SURVEY,2006,WAYNE,CATTLE,500
SURVEY,2006,WILSON,CATTLE,600
SURVEY,2006,ALEXANDER,CATTLE,"7,800"
SURVEY,2006,ALEXANDER,CATTLE,"2,500"
SURVEY,2006,CATAWBA,CATTLE,"6,200"
SURVEY,2006,CATAWBA,CATTLE,600
SURVEY,2006,CHATHAM,CATTLE,"16,500"
SURVEY,2006,CHATHAM,CATTLE,900
SURVEY,2006,DAVIDSON,CATTLE,"7,100"
SURVEY,2006,DAVIDSON,CATTLE,"1,500"
SURVEY,2006,DAVIE,CATTLE,"7,100"
SURVEY,2006,DAVIE,CATTLE,800
SURVEY,2006,IREDELL,CATTLE,"15,000"
SURVEY,2006,IREDELL,CATTLE,"12,300"
SURVEY,2006,LEE,CATTLE,"2,000"
SURVEY,2006,RANDOLPH,CATTLE,"16,500"
SURVEY,2006,RANDOLPH,CATTLE,"2,500"
SURVEY,2006,ROWAN,CATTLE,"9,400"
SURVEY,2006,ROWAN,CATTLE,"1,600"
SURVEY,2006,WAKE,CATTLE,"4,400"
SURVEY,2006,WAKE,CATTLE,300
SURVEY,2006,BERTIE,CATTLE,400
SURVEY,2006,CHOWAN,CATTLE,500
SURVEY,2006,CURRITUCK,CATTLE,200
SURVEY,2006,EDGECOMBE,CATTLE,"1,900"
SURVEY,2006,GATES,CATTLE,400
SURVEY,2006,HALIFAX,CATTLE,"2,700"
SURVEY,2006,HALIFAX,CATTLE,400
SURVEY,2006,HERTFORD,CATTLE,200
SURVEY,2006,MARTIN,CATTLE,700
SURVEY,2006,NASH,CATTLE,"4,800"
SURVEY,2006,NORTHAMPTON,CATTLE,800
SURVEY,2006,OTHER (COMBINED) COUNTIES,CATTLE,200
SURVEY,2006,OTHER (COMBINED) COUNTIES,CATTLE,100
SURVEY,2006,PASQUOTANK,CATTLE,300
SURVEY,2006,PERQUIMANS,CATTLE,500
SURVEY,2006,WASHINGTON,CATTLE,400
SURVEY,2006,ALLEGHANY,CATTLE,"6,800"
SURVEY,2006,ALLEGHANY,CATTLE,"2,800"
SURVEY,2006,ASHE,CATTLE,"6,800"
SURVEY,2006,AVERY,CATTLE,500
SURVEY,2006,CALDWELL,CATTLE,"2,200"
SURVEY,2006,OTHER (COMBINED) COUNTIES,CATTLE,300
SURVEY,2006,SURRY,CATTLE,"10,400"
SURVEY,2006,SURRY,CATTLE,500
SURVEY,2006,WATAUGA,CATTLE,"3,900"
SURVEY,2006,WILKES,CATTLE,"15,000"
SURVEY,2006,WILKES,CATTLE,600
SURVEY,2006,YADKIN,CATTLE,"10,400"
SURVEY,2006,YADKIN,CATTLE,"2,300"
SURVEY,2006,ALAMANCE,CATTLE,"7,600"
SURVEY,2006,ALAMANCE,CATTLE,"2,300"
SURVEY,2006,CASWELL,CATTLE,"3,800"
SURVEY,2006,CASWELL,CATTLE,500
SURVEY,2006,DURHAM,CATTLE,"1,200"
SURVEY,2006,DURHAM,CATTLE,200
SURVEY,2006,FORSYTH,CATTLE,"3,000"
SURVEY,2006,FORSYTH,CATTLE,200
SURVEY,2006,FRANKLIN,CATTLE,"4,000"
SURVEY,2006,GRANVILLE,CATTLE,"4,800"
SURVEY,2006,GRANVILLE,CATTLE,500
SURVEY,2006,GUILFORD,CATTLE,"6,500"
SURVEY,2006,GUILFORD,CATTLE,"2,100"
SURVEY,2006,ORANGE,CATTLE,"4,600"
SURVEY,2006,ORANGE,CATTLE,"1,300"
SURVEY,2006,PERSON,CATTLE,"3,700"
SURVEY,2006,PERSON,CATTLE,400
SURVEY,2006,ROCKINGHAM,CATTLE,"4,600"
SURVEY,2006,ROCKINGHAM,CATTLE,400
SURVEY,2006,STOKES,CATTLE,"4,200"
SURVEY,2006,STOKES,CATTLE,300
SURVEY,2006,VANCE,CATTLE,900
SURVEY,2006,WARREN,CATTLE,"4,100"
SURVEY,2006,WARREN,CATTLE,400
SURVEY,2006,BLADEN,CATTLE,"2,400"
SURVEY,2006,BRUNSWICK,CATTLE,"1,100"
SURVEY,2006,COLUMBUS,CATTLE,"4,300"
SURVEY,2006,CUMBERLAND,CATTLE,"2,100"
SURVEY,2006,DUPLIN,CATTLE,"10,600"
SURVEY,2006,HARNETT,CATTLE,"4,700"
SURVEY,2006,HARNETT,CATTLE,600
SURVEY,2006,ONSLOW,CATTLE,900
SURVEY,2006,OTHER (COMBINED) COUNTIES,CATTLE,700
SURVEY,2006,OTHER (COMBINED) COUNTIES,CATTLE,100
SURVEY,2006,PENDER,CATTLE,"1,100"
SURVEY,2006,ROBESON,CATTLE,"3,900"
SURVEY,2006,SAMPSON,CATTLE,"11,400"
SURVEY,2006,SAMPSON,CATTLE,600
SURVEY,2006,SCOTLAND,CATTLE,800
SURVEY,2006,ANSON,CATTLE,"4,100"
SURVEY,2006,CABARRUS,CATTLE,"6,200"
SURVEY,2006,CABARRUS,CATTLE,400
SURVEY,2006,CLEVELAND,CATTLE,"10,700"
SURVEY,2006,CLEVELAND,CATTLE,700
SURVEY,2006,GASTON,CATTLE,"2,800"
SURVEY,2006,GASTON,CATTLE,"1,800"
SURVEY,2006,LINCOLN,CATTLE,"4,200"
SURVEY,2006,LINCOLN,CATTLE,"1,200"
SURVEY,2006,MECKLENBURG,CATTLE,"2,500"
SURVEY,2006,MONTGOMERY,CATTLE,"3,000"
SURVEY,2006,MOORE,CATTLE,"3,500"
SURVEY,2006,OTHER (COMBINED) COUNTIES,CATTLE,200
SURVEY,2006,RICHMOND,CATTLE,"2,000"
SURVEY,2006,STANLY,CATTLE,"9,000"
SURVEY,2006,STANLY,CATTLE,700
SURVEY,2006,UNION,CATTLE,"12,000"
SURVEY,2006,UNION,CATTLE,400
SURVEY,2006,BUNCOMBE,CATTLE,"7,600"
SURVEY,2006,BUNCOMBE,CATTLE,"1,100"
SURVEY,2006,BURKE,CATTLE,"2,400"
SURVEY,2006,CHEROKEE,CATTLE,"2,000"
SURVEY,2006,CHEROKEE,CATTLE,200
SURVEY,2006,CLAY,CATTLE,"1,800"
SURVEY,2006,GRAHAM,CATTLE,600
SURVEY,2006,HAYWOOD,CATTLE,"7,600"
SURVEY,2006,HAYWOOD,CATTLE,"1,900"
SURVEY,2006,HENDERSON,CATTLE,"2,400"
SURVEY,2006,HENDERSON,CATTLE,"1,500"
SURVEY,2006,JACKSON,CATTLE,900
SURVEY,2006,MACON,CATTLE,"2,300"
SURVEY,2006,MADISON,CATTLE,"5,400"
SURVEY,2006,MCDOWELL,CATTLE,"1,300"
SURVEY,2006,MCDOWELL,CATTLE,300
SURVEY,2006,MITCHELL,CATTLE,"1,000"
SURVEY,2006,OTHER (COMBINED) COUNTIES,CATTLE,600
SURVEY,2006,POLK,CATTLE,"1,100"
SURVEY,2006,POLK,CATTLE,200
SURVEY,2006,RUTHERFORD,CATTLE,"5,500"
SURVEY,2006,RUTHERFORD,CATTLE,200
SURVEY,2006,SWAIN,CATTLE,400
SURVEY,2006,TRANSYLVANIA,CATTLE,"1,200"
SURVEY,2006,YANCEY,CATTLE,"2,500"
SURVEY,2006,BEAUFORT,CORN,"46,600"
SURVEY,2006,BEAUFORT,CORN,"46,600"
SURVEY,2006,BEAUFORT,COTTON,"26,400"
SURVEY,2006,BEAUFORT,HAY,700
SURVEY,2006,BEAUFORT,OATS,"1,500"
SURVEY,2006,BEAUFORT,PEANUTS,250
SURVEY,2006,BEAUFORT,POTATOES,"1,400"
SURVEY,2006,BEAUFORT,SORGHUM,890
SURVEY,2006,BEAUFORT,SOYBEANS,"57,000"
SURVEY,2006,BEAUFORT,TOBACCO,"1,950"
SURVEY,2006,BEAUFORT,WHEAT,"26,000"
SURVEY,2006,BEAUFORT,WHEAT,"26,000"
SURVEY,2006,CARTERET,CORN,"12,700"
SURVEY,2006,CARTERET,CORN,"12,700"
SURVEY,2006,CARTERET,COTTON,"2,550"
SURVEY,2006,CARTERET,HAY,200
SURVEY,2006,CARTERET,PEANUTS,100
SURVEY,2006,CARTERET,POTATOES,500
SURVEY,2006,CARTERET,SOYBEANS,"30,000"
SURVEY,2006,CARTERET,TOBACCO,100
SURVEY,2006,CARTERET,WHEAT,"2,400"
SURVEY,2006,CARTERET,WHEAT,"2,400"
SURVEY,2006,CRAVEN,CORN,"16,300"
SURVEY,2006,CRAVEN,CORN,"16,300"
SURVEY,2006,CRAVEN,COTTON,"17,000"
SURVEY,2006,CRAVEN,HAY,"2,000"
SURVEY,2006,CRAVEN,PEANUTS,450
SURVEY,2006,CRAVEN,SORGHUM,330
SURVEY,2006,CRAVEN,SOYBEANS,"16,600"
SURVEY,2006,CRAVEN,TOBACCO,"2,020"
SURVEY,2006,CRAVEN,WHEAT,"1,500"
SURVEY,2006,CRAVEN,WHEAT,"1,500"
SURVEY,2006,GREENE,CORN,"11,200"
SURVEY,2006,GREENE,CORN,"11,200"
SURVEY,2006,GREENE,COTTON,"20,800"
SURVEY,2006,GREENE,HAY,"1,500"
SURVEY,2006,GREENE,OATS,350
SURVEY,2006,GREENE,PEANUTS,900
SURVEY,2006,GREENE,SORGHUM,480
SURVEY,2006,GREENE,SOYBEANS,"21,350"
SURVEY,2006,GREENE,SWEET POTATOES,"2,300"
SURVEY,2006,GREENE,TOBACCO,"6,420"
SURVEY,2006,GREENE,TURKEYS,"940,000"
SURVEY,2006,GREENE,WHEAT,"3,600"
SURVEY,2006,GREENE,WHEAT,"3,600"
SURVEY,2006,HYDE,CORN,"25,200"
SURVEY,2006,HYDE,CORN,"24,800"
SURVEY,2006,HYDE,COTTON,"20,300"
SURVEY,2006,HYDE,HAY,200
SURVEY,2006,HYDE,SOYBEANS,"25,200"
SURVEY,2006,HYDE,WHEAT,"7,700"
SURVEY,2006,HYDE,WHEAT,"7,700"
SURVEY,2006,JOHNSTON,BARLEY,200
SURVEY,2006,JOHNSTON,CORN,"9,000"
SURVEY,2006,JOHNSTON,CORN,"8,900"
SURVEY,2006,JOHNSTON,COTTON,"17,700"
SURVEY,2006,JOHNSTON,HAY,"9,000"
SURVEY,2006,JOHNSTON,OATS,"1,000"
SURVEY,2006,JOHNSTON,PEANUTS,200
SURVEY,2006,JOHNSTON,SOYBEANS,"50,600"
SURVEY,2006,JOHNSTON,SWEET POTATOES,"6,100"
SURVEY,2006,JOHNSTON,TOBACCO,"10,100"
SURVEY,2006,JOHNSTON,TURKEYS,"660,000"
SURVEY,2006,JOHNSTON,WHEAT,"8,000"
SURVEY,2006,JOHNSTON,WHEAT,"8,000"
SURVEY,2006,JONES,CORN,"8,500"
SURVEY,2006,JONES,CORN,"8,500"
SURVEY,2006,JONES,COTTON,"27,000"
SURVEY,2006,JONES,HAY,"1,200"
SURVEY,2006,JONES,PEANUTS,850
SURVEY,2006,JONES,SOYBEANS,"8,750"
SURVEY,2006,JONES,TOBACCO,"1,720"
SURVEY,2006,JONES,WHEAT,"2,600"
SURVEY,2006,JONES,WHEAT,"2,600"
SURVEY,2006,LENOIR,CORN,"20,000"
SURVEY,2006,LENOIR,CORN,"20,000"
SURVEY,2006,LENOIR,COTTON,"35,600"
SURVEY,2006,LENOIR,HAY,"2,600"
SURVEY,2006,LENOIR,OATS,530
SURVEY,2006,LENOIR,PEANUTS,600
SURVEY,2006,LENOIR,SOYBEANS,"20,800"
SURVEY,2006,LENOIR,TOBACCO,"7,240"
SURVEY,2006,LENOIR,TURKEYS,"1,460,000"
SURVEY,2006,LENOIR,WHEAT,"8,400"
SURVEY,2006,LENOIR,WHEAT,"8,400"
SURVEY,2006,OTHER (COMBINED) COUNTIES,HAY,200
SURVEY,2006,OTHER (COMBINED) COUNTIES,OATS,220
SURVEY,2006,OTHER (COMBINED) COUNTIES,SORGHUM,800
SURVEY,2006,OTHER (COMBINED) COUNTIES,SWEET POTATOES,"1,200"
SURVEY,2006,OTHER (COMBINED) COUNTIES,TOBACCO,175
SURVEY,2006,OTHER (COMBINED) COUNTIES,TURKEYS,"390,000"
SURVEY,2006,PAMLICO,CORN,"11,300"
SURVEY,2006,PAMLICO,CORN,"11,300"
SURVEY,2006,PAMLICO,COTTON,"3,400"
SURVEY,2006,PAMLICO,POTATOES,"1,600"
SURVEY,2006,PAMLICO,SOYBEANS,"18,200"
SURVEY,2006,PAMLICO,TOBACCO,250
SURVEY,2006,PAMLICO,WHEAT,"6,800"
SURVEY,2006,PAMLICO,WHEAT,"6,800"
SURVEY,2006,PITT,CORN,"20,200"
SURVEY,2006,PITT,CORN,"20,200"
SURVEY,2006,PITT,COTTON,"33,550"
SURVEY,2006,PITT,HAY,"4,000"
SURVEY,2006,PITT,OATS,200
SURVEY,2006,PITT,PEANUTS,"4,400"
SURVEY,2006,PITT,SORGHUM,"2,500"
SURVEY,2006,PITT,SOYBEANS,"48,200"
SURVEY,2006,PITT,TOBACCO,"8,200"
SURVEY,2006,PITT,WHEAT,"11,000"
SURVEY,2006,PITT,WHEAT,"11,000"
SURVEY,2006,WAYNE,CORN,"31,100"
SURVEY,2006,WAYNE,CORN,"31,100"
SURVEY,2006,WAYNE,COTTON,"25,600"
SURVEY,2006,WAYNE,HAY,"8,300"
SURVEY,2006,WAYNE,OATS,"1,000"
SURVEY,2006,WAYNE,PEANUTS,800
SURVEY,2006,WAYNE,SOYBEANS,"48,200"
SURVEY,2006,WAYNE,SWEET POTATOES,"1,400"
SURVEY,2006,WAYNE,TOBACCO,"7,800"
SURVEY,2006,WAYNE,TURKEYS,"4,350,000"
SURVEY,2006,WAYNE,WHEAT,"21,000"
SURVEY,2006,WAYNE,WHEAT,"21,000"
SURVEY,2006,WILSON,CORN,"7,900"
SURVEY,2006,WILSON,CORN,"7,900"
SURVEY,2006,WILSON,COTTON,"24,800"
SURVEY,2006,WILSON,HAY,"1,100"
SURVEY,2006,WILSON,OATS,300
SURVEY,2006,WILSON,PEANUTS,"1,100"
SURVEY,2006,WILSON,SOYBEANS,"30,000"
SURVEY,2006,WILSON,SWEET POTATOES,"3,500"
SURVEY,2006,WILSON,TOBACCO,"8,200"
SURVEY,2006,WILSON,WHEAT,"4,200"
SURVEY,2006,WILSON,WHEAT,"4,200"
SURVEY,2006,ALEXANDER,BARLEY,700
SURVEY,2006,ALEXANDER,CORN,"2,300"
SURVEY,2006,ALEXANDER,CORN,800
SURVEY,2006,ALEXANDER,HAY,"9,500"
SURVEY,2006,ALEXANDER,SOYBEANS,"1,200"
SURVEY,2006,ALEXANDER,TOBACCO,525
SURVEY,2006,ALEXANDER,WHEAT,350
SURVEY,2006,ALEXANDER,WHEAT,350
SURVEY,2006,CATAWBA,BARLEY,400
SURVEY,2006,CATAWBA,CORN,"2,600"
SURVEY,2006,CATAWBA,CORN,"2,100"
SURVEY,2006,CATAWBA,HAY,"11,500"
SURVEY,2006,CATAWBA,SOYBEANS,"6,000"
SURVEY,2006,CATAWBA,WHEAT,"3,200"
SURVEY,2006,CATAWBA,WHEAT,"3,200"
SURVEY,2006,CHATHAM,CORN,"2,400"
SURVEY,2006,CHATHAM,CORN,"1,600"
SURVEY,2006,CHATHAM,HAY,"21,000"
SURVEY,2006,CHATHAM,OATS,200
SURVEY,2006,CHATHAM,SOYBEANS,"2,800"
SURVEY,2006,CHATHAM,TOBACCO,140
SURVEY,2006,CHATHAM,WHEAT,"1,000"
SURVEY,2006,CHATHAM,WHEAT,"1,000"
SURVEY,2006,DAVIDSON,BARLEY,400
SURVEY,2006,DAVIDSON,CORN,"6,200"
SURVEY,2006,DAVIDSON,CORN,"4,850"
SURVEY,2006,DAVIDSON,HAY,"19,000"
SURVEY,2006,DAVIDSON,OATS,600
SURVEY,2006,DAVIDSON,SOYBEANS,"7,500"
SURVEY,2006,DAVIDSON,TOBACCO,535
SURVEY,2006,DAVIDSON,WHEAT,"1,200"
SURVEY,2006,DAVIDSON,WHEAT,"1,200"
SURVEY,2006,DAVIE,BARLEY,250
SURVEY,2006,DAVIE,CORN,"4,800"
SURVEY,2006,DAVIE,CORN,"4,200"
SURVEY,2006,DAVIE,HAY,"14,700"
SURVEY,2006,DAVIE,SOYBEANS,"7,350"
SURVEY,2006,DAVIE,TOBACCO,260
SURVEY,2006,DAVIE,WHEAT,"2,300"
SURVEY,2006,DAVIE,WHEAT,"2,300"
SURVEY,2006,IREDELL,BARLEY,"2,500"
SURVEY,2006,IREDELL,CORN,"15,600"
SURVEY,2006,IREDELL,CORN,"5,800"
SURVEY,2006,IREDELL,HAY,"23,500"
SURVEY,2006,IREDELL,SOYBEANS,"12,550"
SURVEY,2006,IREDELL,TOBACCO,205
SURVEY,2006,IREDELL,WHEAT,"5,900"
SURVEY,2006,IREDELL,WHEAT,"5,900"
SURVEY,2006,LEE,CORN,800
SURVEY,2006,LEE,CORN,800
SURVEY,2006,LEE,HAY,"1,500"
SURVEY,2006,LEE,OATS,200
SURVEY,2006,LEE,SOYBEANS,"6,000"
SURVEY,2006,LEE,TOBACCO,"1,470"
SURVEY,2006,OTHER (COMBINED) COUNTIES,BARLEY,150
SURVEY,2006,OTHER (COMBINED) COUNTIES,COTTON,"3,150"
SURVEY,2006,OTHER (COMBINED) COUNTIES,OATS,500
SURVEY,2006,OTHER (COMBINED) COUNTIES,SORGHUM,450
SURVEY,2006,OTHER (COMBINED) COUNTIES,SWEET POTATOES,820
SURVEY,2006,OTHER (COMBINED) COUNTIES,TOBACCO,230
SURVEY,2006,OTHER (COMBINED) COUNTIES,WHEAT,600
SURVEY,2006,OTHER (COMBINED) COUNTIES,WHEAT,600
SURVEY,2006,RANDOLPH,BARLEY,500
SURVEY,2006,RANDOLPH,CORN,"7,500"
SURVEY,2006,RANDOLPH,CORN,"4,400"
SURVEY,2006,RANDOLPH,HAY,"21,000"
SURVEY,2006,RANDOLPH,OATS,300
SURVEY,2006,RANDOLPH,SOYBEANS,"10,000"
SURVEY,2006,RANDOLPH,TOBACCO,100
SURVEY,2006,RANDOLPH,TOBACCO,825
SURVEY,2006,RANDOLPH,WHEAT,"3,500"
SURVEY,2006,RANDOLPH,WHEAT,"3,500"
SURVEY,2006,ROWAN,BARLEY,"1,600"
SURVEY,2006,ROWAN,CORN,"8,600"
SURVEY,2006,ROWAN,CORN,"7,000"
SURVEY,2006,ROWAN,HAY,"16,000"
SURVEY,2006,ROWAN,OATS,250
SURVEY,2006,ROWAN,SOYBEANS,"16,500"
SURVEY,2006,ROWAN,WHEAT,"5,800"
SURVEY,2006,ROWAN,WHEAT,"5,800"
SURVEY,2006,WAKE,CORN,"1,200"
SURVEY,2006,WAKE,CORN,850
SURVEY,2006,WAKE,HAY,"4,300"
SURVEY,2006,WAKE,OATS,650
SURVEY,2006,WAKE,SOYBEANS,"18,400"
SURVEY,2006,WAKE,TOBACCO,"2,760"
SURVEY,2006,WAKE,WHEAT,"2,000"
SURVEY,2006,WAKE,WHEAT,"2,000"
SURVEY,2006,BERTIE,CORN,"16,700"
SURVEY,2006,BERTIE,CORN,"16,500"
SURVEY,2006,BERTIE,COTTON,"40,100"
SURVEY,2006,BERTIE,PEANUTS,"10,300"
SURVEY,2006,BERTIE,SOYBEANS,"16,800"
SURVEY,2006,BERTIE,TOBACCO,"1,550"
SURVEY,2006,BERTIE,WHEAT,"1,600"
SURVEY,2006,BERTIE,WHEAT,"1,600"
SURVEY,2006,CAMDEN,CORN,"13,900"
SURVEY,2006,CAMDEN,CORN,"13,900"
SURVEY,2006,CAMDEN,COTTON,950
SURVEY,2006,CAMDEN,SOYBEANS,"32,200"
SURVEY,2006,CAMDEN,WHEAT,"7,800"
SURVEY,2006,CAMDEN,WHEAT,"7,800"
SURVEY,2006,CHOWAN,CORN,"3,000"
SURVEY,2006,CHOWAN,CORN,"3,000"
SURVEY,2006,CHOWAN,COTTON,"18,700"
SURVEY,2006,CHOWAN,HAY,"1,300"
SURVEY,2006,CHOWAN,PEANUTS,"5,500"
SURVEY,2006,CHOWAN,SORGHUM,680
SURVEY,2006,CHOWAN,SOYBEANS,"7,000"
SURVEY,2006,CHOWAN,SWEET POTATOES,280
SURVEY,2006,CHOWAN,TOBACCO,140
SURVEY,2006,CHOWAN,WHEAT,"1,300"
SURVEY,2006,CHOWAN,WHEAT,"1,300"
SURVEY,2006,CURRITUCK,CORN,"8,500"
SURVEY,2006,CURRITUCK,CORN,"8,500"
SURVEY,2006,CURRITUCK,PEANUTS,250
SURVEY,2006,CURRITUCK,SOYBEANS,"16,700"
SURVEY,2006,CURRITUCK,WHEAT,"4,900"
SURVEY,2006,CURRITUCK,WHEAT,"4,900"
SURVEY,2006,DARE,CORN,400
SURVEY,2006,DARE,CORN,300
SURVEY,2006,DARE,SOYBEANS,"1,050"
SURVEY,2006,EDGECOMBE,CORN,"11,500"
SURVEY,2006,EDGECOMBE,CORN,"11,200"
SURVEY,2006,EDGECOMBE,COTTON,"52,000"
SURVEY,2006,EDGECOMBE,HAY,"2,800"
SURVEY,2006,EDGECOMBE,PEANUTS,"6,000"
SURVEY,2006,EDGECOMBE,SOYBEANS,"24,900"
SURVEY,2006,EDGECOMBE,SWEET POTATOES,"3,000"
SURVEY,2006,EDGECOMBE,TOBACCO,230
SURVEY,2006,EDGECOMBE,TOBACCO,"5,170"
SURVEY,2006,EDGECOMBE,WHEAT,"4,700"
SURVEY,2006,EDGECOMBE,WHEAT,"4,700"
SURVEY,2006,GATES,CORN,"5,200"
SURVEY,2006,GATES,CORN,"5,200"
SURVEY,2006,GATES,COTTON,"18,200"
SURVEY,2006,GATES,PEANUTS,"4,350"
SURVEY,2006,GATES,SOYBEANS,"11,550"
SURVEY,2006,GATES,TOBACCO,80
SURVEY,2006,GATES,WHEAT,"2,300"
SURVEY,2006,GATES,WHEAT,"2,300"
SURVEY,2006,HALIFAX,CORN,"6,800"
SURVEY,2006,HALIFAX,CORN,"6,250"
SURVEY,2006,HALIFAX,COTTON,"70,500"
SURVEY,2006,HALIFAX,HAY,"3,000"
SURVEY,2006,HALIFAX,PEANUTS,"4,800"
SURVEY,2006,HALIFAX,SORGHUM,200
SURVEY,2006,HALIFAX,SOYBEANS,"14,100"
SURVEY,2006,HALIFAX,TOBACCO,"1,620"
SURVEY,2006,HALIFAX,WHEAT,"2,700"
SURVEY,2006,HALIFAX,WHEAT,"2,700"
SURVEY,2006,HERTFORD,CORN,"8,800"
SURVEY,2006,HERTFORD,CORN,"8,800"
SURVEY,2006,HERTFORD,COTTON,"20,400"
SURVEY,2006,HERTFORD,PEANUTS,"3,400"
SURVEY,2006,HERTFORD,SOYBEANS,"10,150"
SURVEY,2006,HERTFORD,TOBACCO,"1,150"
SURVEY,2006,HERTFORD,WHEAT,"2,600"
SURVEY,2006,HERTFORD,WHEAT,"2,600"
SURVEY,2006,MARTIN,CORN,"3,900"
SURVEY,2006,MARTIN,CORN,"3,750"
SURVEY,2006,MARTIN,COTTON,"48,000"
SURVEY,2006,MARTIN,HAY,"2,200"
SURVEY,2006,MARTIN,PEANUTS,"8,100"
SURVEY,2006,MARTIN,SORGHUM,200
SURVEY,2006,MARTIN,SOYBEANS,"11,400"
SURVEY,2006,MARTIN,TOBACCO,"1,770"
SURVEY,2006,MARTIN,WHEAT,"4,400"
SURVEY,2006,MARTIN,WHEAT,"4,400"
SURVEY,2006,NASH,CORN,"2,800"
SURVEY,2006,NASH,CORN,"2,800"
SURVEY,2006,NASH,COTTON,"15,650"
SURVEY,2006,NASH,HAY,"4,500"
SURVEY,2006,NASH,OATS,400
SURVEY,2006,NASH,PEANUTS,"1,900"
SURVEY,2006,NASH,SOYBEANS,"27,000"
SURVEY,2006,NASH,SWEET POTATOES,"6,700"
SURVEY,2006,NASH,TOBACCO,"9,060"
SURVEY,2006,NASH,WHEAT,"3,400"
SURVEY,2006,NASH,WHEAT,"3,400"
SURVEY,2006,NORTHAMPTON,CORN,"2,600"
SURVEY,2006,NORTHAMPTON,CORN,"2,300"
SURVEY,2006,NORTHAMPTON,COTTON,"64,300"
SURVEY,2006,NORTHAMPTON,HAY,"2,000"
SURVEY,2006,NORTHAMPTON,PEANUTS,"2,800"
SURVEY,2006,NORTHAMPTON,SORGHUM,210
SURVEY,2006,NORTHAMPTON,SOYBEANS,"17,150"
SURVEY,2006,NORTHAMPTON,TOBACCO,170
SURVEY,2006,NORTHAMPTON,WHEAT,"3,600"
SURVEY,2006,NORTHAMPTON,WHEAT,"3,600"
SURVEY,2006,OTHER (COMBINED) COUNTIES,BARLEY,500
SURVEY,2006,OTHER (COMBINED) COUNTIES,HAY,700
SURVEY,2006,OTHER (COMBINED) COUNTIES,OATS,"1,050"
SURVEY,2006,OTHER (COMBINED) COUNTIES,PEANUTS,70
SURVEY,2006,OTHER (COMBINED) COUNTIES,POTATOES,"3,500"
SURVEY,2006,OTHER (COMBINED) COUNTIES,SORGHUM,500
SURVEY,2006,OTHER (COMBINED) COUNTIES,SWEET POTATOES,20
SURVEY,2006,OTHER (COMBINED) COUNTIES,TOBACCO,15
SURVEY,2006,OTHER (COMBINED) COUNTIES,WHEAT,800
SURVEY,2006,OTHER (COMBINED) COUNTIES,WHEAT,800
SURVEY,2006,PASQUOTANK,CORN,"17,800"
SURVEY,2006,PASQUOTANK,CORN,"17,800"
SURVEY,2006,PASQUOTANK,COTTON,"4,600"
SURVEY,2006,PASQUOTANK,HAY,200
SURVEY,2006,PASQUOTANK,PEANUTS,250
SURVEY,2006,PASQUOTANK,POTATOES,"3,600"
SURVEY,2006,PASQUOTANK,SORGHUM,"2,200"
SURVEY,2006,PASQUOTANK,SOYBEANS,"46,200"
SURVEY,2006,PASQUOTANK,WHEAT,"16,800"
SURVEY,2006,PASQUOTANK,WHEAT,"16,800"
SURVEY,2006,PERQUIMANS,CORN,"11,900"
SURVEY,2006,PERQUIMANS,CORN,"11,900"
SURVEY,2006,PERQUIMANS,COTTON,"22,100"
SURVEY,2006,PERQUIMANS,HAY,400
SURVEY,2006,PERQUIMANS,OATS,250
SURVEY,2006,PERQUIMANS,PEANUTS,"2,800"
SURVEY,2006,PERQUIMANS,SORGHUM,710
SURVEY,2006,PERQUIMANS,SOYBEANS,"28,700"
SURVEY,2006,PERQUIMANS,WHEAT,"8,900"
SURVEY,2006,PERQUIMANS,WHEAT,"8,900"
SURVEY,2006,TYRRELL,CORN,"24,800"
SURVEY,2006,TYRRELL,CORN,"24,800"
SURVEY,2006,TYRRELL,COTTON,"5,300"
SURVEY,2006,TYRRELL,OATS,300
SURVEY,2006,TYRRELL,POTATOES,"2,700"
SURVEY,2006,TYRRELL,SOYBEANS,"32,300"
SURVEY,2006,TYRRELL,WHEAT,"13,100"
SURVEY,2006,TYRRELL,WHEAT,"13,100"
SURVEY,2006,WASHINGTON,CORN,"25,400"
SURVEY,2006,WASHINGTON,CORN,"25,400"
SURVEY,2006,WASHINGTON,COTTON,"15,000"
SURVEY,2006,WASHINGTON,HAY,900
SURVEY,2006,WASHINGTON,PEANUTS,"2,080"
SURVEY,2006,WASHINGTON,POTATOES,"1,900"
SURVEY,2006,WASHINGTON,SORGHUM,400
SURVEY,2006,WASHINGTON,SOYBEANS,"28,800"
SURVEY,2006,WASHINGTON,TOBACCO,250
SURVEY,2006,WASHINGTON,WHEAT,"12,000"
SURVEY,2006,WASHINGTON,WHEAT,"12,000"
SURVEY,2006,ALLEGHANY,CORN,"2,200"
SURVEY,2006,ALLEGHANY,HAY,"11,000"
SURVEY,2006,ALLEGHANY,TOBACCO,125
SURVEY,2006,ASHE,HAY,"12,000"
SURVEY,2006,AVERY,HAY,900
SURVEY,2006,CALDWELL,CORN,900
SURVEY,2006,CALDWELL,CORN,700
SURVEY,2006,CALDWELL,HAY,"8,000"
SURVEY,2006,CALDWELL,SOYBEANS,700
SURVEY,2006,CALDWELL,TOBACCO,50
SURVEY,2006,CALDWELL,WHEAT,300
SURVEY,2006,CALDWELL,WHEAT,300
SURVEY,2006,OTHER (COMBINED) COUNTIES,BARLEY,150
SURVEY,2006,OTHER (COMBINED) COUNTIES,CORN,350
SURVEY,2006,OTHER (COMBINED) COUNTIES,CORN,50
SURVEY,2006,OTHER (COMBINED) COUNTIES,OATS,250
SURVEY,2006,OTHER (COMBINED) COUNTIES,TOBACCO,150
SURVEY,2006,SURRY,BARLEY,"1,450"
SURVEY,2006,SURRY,CORN,"7,350"
SURVEY,2006,SURRY,CORN,"6,500"
SURVEY,2006,SURRY,HAY,"16,400"
SURVEY,2006,SURRY,SOYBEANS,"8,500"
SURVEY,2006,SURRY,TOBACCO,325
SURVEY,2006,SURRY,TOBACCO,"3,560"
SURVEY,2006,SURRY,WHEAT,"2,100"
SURVEY,2006,SURRY,WHEAT,"2,100"
SURVEY,2006,WATAUGA,HAY,"5,900"
SURVEY,2006,WATAUGA,TOBACCO,100
SURVEY,2006,WILKES,BARLEY,500
SURVEY,2006,WILKES,CORN,"6,000"
SURVEY,2006,WILKES,CORN,"2,000"
SURVEY,2006,WILKES,HAY,"19,800"
SURVEY,2006,WILKES,SOYBEANS,400
SURVEY,2006,WILKES,TOBACCO,340
SURVEY,2006,YADKIN,BARLEY,"1,400"
SURVEY,2006,YADKIN,CORN,"12,200"
SURVEY,2006,YADKIN,CORN,"9,750"
SURVEY,2006,YADKIN,HAY,"10,000"
SURVEY,2006,YADKIN,SOYBEANS,"14,600"
SURVEY,2006,YADKIN,TOBACCO,130
SURVEY,2006,YADKIN,TOBACCO,"2,550"
SURVEY,2006,YADKIN,WHEAT,"3,400"
SURVEY,2006,YADKIN,WHEAT,"3,400"
SURVEY,2006,ALAMANCE,BARLEY,220
SURVEY,2006,ALAMANCE,CORN,"3,300"
SURVEY,2006,ALAMANCE,CORN,"2,600"
SURVEY,2006,ALAMANCE,HAY,"13,500"
SURVEY,2006,ALAMANCE,OATS,350
SURVEY,2006,ALAMANCE,SOYBEANS,"3,100"
SURVEY,2006,ALAMANCE,TOBACCO,"1,495"
SURVEY,2006,ALAMANCE,WHEAT,"2,900"
SURVEY,2006,ALAMANCE,WHEAT,"2,900"
SURVEY,2006,CASWELL,CORN,"1,200"
SURVEY,2006,CASWELL,CORN,750
SURVEY,2006,CASWELL,HAY,"12,000"
SURVEY,2006,CASWELL,SOYBEANS,"1,900"
SURVEY,2006,CASWELL,TOBACCO,140
SURVEY,2006,CASWELL,TOBACCO,"2,400"
SURVEY,2006,CASWELL,WHEAT,"1,400"
SURVEY,2006,CASWELL,WHEAT,"1,400"
SURVEY,2006,DURHAM,HAY,"2,500"
SURVEY,2006,DURHAM,SOYBEANS,950
SURVEY,2006,DURHAM,TOBACCO,245
SURVEY,2006,DURHAM,WHEAT,400
SURVEY,2006,DURHAM,WHEAT,400
SURVEY,2006,FORSYTH,CORN,"1,700"
SURVEY,2006,FORSYTH,CORN,"1,600"
SURVEY,2006,FORSYTH,HAY,"8,000"
SURVEY,2006,FORSYTH,SOYBEANS,"3,100"
SURVEY,2006,FORSYTH,TOBACCO,630
SURVEY,2006,FORSYTH,WHEAT,900
SURVEY,2006,FORSYTH,WHEAT,900
SURVEY,2006,FRANKLIN,CORN,"1,550"
SURVEY,2006,FRANKLIN,CORN,"1,550"
SURVEY,2006,FRANKLIN,HAY,"11,900"
SURVEY,2006,FRANKLIN,OATS,"1,100"
SURVEY,2006,FRANKLIN,SOYBEANS,"18,700"
SURVEY,2006,FRANKLIN,TOBACCO,120
SURVEY,2006,FRANKLIN,TOBACCO,"3,425"
SURVEY,2006,FRANKLIN,WHEAT,"4,500"
SURVEY,2006,FRANKLIN,WHEAT,"4,500"
SURVEY,2006,GRANVILLE,CORN,"1,850"
SURVEY,2006,GRANVILLE,CORN,"1,400"
SURVEY,2006,GRANVILLE,HAY,"9,500"
SURVEY,2006,GRANVILLE,OATS,300
SURVEY,2006,GRANVILLE,SOYBEANS,"4,300"
SURVEY,2006,GRANVILLE,TOBACCO,115
SURVEY,2006,GRANVILLE,TOBACCO,"2,790"
SURVEY,2006,GRANVILLE,WHEAT,"2,000"
SURVEY,2006,GRANVILLE,WHEAT,"2,000"
SURVEY,2006,GUILFORD,BARLEY,900
SURVEY,2006,GUILFORD,CORN,"5,600"
SURVEY,2006,GUILFORD,CORN,"5,000"
SURVEY,2006,GUILFORD,HAY,"14,400"
SURVEY,2006,GUILFORD,OATS,650
SURVEY,2006,GUILFORD,SOYBEANS,"8,700"
SURVEY,2006,GUILFORD,TOBACCO,"1,590"
SURVEY,2006,GUILFORD,WHEAT,"5,000"
SURVEY,2006,GUILFORD,WHEAT,"5,000"
SURVEY,2006,ORANGE,BARLEY,300
SURVEY,2006,ORANGE,CORN,"2,800"
SURVEY,2006,ORANGE,CORN,"1,650"
SURVEY,2006,ORANGE,HAY,"13,400"
SURVEY,2006,ORANGE,OATS,320
SURVEY,2006,ORANGE,SOYBEANS,"3,300"
SURVEY,2006,ORANGE,TOBACCO,775
SURVEY,2006,ORANGE,WHEAT,"2,200"
SURVEY,2006,ORANGE,WHEAT,"2,200"
SURVEY,2006,OTHER (COMBINED) COUNTIES,BARLEY,490
SURVEY,2006,OTHER (COMBINED) COUNTIES,CORN,500
SURVEY,2006,OTHER (COMBINED) COUNTIES,CORN,350
SURVEY,2006,OTHER (COMBINED) COUNTIES,COTTON,345
SURVEY,2006,OTHER (COMBINED) COUNTIES,OATS,530
SURVEY,2006,OTHER (COMBINED) COUNTIES,SORGHUM,700
SURVEY,2006,OTHER (COMBINED) COUNTIES,TOBACCO,160
SURVEY,2006,OTHER (COMBINED) COUNTIES,WHEAT,150
SURVEY,2006,OTHER (COMBINED) COUNTIES,WHEAT,150
SURVEY,2006,PERSON,CORN,"2,600"
SURVEY,2006,PERSON,CORN,"2,500"
SURVEY,2006,PERSON,HAY,"8,500"
SURVEY,2006,PERSON,SOYBEANS,"12,300"
SURVEY,2006,PERSON,TOBACCO,155
SURVEY,2006,PERSON,TOBACCO,"3,190"
SURVEY,2006,PERSON,WHEAT,"6,500"
SURVEY,2006,PERSON,WHEAT,"6,500"
SURVEY,2006,ROCKINGHAM,BARLEY,250
SURVEY,2006,ROCKINGHAM,CORN,"2,900"
SURVEY,2006,ROCKINGHAM,CORN,"1,850"
SURVEY,2006,ROCKINGHAM,HAY,"15,500"
SURVEY,2006,ROCKINGHAM,OATS,300
SURVEY,2006,ROCKINGHAM,SOYBEANS,"3,300"
SURVEY,2006,ROCKINGHAM,TOBACCO,435
SURVEY,2006,ROCKINGHAM,TOBACCO,"3,690"
SURVEY,2006,ROCKINGHAM,WHEAT,"4,400"
SURVEY,2006,ROCKINGHAM,WHEAT,"4,400"
SURVEY,2006,STOKES,CORN,"1,300"
SURVEY,2006,STOKES,CORN,"1,150"
SURVEY,2006,STOKES,HAY,"12,500"
SURVEY,2006,STOKES,SOYBEANS,"1,550"
SURVEY,2006,STOKES,TOBACCO,250
SURVEY,2006,STOKES,TOBACCO,"2,190"
SURVEY,2006,VANCE,HAY,"2,300"
SURVEY,2006,VANCE,OATS,200
SURVEY,2006,VANCE,SOYBEANS,"7,500"
SURVEY,2006,VANCE,TOBACCO,"1,975"
SURVEY,2006,VANCE,WHEAT,"1,700"
SURVEY,2006,VANCE,WHEAT,"1,700"
SURVEY,2006,WARREN,BARLEY,240
SURVEY,2006,WARREN,CORN,700
SURVEY,2006,WARREN,CORN,500
SURVEY,2006,WARREN,COTTON,"2,030"
SURVEY,2006,WARREN,HAY,"5,000"
SURVEY,2006,WARREN,OATS,450
SURVEY,2006,WARREN,SOYBEANS,"6,800"
SURVEY,2006,WARREN,TOBACCO,705
SURVEY,2006,WARREN,WHEAT,"1,000"
SURVEY,2006,WARREN,WHEAT,"1,000"
SURVEY,2006,BLADEN,CORN,"24,500"
SURVEY,2006,BLADEN,CORN,"24,300"
SURVEY,2006,BLADEN,COTTON,"8,400"
SURVEY,2006,BLADEN,HAY,"7,000"
SURVEY,2006,BLADEN,OATS,500
SURVEY,2006,BLADEN,PEANUTS,"4,980"
SURVEY,2006,BLADEN,SOYBEANS,"18,250"
SURVEY,2006,BLADEN,SWEET POTATOES,500
SURVEY,2006,BLADEN,TOBACCO,"1,800"
SURVEY,2006,BLADEN,TURKEYS,"550,000"
SURVEY,2006,BLADEN,WHEAT,"3,100"
SURVEY,2006,BLADEN,WHEAT,"3,100"
SURVEY,2006,BRUNSWICK,CORN,"5,500"
SURVEY,2006,BRUNSWICK,CORN,"5,350"
SURVEY,2006,BRUNSWICK,HAY,"2,500"
SURVEY,2006,BRUNSWICK,OATS,200
SURVEY,2006,BRUNSWICK,PEANUTS,200
SURVEY,2006,BRUNSWICK,SOYBEANS,"8,600"
SURVEY,2006,BRUNSWICK,TOBACCO,900
SURVEY,2006,BRUNSWICK,WHEAT,500
SURVEY,2006,BRUNSWICK,WHEAT,500
SURVEY,2006,COLUMBUS,CORN,"32,700"
SURVEY,2006,COLUMBUS,CORN,"32,500"
SURVEY,2006,COLUMBUS,COTTON,"8,000"
SURVEY,2006,COLUMBUS,HAY,"3,000"
SURVEY,2006,COLUMBUS,OATS,600
SURVEY,2006,COLUMBUS,PEANUTS,"7,700"
SURVEY,2006,COLUMBUS,SORGHUM,470
SURVEY,2006,COLUMBUS,SOYBEANS,"65,200"
SURVEY,2006,COLUMBUS,SWEET POTATOES,"1,900"
SURVEY,2006,COLUMBUS,TOBACCO,"5,400"
SURVEY,2006,COLUMBUS,WHEAT,"9,000"
SURVEY,2006,COLUMBUS,WHEAT,"9,000"
SURVEY,2006,CUMBERLAND,CORN,"10,400"
SURVEY,2006,CUMBERLAND,CORN,"10,200"
SURVEY,2006,CUMBERLAND,COTTON,"11,700"
SURVEY,2006,CUMBERLAND,HAY,"2,500"
SURVEY,2006,CUMBERLAND,OATS,400
SURVEY,2006,CUMBERLAND,PEANUTS,300
SURVEY,2006,CUMBERLAND,SOYBEANS,"16,600"
SURVEY,2006,CUMBERLAND,SWEET POTATOES,"1,700"
SURVEY,2006,CUMBERLAND,TOBACCO,"1,740"
SURVEY,2006,CUMBERLAND,WHEAT,"4,500"
SURVEY,2006,CUMBERLAND,WHEAT,"4,500"
SURVEY,2006,DUPLIN,CORN,"46,100"
SURVEY,2006,DUPLIN,CORN,"45,600"
SURVEY,2006,DUPLIN,COTTON,"17,800"
SURVEY,2006,DUPLIN,HAY,"30,000"
SURVEY,2006,DUPLIN,OATS,"1,700"
SURVEY,2006,DUPLIN,PEANUTS,"2,400"
SURVEY,2006,DUPLIN,SOYBEANS,"42,500"
SURVEY,2006,DUPLIN,SWEET POTATOES,"1,200"
SURVEY,2006,DUPLIN,TOBACCO,"6,160"
SURVEY,2006,DUPLIN,TURKEYS,"10,120,000"
SURVEY,2006,DUPLIN,WHEAT,"16,500"
SURVEY,2006,DUPLIN,WHEAT,"16,500"
SURVEY,2006,HARNETT,CORN,"4,100"
SURVEY,2006,HARNETT,CORN,"3,700"
SURVEY,2006,HARNETT,COTTON,"14,700"
SURVEY,2006,HARNETT,HAY,"4,700"
SURVEY,2006,HARNETT,OATS,"1,150"
SURVEY,2006,HARNETT,PEANUTS,300
SURVEY,2006,HARNETT,SOYBEANS,"24,550"
SURVEY,2006,HARNETT,SWEET POTATOES,"1,500"
SURVEY,2006,HARNETT,TOBACCO,"5,730"
SURVEY,2006,HARNETT,WHEAT,"4,000"
SURVEY,2006,HARNETT,WHEAT,"4,000"
SURVEY,2006,HOKE,CORN,"2,900"
SURVEY,2006,HOKE,CORN,"2,800"
SURVEY,2006,HOKE,COTTON,"16,300"
SURVEY,2006,HOKE,HAY,"2,000"
SURVEY,2006,HOKE,OATS,200
SURVEY,2006,HOKE,SOYBEANS,"8,050"
SURVEY,2006,HOKE,TOBACCO,630
SURVEY,2006,HOKE,WHEAT,"3,400"
SURVEY,2006,HOKE,WHEAT,"3,400"
SURVEY,2006,NEW HANOVER,CORN,600
SURVEY,2006,NEW HANOVER,CORN,600
SURVEY,2006,NEW HANOVER,SOYBEANS,750
SURVEY,2006,ONSLOW,CORN,"10,300"
SURVEY,2006,ONSLOW,CORN,"10,200"
SURVEY,2006,ONSLOW,COTTON,"7,000"
SURVEY,2006,ONSLOW,HAY,"2,100"
SURVEY,2006,ONSLOW,PEANUTS,330
SURVEY,2006,ONSLOW,SOYBEANS,"12,750"
SURVEY,2006,ONSLOW,TOBACCO,"1,620"
SURVEY,2006,ONSLOW,TURKEYS,"2,210,000"
SURVEY,2006,ONSLOW,WHEAT,"3,000"
SURVEY,2006,ONSLOW,WHEAT,"3,000"
SURVEY,2006,OTHER (COMBINED) COUNTIES,BARLEY,900
SURVEY,2006,OTHER (COMBINED) COUNTIES,OATS,250
SURVEY,2006,OTHER (COMBINED) COUNTIES,PEANUTS,20
SURVEY,2006,OTHER (COMBINED) COUNTIES,POTATOES,300
SURVEY,2006,OTHER (COMBINED) COUNTIES,SORGHUM,530
SURVEY,2006,OTHER (COMBINED) COUNTIES,TURKEYS,"990,000"
SURVEY,2006,PENDER,CORN,"12,500"
SURVEY,2006,PENDER,CORN,"12,300"
SURVEY,2006,PENDER,COTTON,"7,100"
SURVEY,2006,PENDER,HAY,"1,900"
SURVEY,2006,PENDER,SOYBEANS,"13,550"
SURVEY,2006,PENDER,TOBACCO,770
SURVEY,2006,PENDER,TURKEYS,"600,000"
SURVEY,2006,PENDER,WHEAT,"3,900"
SURVEY,2006,PENDER,WHEAT,"3,900"
SURVEY,2006,ROBESON,CORN,"49,900"
SURVEY,2006,ROBESON,CORN,"49,600"
SURVEY,2006,ROBESON,COTTON,"31,300"
SURVEY,2006,ROBESON,HAY,"10,500"
SURVEY,2006,ROBESON,OATS,"1,600"
SURVEY,2006,ROBESON,PEANUTS,750
SURVEY,2006,ROBESON,SOYBEANS,"93,000"
SURVEY,2006,ROBESON,TOBACCO,"6,000"
SURVEY,2006,ROBESON,TURKEYS,"620,000"
SURVEY,2006,ROBESON,WHEAT,"40,000"
SURVEY,2006,ROBESON,WHEAT,"40,000"
SURVEY,2006,SAMPSON,CORN,"35,100"
SURVEY,2006,SAMPSON,CORN,"34,400"
SURVEY,2006,SAMPSON,COTTON,"38,600"
SURVEY,2006,SAMPSON,HAY,"28,000"
SURVEY,2006,SAMPSON,OATS,900
SURVEY,2006,SAMPSON,PEANUTS,"4,580"
SURVEY,2006,SAMPSON,SOYBEANS,"46,700"
SURVEY,2006,SAMPSON,SWEET POTATOES,"6,700"
SURVEY,2006,SAMPSON,TOBACCO,"8,700"
SURVEY,2006,SAMPSON,TURKEYS,"9,610,000"
SURVEY,2006,SAMPSON,WHEAT,"18,200"
SURVEY,2006,SAMPSON,WHEAT,"18,200"
SURVEY,2006,SCOTLAND,CORN,"1,400"
SURVEY,2006,SCOTLAND,CORN,"1,350"
SURVEY,2006,SCOTLAND,COTTON,"17,200"
SURVEY,2006,SCOTLAND,HAY,800
SURVEY,2006,SCOTLAND,PEANUTS,140
SURVEY,2006,SCOTLAND,SOYBEANS,"6,500"
SURVEY,2006,SCOTLAND,TOBACCO,200
SURVEY,2006,SCOTLAND,WHEAT,"1,500"
SURVEY,2006,SCOTLAND,WHEAT,"1,500"
SURVEY,2006,ANSON,CORN,"5,500"
SURVEY,2006,ANSON,CORN,"5,400"
SURVEY,2006,ANSON,COTTON,"3,710"
SURVEY,2006,ANSON,HAY,"4,500"
SURVEY,2006,ANSON,OATS,450
SURVEY,2006,ANSON,SOYBEANS,"11,300"
SURVEY,2006,ANSON,TURKEYS,"1,410,000"
SURVEY,2006,ANSON,WHEAT,"3,800"
SURVEY,2006,ANSON,WHEAT,"3,800"
SURVEY,2006,CABARRUS,BARLEY,450
SURVEY,2006,CABARRUS,CORN,"3,300"
SURVEY,2006,CABARRUS,CORN,"2,650"
SURVEY,2006,CABARRUS,HAY,"14,000"
SURVEY,2006,CABARRUS,OATS,"1,000"
SURVEY,2006,CABARRUS,SOYBEANS,"7,400"
SURVEY,2006,CABARRUS,WHEAT,"2,600"
SURVEY,2006,CABARRUS,WHEAT,"2,600"
SURVEY,2006,CLEVELAND,BARLEY,450
SURVEY,2006,CLEVELAND,CORN,"1,500"
SURVEY,2006,CLEVELAND,CORN,"1,000"
SURVEY,2006,CLEVELAND,COTTON,"2,260"
SURVEY,2006,CLEVELAND,HAY,"16,000"
SURVEY,2006,CLEVELAND,OATS,450
SURVEY,2006,CLEVELAND,SOYBEANS,"9,750"
SURVEY,2006,CLEVELAND,WHEAT,"3,600"
SURVEY,2006,CLEVELAND,WHEAT,"3,600"
SURVEY,2006,GASTON,BARLEY,200
SURVEY,2006,GASTON,HAY,"9,500"
SURVEY,2006,GASTON,SOYBEANS,"1,100"
SURVEY,2006,GASTON,WHEAT,800
SURVEY,2006,GASTON,WHEAT,800
SURVEY,2006,LINCOLN,BARLEY,450
SURVEY,2006,LINCOLN,HAY,"9,000"
SURVEY,2006,LINCOLN,OATS,250
SURVEY,2006,LINCOLN,SOYBEANS,"5,550"
SURVEY,2006,LINCOLN,WHEAT,"2,100"
SURVEY,2006,LINCOLN,WHEAT,"2,100"
SURVEY,2006,MECKLENBURG,CORN,800
SURVEY,2006,MECKLENBURG,CORN,550
SURVEY,2006,MECKLENBURG,HAY,"5,000"
SURVEY,2006,MECKLENBURG,SOYBEANS,900
SURVEY,2006,MECKLENBURG,WHEAT,"1,000"
SURVEY,2006,MECKLENBURG,WHEAT,"1,000"
SURVEY,2006,MONTGOMERY,CORN,600
SURVEY,2006,MONTGOMERY,CORN,550
SURVEY,2006,MONTGOMERY,COTTON,"1,640"
SURVEY,2006,MONTGOMERY,HAY,"4,000"
SURVEY,2006,MONTGOMERY,SOYBEANS,350
SURVEY,2006,MONTGOMERY,TOBACCO,175
SURVEY,2006,MOORE,CORN,"1,000"
SURVEY,2006,MOORE,CORN,950
SURVEY,2006,MOORE,HAY,"7,500"
SURVEY,2006,MOORE,SOYBEANS,"5,400"
SURVEY,2006,MOORE,TOBACCO,"1,200"
SURVEY,2006,MOORE,WHEAT,500
SURVEY,2006,MOORE,WHEAT,500
SURVEY,2006,OTHER (COMBINED) COUNTIES,BARLEY,200
SURVEY,2006,OTHER (COMBINED) COUNTIES,CORN,"4,000"
SURVEY,2006,OTHER (COMBINED) COUNTIES,CORN,"2,100"
SURVEY,2006,OTHER (COMBINED) COUNTIES,COTTON,790
SURVEY,2006,OTHER (COMBINED) COUNTIES,OATS,450
SURVEY,2006,OTHER (COMBINED) COUNTIES,SORGHUM,650
SURVEY,2006,OTHER (COMBINED) COUNTIES,TURKEYS,"130,000"
SURVEY,2006,OTHER (COMBINED) COUNTIES,WHEAT,200
SURVEY,2006,OTHER (COMBINED) COUNTIES,WHEAT,200
SURVEY,2006,RICHMOND,CORN,"2,000"
SURVEY,2006,RICHMOND,CORN,"2,000"
SURVEY,2006,RICHMOND,COTTON,"3,380"
SURVEY,2006,RICHMOND,HAY,"3,500"
SURVEY,2006,RICHMOND,SOYBEANS,"1,450"
SURVEY,2006,RICHMOND,TOBACCO,695
SURVEY,2006,STANLY,BARLEY,700
SURVEY,2006,STANLY,CORN,"8,500"
SURVEY,2006,STANLY,CORN,"7,800"
SURVEY,2006,STANLY,COTTON,"12,800"
SURVEY,2006,STANLY,HAY,"10,500"
SURVEY,2006,STANLY,OATS,650
SURVEY,2006,STANLY,SOYBEANS,"16,500"
SURVEY,2006,STANLY,TURKEYS,"1,010,000"
SURVEY,2006,STANLY,WHEAT,"6,500"
SURVEY,2006,STANLY,WHEAT,"6,500"
SURVEY,2006,UNION,BARLEY,250
SURVEY,2006,UNION,CORN,"25,800"
SURVEY,2006,UNION,CORN,"25,700"
SURVEY,2006,UNION,COTTON,"5,970"
SURVEY,2006,UNION,HAY,"15,500"
SURVEY,2006,UNION,OATS,750
SURVEY,2006,UNION,SOYBEANS,"52,000"
SURVEY,2006,UNION,TURKEYS,"2,450,000"
SURVEY,2006,UNION,WHEAT,"32,000"
SURVEY,2006,UNION,WHEAT,"32,000"
SURVEY,2006,BUNCOMBE,HAY,"15,500"
SURVEY,2006,BUNCOMBE,TOBACCO,220
SURVEY,2006,BURKE,CORN,900
SURVEY,2006,BURKE,CORN,800
SURVEY,2006,BURKE,HAY,"6,000"
SURVEY,2006,BURKE,SOYBEANS,625
SURVEY,2006,CHEROKEE,CORN,650
SURVEY,2006,CHEROKEE,CORN,550
SURVEY,2006,CHEROKEE,HAY,"3,800"
SURVEY,2006,CLAY,HAY,"2,500"
SURVEY,2006,GRAHAM,HAY,"1,200"
SURVEY,2006,HAYWOOD,HAY,"8,500"
SURVEY,2006,HENDERSON,CORN,"3,200"
SURVEY,2006,HENDERSON,CORN,"1,350"
SURVEY,2006,HENDERSON,HAY,"4,500"
SURVEY,2006,JACKSON,HAY,"1,000"
SURVEY,2006,MACON,HAY,"5,000"
SURVEY,2006,MADISON,HAY,"7,000"
SURVEY,2006,MADISON,TOBACCO,335
SURVEY,2006,MCDOWELL,HAY,"3,000"
SURVEY,2006,MITCHELL,HAY,"3,800"
SURVEY,2006,OTHER (COMBINED) COUNTIES,BARLEY,300
SURVEY,2006,OTHER (COMBINED) COUNTIES,CORN,"4,450"
SURVEY,2006,OTHER (COMBINED) COUNTIES,CORN,925
SURVEY,2006,OTHER (COMBINED) COUNTIES,COTTON,325
SURVEY,2006,OTHER (COMBINED) COUNTIES,OATS,250
SURVEY,2006,OTHER (COMBINED) COUNTIES,SOYBEANS,700
SURVEY,2006,OTHER (COMBINED) COUNTIES,TOBACCO,200
SURVEY,2006,OTHER (COMBINED) COUNTIES,WHEAT,500
SURVEY,2006,OTHER (COMBINED) COUNTIES,WHEAT,500
SURVEY,2006,POLK,HAY,"3,000"
SURVEY,2006,RUTHERFORD,HAY,"17,500"
SURVEY,2006,RUTHERFORD,SOYBEANS,"1,075"
SURVEY,2006,SWAIN,HAY,800
SURVEY,2006,TRANSYLVANIA,CORN,800
SURVEY,2006,TRANSYLVANIA,CORN,575
SURVEY,2006,TRANSYLVANIA,HAY,"4,000"
SURVEY,2006,YANCEY,HAY,"4,900"
SURVEY,2006,YANCEY,TOBACCO,110
SURVEY,2005,OTHER (COMBINED) COUNTIES,CHICKENS,"305,000"
SURVEY,2005,WAYNE,CHICKENS,"215,000"
SURVEY,2005,ALEXANDER,CHICKENS,"1,674,000"
SURVEY,2005,CHATHAM,CHICKENS,"550,000"
SURVEY,2005,DAVIDSON,CHICKENS,"110,000"
SURVEY,2005,DAVIE,CHICKENS,"205,000"
SURVEY,2005,IREDELL,CHICKENS,"1,570,000"
SURVEY,2005,OTHER (COMBINED) COUNTIES,CHICKENS,"121,000"
SURVEY,2005,RANDOLPH,CHICKENS,"1,140,000"
SURVEY,2005,ROWAN,CHICKENS,"130,000"
SURVEY,2005,NASH,CHICKENS,"2,250,000"
SURVEY,2005,OTHER (COMBINED) COUNTIES,CHICKENS,"290,000"
SURVEY,2005,OTHER (COMBINED) COUNTIES,CHICKENS,"67,000"
SURVEY,2005,SURRY,CHICKENS,"469,000"
SURVEY,2005,WILKES,CHICKENS,"1,000,000"
SURVEY,2005,YADKIN,CHICKENS,"1,564,000"
SURVEY,2005,ALAMANCE,CHICKENS,"360,000"
SURVEY,2005,FRANKLIN,CHICKENS,"320,000"
SURVEY,2005,GUILFORD,CHICKENS,"219,000"
SURVEY,2005,OTHER (COMBINED) COUNTIES,CHICKENS,"621,000"
SURVEY,2005,DUPLIN,CHICKENS,"675,000"
SURVEY,2005,OTHER (COMBINED) COUNTIES,CHICKENS,"166,000"
SURVEY,2005,SAMPSON,CHICKENS,"470,000"
SURVEY,2005,ANSON,CHICKENS,"170,000"
SURVEY,2005,CABARRUS,CHICKENS,"168,000"
SURVEY,2005,OTHER (COMBINED) COUNTIES,CHICKENS,"312,000"
SURVEY,2005,STANLY,CHICKENS,"400,000"
SURVEY,2005,UNION,CHICKENS,"1,450,000"
SURVEY,2005,OTHER (COMBINED) COUNTIES,CHICKENS,"970,000"
SURVEY,2005,BEAUFORT,CATTLE,525
SURVEY,2005,CRAVEN,CATTLE,725
SURVEY,2005,GREENE,CATTLE,"1,100"
SURVEY,2005,JOHNSTON,CATTLE,"8,200"
SURVEY,2005,JONES,CATTLE,750
SURVEY,2005,LENOIR,CATTLE,"1,900"
SURVEY,2005,OTHER (COMBINED) COUNTIES,CATTLE,375
SURVEY,2005,OTHER (COMBINED) COUNTIES,CATTLE,400
SURVEY,2005,PITT,CATTLE,"2,000"
SURVEY,2005,WAYNE,CATTLE,"4,500"
SURVEY,2005,WILSON,CATTLE,925
SURVEY,2005,ALEXANDER,CATTLE,"7,900"
SURVEY,2005,ALEXANDER,CATTLE,"2,400"
SURVEY,2005,CATAWBA,CATTLE,"6,500"
SURVEY,2005,CATAWBA,CATTLE,700
SURVEY,2005,CHATHAM,CATTLE,"16,700"
SURVEY,2005,CHATHAM,CATTLE,"1,400"
SURVEY,2005,DAVIDSON,CATTLE,"7,400"
SURVEY,2005,DAVIDSON,CATTLE,"1,600"
SURVEY,2005,DAVIE,CATTLE,"8,400"
SURVEY,2005,DAVIE,CATTLE,800
SURVEY,2005,IREDELL,CATTLE,"14,900"
SURVEY,2005,IREDELL,CATTLE,"11,000"
SURVEY,2005,LEE,CATTLE,"1,800"
SURVEY,2005,OTHER (COMBINED) COUNTIES,CATTLE,200
SURVEY,2005,RANDOLPH,CATTLE,"17,200"
SURVEY,2005,RANDOLPH,CATTLE,"3,700"
SURVEY,2005,ROWAN,CATTLE,"8,900"
SURVEY,2005,ROWAN,CATTLE,"2,300"
SURVEY,2005,WAKE,CATTLE,"3,300"
SURVEY,2005,BERTIE,CATTLE,450
SURVEY,2005,CHOWAN,CATTLE,550
SURVEY,2005,EDGECOMBE,CATTLE,"1,800"
SURVEY,2005,GATES,CATTLE,525
SURVEY,2005,HALIFAX,CATTLE,"3,000"
SURVEY,2005,MARTIN,CATTLE,800
SURVEY,2005,NASH,CATTLE,"4,700"
SURVEY,2005,NORTHAMPTON,CATTLE,875
SURVEY,2005,OTHER (COMBINED) COUNTIES,CATTLE,825
SURVEY,2005,OTHER (COMBINED) COUNTIES,CATTLE,600
SURVEY,2005,PASQUOTANK,CATTLE,350
SURVEY,2005,PERQUIMANS,CATTLE,650
SURVEY,2005,WASHINGTON,CATTLE,475
SURVEY,2005,ALLEGHANY,CATTLE,"7,000"
SURVEY,2005,ALLEGHANY,CATTLE,"3,200"
SURVEY,2005,ASHE,CATTLE,"7,700"
SURVEY,2005,AVERY,CATTLE,600
SURVEY,2005,CALDWELL,CATTLE,"2,300"
SURVEY,2005,OTHER (COMBINED) COUNTIES,CATTLE,"1,000"
SURVEY,2005,SURRY,CATTLE,"10,200"
SURVEY,2005,SURRY,CATTLE,500
SURVEY,2005,WATAUGA,CATTLE,"4,000"
SURVEY,2005,WILKES,CATTLE,"15,900"
SURVEY,2005,WILKES,CATTLE,"1,300"
SURVEY,2005,YADKIN,CATTLE,"10,300"
SURVEY,2005,YADKIN,CATTLE,"2,000"
SURVEY,2005,ALAMANCE,CATTLE,"7,600"
SURVEY,2005,ALAMANCE,CATTLE,"1,800"
SURVEY,2005,CASWELL,CATTLE,"4,300"
SURVEY,2005,DURHAM,CATTLE,"1,000"
SURVEY,2005,FORSYTH,CATTLE,"2,600"
SURVEY,2005,FRANKLIN,CATTLE,"4,400"
SURVEY,2005,GRANVILLE,CATTLE,"5,000"
SURVEY,2005,GRANVILLE,CATTLE,500
SURVEY,2005,GUILFORD,CATTLE,"5,900"
SURVEY,2005,GUILFORD,CATTLE,"1,700"
SURVEY,2005,ORANGE,CATTLE,"4,700"
SURVEY,2005,ORANGE,CATTLE,"1,600"
SURVEY,2005,OTHER (COMBINED) COUNTIES,CATTLE,"1,200"
SURVEY,2005,PERSON,CATTLE,"3,700"
SURVEY,2005,ROCKINGHAM,CATTLE,"4,700"
SURVEY,2005,ROCKINGHAM,CATTLE,600
SURVEY,2005,STOKES,CATTLE,"4,900"
SURVEY,2005,VANCE,CATTLE,900
SURVEY,2005,WARREN,CATTLE,"4,300"
SURVEY,2005,WARREN,CATTLE,900
SURVEY,2005,BLADEN,CATTLE,"3,300"
SURVEY,2005,BRUNSWICK,CATTLE,"1,300"
SURVEY,2005,COLUMBUS,CATTLE,"5,100"
SURVEY,2005,CUMBERLAND,CATTLE,"2,500"
SURVEY,2005,DUPLIN,CATTLE,"12,700"
SURVEY,2005,HARNETT,CATTLE,"3,500"
SURVEY,2005,ONSLOW,CATTLE,"1,400"
SURVEY,2005,OTHER (COMBINED) COUNTIES,CATTLE,800
SURVEY,2005,OTHER (COMBINED) COUNTIES,CATTLE,"1,200"
SURVEY,2005,PENDER,CATTLE,"1,400"
SURVEY,2005,ROBESON,CATTLE,"3,700"
SURVEY,2005,SAMPSON,CATTLE,"11,200"
SURVEY,2005,SCOTLAND,CATTLE,"1,100"
SURVEY,2005,ANSON,CATTLE,"4,700"
SURVEY,2005,CABARRUS,CATTLE,"7,200"
SURVEY,2005,CABARRUS,CATTLE,600
SURVEY,2005,CLEVELAND,CATTLE,"10,600"
SURVEY,2005,CLEVELAND,CATTLE,600
SURVEY,2005,GASTON,CATTLE,"3,000"
SURVEY,2005,GASTON,CATTLE,"1,200"
SURVEY,2005,LINCOLN,CATTLE,"4,300"
SURVEY,2005,LINCOLN,CATTLE,"1,800"
SURVEY,2005,MECKLENBURG,CATTLE,"1,800"
SURVEY,2005,MONTGOMERY,CATTLE,"3,400"
SURVEY,2005,MOORE,CATTLE,"4,700"
SURVEY,2005,OTHER (COMBINED) COUNTIES,CATTLE,500
SURVEY,2005,RICHMOND,CATTLE,"2,100"
SURVEY,2005,STANLY,CATTLE,"9,000"
SURVEY,2005,STANLY,CATTLE,800
SURVEY,2005,UNION,CATTLE,"12,200"
SURVEY,2005,BUNCOMBE,CATTLE,"7,700"
SURVEY,2005,BUNCOMBE,CATTLE,"1,700"
SURVEY,2005,BURKE,CATTLE,"2,400"
SURVEY,2005,CHEROKEE,CATTLE,"2,000"
SURVEY,2005,CLAY,CATTLE,"1,800"
SURVEY,2005,GRAHAM,CATTLE,600
SURVEY,2005,HAYWOOD,CATTLE,"7,800"
SURVEY,2005,HAYWOOD,CATTLE,"1,700"
SURVEY,2005,HENDERSON,CATTLE,"2,400"
SURVEY,2005,HENDERSON,CATTLE,"2,200"
SURVEY,2005,JACKSON,CATTLE,"1,000"
SURVEY,2005,MACON,CATTLE,"2,600"
SURVEY,2005,MADISON,CATTLE,"5,900"
SURVEY,2005,MCDOWELL,CATTLE,"1,350"
SURVEY,2005,MITCHELL,CATTLE,"1,100"
SURVEY,2005,OTHER (COMBINED) COUNTIES,CATTLE,"1,300"
SURVEY,2005,POLK,CATTLE,"1,400"
SURVEY,2005,RUTHERFORD,CATTLE,"5,700"
SURVEY,2005,SWAIN,CATTLE,350
SURVEY,2005,TRANSYLVANIA,CATTLE,"1,300"
SURVEY,2005,YANCEY,CATTLE,"2,600"
SURVEY,2005,BEAUFORT,CORN,"46,500"
SURVEY,2005,BEAUFORT,CORN,"46,400"
SURVEY,2005,BEAUFORT,COTTON,"23,350"
SURVEY,2005,BEAUFORT,HAY,"3,100"
SURVEY,2005,BEAUFORT,OATS,"1,900"
SURVEY,2005,BEAUFORT,PEANUTS,200
SURVEY,2005,BEAUFORT,POTATOES,975
SURVEY,2005,BEAUFORT,SORGHUM,950
SURVEY,2005,BEAUFORT,SOYBEANS,"60,100"
SURVEY,2005,BEAUFORT,TOBACCO,"2,100"
SURVEY,2005,BEAUFORT,WHEAT,"29,000"
SURVEY,2005,BEAUFORT,WHEAT,"29,000"
SURVEY,2005,CARTERET,CORN,"17,100"
SURVEY,2005,CARTERET,CORN,"17,000"
SURVEY,2005,CARTERET,COTTON,500
SURVEY,2005,CARTERET,HAY,200
SURVEY,2005,CARTERET,POTATOES,750
SURVEY,2005,CARTERET,SOYBEANS,"26,600"
SURVEY,2005,CARTERET,TOBACCO,100
SURVEY,2005,CARTERET,WHEAT,"4,000"
SURVEY,2005,CARTERET,WHEAT,"4,000"
SURVEY,2005,CRAVEN,CORN,"12,000"
SURVEY,2005,CRAVEN,CORN,"12,000"
SURVEY,2005,CRAVEN,COTTON,"16,800"
SURVEY,2005,CRAVEN,HAY,800
SURVEY,2005,CRAVEN,PEANUTS,250
SURVEY,2005,CRAVEN,SOYBEANS,"20,000"
SURVEY,2005,CRAVEN,TOBACCO,"2,300"
SURVEY,2005,CRAVEN,WHEAT,"2,000"
SURVEY,2005,CRAVEN,WHEAT,"2,000"
SURVEY,2005,GREENE,CORN,"9,900"
SURVEY,2005,GREENE,CORN,"9,900"
SURVEY,2005,GREENE,COTTON,"18,900"
SURVEY,2005,GREENE,HAY,"2,400"
SURVEY,2005,GREENE,OATS,200
SURVEY,2005,GREENE,PEANUTS,"1,110"
SURVEY,2005,GREENE,SOYBEANS,"27,200"
SURVEY,2005,GREENE,SWEET POTATOES,"1,900"
SURVEY,2005,GREENE,TOBACCO,"5,100"
SURVEY,2005,GREENE,WHEAT,"3,500"
SURVEY,2005,GREENE,WHEAT,"3,500"
SURVEY,2005,HYDE,CORN,"25,900"
SURVEY,2005,HYDE,CORN,"25,500"
SURVEY,2005,HYDE,COTTON,"17,850"
SURVEY,2005,HYDE,HAY,200
SURVEY,2005,HYDE,SORGHUM,500
SURVEY,2005,HYDE,SOYBEANS,"26,500"
SURVEY,2005,HYDE,WHEAT,"8,800"
SURVEY,2005,HYDE,WHEAT,"8,800"
SURVEY,2005,JOHNSTON,CORN,"7,600"
SURVEY,2005,JOHNSTON,CORN,"7,300"
SURVEY,2005,JOHNSTON,COTTON,"16,950"
SURVEY,2005,JOHNSTON,HAY,"10,200"
SURVEY,2005,JOHNSTON,OATS,800
SURVEY,2005,JOHNSTON,PEANUTS,130
SURVEY,2005,JOHNSTON,SORGHUM,250
SURVEY,2005,JOHNSTON,SOYBEANS,"56,600"
SURVEY,2005,JOHNSTON,SWEET POTATOES,"5,500"
SURVEY,2005,JOHNSTON,TOBACCO,90
SURVEY,2005,JOHNSTON,TOBACCO,"7,250"
SURVEY,2005,JOHNSTON,WHEAT,"8,500"
SURVEY,2005,JOHNSTON,WHEAT,"8,500"
SURVEY,2005,JONES,CORN,"8,200"
SURVEY,2005,JONES,CORN,"8,200"
SURVEY,2005,JONES,COTTON,"26,500"
SURVEY,2005,JONES,HAY,"1,900"
SURVEY,2005,JONES,PEANUTS,"1,100"
SURVEY,2005,JONES,SOYBEANS,"9,100"
SURVEY,2005,JONES,TOBACCO,"1,800"
SURVEY,2005,JONES,WHEAT,"3,000"
SURVEY,2005,JONES,WHEAT,"3,000"
SURVEY,2005,LENOIR,CORN,"17,500"
SURVEY,2005,LENOIR,CORN,"17,400"
SURVEY,2005,LENOIR,COTTON,"33,900"
SURVEY,2005,LENOIR,HAY,"1,900"
SURVEY,2005,LENOIR,OATS,230
SURVEY,2005,LENOIR,PEANUTS,"1,350"
SURVEY,2005,LENOIR,SOYBEANS,"26,500"
SURVEY,2005,LENOIR,SWEET POTATOES,380
SURVEY,2005,LENOIR,TOBACCO,"5,500"
SURVEY,2005,LENOIR,WHEAT,"7,000"
SURVEY,2005,LENOIR,WHEAT,"7,000"
SURVEY,2005,OTHER (COMBINED) COUNTIES,OATS,260
SURVEY,2005,OTHER (COMBINED) COUNTIES,PEANUTS,80
SURVEY,2005,OTHER (COMBINED) COUNTIES,SORGHUM,550
SURVEY,2005,OTHER (COMBINED) COUNTIES,SWEET POTATOES,20
SURVEY,2005,OTHER (COMBINED) COUNTIES,TOBACCO,50
SURVEY,2005,PAMLICO,CORN,"10,000"
SURVEY,2005,PAMLICO,CORN,"9,900"
SURVEY,2005,PAMLICO,COTTON,"3,100"
SURVEY,2005,PAMLICO,HAY,200
SURVEY,2005,PAMLICO,PEANUTS,130
SURVEY,2005,PAMLICO,POTATOES,"1,300"
SURVEY,2005,PAMLICO,SORGHUM,450
SURVEY,2005,PAMLICO,SOYBEANS,"20,800"
SURVEY,2005,PAMLICO,TOBACCO,200
SURVEY,2005,PAMLICO,WHEAT,"9,000"
SURVEY,2005,PAMLICO,WHEAT,"9,000"
SURVEY,2005,PITT,CORN,"10,000"
SURVEY,2005,PITT,CORN,"9,900"
SURVEY,2005,PITT,COTTON,"35,500"
SURVEY,2005,PITT,HAY,"3,400"
SURVEY,2005,PITT,OATS,880
SURVEY,2005,PITT,PEANUTS,"5,010"
SURVEY,2005,PITT,SORGHUM,"3,300"
SURVEY,2005,PITT,SOYBEANS,"55,400"
SURVEY,2005,PITT,SWEET POTATOES,870
SURVEY,2005,PITT,TOBACCO,"7,200"
SURVEY,2005,PITT,WHEAT,"12,000"
SURVEY,2005,PITT,WHEAT,"12,000"
SURVEY,2005,WAYNE,CORN,"26,400"
SURVEY,2005,WAYNE,CORN,"26,200"
SURVEY,2005,WAYNE,COTTON,"23,650"
SURVEY,2005,WAYNE,HAY,"5,800"
SURVEY,2005,WAYNE,OATS,700
SURVEY,2005,WAYNE,PEANUTS,850
SURVEY,2005,WAYNE,SOYBEANS,"57,700"
SURVEY,2005,WAYNE,SWEET POTATOES,"1,500"
SURVEY,2005,WAYNE,TOBACCO,"5,700"
SURVEY,2005,WAYNE,WHEAT,"23,000"
SURVEY,2005,WAYNE,WHEAT,"23,000"
SURVEY,2005,WILSON,CORN,"5,900"
SURVEY,2005,WILSON,CORN,"5,900"
SURVEY,2005,WILSON,COTTON,"24,900"
SURVEY,2005,WILSON,HAY,900
SURVEY,2005,WILSON,OATS,230
SURVEY,2005,WILSON,PEANUTS,790
SURVEY,2005,WILSON,SOYBEANS,"35,900"
SURVEY,2005,WILSON,SWEET POTATOES,"3,430"
SURVEY,2005,WILSON,TOBACCO,"6,250"
SURVEY,2005,WILSON,WHEAT,"3,200"
SURVEY,2005,WILSON,WHEAT,"3,200"
SURVEY,2005,ALEXANDER,BARLEY,500
SURVEY,2005,ALEXANDER,CORN,"2,300"
SURVEY,2005,ALEXANDER,CORN,700
SURVEY,2005,ALEXANDER,HAY,"9,100"
SURVEY,2005,ALEXANDER,SOYBEANS,"1,350"
SURVEY,2005,ALEXANDER,TOBACCO,250
SURVEY,2005,ALEXANDER,WHEAT,900
SURVEY,2005,ALEXANDER,WHEAT,900
SURVEY,2005,CATAWBA,BARLEY,400
SURVEY,2005,CATAWBA,CORN,"2,400"
SURVEY,2005,CATAWBA,CORN,"2,100"
SURVEY,2005,CATAWBA,HAY,"13,900"
SURVEY,2005,CATAWBA,SOYBEANS,"6,750"
SURVEY,2005,CATAWBA,WHEAT,"3,000"
SURVEY,2005,CATAWBA,WHEAT,"3,000"
SURVEY,2005,CHATHAM,CORN,"2,600"
SURVEY,2005,CHATHAM,CORN,"1,400"
SURVEY,2005,CHATHAM,HAY,"20,200"
SURVEY,2005,CHATHAM,OATS,300
SURVEY,2005,CHATHAM,SOYBEANS,"2,200"
SURVEY,2005,CHATHAM,TOBACCO,75
SURVEY,2005,CHATHAM,TOBACCO,200
SURVEY,2005,CHATHAM,WHEAT,"1,400"
SURVEY,2005,CHATHAM,WHEAT,"1,400"
SURVEY,2005,DAVIDSON,BARLEY,670
SURVEY,2005,DAVIDSON,CORN,"6,900"
SURVEY,2005,DAVIDSON,CORN,"5,400"
SURVEY,2005,DAVIDSON,COTTON,750
SURVEY,2005,DAVIDSON,HAY,"18,500"
SURVEY,2005,DAVIDSON,OATS,550
SURVEY,2005,DAVIDSON,SOYBEANS,"7,000"
SURVEY,2005,DAVIDSON,TOBACCO,450
SURVEY,2005,DAVIDSON,WHEAT,"1,500"
SURVEY,2005,DAVIDSON,WHEAT,"1,500"
SURVEY,2005,DAVIE,BARLEY,500
SURVEY,2005,DAVIE,CORN,"5,200"
SURVEY,2005,DAVIE,CORN,"4,500"
SURVEY,2005,DAVIE,HAY,"17,000"
SURVEY,2005,DAVIE,SOYBEANS,"5,800"
SURVEY,2005,DAVIE,TOBACCO,30
SURVEY,2005,DAVIE,TOBACCO,250
SURVEY,2005,DAVIE,WHEAT,"3,400"
SURVEY,2005,DAVIE,WHEAT,"3,400"
SURVEY,2005,IREDELL,BARLEY,"3,300"
SURVEY,2005,IREDELL,CORN,"16,600"
SURVEY,2005,IREDELL,CORN,"7,400"
SURVEY,2005,IREDELL,COTTON,"1,000"
SURVEY,2005,IREDELL,HAY,"19,300"
SURVEY,2005,IREDELL,SOYBEANS,"11,600"
SURVEY,2005,IREDELL,TOBACCO,250
SURVEY,2005,IREDELL,WHEAT,"6,000"
SURVEY,2005,IREDELL,WHEAT,"6,000"
SURVEY,2005,LEE,CORN,500
SURVEY,2005,LEE,CORN,500
SURVEY,2005,LEE,COTTON,390
SURVEY,2005,LEE,HAY,"1,800"
SURVEY,2005,LEE,OATS,200
SURVEY,2005,LEE,SOYBEANS,"7,200"
SURVEY,2005,LEE,TOBACCO,50
SURVEY,2005,LEE,TOBACCO,"1,200"
SURVEY,2005,LEE,WHEAT,600
SURVEY,2005,LEE,WHEAT,600
SURVEY,2005,OTHER (COMBINED) COUNTIES,BARLEY,330
SURVEY,2005,OTHER (COMBINED) COUNTIES,COTTON,190
SURVEY,2005,OTHER (COMBINED) COUNTIES,OATS,350
SURVEY,2005,OTHER (COMBINED) COUNTIES,SORGHUM,390
SURVEY,2005,OTHER (COMBINED) COUNTIES,SWEET POTATOES,60
SURVEY,2005,OTHER (COMBINED) COUNTIES,TOBACCO,50
SURVEY,2005,RANDOLPH,CORN,"8,000"
SURVEY,2005,RANDOLPH,CORN,"5,400"
SURVEY,2005,RANDOLPH,HAY,"19,500"
SURVEY,2005,RANDOLPH,OATS,450
SURVEY,2005,RANDOLPH,SOYBEANS,"9,700"
SURVEY,2005,RANDOLPH,TOBACCO,40
SURVEY,2005,RANDOLPH,TOBACCO,600
SURVEY,2005,RANDOLPH,WHEAT,"4,000"
SURVEY,2005,RANDOLPH,WHEAT,"4,000"
SURVEY,2005,ROWAN,BARLEY,"1,900"
SURVEY,2005,ROWAN,CORN,"9,000"
SURVEY,2005,ROWAN,CORN,"7,400"
SURVEY,2005,ROWAN,COTTON,670
SURVEY,2005,ROWAN,HAY,"14,800"
SURVEY,2005,ROWAN,OATS,200
SURVEY,2005,ROWAN,SOYBEANS,"15,700"
SURVEY,2005,ROWAN,WHEAT,"6,500"
SURVEY,2005,ROWAN,WHEAT,"6,500"
SURVEY,2005,WAKE,CORN,"1,500"
SURVEY,2005,WAKE,CORN,"1,300"
SURVEY,2005,WAKE,HAY,"3,900"
SURVEY,2005,WAKE,OATS,950
SURVEY,2005,WAKE,SOYBEANS,"17,400"
SURVEY,2005,WAKE,SWEET POTATOES,"1,040"
SURVEY,2005,WAKE,TOBACCO,"3,200"
SURVEY,2005,WAKE,WHEAT,"1,700"
SURVEY,2005,WAKE,WHEAT,"1,700"
SURVEY,2005,BERTIE,CORN,"16,000"
SURVEY,2005,BERTIE,CORN,"15,900"
SURVEY,2005,BERTIE,COTTON,"38,100"
SURVEY,2005,BERTIE,PEANUTS,"11,700"
SURVEY,2005,BERTIE,SORGHUM,200
SURVEY,2005,BERTIE,SOYBEANS,"18,500"
SURVEY,2005,BERTIE,TOBACCO,"1,150"
SURVEY,2005,BERTIE,WHEAT,"1,500"
SURVEY,2005,BERTIE,WHEAT,"1,500"
SURVEY,2005,CAMDEN,CORN,"15,900"
SURVEY,2005,CAMDEN,CORN,"15,800"
SURVEY,2005,CAMDEN,COTTON,600
SURVEY,2005,CAMDEN,OATS,200
SURVEY,2005,CAMDEN,POTATOES,"3,000"
SURVEY,2005,CAMDEN,SOYBEANS,"27,400"
SURVEY,2005,CAMDEN,WHEAT,"8,000"
SURVEY,2005,CAMDEN,WHEAT,"8,000"
SURVEY,2005,CHOWAN,CORN,"3,300"
SURVEY,2005,CHOWAN,CORN,"3,300"
SURVEY,2005,CHOWAN,COTTON,"18,400"
SURVEY,2005,CHOWAN,HAY,"1,100"
SURVEY,2005,CHOWAN,PEANUTS,"5,630"
SURVEY,2005,CHOWAN,SORGHUM,650
SURVEY,2005,CHOWAN,SOYBEANS,"6,800"
SURVEY,2005,CHOWAN,SWEET POTATOES,215
SURVEY,2005,CHOWAN,TOBACCO,100
SURVEY,2005,CHOWAN,WHEAT,"1,400"
SURVEY,2005,CHOWAN,WHEAT,"1,400"
SURVEY,2005,CURRITUCK,CORN,"8,000"
SURVEY,2005,CURRITUCK,CORN,"7,900"
SURVEY,2005,CURRITUCK,POTATOES,700
SURVEY,2005,CURRITUCK,SORGHUM,250
SURVEY,2005,CURRITUCK,SOYBEANS,"16,400"
SURVEY,2005,CURRITUCK,WHEAT,"5,400"
SURVEY,2005,CURRITUCK,WHEAT,"5,400"
SURVEY,2005,DARE,CORN,700
SURVEY,2005,DARE,CORN,700
SURVEY,2005,DARE,SOYBEANS,"1,200"
SURVEY,2005,EDGECOMBE,CORN,"9,600"
SURVEY,2005,EDGECOMBE,CORN,"9,500"
SURVEY,2005,EDGECOMBE,COTTON,"48,300"
SURVEY,2005,EDGECOMBE,HAY,"1,700"
SURVEY,2005,EDGECOMBE,OATS,250
SURVEY,2005,EDGECOMBE,PEANUTS,"8,970"
SURVEY,2005,EDGECOMBE,SORGHUM,200
SURVEY,2005,EDGECOMBE,SOYBEANS,"32,200"
SURVEY,2005,EDGECOMBE,SWEET POTATOES,"2,240"
SURVEY,2005,EDGECOMBE,TOBACCO,35
SURVEY,2005,EDGECOMBE,TOBACCO,"3,750"
SURVEY,2005,EDGECOMBE,WHEAT,"6,100"
SURVEY,2005,EDGECOMBE,WHEAT,"6,100"
SURVEY,2005,GATES,CORN,"6,000"
SURVEY,2005,GATES,CORN,"5,900"
SURVEY,2005,GATES,COTTON,"15,300"
SURVEY,2005,GATES,HAY,"1,500"
SURVEY,2005,GATES,PEANUTS,"4,920"
SURVEY,2005,GATES,SORGHUM,200
SURVEY,2005,GATES,SOYBEANS,"14,000"
SURVEY,2005,GATES,TOBACCO,50
SURVEY,2005,GATES,WHEAT,"2,100"
SURVEY,2005,GATES,WHEAT,"2,100"
SURVEY,2005,HALIFAX,CORN,"5,300"
SURVEY,2005,HALIFAX,CORN,"4,900"
SURVEY,2005,HALIFAX,COTTON,"64,800"
SURVEY,2005,HALIFAX,HAY,"2,500"
SURVEY,2005,HALIFAX,OATS,230
SURVEY,2005,HALIFAX,PEANUTS,"5,850"
SURVEY,2005,HALIFAX,SOYBEANS,"20,000"
SURVEY,2005,HALIFAX,TOBACCO,"1,500"
SURVEY,2005,HALIFAX,WHEAT,"3,500"
SURVEY,2005,HALIFAX,WHEAT,"3,500"
SURVEY,2005,HERTFORD,CORN,"9,600"
SURVEY,2005,HERTFORD,CORN,"9,500"
SURVEY,2005,HERTFORD,COTTON,"16,600"
SURVEY,2005,HERTFORD,HAY,"1,200"
SURVEY,2005,HERTFORD,PEANUTS,"4,480"
SURVEY,2005,HERTFORD,SOYBEANS,"13,200"
SURVEY,2005,HERTFORD,TOBACCO,700
SURVEY,2005,HERTFORD,WHEAT,"1,800"
SURVEY,2005,HERTFORD,WHEAT,"1,800"
SURVEY,2005,MARTIN,CORN,"3,500"
SURVEY,2005,MARTIN,CORN,"3,400"
SURVEY,2005,MARTIN,COTTON,"46,300"
SURVEY,2005,MARTIN,HAY,"2,500"
SURVEY,2005,MARTIN,PEANUTS,"9,920"
SURVEY,2005,MARTIN,SORGHUM,220
SURVEY,2005,MARTIN,SOYBEANS,"12,900"
SURVEY,2005,MARTIN,TOBACCO,"2,400"
SURVEY,2005,MARTIN,WHEAT,"3,000"
SURVEY,2005,MARTIN,WHEAT,"3,000"
SURVEY,2005,NASH,CORN,"1,700"
SURVEY,2005,NASH,CORN,"1,700"
SURVEY,2005,NASH,COTTON,"14,500"
SURVEY,2005,NASH,HAY,"5,400"
SURVEY,2005,NASH,OATS,300
SURVEY,2005,NASH,PEANUTS,"3,360"
SURVEY,2005,NASH,SOYBEANS,"30,000"
SURVEY,2005,NASH,SWEET POTATOES,"4,940"
SURVEY,2005,NASH,TOBACCO,105
SURVEY,2005,NASH,TOBACCO,"7,050"
SURVEY,2005,NASH,WHEAT,"4,800"
SURVEY,2005,NASH,WHEAT,"4,800"
SURVEY,2005,NORTHAMPTON,CORN,"2,600"
SURVEY,2005,NORTHAMPTON,CORN,"2,500"
SURVEY,2005,NORTHAMPTON,COTTON,"59,200"
SURVEY,2005,NORTHAMPTON,HAY,"1,400"
SURVEY,2005,NORTHAMPTON,PEANUTS,"4,520"
SURVEY,2005,NORTHAMPTON,SOYBEANS,"20,700"
SURVEY,2005,NORTHAMPTON,TOBACCO,100
SURVEY,2005,NORTHAMPTON,WHEAT,"3,300"
SURVEY,2005,NORTHAMPTON,WHEAT,"3,300"
SURVEY,2005,OTHER (COMBINED) COUNTIES,HAY,600
SURVEY,2005,OTHER (COMBINED) COUNTIES,OATS,770
SURVEY,2005,OTHER (COMBINED) COUNTIES,PEANUTS,70
SURVEY,2005,OTHER (COMBINED) COUNTIES,POTATOES,250
SURVEY,2005,OTHER (COMBINED) COUNTIES,SORGHUM,480
SURVEY,2005,OTHER (COMBINED) COUNTIES,SWEET POTATOES,105
SURVEY,2005,OTHER (COMBINED) COUNTIES,TOBACCO,10
SURVEY,2005,PASQUOTANK,CORN,"18,700"
SURVEY,2005,PASQUOTANK,CORN,"18,600"
SURVEY,2005,PASQUOTANK,COTTON,"3,400"
SURVEY,2005,PASQUOTANK,HAY,300
SURVEY,2005,PASQUOTANK,PEANUTS,410
SURVEY,2005,PASQUOTANK,POTATOES,"3,925"
SURVEY,2005,PASQUOTANK,SORGHUM,"1,450"
SURVEY,2005,PASQUOTANK,SOYBEANS,"43,900"
SURVEY,2005,PASQUOTANK,WHEAT,"16,500"
SURVEY,2005,PASQUOTANK,WHEAT,"16,500"
SURVEY,2005,PERQUIMANS,CORN,"13,900"
SURVEY,2005,PERQUIMANS,CORN,"13,900"
SURVEY,2005,PERQUIMANS,COTTON,"20,300"
SURVEY,2005,PERQUIMANS,PEANUTS,"2,740"
SURVEY,2005,PERQUIMANS,SORGHUM,500
SURVEY,2005,PERQUIMANS,SOYBEANS,"31,100"
SURVEY,2005,PERQUIMANS,WHEAT,"8,600"
SURVEY,2005,PERQUIMANS,WHEAT,"8,600"
SURVEY,2005,TYRRELL,CORN,"25,200"
SURVEY,2005,TYRRELL,CORN,"25,100"
SURVEY,2005,TYRRELL,COTTON,"4,200"
SURVEY,2005,TYRRELL,OATS,450
SURVEY,2005,TYRRELL,POTATOES,"2,950"
SURVEY,2005,TYRRELL,SOYBEANS,"31,800"
SURVEY,2005,TYRRELL,WHEAT,"13,500"
SURVEY,2005,TYRRELL,WHEAT,"13,500"
SURVEY,2005,WASHINGTON,CORN,"25,000"
SURVEY,2005,WASHINGTON,CORN,"24,800"
SURVEY,2005,WASHINGTON,COTTON,"15,200"
SURVEY,2005,WASHINGTON,HAY,800
SURVEY,2005,WASHINGTON,PEANUTS,"1,930"
SURVEY,2005,WASHINGTON,POTATOES,"1,075"
SURVEY,2005,WASHINGTON,SOYBEANS,"28,900"
SURVEY,2005,WASHINGTON,TOBACCO,200
SURVEY,2005,WASHINGTON,WHEAT,"12,500"
SURVEY,2005,WASHINGTON,WHEAT,"12,500"
SURVEY,2005,ALLEGHANY,CORN,"2,200"
SURVEY,2005,ALLEGHANY,HAY,"11,700"
SURVEY,2005,ALLEGHANY,TOBACCO,200
SURVEY,2005,ASHE,HAY,"10,800"
SURVEY,2005,ASHE,TOBACCO,150
SURVEY,2005,AVERY,HAY,900
SURVEY,2005,CALDWELL,CORN,"1,000"
SURVEY,2005,CALDWELL,CORN,900
SURVEY,2005,CALDWELL,HAY,"7,300"
SURVEY,2005,CALDWELL,SOYBEANS,750
SURVEY,2005,CALDWELL,TOBACCO,30
SURVEY,2005,CALDWELL,WHEAT,300
SURVEY,2005,CALDWELL,WHEAT,300
SURVEY,2005,OTHER (COMBINED) COUNTIES,BARLEY,400
SURVEY,2005,OTHER (COMBINED) COUNTIES,CORN,300
SURVEY,2005,OTHER (COMBINED) COUNTIES,CORN,100
SURVEY,2005,OTHER (COMBINED) COUNTIES,OATS,50
SURVEY,2005,OTHER (COMBINED) COUNTIES,TOBACCO,40
SURVEY,2005,SURRY,BARLEY,"1,800"
SURVEY,2005,SURRY,CORN,"6,900"
SURVEY,2005,SURRY,CORN,"6,200"
SURVEY,2005,SURRY,HAY,"17,200"
SURVEY,2005,SURRY,SOYBEANS,"8,350"
SURVEY,2005,SURRY,TOBACCO,160
SURVEY,2005,SURRY,TOBACCO,"3,250"
SURVEY,2005,SURRY,WHEAT,"1,500"
SURVEY,2005,SURRY,WHEAT,"1,500"
SURVEY,2005,WATAUGA,HAY,"4,800"
SURVEY,2005,WATAUGA,TOBACCO,85
SURVEY,2005,WILKES,CORN,"6,000"
SURVEY,2005,WILKES,CORN,"2,200"
SURVEY,2005,WILKES,HAY,"19,700"
SURVEY,2005,WILKES,SOYBEANS,550
SURVEY,2005,WILKES,TOBACCO,30
SURVEY,2005,WILKES,TOBACCO,190
SURVEY,2005,YADKIN,BARLEY,"1,700"
SURVEY,2005,YADKIN,CORN,"12,600"
SURVEY,2005,YADKIN,CORN,"10,000"
SURVEY,2005,YADKIN,HAY,"12,600"
SURVEY,2005,YADKIN,OATS,250
SURVEY,2005,YADKIN,SOYBEANS,"13,650"
SURVEY,2005,YADKIN,TOBACCO,50
SURVEY,2005,YADKIN,TOBACCO,"1,730"
SURVEY,2005,YADKIN,WHEAT,"3,200"
SURVEY,2005,YADKIN,WHEAT,"3,200"
SURVEY,2005,ALAMANCE,CORN,"3,400"
SURVEY,2005,ALAMANCE,CORN,"2,600"
SURVEY,2005,ALAMANCE,HAY,"10,600"
SURVEY,2005,ALAMANCE,OATS,220
SURVEY,2005,ALAMANCE,SOYBEANS,"3,650"
SURVEY,2005,ALAMANCE,TOBACCO,"1,050"
SURVEY,2005,ALAMANCE,WHEAT,"2,500"
SURVEY,2005,ALAMANCE,WHEAT,"2,500"
SURVEY,2005,CASWELL,CORN,"1,200"
SURVEY,2005,CASWELL,CORN,900
SURVEY,2005,CASWELL,HAY,"12,000"
SURVEY,2005,CASWELL,SOYBEANS,"1,800"
SURVEY,2005,CASWELL,TOBACCO,90
SURVEY,2005,CASWELL,TOBACCO,"1,600"
SURVEY,2005,CASWELL,WHEAT,"1,300"
SURVEY,2005,CASWELL,WHEAT,"1,300"
SURVEY,2005,DURHAM,HAY,"2,400"
SURVEY,2005,DURHAM,SOYBEANS,"1,100"
SURVEY,2005,DURHAM,TOBACCO,200
SURVEY,2005,DURHAM,WHEAT,300
SURVEY,2005,DURHAM,WHEAT,300
SURVEY,2005,FORSYTH,CORN,"2,500"
SURVEY,2005,FORSYTH,CORN,"2,400"
SURVEY,2005,FORSYTH,HAY,"7,600"
SURVEY,2005,FORSYTH,SOYBEANS,"2,700"
SURVEY,2005,FORSYTH,TOBACCO,700
SURVEY,2005,FORSYTH,WHEAT,"1,400"
SURVEY,2005,FORSYTH,WHEAT,"1,400"
SURVEY,2005,FRANKLIN,CORN,"1,500"
SURVEY,2005,FRANKLIN,CORN,"1,300"
SURVEY,2005,FRANKLIN,HAY,"11,700"
SURVEY,2005,FRANKLIN,OATS,600
SURVEY,2005,FRANKLIN,SOYBEANS,"18,600"
SURVEY,2005,FRANKLIN,TOBACCO,40
SURVEY,2005,FRANKLIN,TOBACCO,"2,700"
SURVEY,2005,FRANKLIN,WHEAT,"4,000"
SURVEY,2005,FRANKLIN,WHEAT,"4,000"
SURVEY,2005,GRANVILLE,CORN,"1,800"
SURVEY,2005,GRANVILLE,CORN,"1,400"
SURVEY,2005,GRANVILLE,HAY,"9,300"
SURVEY,2005,GRANVILLE,OATS,200
SURVEY,2005,GRANVILLE,SOYBEANS,"3,450"
SURVEY,2005,GRANVILLE,TOBACCO,55
SURVEY,2005,GRANVILLE,TOBACCO,"2,300"
SURVEY,2005,GRANVILLE,WHEAT,"2,200"
SURVEY,2005,GRANVILLE,WHEAT,"2,200"
SURVEY,2005,GUILFORD,BARLEY,400
SURVEY,2005,GUILFORD,CORN,"4,900"
SURVEY,2005,GUILFORD,CORN,"3,950"
SURVEY,2005,GUILFORD,HAY,"14,300"
SURVEY,2005,GUILFORD,OATS,350
SURVEY,2005,GUILFORD,SOYBEANS,"9,500"
SURVEY,2005,GUILFORD,TOBACCO,30
SURVEY,2005,GUILFORD,TOBACCO,"1,050"
SURVEY,2005,GUILFORD,WHEAT,"6,000"
SURVEY,2005,GUILFORD,WHEAT,"6,000"
SURVEY,2005,ORANGE,BARLEY,360
SURVEY,2005,ORANGE,CORN,"2,800"
SURVEY,2005,ORANGE,CORN,"2,000"
SURVEY,2005,ORANGE,HAY,"13,800"
SURVEY,2005,ORANGE,OATS,200
SURVEY,2005,ORANGE,SOYBEANS,"3,100"
SURVEY,2005,ORANGE,TOBACCO,500
SURVEY,2005,ORANGE,WHEAT,"1,700"
SURVEY,2005,ORANGE,WHEAT,"1,700"
SURVEY,2005,OTHER (COMBINED) COUNTIES,BARLEY,540
SURVEY,2005,OTHER (COMBINED) COUNTIES,CORN,500
SURVEY,2005,OTHER (COMBINED) COUNTIES,CORN,400
SURVEY,2005,OTHER (COMBINED) COUNTIES,COTTON,185
SURVEY,2005,OTHER (COMBINED) COUNTIES,OATS,290
SURVEY,2005,OTHER (COMBINED) COUNTIES,SORGHUM,600
SURVEY,2005,OTHER (COMBINED) COUNTIES,TOBACCO,50
SURVEY,2005,PERSON,CORN,"2,300"
SURVEY,2005,PERSON,CORN,"2,200"
SURVEY,2005,PERSON,HAY,"8,200"
SURVEY,2005,PERSON,OATS,300
SURVEY,2005,PERSON,SOYBEANS,"12,600"
SURVEY,2005,PERSON,TOBACCO,65
SURVEY,2005,PERSON,TOBACCO,"2,250"
SURVEY,2005,PERSON,WHEAT,"5,400"
SURVEY,2005,PERSON,WHEAT,"5,400"
SURVEY,2005,ROCKINGHAM,BARLEY,300
SURVEY,2005,ROCKINGHAM,CORN,"3,000"
SURVEY,2005,ROCKINGHAM,CORN,"2,250"
SURVEY,2005,ROCKINGHAM,HAY,"15,400"
SURVEY,2005,ROCKINGHAM,OATS,240
SURVEY,2005,ROCKINGHAM,SOYBEANS,"4,200"
SURVEY,2005,ROCKINGHAM,TOBACCO,135
SURVEY,2005,ROCKINGHAM,TOBACCO,"2,900"
SURVEY,2005,ROCKINGHAM,WHEAT,"4,000"
SURVEY,2005,ROCKINGHAM,WHEAT,"4,000"
SURVEY,2005,STOKES,CORN,"1,400"
SURVEY,2005,STOKES,CORN,"1,250"
SURVEY,2005,STOKES,HAY,"12,000"
SURVEY,2005,STOKES,SOYBEANS,"1,400"
SURVEY,2005,STOKES,TOBACCO,115
SURVEY,2005,STOKES,TOBACCO,"1,850"
SURVEY,2005,STOKES,WHEAT,300
SURVEY,2005,STOKES,WHEAT,300
SURVEY,2005,VANCE,HAY,"2,300"
SURVEY,2005,VANCE,OATS,200
SURVEY,2005,VANCE,SOYBEANS,"7,500"
SURVEY,2005,VANCE,TOBACCO,"1,500"
SURVEY,2005,VANCE,WHEAT,"1,500"
SURVEY,2005,VANCE,WHEAT,"1,500"
SURVEY,2005,WARREN,BARLEY,300
SURVEY,2005,WARREN,CORN,700
SURVEY,2005,WARREN,CORN,550
SURVEY,2005,WARREN,COTTON,"1,690"
SURVEY,2005,WARREN,HAY,"4,400"
SURVEY,2005,WARREN,OATS,400
SURVEY,2005,WARREN,SOYBEANS,"6,600"
SURVEY,2005,WARREN,TOBACCO,500
SURVEY,2005,WARREN,WHEAT,"1,400"
SURVEY,2005,WARREN,WHEAT,"1,400"
SURVEY,2005,BLADEN,CORN,"20,500"
SURVEY,2005,BLADEN,CORN,"20,300"
SURVEY,2005,BLADEN,COTTON,"8,550"
SURVEY,2005,BLADEN,HAY,"6,700"
SURVEY,2005,BLADEN,OATS,420
SURVEY,2005,BLADEN,PEANUTS,"5,220"
SURVEY,2005,BLADEN,SOYBEANS,"23,900"
SURVEY,2005,BLADEN,SWEET POTATOES,450
SURVEY,2005,BLADEN,TOBACCO,"1,250"
SURVEY,2005,BLADEN,WHEAT,"4,900"
SURVEY,2005,BLADEN,WHEAT,"4,900"
SURVEY,2005,BRUNSWICK,CORN,"5,800"
SURVEY,2005,BRUNSWICK,CORN,"5,500"
SURVEY,2005,BRUNSWICK,HAY,"2,800"
SURVEY,2005,BRUNSWICK,SOYBEANS,"9,100"
SURVEY,2005,BRUNSWICK,TOBACCO,750
SURVEY,2005,COLUMBUS,CORN,"30,000"
SURVEY,2005,COLUMBUS,CORN,"29,900"
SURVEY,2005,COLUMBUS,COTTON,"8,350"
SURVEY,2005,COLUMBUS,HAY,"3,600"
SURVEY,2005,COLUMBUS,OATS,600
SURVEY,2005,COLUMBUS,PEANUTS,"6,700"
SURVEY,2005,COLUMBUS,SORGHUM,250
SURVEY,2005,COLUMBUS,SOYBEANS,"51,800"
SURVEY,2005,COLUMBUS,SWEET POTATOES,"2,360"
SURVEY,2005,COLUMBUS,TOBACCO,"3,950"
SURVEY,2005,COLUMBUS,WHEAT,"9,600"
SURVEY,2005,COLUMBUS,WHEAT,"9,600"
SURVEY,2005,CUMBERLAND,CORN,"8,900"
SURVEY,2005,CUMBERLAND,CORN,"8,900"
SURVEY,2005,CUMBERLAND,COTTON,"9,800"
SURVEY,2005,CUMBERLAND,HAY,"3,000"
SURVEY,2005,CUMBERLAND,OATS,520
SURVEY,2005,CUMBERLAND,PEANUTS,480
SURVEY,2005,CUMBERLAND,SOYBEANS,"21,200"
SURVEY,2005,CUMBERLAND,SWEET POTATOES,"2,150"
SURVEY,2005,CUMBERLAND,TOBACCO,"1,500"
SURVEY,2005,CUMBERLAND,WHEAT,"4,500"
SURVEY,2005,CUMBERLAND,WHEAT,"4,500"
SURVEY,2005,DUPLIN,CORN,"41,400"
SURVEY,2005,DUPLIN,CORN,"41,000"
SURVEY,2005,DUPLIN,COTTON,"15,300"
SURVEY,2005,DUPLIN,HAY,"28,100"
SURVEY,2005,DUPLIN,OATS,430
SURVEY,2005,DUPLIN,PEANUTS,"2,540"
SURVEY,2005,DUPLIN,SOYBEANS,"53,700"
SURVEY,2005,DUPLIN,SWEET POTATOES,940
SURVEY,2005,DUPLIN,TOBACCO,"4,100"
SURVEY,2005,DUPLIN,WHEAT,"17,500"
SURVEY,2005,DUPLIN,WHEAT,"17,500"
SURVEY,2005,HARNETT,CORN,"4,000"
SURVEY,2005,HARNETT,CORN,"3,600"
SURVEY,2005,HARNETT,COTTON,"14,900"
SURVEY,2005,HARNETT,HAY,"4,300"
SURVEY,2005,HARNETT,OATS,700
SURVEY,2005,HARNETT,PEANUTS,320
SURVEY,2005,HARNETT,SOYBEANS,"27,600"
SURVEY,2005,HARNETT,SWEET POTATOES,"1,400"
SURVEY,2005,HARNETT,TOBACCO,"4,700"
SURVEY,2005,HARNETT,WHEAT,"3,000"
SURVEY,2005,HARNETT,WHEAT,"3,000"
SURVEY,2005,HOKE,CORN,"1,700"
SURVEY,2005,HOKE,CORN,"1,700"
SURVEY,2005,HOKE,COTTON,"16,600"
SURVEY,2005,HOKE,HAY,"1,900"
SURVEY,2005,HOKE,OATS,210
SURVEY,2005,HOKE,SOYBEANS,"11,300"
SURVEY,2005,HOKE,TOBACCO,600
SURVEY,2005,HOKE,WHEAT,"5,300"
SURVEY,2005,HOKE,WHEAT,"5,300"
SURVEY,2005,NEW HANOVER,CORN,700
SURVEY,2005,NEW HANOVER,CORN,700
SURVEY,2005,NEW HANOVER,SOYBEANS,500
SURVEY,2005,ONSLOW,CORN,"9,200"
SURVEY,2005,ONSLOW,CORN,"9,200"
SURVEY,2005,ONSLOW,COTTON,"7,900"
SURVEY,2005,ONSLOW,HAY,"2,800"
SURVEY,2005,ONSLOW,PEANUTS,740
SURVEY,2005,ONSLOW,SOYBEANS,"13,000"
SURVEY,2005,ONSLOW,TOBACCO,"1,600"
SURVEY,2005,ONSLOW,WHEAT,"2,500"
SURVEY,2005,ONSLOW,WHEAT,"2,500"
SURVEY,2005,OTHER (COMBINED) COUNTIES,BARLEY,900
SURVEY,2005,OTHER (COMBINED) COUNTIES,OATS,140
SURVEY,2005,OTHER (COMBINED) COUNTIES,PEANUTS,40
SURVEY,2005,OTHER (COMBINED) COUNTIES,SORGHUM,500
SURVEY,2005,OTHER (COMBINED) COUNTIES,SWEET POTATOES,100
SURVEY,2005,OTHER (COMBINED) COUNTIES,WHEAT,700
SURVEY,2005,OTHER (COMBINED) COUNTIES,WHEAT,700
SURVEY,2005,PENDER,CORN,"11,900"
SURVEY,2005,PENDER,CORN,"11,800"
SURVEY,2005,PENDER,COTTON,"7,000"
SURVEY,2005,PENDER,HAY,"1,900"
SURVEY,2005,PENDER,SOYBEANS,"15,200"
SURVEY,2005,PENDER,TOBACCO,500
SURVEY,2005,PENDER,WHEAT,"4,000"
SURVEY,2005,PENDER,WHEAT,"4,000"
SURVEY,2005,ROBESON,CORN,"42,500"
SURVEY,2005,ROBESON,CORN,"42,400"
SURVEY,2005,ROBESON,COTTON,"32,300"
SURVEY,2005,ROBESON,HAY,"10,500"
SURVEY,2005,ROBESON,OATS,980
SURVEY,2005,ROBESON,PEANUTS,580
SURVEY,2005,ROBESON,SOYBEANS,"99,400"
SURVEY,2005,ROBESON,TOBACCO,"5,600"
SURVEY,2005,ROBESON,WHEAT,"36,000"
SURVEY,2005,ROBESON,WHEAT,"36,000"
SURVEY,2005,SAMPSON,CORN,"32,000"
SURVEY,2005,SAMPSON,CORN,"31,700"
SURVEY,2005,SAMPSON,COTTON,"36,800"
SURVEY,2005,SAMPSON,HAY,"24,300"
SURVEY,2005,SAMPSON,OATS,800
SURVEY,2005,SAMPSON,PEANUTS,"3,630"
SURVEY,2005,SAMPSON,SOYBEANS,"58,600"
SURVEY,2005,SAMPSON,SWEET POTATOES,"5,210"
SURVEY,2005,SAMPSON,TOBACCO,"5,100"
SURVEY,2005,SAMPSON,WHEAT,"22,000"
SURVEY,2005,SAMPSON,WHEAT,"22,000"
SURVEY,2005,SCOTLAND,CORN,"1,400"
SURVEY,2005,SCOTLAND,CORN,"1,300"
SURVEY,2005,SCOTLAND,COTTON,"14,600"
SURVEY,2005,SCOTLAND,HAY,"1,100"
SURVEY,2005,SCOTLAND,PEANUTS,250
SURVEY,2005,SCOTLAND,SOYBEANS,"8,700"
SURVEY,2005,SCOTLAND,TOBACCO,350
SURVEY,2005,SCOTLAND,WHEAT,"2,000"
SURVEY,2005,SCOTLAND,WHEAT,"2,000"
SURVEY,2005,ANSON,CORN,"6,200"
SURVEY,2005,ANSON,CORN,"6,100"
SURVEY,2005,ANSON,COTTON,"3,550"
SURVEY,2005,ANSON,HAY,"5,700"
SURVEY,2005,ANSON,OATS,400
SURVEY,2005,ANSON,SORGHUM,200
SURVEY,2005,ANSON,SOYBEANS,"11,000"
SURVEY,2005,ANSON,WHEAT,"3,700"
SURVEY,2005,ANSON,WHEAT,"3,700"
SURVEY,2005,CABARRUS,BARLEY,480
SURVEY,2005,CABARRUS,CORN,"3,800"
SURVEY,2005,CABARRUS,CORN,"2,800"
SURVEY,2005,CABARRUS,COTTON,470
SURVEY,2005,CABARRUS,HAY,"11,700"
SURVEY,2005,CABARRUS,OATS,670
SURVEY,2005,CABARRUS,SOYBEANS,"6,600"
SURVEY,2005,CABARRUS,WHEAT,"2,400"
SURVEY,2005,CABARRUS,WHEAT,"2,400"
SURVEY,2005,CLEVELAND,BARLEY,540
SURVEY,2005,CLEVELAND,CORN,"1,600"
SURVEY,2005,CLEVELAND,CORN,900
SURVEY,2005,CLEVELAND,COTTON,"2,240"
SURVEY,2005,CLEVELAND,HAY,"19,200"
SURVEY,2005,CLEVELAND,OATS,550
SURVEY,2005,CLEVELAND,SOYBEANS,"9,000"
SURVEY,2005,CLEVELAND,WHEAT,"4,200"
SURVEY,2005,CLEVELAND,WHEAT,"4,200"
SURVEY,2005,GASTON,HAY,"10,100"
SURVEY,2005,GASTON,SOYBEANS,850
SURVEY,2005,GASTON,WHEAT,"1,000"
SURVEY,2005,GASTON,WHEAT,"1,000"
SURVEY,2005,LINCOLN,BARLEY,800
SURVEY,2005,LINCOLN,CORN,"3,000"
SURVEY,2005,LINCOLN,CORN,"1,000"
SURVEY,2005,LINCOLN,HAY,"10,600"
SURVEY,2005,LINCOLN,SOYBEANS,"4,500"
SURVEY,2005,LINCOLN,WHEAT,"2,600"
SURVEY,2005,LINCOLN,WHEAT,"2,600"
SURVEY,2005,MECKLENBURG,HAY,"5,200"
SURVEY,2005,MECKLENBURG,SORGHUM,200
SURVEY,2005,MECKLENBURG,SOYBEANS,"1,300"
SURVEY,2005,MECKLENBURG,WHEAT,"1,400"
SURVEY,2005,MECKLENBURG,WHEAT,"1,400"
SURVEY,2005,MONTGOMERY,CORN,"1,300"
SURVEY,2005,MONTGOMERY,CORN,"1,250"
SURVEY,2005,MONTGOMERY,COTTON,490
SURVEY,2005,MONTGOMERY,HAY,"5,500"
SURVEY,2005,MONTGOMERY,SOYBEANS,500
SURVEY,2005,MONTGOMERY,TOBACCO,150
SURVEY,2005,MONTGOMERY,WHEAT,200
SURVEY,2005,MONTGOMERY,WHEAT,200
SURVEY,2005,MOORE,CORN,"1,200"
SURVEY,2005,MOORE,CORN,"1,150"
SURVEY,2005,MOORE,HAY,"9,100"
SURVEY,2005,MOORE,OATS,230
SURVEY,2005,MOORE,SOYBEANS,"3,100"
SURVEY,2005,MOORE,TOBACCO,"1,150"
SURVEY,2005,MOORE,WHEAT,800
SURVEY,2005,MOORE,WHEAT,800
SURVEY,2005,OTHER (COMBINED) COUNTIES,BARLEY,330
SURVEY,2005,OTHER (COMBINED) COUNTIES,CORN,"1,800"
SURVEY,2005,OTHER (COMBINED) COUNTIES,CORN,300
SURVEY,2005,OTHER (COMBINED) COUNTIES,COTTON,150
SURVEY,2005,OTHER (COMBINED) COUNTIES,OATS,340
SURVEY,2005,OTHER (COMBINED) COUNTIES,SORGHUM,600
SURVEY,2005,OTHER (COMBINED) COUNTIES,TOBACCO,25
SURVEY,2005,RICHMOND,CORN,"1,300"
SURVEY,2005,RICHMOND,CORN,"1,300"
SURVEY,2005,RICHMOND,COTTON,"3,660"
SURVEY,2005,RICHMOND,HAY,"4,100"
SURVEY,2005,RICHMOND,SOYBEANS,"1,450"
SURVEY,2005,RICHMOND,TOBACCO,500
SURVEY,2005,RICHMOND,WHEAT,700
SURVEY,2005,RICHMOND,WHEAT,700
SURVEY,2005,STANLY,BARLEY,"1,170"
SURVEY,2005,STANLY,CORN,"10,800"
SURVEY,2005,STANLY,CORN,"10,100"
SURVEY,2005,STANLY,COTTON,"10,000"
SURVEY,2005,STANLY,HAY,"11,400"
SURVEY,2005,STANLY,OATS,"1,280"
SURVEY,2005,STANLY,SOYBEANS,"18,500"
SURVEY,2005,STANLY,WHEAT,"7,000"
SURVEY,2005,STANLY,WHEAT,"7,000"
SURVEY,2005,UNION,BARLEY,480
SURVEY,2005,UNION,CORN,"27,000"
SURVEY,2005,UNION,CORN,"26,900"
SURVEY,2005,UNION,COTTON,"5,040"
SURVEY,2005,UNION,HAY,"14,400"
SURVEY,2005,UNION,OATS,830
SURVEY,2005,UNION,SOYBEANS,"51,200"
SURVEY,2005,UNION,WHEAT,"27,000"
SURVEY,2005,UNION,WHEAT,"27,000"
SURVEY,2005,BUNCOMBE,HAY,"15,900"
SURVEY,2005,BUNCOMBE,TOBACCO,255
SURVEY,2005,BURKE,CORN,800
SURVEY,2005,BURKE,CORN,700
SURVEY,2005,BURKE,HAY,"6,100"
SURVEY,2005,BURKE,SOYBEANS,900
SURVEY,2005,CHEROKEE,CORN,600
SURVEY,2005,CHEROKEE,CORN,500
SURVEY,2005,CHEROKEE,HAY,"3,900"
SURVEY,2005,CHEROKEE,SOYBEANS,225
SURVEY,2005,CLAY,HAY,"2,500"
SURVEY,2005,GRAHAM,HAY,"1,100"
SURVEY,2005,HAYWOOD,HAY,"10,700"
SURVEY,2005,HAYWOOD,TOBACCO,135
SURVEY,2005,HENDERSON,CORN,"3,200"
SURVEY,2005,HENDERSON,CORN,"1,300"
SURVEY,2005,HENDERSON,HAY,"6,400"
SURVEY,2005,JACKSON,HAY,"1,300"
SURVEY,2005,MACON,HAY,"3,200"
SURVEY,2005,MADISON,HAY,"7,600"
SURVEY,2005,MADISON,TOBACCO,445
SURVEY,2005,MCDOWELL,HAY,"3,900"
SURVEY,2005,MITCHELL,HAY,"3,800"
SURVEY,2005,MITCHELL,TOBACCO,70
SURVEY,2005,OTHER (COMBINED) COUNTIES,CORN,"4,550"
SURVEY,2005,OTHER (COMBINED) COUNTIES,CORN,"1,300"
SURVEY,2005,OTHER (COMBINED) COUNTIES,OATS,200
SURVEY,2005,OTHER (COMBINED) COUNTIES,SOYBEANS,300
SURVEY,2005,OTHER (COMBINED) COUNTIES,TOBACCO,40
SURVEY,2005,OTHER (COMBINED) COUNTIES,WHEAT,750
SURVEY,2005,OTHER (COMBINED) COUNTIES,WHEAT,750
SURVEY,2005,POLK,HAY,"4,000"
SURVEY,2005,POLK,SOYBEANS,300
SURVEY,2005,RUTHERFORD,COTTON,325
SURVEY,2005,RUTHERFORD,HAY,"16,300"
SURVEY,2005,RUTHERFORD,SOYBEANS,675
SURVEY,2005,RUTHERFORD,WHEAT,250
SURVEY,2005,RUTHERFORD,WHEAT,250
SURVEY,2005,SWAIN,HAY,800
SURVEY,2005,TRANSYLVANIA,CORN,850
SURVEY,2005,TRANSYLVANIA,CORN,700
SURVEY,2005,TRANSYLVANIA,HAY,"3,800"
SURVEY,2005,YANCEY,HAY,"4,700"
SURVEY,2005,YANCEY,TOBACCO,180
SURVEY,2004,OTHER (COMBINED) COUNTIES,CHICKENS,"240,000"
SURVEY,2004,WAYNE,CHICKENS,"160,000"
SURVEY,2004,ALEXANDER,CHICKENS,"1,690,000"
SURVEY,2004,CHATHAM,CHICKENS,"525,000"
SURVEY,2004,DAVIE,CHICKENS,"184,000"
SURVEY,2004,IREDELL,CHICKENS,"1,640,000"
SURVEY,2004,OTHER (COMBINED) COUNTIES,CHICKENS,"211,000"
SURVEY,2004,RANDOLPH,CHICKENS,"1,200,000"
SURVEY,2004,NASH,CHICKENS,"2,300,000"
SURVEY,2004,OTHER (COMBINED) COUNTIES,CHICKENS,"200,000"
SURVEY,2004,OTHER (COMBINED) COUNTIES,CHICKENS,"68,000"
SURVEY,2004,SURRY,CHICKENS,"500,000"
SURVEY,2004,WILKES,CHICKENS,"990,000"
SURVEY,2004,YADKIN,CHICKENS,"1,442,000"
SURVEY,2004,ALAMANCE,CHICKENS,"340,000"
SURVEY,2004,FRANKLIN,CHICKENS,"320,000"
SURVEY,2004,GUILFORD,CHICKENS,"200,000"
SURVEY,2004,OTHER (COMBINED) COUNTIES,CHICKENS,"690,000"
SURVEY,2004,DUPLIN,CHICKENS,"610,000"
SURVEY,2004,OTHER (COMBINED) COUNTIES,CHICKENS,"170,000"
SURVEY,2004,SAMPSON,CHICKENS,"440,000"
SURVEY,2004,ANSON,CHICKENS,"200,000"
SURVEY,2004,OTHER (COMBINED) COUNTIES,CHICKENS,"520,000"
SURVEY,2004,STANLY,CHICKENS,"420,000"
SURVEY,2004,UNION,CHICKENS,"1,460,000"
SURVEY,2004,OTHER (COMBINED) COUNTIES,CHICKENS,"1,000,000"
SURVEY,2004,BEAUFORT,CATTLE,600
SURVEY,2004,CRAVEN,CATTLE,900
SURVEY,2004,GREENE,CATTLE,"1,200"
SURVEY,2004,JOHNSTON,CATTLE,"6,700"
SURVEY,2004,JONES,CATTLE,900
SURVEY,2004,LENOIR,CATTLE,"2,000"
SURVEY,2004,OTHER (COMBINED) COUNTIES,CATTLE,300
SURVEY,2004,OTHER (COMBINED) COUNTIES,CATTLE,400
SURVEY,2004,PITT,CATTLE,"2,400"
SURVEY,2004,WAYNE,CATTLE,"4,700"
SURVEY,2004,WILSON,CATTLE,"1,300"
SURVEY,2004,ALEXANDER,CATTLE,"7,700"
SURVEY,2004,ALEXANDER,CATTLE,"2,600"
SURVEY,2004,CATAWBA,CATTLE,"6,800"
SURVEY,2004,CATAWBA,CATTLE,800
SURVEY,2004,CHATHAM,CATTLE,"16,800"
SURVEY,2004,CHATHAM,CATTLE,"1,600"
SURVEY,2004,DAVIDSON,CATTLE,"7,800"
SURVEY,2004,DAVIDSON,CATTLE,"1,600"
SURVEY,2004,DAVIE,CATTLE,"7,600"
SURVEY,2004,DAVIE,CATTLE,800
SURVEY,2004,IREDELL,CATTLE,"14,000"
SURVEY,2004,IREDELL,CATTLE,"11,300"
SURVEY,2004,LEE,CATTLE,"1,900"
SURVEY,2004,OTHER (COMBINED) COUNTIES,CATTLE,200
SURVEY,2004,RANDOLPH,CATTLE,"18,000"
SURVEY,2004,RANDOLPH,CATTLE,"4,000"
SURVEY,2004,ROWAN,CATTLE,"9,400"
SURVEY,2004,ROWAN,CATTLE,"2,300"
SURVEY,2004,WAKE,CATTLE,"3,000"
SURVEY,2004,BERTIE,CATTLE,500
SURVEY,2004,CHOWAN,CATTLE,500
SURVEY,2004,EDGECOMBE,CATTLE,"1,400"
SURVEY,2004,GATES,CATTLE,500
SURVEY,2004,HALIFAX,CATTLE,"2,900"
SURVEY,2004,MARTIN,CATTLE,"1,000"
SURVEY,2004,NASH,CATTLE,"4,200"
SURVEY,2004,NORTHAMPTON,CATTLE,"1,000"
SURVEY,2004,OTHER (COMBINED) COUNTIES,CATTLE,700
SURVEY,2004,OTHER (COMBINED) COUNTIES,CATTLE,700
SURVEY,2004,PASQUOTANK,CATTLE,300
SURVEY,2004,PERQUIMANS,CATTLE,500
SURVEY,2004,WASHINGTON,CATTLE,500
SURVEY,2004,ALLEGHANY,CATTLE,"7,000"
SURVEY,2004,ALLEGHANY,CATTLE,"3,500"
SURVEY,2004,ASHE,CATTLE,"7,100"
SURVEY,2004,AVERY,CATTLE,600
SURVEY,2004,CALDWELL,CATTLE,"2,400"
SURVEY,2004,OTHER (COMBINED) COUNTIES,CATTLE,"1,200"
SURVEY,2004,SURRY,CATTLE,"11,000"
SURVEY,2004,SURRY,CATTLE,800
SURVEY,2004,WATAUGA,CATTLE,"3,500"
SURVEY,2004,WILKES,CATTLE,"16,400"
SURVEY,2004,WILKES,CATTLE,"1,400"
SURVEY,2004,YADKIN,CATTLE,"9,000"
SURVEY,2004,YADKIN,CATTLE,"2,100"
SURVEY,2004,ALAMANCE,CATTLE,"7,700"
SURVEY,2004,ALAMANCE,CATTLE,"1,800"
SURVEY,2004,CASWELL,CATTLE,"4,400"
SURVEY,2004,DURHAM,CATTLE,"1,000"
SURVEY,2004,FORSYTH,CATTLE,"2,800"
SURVEY,2004,FRANKLIN,CATTLE,"5,000"
SURVEY,2004,GRANVILLE,CATTLE,"5,200"
SURVEY,2004,GRANVILLE,CATTLE,600
SURVEY,2004,GUILFORD,CATTLE,"6,700"
SURVEY,2004,GUILFORD,CATTLE,"1,700"
SURVEY,2004,ORANGE,CATTLE,"5,300"
SURVEY,2004,ORANGE,CATTLE,"1,800"
SURVEY,2004,OTHER (COMBINED) COUNTIES,CATTLE,"1,200"
SURVEY,2004,PERSON,CATTLE,"4,100"
SURVEY,2004,ROCKINGHAM,CATTLE,"5,100"
SURVEY,2004,ROCKINGHAM,CATTLE,600
SURVEY,2004,STOKES,CATTLE,"5,200"
SURVEY,2004,VANCE,CATTLE,"1,200"
SURVEY,2004,WARREN,CATTLE,"4,300"
SURVEY,2004,WARREN,CATTLE,800
SURVEY,2004,BLADEN,CATTLE,"3,300"
SURVEY,2004,BRUNSWICK,CATTLE,"1,200"
SURVEY,2004,COLUMBUS,CATTLE,"6,000"
SURVEY,2004,CUMBERLAND,CATTLE,"2,400"
SURVEY,2004,DUPLIN,CATTLE,"11,000"
SURVEY,2004,HARNETT,CATTLE,"4,200"
SURVEY,2004,ONSLOW,CATTLE,"1,100"
SURVEY,2004,OTHER (COMBINED) COUNTIES,CATTLE,800
SURVEY,2004,OTHER (COMBINED) COUNTIES,CATTLE,"1,200"
SURVEY,2004,PENDER,CATTLE,"1,200"
SURVEY,2004,ROBESON,CATTLE,"4,400"
SURVEY,2004,SAMPSON,CATTLE,"11,600"
SURVEY,2004,SCOTLAND,CATTLE,800
SURVEY,2004,ANSON,CATTLE,"5,100"
SURVEY,2004,CABARRUS,CATTLE,"7,200"
SURVEY,2004,CABARRUS,CATTLE,600
SURVEY,2004,CLEVELAND,CATTLE,"11,100"
SURVEY,2004,CLEVELAND,CATTLE,700
SURVEY,2004,GASTON,CATTLE,"3,000"
SURVEY,2004,GASTON,CATTLE,"1,400"
SURVEY,2004,LINCOLN,CATTLE,"4,500"
SURVEY,2004,LINCOLN,CATTLE,"1,900"
SURVEY,2004,MECKLENBURG,CATTLE,"2,000"
SURVEY,2004,MONTGOMERY,CATTLE,"3,900"
SURVEY,2004,MOORE,CATTLE,"5,100"
SURVEY,2004,OTHER (COMBINED) COUNTIES,CATTLE,500
SURVEY,2004,RICHMOND,CATTLE,"1,300"
SURVEY,2004,STANLY,CATTLE,"8,100"
SURVEY,2004,STANLY,CATTLE,900
SURVEY,2004,UNION,CATTLE,"12,700"
SURVEY,2004,BUNCOMBE,CATTLE,"7,500"
SURVEY,2004,BUNCOMBE,CATTLE,"1,800"
SURVEY,2004,BURKE,CATTLE,"2,200"
SURVEY,2004,CHEROKEE,CATTLE,"2,200"
SURVEY,2004,CLAY,CATTLE,"1,700"
SURVEY,2004,GRAHAM,CATTLE,600
SURVEY,2004,HAYWOOD,CATTLE,"7,800"
SURVEY,2004,HAYWOOD,CATTLE,"1,700"
SURVEY,2004,HENDERSON,CATTLE,"2,200"
SURVEY,2004,HENDERSON,CATTLE,"2,200"
SURVEY,2004,JACKSON,CATTLE,800
SURVEY,2004,MACON,CATTLE,"2,500"
SURVEY,2004,MADISON,CATTLE,"5,600"
SURVEY,2004,MCDOWELL,CATTLE,"1,300"
SURVEY,2004,MITCHELL,CATTLE,"1,200"
SURVEY,2004,OTHER (COMBINED) COUNTIES,CATTLE,"1,300"
SURVEY,2004,POLK,CATTLE,"1,300"
SURVEY,2004,RUTHERFORD,CATTLE,"6,100"
SURVEY,2004,SWAIN,CATTLE,300
SURVEY,2004,TRANSYLVANIA,CATTLE,"1,400"
SURVEY,2004,YANCEY,CATTLE,"2,300"
SURVEY,2004,BEAUFORT,CORN,"46,100"
SURVEY,2004,BEAUFORT,CORN,"45,700"
SURVEY,2004,BEAUFORT,COTTON,"22,000"
SURVEY,2004,BEAUFORT,HAY,"1,600"
SURVEY,2004,BEAUFORT,OATS,"1,530"
SURVEY,2004,BEAUFORT,PEANUTS,260
SURVEY,2004,BEAUFORT,POTATOES,"1,100"
SURVEY,2004,BEAUFORT,SORGHUM,370
SURVEY,2004,BEAUFORT,SOYBEANS,"62,900"
SURVEY,2004,BEAUFORT,TOBACCO,"2,630"
SURVEY,2004,BEAUFORT,WHEAT,"29,500"
SURVEY,2004,BEAUFORT,WHEAT,"29,500"
SURVEY,2004,CARTERET,CORN,"21,300"
SURVEY,2004,CARTERET,CORN,"21,200"
SURVEY,2004,CARTERET,COTTON,300
SURVEY,2004,CARTERET,HAY,200
SURVEY,2004,CARTERET,POTATOES,670
SURVEY,2004,CARTERET,SOYBEANS,"24,500"
SURVEY,2004,CARTERET,TOBACCO,390
SURVEY,2004,CARTERET,WHEAT,"2,500"
SURVEY,2004,CARTERET,WHEAT,"2,500"
SURVEY,2004,CRAVEN,CORN,"13,100"
SURVEY,2004,CRAVEN,CORN,"13,100"
SURVEY,2004,CRAVEN,COTTON,"15,400"
SURVEY,2004,CRAVEN,HAY,"1,400"
SURVEY,2004,CRAVEN,PEANUTS,210
SURVEY,2004,CRAVEN,SORGHUM,210
SURVEY,2004,CRAVEN,SOYBEANS,"21,900"
SURVEY,2004,CRAVEN,TOBACCO,"2,615"
SURVEY,2004,CRAVEN,WHEAT,"3,000"
SURVEY,2004,CRAVEN,WHEAT,"3,000"
SURVEY,2004,GREENE,CORN,"10,100"
SURVEY,2004,GREENE,CORN,"10,100"
SURVEY,2004,GREENE,COTTON,"17,200"
SURVEY,2004,GREENE,HAY,"2,900"
SURVEY,2004,GREENE,OATS,250
SURVEY,2004,GREENE,SORGHUM,390
SURVEY,2004,GREENE,SOYBEANS,"30,000"
SURVEY,2004,GREENE,SWEET POTATOES,"2,300"
SURVEY,2004,GREENE,TOBACCO,"4,185"
SURVEY,2004,GREENE,WHEAT,"5,200"
SURVEY,2004,GREENE,WHEAT,"5,200"
SURVEY,2004,HYDE,CORN,"27,600"
SURVEY,2004,HYDE,CORN,"27,100"
SURVEY,2004,HYDE,COTTON,"15,400"
SURVEY,2004,HYDE,HAY,300
SURVEY,2004,HYDE,SORGHUM,"1,100"
SURVEY,2004,HYDE,SOYBEANS,"25,700"
SURVEY,2004,HYDE,WHEAT,"6,900"
SURVEY,2004,HYDE,WHEAT,"6,900"
SURVEY,2004,JOHNSTON,CORN,"8,500"
SURVEY,2004,JOHNSTON,CORN,"8,300"
SURVEY,2004,JOHNSTON,COTTON,"13,500"
SURVEY,2004,JOHNSTON,HAY,"10,500"
SURVEY,2004,JOHNSTON,OATS,"1,300"
SURVEY,2004,JOHNSTON,SOYBEANS,"61,100"
SURVEY,2004,JOHNSTON,SWEET POTATOES,"6,400"
SURVEY,2004,JOHNSTON,TOBACCO,"7,240"
SURVEY,2004,JOHNSTON,WHEAT,"8,000"
SURVEY,2004,JOHNSTON,WHEAT,"8,000"
SURVEY,2004,JONES,CORN,"9,700"
SURVEY,2004,JONES,CORN,"9,700"
SURVEY,2004,JONES,COTTON,"22,100"
SURVEY,2004,JONES,HAY,"1,500"
SURVEY,2004,JONES,PEANUTS,730
SURVEY,2004,JONES,SOYBEANS,"12,700"
SURVEY,2004,JONES,TOBACCO,"1,755"
SURVEY,2004,JONES,WHEAT,"3,700"
SURVEY,2004,JONES,WHEAT,"3,700"
SURVEY,2004,LENOIR,CORN,"20,400"
SURVEY,2004,LENOIR,CORN,"20,100"
SURVEY,2004,LENOIR,COTTON,"29,300"
SURVEY,2004,LENOIR,HAY,"2,700"
SURVEY,2004,LENOIR,OATS,320
SURVEY,2004,LENOIR,SOYBEANS,"31,000"
SURVEY,2004,LENOIR,SWEET POTATOES,720
SURVEY,2004,LENOIR,TOBACCO,"5,010"
SURVEY,2004,LENOIR,WHEAT,"9,700"
SURVEY,2004,LENOIR,WHEAT,"9,700"
SURVEY,2004,OTHER (COMBINED) COUNTIES,OATS,130
SURVEY,2004,OTHER (COMBINED) COUNTIES,PEANUTS,140
SURVEY,2004,OTHER (COMBINED) COUNTIES,SORGHUM,420
SURVEY,2004,OTHER (COMBINED) COUNTIES,SWEET POTATOES,20
SURVEY,2004,PAMLICO,CORN,"11,100"
SURVEY,2004,PAMLICO,CORN,"11,100"
SURVEY,2004,PAMLICO,COTTON,"3,900"
SURVEY,2004,PAMLICO,HAY,500
SURVEY,2004,PAMLICO,POTATOES,"1,300"
SURVEY,2004,PAMLICO,SORGHUM,710
SURVEY,2004,PAMLICO,SOYBEANS,"18,400"
SURVEY,2004,PAMLICO,TOBACCO,270
SURVEY,2004,PAMLICO,WHEAT,"6,800"
SURVEY,2004,PAMLICO,WHEAT,"6,800"
SURVEY,2004,PITT,CORN,"16,100"
SURVEY,2004,PITT,CORN,"15,900"
SURVEY,2004,PITT,COTTON,"30,500"
SURVEY,2004,PITT,HAY,"5,900"
SURVEY,2004,PITT,OATS,730
SURVEY,2004,PITT,PEANUTS,"4,730"
SURVEY,2004,PITT,SORGHUM,500
SURVEY,2004,PITT,SOYBEANS,"56,400"
SURVEY,2004,PITT,SWEET POTATOES,490
SURVEY,2004,PITT,TOBACCO,"8,810"
SURVEY,2004,PITT,WHEAT,"10,400"
SURVEY,2004,PITT,WHEAT,"10,400"
SURVEY,2004,WAYNE,CORN,"27,000"
SURVEY,2004,WAYNE,CORN,"26,800"
SURVEY,2004,WAYNE,COTTON,"22,300"
SURVEY,2004,WAYNE,HAY,"6,500"
SURVEY,2004,WAYNE,OATS,710
SURVEY,2004,WAYNE,SOYBEANS,"61,300"
SURVEY,2004,WAYNE,SWEET POTATOES,"1,770"
SURVEY,2004,WAYNE,TOBACCO,"4,950"
SURVEY,2004,WAYNE,WHEAT,"25,500"
SURVEY,2004,WAYNE,WHEAT,"25,500"
SURVEY,2004,WILSON,CORN,"6,000"
SURVEY,2004,WILSON,CORN,"5,900"
SURVEY,2004,WILSON,COTTON,"25,900"
SURVEY,2004,WILSON,HAY,"1,000"
SURVEY,2004,WILSON,OATS,230
SURVEY,2004,WILSON,PEANUTS,130
SURVEY,2004,WILSON,SOYBEANS,"37,100"
SURVEY,2004,WILSON,SWEET POTATOES,"3,300"
SURVEY,2004,WILSON,TOBACCO,"5,625"
SURVEY,2004,WILSON,WHEAT,"5,800"
SURVEY,2004,WILSON,WHEAT,"5,800"
SURVEY,2004,ALEXANDER,CORN,"2,100"
SURVEY,2004,ALEXANDER,CORN,600
SURVEY,2004,ALEXANDER,HAY,"9,500"
SURVEY,2004,ALEXANDER,SOYBEANS,"1,100"
SURVEY,2004,ALEXANDER,TOBACCO,"912,000"
SURVEY,2004,ALEXANDER,WHEAT,550
SURVEY,2004,ALEXANDER,WHEAT,550
SURVEY,2004,CATAWBA,BARLEY,550
SURVEY,2004,CATAWBA,CORN,"2,700"
SURVEY,2004,CATAWBA,CORN,"1,500"
SURVEY,2004,CATAWBA,HAY,"14,000"
SURVEY,2004,CATAWBA,SOYBEANS,"6,200"
SURVEY,2004,CATAWBA,WHEAT,"3,300"
SURVEY,2004,CATAWBA,WHEAT,"3,300"
SURVEY,2004,CHATHAM,CORN,"2,200"
SURVEY,2004,CHATHAM,CORN,800
SURVEY,2004,CHATHAM,HAY,"18,000"
SURVEY,2004,CHATHAM,OATS,380
SURVEY,2004,CHATHAM,SOYBEANS,"1,700"
SURVEY,2004,CHATHAM,TOBACCO,"1,040,000"
SURVEY,2004,CHATHAM,WHEAT,"1,100"
SURVEY,2004,CHATHAM,WHEAT,"1,100"
SURVEY,2004,DAVIDSON,BARLEY,700
SURVEY,2004,DAVIDSON,CORN,"6,000"
SURVEY,2004,DAVIDSON,CORN,"3,800"
SURVEY,2004,DAVIDSON,COTTON,600
SURVEY,2004,DAVIDSON,HAY,"21,000"
SURVEY,2004,DAVIDSON,OATS,400
SURVEY,2004,DAVIDSON,SOYBEANS,"7,300"
SURVEY,2004,DAVIDSON,TOBACCO,"2,071,000"
SURVEY,2004,DAVIDSON,WHEAT,"1,800"
SURVEY,2004,DAVIDSON,WHEAT,"1,800"
SURVEY,2004,DAVIE,CORN,"4,700"
SURVEY,2004,DAVIE,CORN,"3,700"
SURVEY,2004,DAVIE,HAY,"16,000"
SURVEY,2004,DAVIE,SOYBEANS,"6,500"
SURVEY,2004,DAVIE,TOBACCO,"747,000"
SURVEY,2004,DAVIE,WHEAT,"2,900"
SURVEY,2004,DAVIE,WHEAT,"2,900"
SURVEY,2004,IREDELL,BARLEY,"1,420"
SURVEY,2004,IREDELL,CORN,"14,000"
SURVEY,2004,IREDELL,CORN,"3,200"
SURVEY,2004,IREDELL,COTTON,525
SURVEY,2004,IREDELL,HAY,"23,000"
SURVEY,2004,IREDELL,SOYBEANS,"10,400"
SURVEY,2004,IREDELL,TOBACCO,"770,000"
SURVEY,2004,IREDELL,WHEAT,"6,000"
SURVEY,2004,IREDELL,WHEAT,"6,000"
SURVEY,2004,LEE,CORN,900
SURVEY,2004,LEE,CORN,850
SURVEY,2004,LEE,COTTON,400
SURVEY,2004,LEE,HAY,"2,000"
SURVEY,2004,LEE,OATS,330
SURVEY,2004,LEE,SOYBEANS,"7,900"
SURVEY,2004,LEE,TOBACCO,"1,315"
SURVEY,2004,LEE,WHEAT,"1,100"
SURVEY,2004,LEE,WHEAT,"1,100"
SURVEY,2004,OTHER (COMBINED) COUNTIES,BARLEY,430
SURVEY,2004,OTHER (COMBINED) COUNTIES,COTTON,175
SURVEY,2004,OTHER (COMBINED) COUNTIES,OATS,290
SURVEY,2004,OTHER (COMBINED) COUNTIES,SORGHUM,630
SURVEY,2004,OTHER (COMBINED) COUNTIES,SWEET POTATOES,80
SURVEY,2004,OTHER (COMBINED) COUNTIES,TOBACCO,"9,000"
SURVEY,2004,RANDOLPH,BARLEY,200
SURVEY,2004,RANDOLPH,CORN,"7,000"
SURVEY,2004,RANDOLPH,CORN,"3,300"
SURVEY,2004,RANDOLPH,HAY,"20,600"
SURVEY,2004,RANDOLPH,OATS,760
SURVEY,2004,RANDOLPH,SOYBEANS,"9,800"
SURVEY,2004,RANDOLPH,TOBACCO,"1,864,000"
SURVEY,2004,RANDOLPH,WHEAT,"3,500"
SURVEY,2004,RANDOLPH,WHEAT,"3,500"
SURVEY,2004,ROWAN,BARLEY,"1,600"
SURVEY,2004,ROWAN,CORN,"8,700"
SURVEY,2004,ROWAN,CORN,"6,300"
SURVEY,2004,ROWAN,COTTON,650
SURVEY,2004,ROWAN,HAY,"20,500"
SURVEY,2004,ROWAN,OATS,340
SURVEY,2004,ROWAN,SOYBEANS,"15,500"
SURVEY,2004,ROWAN,WHEAT,"6,750"
SURVEY,2004,ROWAN,WHEAT,"6,750"
SURVEY,2004,WAKE,CORN,"1,000"
SURVEY,2004,WAKE,CORN,950
SURVEY,2004,WAKE,HAY,"4,400"
SURVEY,2004,WAKE,OATS,"1,300"
SURVEY,2004,WAKE,SOYBEANS,"15,600"
SURVEY,2004,WAKE,SWEET POTATOES,"1,150"
SURVEY,2004,WAKE,TOBACCO,"5,645"
SURVEY,2004,WAKE,WHEAT,"2,800"
SURVEY,2004,WAKE,WHEAT,"2,800"
SURVEY,2004,BERTIE,CORN,"16,500"
SURVEY,2004,BERTIE,CORN,"16,500"
SURVEY,2004,BERTIE,COTTON,"34,200"
SURVEY,2004,BERTIE,PEANUTS,"12,700"
SURVEY,2004,BERTIE,SORGHUM,640
SURVEY,2004,BERTIE,SOYBEANS,"20,000"
SURVEY,2004,BERTIE,TOBACCO,"1,850"
SURVEY,2004,BERTIE,WHEAT,"1,700"
SURVEY,2004,BERTIE,WHEAT,"1,700"
SURVEY,2004,CAMDEN,CORN,"16,300"
SURVEY,2004,CAMDEN,CORN,"16,300"
SURVEY,2004,CAMDEN,COTTON,650
SURVEY,2004,CAMDEN,OATS,210
SURVEY,2004,CAMDEN,POTATOES,"3,300"
SURVEY,2004,CAMDEN,SOYBEANS,"29,500"
SURVEY,2004,CAMDEN,WHEAT,"8,800"
SURVEY,2004,CAMDEN,WHEAT,"8,800"
SURVEY,2004,CHOWAN,CORN,"4,300"
SURVEY,2004,CHOWAN,CORN,"4,200"
SURVEY,2004,CHOWAN,COTTON,"15,900"
SURVEY,2004,CHOWAN,HAY,"1,000"
SURVEY,2004,CHOWAN,PEANUTS,"7,010"
SURVEY,2004,CHOWAN,SORGHUM,920
SURVEY,2004,CHOWAN,SOYBEANS,"7,600"
SURVEY,2004,CHOWAN,SWEET POTATOES,230
SURVEY,2004,CHOWAN,TOBACCO,170
SURVEY,2004,CHOWAN,WHEAT,"1,500"
SURVEY,2004,CHOWAN,WHEAT,"1,500"
SURVEY,2004,CURRITUCK,CORN,"11,000"
SURVEY,2004,CURRITUCK,CORN,"11,000"
SURVEY,2004,CURRITUCK,PEANUTS,270
SURVEY,2004,CURRITUCK,POTATOES,230
SURVEY,2004,CURRITUCK,SORGHUM,580
SURVEY,2004,CURRITUCK,SOYBEANS,"13,300"
SURVEY,2004,CURRITUCK,WHEAT,"6,000"
SURVEY,2004,CURRITUCK,WHEAT,"6,000"
SURVEY,2004,DARE,CORN,800
SURVEY,2004,DARE,CORN,800
SURVEY,2004,DARE,SOYBEANS,"1,100"
SURVEY,2004,EDGECOMBE,CORN,"9,400"
SURVEY,2004,EDGECOMBE,CORN,"9,300"
SURVEY,2004,EDGECOMBE,COTTON,"43,300"
SURVEY,2004,EDGECOMBE,HAY,"1,300"
SURVEY,2004,EDGECOMBE,PEANUTS,"12,320"
SURVEY,2004,EDGECOMBE,SOYBEANS,"34,500"
SURVEY,2004,EDGECOMBE,SWEET POTATOES,"3,300"
SURVEY,2004,EDGECOMBE,TOBACCO,"3,900"
SURVEY,2004,EDGECOMBE,WHEAT,"4,500"
SURVEY,2004,EDGECOMBE,WHEAT,"4,500"
SURVEY,2004,GATES,CORN,"6,700"
SURVEY,2004,GATES,CORN,"6,600"
SURVEY,2004,GATES,COTTON,"14,200"
SURVEY,2004,GATES,HAY,800
SURVEY,2004,GATES,PEANUTS,"6,820"
SURVEY,2004,GATES,SOYBEANS,"12,800"
SURVEY,2004,GATES,TOBACCO,75
SURVEY,2004,GATES,WHEAT,"1,400"
SURVEY,2004,GATES,WHEAT,"1,400"
SURVEY,2004,HALIFAX,CORN,"5,700"
SURVEY,2004,HALIFAX,CORN,"4,300"
SURVEY,2004,HALIFAX,COTTON,"57,200"
SURVEY,2004,HALIFAX,HAY,"3,200"
SURVEY,2004,HALIFAX,OATS,200
SURVEY,2004,HALIFAX,PEANUTS,"10,600"
SURVEY,2004,HALIFAX,SORGHUM,210
SURVEY,2004,HALIFAX,SOYBEANS,"23,800"
SURVEY,2004,HALIFAX,SWEET POTATOES,400
SURVEY,2004,HALIFAX,TOBACCO,"1,890"
SURVEY,2004,HALIFAX,WHEAT,"4,300"
SURVEY,2004,HALIFAX,WHEAT,"4,300"
SURVEY,2004,HERTFORD,CORN,"9,800"
SURVEY,2004,HERTFORD,CORN,"9,800"
SURVEY,2004,HERTFORD,COTTON,"14,200"
SURVEY,2004,HERTFORD,HAY,"1,500"
SURVEY,2004,HERTFORD,PEANUTS,"7,140"
SURVEY,2004,HERTFORD,SOYBEANS,"12,700"
SURVEY,2004,HERTFORD,TOBACCO,"1,065"
SURVEY,2004,HERTFORD,WHEAT,"1,900"
SURVEY,2004,HERTFORD,WHEAT,"1,900"
SURVEY,2004,MARTIN,CORN,"4,400"
SURVEY,2004,MARTIN,CORN,"4,400"
SURVEY,2004,MARTIN,COTTON,"40,100"
SURVEY,2004,MARTIN,HAY,"1,100"
SURVEY,2004,MARTIN,PEANUTS,"12,650"
SURVEY,2004,MARTIN,SORGHUM,240
SURVEY,2004,MARTIN,SOYBEANS,"15,000"
SURVEY,2004,MARTIN,TOBACCO,"2,670"
SURVEY,2004,MARTIN,WHEAT,"2,500"
SURVEY,2004,MARTIN,WHEAT,"2,500"
SURVEY,2004,NASH,CORN,"2,400"
SURVEY,2004,NASH,CORN,"2,400"
SURVEY,2004,NASH,COTTON,"16,500"
SURVEY,2004,NASH,HAY,"4,600"
SURVEY,2004,NASH,OATS,420
SURVEY,2004,NASH,PEANUTS,"3,700"
SURVEY,2004,NASH,SORGHUM,350
SURVEY,2004,NASH,SOYBEANS,"31,200"
SURVEY,2004,NASH,SWEET POTATOES,"6,950"
SURVEY,2004,NASH,TOBACCO,"6,065"
SURVEY,2004,NASH,WHEAT,"3,900"
SURVEY,2004,NASH,WHEAT,"3,900"
SURVEY,2004,NORTHAMPTON,CORN,"3,300"
SURVEY,2004,NORTHAMPTON,CORN,"3,200"
SURVEY,2004,NORTHAMPTON,COTTON,"55,700"
SURVEY,2004,NORTHAMPTON,HAY,"1,600"
SURVEY,2004,NORTHAMPTON,PEANUTS,"4,200"
SURVEY,2004,NORTHAMPTON,SOYBEANS,"23,500"
SURVEY,2004,NORTHAMPTON,TOBACCO,130
SURVEY,2004,NORTHAMPTON,WHEAT,"5,000"
SURVEY,2004,NORTHAMPTON,WHEAT,"5,000"
SURVEY,2004,OTHER (COMBINED) COUNTIES,HAY,850
SURVEY,2004,OTHER (COMBINED) COUNTIES,OATS,790
SURVEY,2004,OTHER (COMBINED) COUNTIES,PEANUTS,50
SURVEY,2004,OTHER (COMBINED) COUNTIES,POTATOES,210
SURVEY,2004,OTHER (COMBINED) COUNTIES,SORGHUM,220
SURVEY,2004,OTHER (COMBINED) COUNTIES,SWEET POTATOES,20
SURVEY,2004,PASQUOTANK,CORN,"22,500"
SURVEY,2004,PASQUOTANK,CORN,"22,400"
SURVEY,2004,PASQUOTANK,COTTON,"2,900"
SURVEY,2004,PASQUOTANK,PEANUTS,820
SURVEY,2004,PASQUOTANK,POTATOES,"2,920"
SURVEY,2004,PASQUOTANK,SORGHUM,"2,680"
SURVEY,2004,PASQUOTANK,SOYBEANS,"43,500"
SURVEY,2004,PASQUOTANK,WHEAT,"14,000"
SURVEY,2004,PASQUOTANK,WHEAT,"14,000"
SURVEY,2004,PERQUIMANS,CORN,"17,300"
SURVEY,2004,PERQUIMANS,CORN,"17,300"
SURVEY,2004,PERQUIMANS,COTTON,"16,900"
SURVEY,2004,PERQUIMANS,HAY,250
SURVEY,2004,PERQUIMANS,PEANUTS,"4,600"
SURVEY,2004,PERQUIMANS,SORGHUM,580
SURVEY,2004,PERQUIMANS,SOYBEANS,"27,000"
SURVEY,2004,PERQUIMANS,WHEAT,"8,500"
SURVEY,2004,PERQUIMANS,WHEAT,"8,500"
SURVEY,2004,TYRRELL,CORN,"25,500"
SURVEY,2004,TYRRELL,CORN,"25,500"
SURVEY,2004,TYRRELL,COTTON,"3,450"
SURVEY,2004,TYRRELL,OATS,380
SURVEY,2004,TYRRELL,POTATOES,"2,030"
SURVEY,2004,TYRRELL,SOYBEANS,"33,700"
SURVEY,2004,TYRRELL,WHEAT,"15,200"
SURVEY,2004,TYRRELL,WHEAT,"15,200"
SURVEY,2004,WASHINGTON,CORN,"25,100"
SURVEY,2004,WASHINGTON,CORN,"25,000"
SURVEY,2004,WASHINGTON,COTTON,"13,700"
SURVEY,2004,WASHINGTON,HAY,800
SURVEY,2004,WASHINGTON,PEANUTS,"2,420"
SURVEY,2004,WASHINGTON,POTATOES,"1,710"
SURVEY,2004,WASHINGTON,SORGHUM,480
SURVEY,2004,WASHINGTON,SOYBEANS,"30,800"
SURVEY,2004,WASHINGTON,TOBACCO,245
SURVEY,2004,WASHINGTON,WHEAT,"12,800"
SURVEY,2004,WASHINGTON,WHEAT,"12,800"
SURVEY,2004,ALLEGHANY,HAY,"12,000"
SURVEY,2004,ALLEGHANY,TOBACCO,210
SURVEY,2004,ASHE,HAY,"9,800"
SURVEY,2004,ASHE,TOBACCO,490
SURVEY,2004,AVERY,HAY,"1,100"
SURVEY,2004,AVERY,TOBACCO,70
SURVEY,2004,CALDWELL,CORN,"1,300"
SURVEY,2004,CALDWELL,CORN,900
SURVEY,2004,CALDWELL,HAY,"8,000"
SURVEY,2004,CALDWELL,SOYBEANS,800
SURVEY,2004,CALDWELL,TOBACCO,"289,000"
SURVEY,2004,CALDWELL,WHEAT,400
SURVEY,2004,CALDWELL,WHEAT,400
SURVEY,2004,OTHER (COMBINED) COUNTIES,BARLEY,250
SURVEY,2004,OTHER (COMBINED) COUNTIES,CORN,"2,800"
SURVEY,2004,OTHER (COMBINED) COUNTIES,CORN,100
SURVEY,2004,OTHER (COMBINED) COUNTIES,OATS,20
SURVEY,2004,OTHER (COMBINED) COUNTIES,WHEAT,100
SURVEY,2004,OTHER (COMBINED) COUNTIES,WHEAT,100
SURVEY,2004,SURRY,BARLEY,"1,500"
SURVEY,2004,SURRY,CORN,"6,900"
SURVEY,2004,SURRY,CORN,"5,300"
SURVEY,2004,SURRY,HAY,"19,000"
SURVEY,2004,SURRY,SOYBEANS,"8,600"
SURVEY,2004,SURRY,TOBACCO,"8,227,000"
SURVEY,2004,SURRY,WHEAT,"2,400"
SURVEY,2004,SURRY,WHEAT,"2,400"
SURVEY,2004,WATAUGA,HAY,"6,100"
SURVEY,2004,WATAUGA,TOBACCO,330
SURVEY,2004,WILKES,CORN,"8,300"
SURVEY,2004,WILKES,CORN,"2,200"
SURVEY,2004,WILKES,HAY,"25,000"
SURVEY,2004,WILKES,SOYBEANS,400
SURVEY,2004,WILKES,TOBACCO,"907,000"
SURVEY,2004,YADKIN,BARLEY,"1,750"
SURVEY,2004,YADKIN,CORN,"15,400"
SURVEY,2004,YADKIN,CORN,"9,500"
SURVEY,2004,YADKIN,HAY,"15,000"
SURVEY,2004,YADKIN,OATS,280
SURVEY,2004,YADKIN,SOYBEANS,"13,400"
SURVEY,2004,YADKIN,TOBACCO,"5,989,000"
SURVEY,2004,YADKIN,WHEAT,"4,500"
SURVEY,2004,YADKIN,WHEAT,"4,500"
SURVEY,2004,ALAMANCE,CORN,"4,100"
SURVEY,2004,ALAMANCE,CORN,"2,400"
SURVEY,2004,ALAMANCE,HAY,"11,000"
SURVEY,2004,ALAMANCE,OATS,260
SURVEY,2004,ALAMANCE,SOYBEANS,"3,800"
SURVEY,2004,ALAMANCE,TOBACCO,"3,255,000"
SURVEY,2004,ALAMANCE,WHEAT,"2,900"
SURVEY,2004,ALAMANCE,WHEAT,"2,900"
SURVEY,2004,CASWELL,CORN,"1,200"
SURVEY,2004,CASWELL,CORN,850
SURVEY,2004,CASWELL,HAY,"12,000"
SURVEY,2004,CASWELL,SOYBEANS,"1,550"
SURVEY,2004,CASWELL,TOBACCO,"7,508,000"
SURVEY,2004,CASWELL,WHEAT,"1,300"
SURVEY,2004,CASWELL,WHEAT,"1,300"
SURVEY,2004,DURHAM,HAY,"2,500"
SURVEY,2004,DURHAM,SOYBEANS,550
SURVEY,2004,DURHAM,TOBACCO,"1,600,000"
SURVEY,2004,DURHAM,WHEAT,400
SURVEY,2004,DURHAM,WHEAT,400
SURVEY,2004,FORSYTH,BARLEY,290
SURVEY,2004,FORSYTH,CORN,"1,900"
SURVEY,2004,FORSYTH,CORN,"1,650"
SURVEY,2004,FORSYTH,HAY,"9,000"
SURVEY,2004,FORSYTH,SOYBEANS,"3,400"
SURVEY,2004,FORSYTH,TOBACCO,"2,772,000"
SURVEY,2004,FORSYTH,WHEAT,"1,400"
SURVEY,2004,FORSYTH,WHEAT,"1,400"
SURVEY,2004,FRANKLIN,CORN,"1,600"
SURVEY,2004,FRANKLIN,CORN,"1,300"
SURVEY,2004,FRANKLIN,HAY,"8,400"
SURVEY,2004,FRANKLIN,OATS,"1,000"
SURVEY,2004,FRANKLIN,SOYBEANS,"19,500"
SURVEY,2004,FRANKLIN,TOBACCO,"9,047,000"
SURVEY,2004,FRANKLIN,WHEAT,"4,850"
SURVEY,2004,FRANKLIN,WHEAT,"4,850"
SURVEY,2004,GRANVILLE,CORN,"2,200"
SURVEY,2004,GRANVILLE,CORN,"1,300"
SURVEY,2004,GRANVILLE,HAY,"11,000"
SURVEY,2004,GRANVILLE,OATS,250
SURVEY,2004,GRANVILLE,SOYBEANS,"3,200"
SURVEY,2004,GRANVILLE,TOBACCO,"9,609,000"
SURVEY,2004,GRANVILLE,WHEAT,"2,900"
SURVEY,2004,GRANVILLE,WHEAT,"2,900"
SURVEY,2004,GUILFORD,BARLEY,400
SURVEY,2004,GUILFORD,CORN,"6,800"
SURVEY,2004,GUILFORD,CORN,"2,700"
SURVEY,2004,GUILFORD,HAY,"15,000"
SURVEY,2004,GUILFORD,OATS,610
SURVEY,2004,GUILFORD,SOYBEANS,"7,900"
SURVEY,2004,GUILFORD,TOBACCO,"6,424,000"
SURVEY,2004,GUILFORD,WHEAT,"6,850"
SURVEY,2004,GUILFORD,WHEAT,"6,850"
SURVEY,2004,ORANGE,BARLEY,400
SURVEY,2004,ORANGE,CORN,"3,200"
SURVEY,2004,ORANGE,CORN,"1,300"
SURVEY,2004,ORANGE,HAY,"11,000"
SURVEY,2004,ORANGE,OATS,380
SURVEY,2004,ORANGE,SOYBEANS,"2,600"
SURVEY,2004,ORANGE,TOBACCO,"2,371,000"
SURVEY,2004,ORANGE,WHEAT,"2,300"
SURVEY,2004,ORANGE,WHEAT,"2,300"
SURVEY,2004,OTHER (COMBINED) COUNTIES,BARLEY,420
SURVEY,2004,OTHER (COMBINED) COUNTIES,CORN,400
SURVEY,2004,OTHER (COMBINED) COUNTIES,CORN,350
SURVEY,2004,OTHER (COMBINED) COUNTIES,COTTON,80
SURVEY,2004,OTHER (COMBINED) COUNTIES,OATS,550
SURVEY,2004,OTHER (COMBINED) COUNTIES,SORGHUM,550
SURVEY,2004,PERSON,CORN,"2,900"
SURVEY,2004,PERSON,CORN,"2,200"
SURVEY,2004,PERSON,HAY,"8,500"
SURVEY,2004,PERSON,SOYBEANS,"9,700"
SURVEY,2004,PERSON,TOBACCO,"7,752,000"
SURVEY,2004,PERSON,WHEAT,"7,000"
SURVEY,2004,PERSON,WHEAT,"7,000"
SURVEY,2004,ROCKINGHAM,BARLEY,230
SURVEY,2004,ROCKINGHAM,CORN,"3,500"
SURVEY,2004,ROCKINGHAM,CORN,"1,900"
SURVEY,2004,ROCKINGHAM,HAY,"15,200"
SURVEY,2004,ROCKINGHAM,OATS,290
SURVEY,2004,ROCKINGHAM,SOYBEANS,"3,500"
SURVEY,2004,ROCKINGHAM,TOBACCO,"9,682,000"
SURVEY,2004,ROCKINGHAM,WHEAT,"5,000"
SURVEY,2004,ROCKINGHAM,WHEAT,"5,000"
SURVEY,2004,STOKES,CORN,"1,400"
SURVEY,2004,STOKES,CORN,"1,150"
SURVEY,2004,STOKES,HAY,"14,200"
SURVEY,2004,STOKES,SOYBEANS,"1,200"
SURVEY,2004,STOKES,TOBACCO,"8,083,000"
SURVEY,2004,STOKES,WHEAT,550
SURVEY,2004,STOKES,WHEAT,550
SURVEY,2004,VANCE,HAY,"2,100"
SURVEY,2004,VANCE,SOYBEANS,"7,200"
SURVEY,2004,VANCE,TOBACCO,"6,212,000"
SURVEY,2004,VANCE,WHEAT,"2,450"
SURVEY,2004,VANCE,WHEAT,"2,450"
SURVEY,2004,WARREN,CORN,"1,100"
SURVEY,2004,WARREN,CORN,300
SURVEY,2004,WARREN,COTTON,870
SURVEY,2004,WARREN,HAY,"5,100"
SURVEY,2004,WARREN,OATS,660
SURVEY,2004,WARREN,SOYBEANS,"7,700"
SURVEY,2004,WARREN,TOBACCO,"3,910,000"
SURVEY,2004,WARREN,WHEAT,"2,100"
SURVEY,2004,WARREN,WHEAT,"2,100"
SURVEY,2004,BLADEN,CORN,"26,500"
SURVEY,2004,BLADEN,CORN,"26,200"
SURVEY,2004,BLADEN,COTTON,"6,900"
SURVEY,2004,BLADEN,HAY,"6,900"
SURVEY,2004,BLADEN,OATS,430
SURVEY,2004,BLADEN,PEANUTS,"6,180"
SURVEY,2004,BLADEN,SOYBEANS,"19,700"
SURVEY,2004,BLADEN,SWEET POTATOES,650
SURVEY,2004,BLADEN,TOBACCO,"2,290"
SURVEY,2004,BLADEN,WHEAT,"5,000"
SURVEY,2004,BLADEN,WHEAT,"5,000"
SURVEY,2004,BRUNSWICK,CORN,"4,500"
SURVEY,2004,BRUNSWICK,CORN,"4,500"
SURVEY,2004,BRUNSWICK,HAY,"2,300"
SURVEY,2004,BRUNSWICK,SOYBEANS,"11,300"
SURVEY,2004,BRUNSWICK,TOBACCO,980
SURVEY,2004,BRUNSWICK,WHEAT,"1,000"
SURVEY,2004,BRUNSWICK,WHEAT,"1,000"
SURVEY,2004,COLUMBUS,CORN,"36,700"
SURVEY,2004,COLUMBUS,CORN,"36,200"
SURVEY,2004,COLUMBUS,COTTON,"7,200"
SURVEY,2004,COLUMBUS,HAY,"4,800"
SURVEY,2004,COLUMBUS,OATS,590
SURVEY,2004,COLUMBUS,PEANUTS,"2,880"
SURVEY,2004,COLUMBUS,SORGHUM,210
SURVEY,2004,COLUMBUS,SOYBEANS,"45,600"
SURVEY,2004,COLUMBUS,SWEET POTATOES,"4,650"
SURVEY,2004,COLUMBUS,TOBACCO,"6,190"
SURVEY,2004,COLUMBUS,WHEAT,"9,600"
SURVEY,2004,COLUMBUS,WHEAT,"9,600"
SURVEY,2004,CUMBERLAND,CORN,"10,100"
SURVEY,2004,CUMBERLAND,CORN,"9,900"
SURVEY,2004,CUMBERLAND,COTTON,"7,400"
SURVEY,2004,CUMBERLAND,HAY,"3,600"
SURVEY,2004,CUMBERLAND,OATS,560
SURVEY,2004,CUMBERLAND,PEANUTS,400
SURVEY,2004,CUMBERLAND,SOYBEANS,"22,900"
SURVEY,2004,CUMBERLAND,SWEET POTATOES,"2,000"
SURVEY,2004,CUMBERLAND,TOBACCO,"1,515"
SURVEY,2004,CUMBERLAND,WHEAT,"5,300"
SURVEY,2004,CUMBERLAND,WHEAT,"5,300"
SURVEY,2004,DUPLIN,CORN,"51,200"
SURVEY,2004,DUPLIN,CORN,"50,800"
SURVEY,2004,DUPLIN,COTTON,"13,100"
SURVEY,2004,DUPLIN,HAY,"25,000"
SURVEY,2004,DUPLIN,OATS,450
SURVEY,2004,DUPLIN,PEANUTS,"1,400"
SURVEY,2004,DUPLIN,SOYBEANS,"49,000"
SURVEY,2004,DUPLIN,SWEET POTATOES,"1,400"
SURVEY,2004,DUPLIN,TOBACCO,"5,165"
SURVEY,2004,DUPLIN,WHEAT,"19,000"
SURVEY,2004,DUPLIN,WHEAT,"19,000"
SURVEY,2004,HARNETT,CORN,"3,500"
SURVEY,2004,HARNETT,CORN,"2,200"
SURVEY,2004,HARNETT,COTTON,"14,200"
SURVEY,2004,HARNETT,HAY,"4,500"
SURVEY,2004,HARNETT,OATS,800
SURVEY,2004,HARNETT,SOYBEANS,"29,500"
SURVEY,2004,HARNETT,SWEET POTATOES,"1,200"
SURVEY,2004,HARNETT,TOBACCO,"4,780"
SURVEY,2004,HARNETT,WHEAT,"4,000"
SURVEY,2004,HARNETT,WHEAT,"4,000"
SURVEY,2004,HOKE,CORN,"2,000"
SURVEY,2004,HOKE,CORN,"1,900"
SURVEY,2004,HOKE,COTTON,"15,900"
SURVEY,2004,HOKE,HAY,"1,700"
SURVEY,2004,HOKE,OATS,240
SURVEY,2004,HOKE,SOYBEANS,"13,200"
SURVEY,2004,HOKE,TOBACCO,790
SURVEY,2004,HOKE,WHEAT,"4,200"
SURVEY,2004,HOKE,WHEAT,"4,200"
SURVEY,2004,NEW HANOVER,CORN,600
SURVEY,2004,NEW HANOVER,CORN,550
SURVEY,2004,NEW HANOVER,SOYBEANS,600
SURVEY,2004,NEW HANOVER,TOBACCO,50
SURVEY,2004,ONSLOW,CORN,"10,900"
SURVEY,2004,ONSLOW,CORN,"10,700"
SURVEY,2004,ONSLOW,COTTON,"6,200"
SURVEY,2004,ONSLOW,HAY,"3,300"
SURVEY,2004,ONSLOW,PEANUTS,330
SURVEY,2004,ONSLOW,SOYBEANS,"14,400"
SURVEY,2004,ONSLOW,TOBACCO,"1,880"
SURVEY,2004,ONSLOW,WHEAT,"3,150"
SURVEY,2004,ONSLOW,WHEAT,"3,150"
SURVEY,2004,OTHER (COMBINED) COUNTIES,BARLEY,800
SURVEY,2004,OTHER (COMBINED) COUNTIES,OATS,440
SURVEY,2004,OTHER (COMBINED) COUNTIES,PEANUTS,40
SURVEY,2004,OTHER (COMBINED) COUNTIES,SORGHUM,600
SURVEY,2004,OTHER (COMBINED) COUNTIES,SWEET POTATOES,200
SURVEY,2004,PENDER,CORN,"13,600"
SURVEY,2004,PENDER,CORN,"13,400"
SURVEY,2004,PENDER,COTTON,"6,300"
SURVEY,2004,PENDER,HAY,"1,800"
SURVEY,2004,PENDER,SOYBEANS,"14,100"
SURVEY,2004,PENDER,TOBACCO,945
SURVEY,2004,PENDER,WHEAT,"3,750"
SURVEY,2004,PENDER,WHEAT,"3,750"
SURVEY,2004,ROBESON,CORN,"44,000"
SURVEY,2004,ROBESON,CORN,"43,600"
SURVEY,2004,ROBESON,COTTON,"28,200"
SURVEY,2004,ROBESON,HAY,"11,000"
SURVEY,2004,ROBESON,OATS,"1,370"
SURVEY,2004,ROBESON,PEANUTS,270
SURVEY,2004,ROBESON,SOYBEANS,"104,900"
SURVEY,2004,ROBESON,TOBACCO,"7,260"
SURVEY,2004,ROBESON,WHEAT,"34,900"
SURVEY,2004,ROBESON,WHEAT,"34,900"
SURVEY,2004,SAMPSON,BARLEY,600
SURVEY,2004,SAMPSON,CORN,"33,400"
SURVEY,2004,SAMPSON,CORN,"33,100"
SURVEY,2004,SAMPSON,COTTON,"33,300"
SURVEY,2004,SAMPSON,HAY,"23,000"
SURVEY,2004,SAMPSON,OATS,620
SURVEY,2004,SAMPSON,PEANUTS,"1,860"
SURVEY,2004,SAMPSON,SORGHUM,240
SURVEY,2004,SAMPSON,SOYBEANS,"66,500"
SURVEY,2004,SAMPSON,SWEET POTATOES,"5,500"
SURVEY,2004,SAMPSON,TOBACCO,"5,400"
SURVEY,2004,SAMPSON,WHEAT,"22,800"
SURVEY,2004,SAMPSON,WHEAT,"22,800"
SURVEY,2004,SCOTLAND,CORN,"2,000"
SURVEY,2004,SCOTLAND,CORN,"1,950"
SURVEY,2004,SCOTLAND,COTTON,"12,100"
SURVEY,2004,SCOTLAND,HAY,"1,100"
SURVEY,2004,SCOTLAND,PEANUTS,140
SURVEY,2004,SCOTLAND,SOYBEANS,"11,300"
SURVEY,2004,SCOTLAND,TOBACCO,375
SURVEY,2004,SCOTLAND,WHEAT,"2,800"
SURVEY,2004,SCOTLAND,WHEAT,"2,800"
SURVEY,2004,ANSON,CORN,"5,600"
SURVEY,2004,ANSON,CORN,"5,400"
SURVEY,2004,ANSON,COTTON,"4,100"
SURVEY,2004,ANSON,HAY,"5,700"
SURVEY,2004,ANSON,OATS,420
SURVEY,2004,ANSON,SOYBEANS,"11,100"
SURVEY,2004,ANSON,TOBACCO,95
SURVEY,2004,ANSON,WHEAT,"4,250"
SURVEY,2004,ANSON,WHEAT,"4,250"
SURVEY,2004,CABARRUS,BARLEY,550
SURVEY,2004,CABARRUS,CORN,"3,300"
SURVEY,2004,CABARRUS,CORN,"2,300"
SURVEY,2004,CABARRUS,HAY,"14,000"
SURVEY,2004,CABARRUS,OATS,540
SURVEY,2004,CABARRUS,SOYBEANS,"8,000"
SURVEY,2004,CABARRUS,WHEAT,"2,900"
SURVEY,2004,CABARRUS,WHEAT,"2,900"
SURVEY,2004,CLEVELAND,BARLEY,550
SURVEY,2004,CLEVELAND,COTTON,"2,100"
SURVEY,2004,CLEVELAND,HAY,"18,300"
SURVEY,2004,CLEVELAND,OATS,330
SURVEY,2004,CLEVELAND,SOYBEANS,"9,400"
SURVEY,2004,CLEVELAND,WHEAT,"4,300"
SURVEY,2004,CLEVELAND,WHEAT,"4,300"
SURVEY,2004,GASTON,HAY,"9,400"
SURVEY,2004,GASTON,SORGHUM,340
SURVEY,2004,GASTON,SOYBEANS,300
SURVEY,2004,GASTON,WHEAT,700
SURVEY,2004,GASTON,WHEAT,700
SURVEY,2004,LINCOLN,BARLEY,310
SURVEY,2004,LINCOLN,CORN,"2,700"
SURVEY,2004,LINCOLN,CORN,400
SURVEY,2004,LINCOLN,HAY,"10,000"
SURVEY,2004,LINCOLN,OATS,370
SURVEY,2004,LINCOLN,SOYBEANS,"5,800"
SURVEY,2004,LINCOLN,WHEAT,"3,000"
SURVEY,2004,LINCOLN,WHEAT,"3,000"
SURVEY,2004,MECKLENBURG,CORN,750
SURVEY,2004,MECKLENBURG,CORN,550
SURVEY,2004,MECKLENBURG,HAY,"5,400"
SURVEY,2004,MECKLENBURG,SOYBEANS,"1,100"
SURVEY,2004,MECKLENBURG,WHEAT,"1,100"
SURVEY,2004,MECKLENBURG,WHEAT,"1,100"
SURVEY,2004,MONTGOMERY,CORN,800
SURVEY,2004,MONTGOMERY,CORN,800
SURVEY,2004,MONTGOMERY,COTTON,"1,100"
SURVEY,2004,MONTGOMERY,HAY,"4,300"
SURVEY,2004,MONTGOMERY,SOYBEANS,600
SURVEY,2004,MONTGOMERY,TOBACCO,235
SURVEY,2004,MONTGOMERY,WHEAT,200
SURVEY,2004,MONTGOMERY,WHEAT,200
SURVEY,2004,MOORE,CORN,850
SURVEY,2004,MOORE,CORN,850
SURVEY,2004,MOORE,HAY,"5,900"
SURVEY,2004,MOORE,OATS,350
SURVEY,2004,MOORE,SOYBEANS,"5,000"
SURVEY,2004,MOORE,TOBACCO,"1,445"
SURVEY,2004,MOORE,WHEAT,"1,500"
SURVEY,2004,MOORE,WHEAT,"1,500"
SURVEY,2004,OTHER (COMBINED) COUNTIES,BARLEY,690
SURVEY,2004,OTHER (COMBINED) COUNTIES,CORN,"2,900"
SURVEY,2004,OTHER (COMBINED) COUNTIES,CORN,450
SURVEY,2004,OTHER (COMBINED) COUNTIES,COTTON,150
SURVEY,2004,OTHER (COMBINED) COUNTIES,OATS,130
SURVEY,2004,OTHER (COMBINED) COUNTIES,SORGHUM,390
SURVEY,2004,OTHER (COMBINED) COUNTIES,SWEET POTATOES,250
SURVEY,2004,RICHMOND,CORN,"1,700"
SURVEY,2004,RICHMOND,CORN,"1,650"
SURVEY,2004,RICHMOND,COTTON,"1,650"
SURVEY,2004,RICHMOND,HAY,"5,000"
SURVEY,2004,RICHMOND,SOYBEANS,"2,900"
SURVEY,2004,RICHMOND,TOBACCO,505
SURVEY,2004,RICHMOND,WHEAT,600
SURVEY,2004,RICHMOND,WHEAT,600
SURVEY,2004,STANLY,BARLEY,600
SURVEY,2004,STANLY,CORN,"12,000"
SURVEY,2004,STANLY,CORN,"9,600"
SURVEY,2004,STANLY,COTTON,"8,400"
SURVEY,2004,STANLY,HAY,"15,000"
SURVEY,2004,STANLY,OATS,"1,180"
SURVEY,2004,STANLY,SOYBEANS,"18,800"
SURVEY,2004,STANLY,WHEAT,"7,200"
SURVEY,2004,STANLY,WHEAT,"7,200"
SURVEY,2004,UNION,CORN,"25,200"
SURVEY,2004,UNION,CORN,"24,600"
SURVEY,2004,UNION,COTTON,"6,400"
SURVEY,2004,UNION,HAY,"13,000"
SURVEY,2004,UNION,OATS,680
SURVEY,2004,UNION,SORGHUM,270
SURVEY,2004,UNION,SOYBEANS,"51,000"
SURVEY,2004,UNION,WHEAT,"31,750"
SURVEY,2004,UNION,WHEAT,"31,750"
SURVEY,2004,BUNCOMBE,HAY,"15,000"
SURVEY,2004,BUNCOMBE,TOBACCO,700
SURVEY,2004,BURKE,CORN,900
SURVEY,2004,BURKE,CORN,450
SURVEY,2004,BURKE,HAY,"7,000"
SURVEY,2004,BURKE,SOYBEANS,930
SURVEY,2004,CHEROKEE,CORN,700
SURVEY,2004,CHEROKEE,CORN,500
SURVEY,2004,CHEROKEE,HAY,"4,100"
SURVEY,2004,CHEROKEE,TOBACCO,45
SURVEY,2004,CLAY,HAY,"2,700"
SURVEY,2004,CLAY,SOYBEANS,200
SURVEY,2004,CLAY,TOBACCO,50
SURVEY,2004,GRAHAM,HAY,"1,100"
SURVEY,2004,GRAHAM,TOBACCO,60
SURVEY,2004,HAYWOOD,HAY,"11,000"
SURVEY,2004,HAYWOOD,TOBACCO,400
SURVEY,2004,HAYWOOD,WHEAT,200
SURVEY,2004,HAYWOOD,WHEAT,200
SURVEY,2004,HENDERSON,CORN,"4,100"
SURVEY,2004,HENDERSON,CORN,"1,000"
SURVEY,2004,HENDERSON,HAY,"6,900"
SURVEY,2004,JACKSON,HAY,"1,200"
SURVEY,2004,JACKSON,TOBACCO,25
SURVEY,2004,MACON,HAY,"4,900"
SURVEY,2004,MACON,TOBACCO,25
SURVEY,2004,MADISON,HAY,"6,000"
SURVEY,2004,MADISON,TOBACCO,"1,400"
SURVEY,2004,MCDOWELL,HAY,"3,300"
SURVEY,2004,MITCHELL,HAY,"3,800"
SURVEY,2004,MITCHELL,TOBACCO,270
SURVEY,2004,OTHER (COMBINED) COUNTIES,BARLEY,200
SURVEY,2004,OTHER (COMBINED) COUNTIES,CORN,"6,100"
SURVEY,2004,OTHER (COMBINED) COUNTIES,CORN,"1,200"
SURVEY,2004,OTHER (COMBINED) COUNTIES,OATS,200
SURVEY,2004,OTHER (COMBINED) COUNTIES,SOYBEANS,940
SURVEY,2004,OTHER (COMBINED) COUNTIES,TOBACCO,45
SURVEY,2004,OTHER (COMBINED) COUNTIES,WHEAT,150
SURVEY,2004,OTHER (COMBINED) COUNTIES,WHEAT,150
SURVEY,2004,POLK,HAY,"3,700"
SURVEY,2004,POLK,WHEAT,200
SURVEY,2004,POLK,WHEAT,200
SURVEY,2004,RUTHERFORD,COTTON,300
SURVEY,2004,RUTHERFORD,HAY,"16,300"
SURVEY,2004,RUTHERFORD,SOYBEANS,930
SURVEY,2004,RUTHERFORD,WHEAT,250
SURVEY,2004,RUTHERFORD,WHEAT,250
SURVEY,2004,SWAIN,HAY,800
SURVEY,2004,TRANSYLVANIA,CORN,"1,100"
SURVEY,2004,TRANSYLVANIA,CORN,850
SURVEY,2004,TRANSYLVANIA,HAY,"3,600"
SURVEY,2004,YANCEY,HAY,"3,600"
SURVEY,2004,YANCEY,TOBACCO,580
SURVEY,2003,OTHER (COMBINED) COUNTIES,CHICKENS,"232,000"
SURVEY,2003,WAYNE,CHICKENS,"168,000"
SURVEY,2003,ALEXANDER,CHICKENS,"1,700,000"
SURVEY,2003,CHATHAM,CHICKENS,"570,000"
SURVEY,2003,DAVIE,CHICKENS,"210,000"
SURVEY,2003,IREDELL,CHICKENS,"1,550,000"
SURVEY,2003,OTHER (COMBINED) COUNTIES,CHICKENS,"170,000"
SURVEY,2003,RANDOLPH,CHICKENS,"1,400,000"
SURVEY,2003,NASH,CHICKENS,"1,620,000"
SURVEY,2003,OTHER (COMBINED) COUNTIES,CHICKENS,"180,000"
SURVEY,2003,OTHER (COMBINED) COUNTIES,CHICKENS,"70,000"
SURVEY,2003,SURRY,CHICKENS,"500,000"
SURVEY,2003,WILKES,CHICKENS,"1,080,000"
SURVEY,2003,YADKIN,CHICKENS,"1,350,000"
SURVEY,2003,ALAMANCE,CHICKENS,"460,000"
SURVEY,2003,FRANKLIN,CHICKENS,"285,000"
SURVEY,2003,GUILFORD,CHICKENS,"230,000"
SURVEY,2003,OTHER (COMBINED) COUNTIES,CHICKENS,"675,000"
SURVEY,2003,DUPLIN,CHICKENS,"650,000"
SURVEY,2003,OTHER (COMBINED) COUNTIES,CHICKENS,"250,000"
SURVEY,2003,SAMPSON,CHICKENS,"500,000"
SURVEY,2003,ANSON,CHICKENS,"220,000"
SURVEY,2003,OTHER (COMBINED) COUNTIES,CHICKENS,"520,000"
SURVEY,2003,STANLY,CHICKENS,"420,000"
SURVEY,2003,UNION,CHICKENS,"1,440,000"
SURVEY,2003,OTHER (COMBINED) COUNTIES,CHICKENS,"1,000,000"
SURVEY,2003,BEAUFORT,CATTLE,700
SURVEY,2003,CRAVEN,CATTLE,900
SURVEY,2003,GREENE,CATTLE,"1,200"
SURVEY,2003,JOHNSTON,CATTLE,"6,700"
SURVEY,2003,JONES,CATTLE,900
SURVEY,2003,LENOIR,CATTLE,"2,000"
SURVEY,2003,OTHER (COMBINED) COUNTIES,CATTLE,300
SURVEY,2003,OTHER (COMBINED) COUNTIES,CATTLE,400
SURVEY,2003,PITT,CATTLE,"2,300"
SURVEY,2003,WAYNE,CATTLE,"4,700"
SURVEY,2003,WILSON,CATTLE,"1,300"
SURVEY,2003,ALEXANDER,CATTLE,"7,700"
SURVEY,2003,ALEXANDER,CATTLE,"2,800"
SURVEY,2003,CATAWBA,CATTLE,"7,200"
SURVEY,2003,CATAWBA,CATTLE,900
SURVEY,2003,CHATHAM,CATTLE,"16,800"
SURVEY,2003,CHATHAM,CATTLE,"1,700"
SURVEY,2003,DAVIDSON,CATTLE,"8,000"
SURVEY,2003,DAVIDSON,CATTLE,"1,900"
SURVEY,2003,DAVIE,CATTLE,"8,000"
SURVEY,2003,DAVIE,CATTLE,"1,100"
SURVEY,2003,IREDELL,CATTLE,"14,600"
SURVEY,2003,IREDELL,CATTLE,"11,300"
SURVEY,2003,LEE,CATTLE,"2,000"
SURVEY,2003,OTHER (COMBINED) COUNTIES,CATTLE,200
SURVEY,2003,RANDOLPH,CATTLE,"18,000"
SURVEY,2003,RANDOLPH,CATTLE,"4,400"
SURVEY,2003,ROWAN,CATTLE,"9,500"
SURVEY,2003,ROWAN,CATTLE,"2,600"
SURVEY,2003,WAKE,CATTLE,"3,200"
SURVEY,2003,BERTIE,CATTLE,600
SURVEY,2003,CHOWAN,CATTLE,500
SURVEY,2003,EDGECOMBE,CATTLE,"1,600"
SURVEY,2003,GATES,CATTLE,500
SURVEY,2003,HALIFAX,CATTLE,"3,000"
SURVEY,2003,MARTIN,CATTLE,"1,000"
SURVEY,2003,NASH,CATTLE,"4,500"
SURVEY,2003,NORTHAMPTON,CATTLE,"1,200"
SURVEY,2003,OTHER (COMBINED) COUNTIES,CATTLE,700
SURVEY,2003,OTHER (COMBINED) COUNTIES,CATTLE,800
SURVEY,2003,PASQUOTANK,CATTLE,300
SURVEY,2003,PERQUIMANS,CATTLE,500
SURVEY,2003,WASHINGTON,CATTLE,600
SURVEY,2003,ALLEGHANY,CATTLE,"7,000"
SURVEY,2003,ALLEGHANY,CATTLE,"3,700"
SURVEY,2003,ASHE,CATTLE,"7,100"
SURVEY,2003,AVERY,CATTLE,700
SURVEY,2003,CALDWELL,CATTLE,"2,600"
SURVEY,2003,OTHER (COMBINED) COUNTIES,CATTLE,"1,300"
SURVEY,2003,SURRY,CATTLE,"11,500"
SURVEY,2003,SURRY,CATTLE,"1,000"
SURVEY,2003,WATAUGA,CATTLE,"3,500"
SURVEY,2003,WILKES,CATTLE,"16,600"
SURVEY,2003,WILKES,CATTLE,"1,500"
SURVEY,2003,YADKIN,CATTLE,"9,000"
SURVEY,2003,YADKIN,CATTLE,"2,100"
SURVEY,2003,ALAMANCE,CATTLE,"7,700"
SURVEY,2003,ALAMANCE,CATTLE,"1,800"
SURVEY,2003,CASWELL,CATTLE,"4,500"
SURVEY,2003,DURHAM,CATTLE,"1,100"
SURVEY,2003,FORSYTH,CATTLE,"2,900"
SURVEY,2003,FRANKLIN,CATTLE,"5,000"
SURVEY,2003,GRANVILLE,CATTLE,"5,200"
SURVEY,2003,GRANVILLE,CATTLE,800
SURVEY,2003,GUILFORD,CATTLE,"6,700"
SURVEY,2003,GUILFORD,CATTLE,"2,000"
SURVEY,2003,ORANGE,CATTLE,"5,300"
SURVEY,2003,ORANGE,CATTLE,"2,000"
SURVEY,2003,OTHER (COMBINED) COUNTIES,CATTLE,"1,100"
SURVEY,2003,PERSON,CATTLE,"4,100"
SURVEY,2003,ROCKINGHAM,CATTLE,"5,000"
SURVEY,2003,ROCKINGHAM,CATTLE,700
SURVEY,2003,STOKES,CATTLE,"5,000"
SURVEY,2003,VANCE,CATTLE,"1,200"
SURVEY,2003,WARREN,CATTLE,"4,300"
SURVEY,2003,WARREN,CATTLE,800
SURVEY,2003,BLADEN,CATTLE,"3,600"
SURVEY,2003,BRUNSWICK,CATTLE,"1,300"
SURVEY,2003,COLUMBUS,CATTLE,"6,000"
SURVEY,2003,CUMBERLAND,CATTLE,"2,500"
SURVEY,2003,DUPLIN,CATTLE,"11,000"
SURVEY,2003,HARNETT,CATTLE,"4,500"
SURVEY,2003,ONSLOW,CATTLE,"1,300"
SURVEY,2003,OTHER (COMBINED) COUNTIES,CATTLE,800
SURVEY,2003,OTHER (COMBINED) COUNTIES,CATTLE,"1,400"
SURVEY,2003,PENDER,CATTLE,"1,400"
SURVEY,2003,ROBESON,CATTLE,"4,500"
SURVEY,2003,SAMPSON,CATTLE,"12,100"
SURVEY,2003,SCOTLAND,CATTLE,"1,000"
SURVEY,2003,ANSON,CATTLE,"5,100"
SURVEY,2003,CABARRUS,CATTLE,"7,400"
SURVEY,2003,CABARRUS,CATTLE,600
SURVEY,2003,CLEVELAND,CATTLE,"11,500"
SURVEY,2003,CLEVELAND,CATTLE,700
SURVEY,2003,GASTON,CATTLE,"3,200"
SURVEY,2003,GASTON,CATTLE,"1,500"
SURVEY,2003,LINCOLN,CATTLE,"4,900"
SURVEY,2003,LINCOLN,CATTLE,"1,900"
SURVEY,2003,MECKLENBURG,CATTLE,"2,500"
SURVEY,2003,MONTGOMERY,CATTLE,"4,000"
SURVEY,2003,MOORE,CATTLE,"5,400"
SURVEY,2003,OTHER (COMBINED) COUNTIES,CATTLE,900
SURVEY,2003,RICHMOND,CATTLE,"1,300"
SURVEY,2003,STANLY,CATTLE,"8,700"
SURVEY,2003,STANLY,CATTLE,900
SURVEY,2003,UNION,CATTLE,"13,000"
SURVEY,2003,BUNCOMBE,CATTLE,"7,500"
SURVEY,2003,BUNCOMBE,CATTLE,"2,200"
SURVEY,2003,BURKE,CATTLE,"2,300"
SURVEY,2003,CHEROKEE,CATTLE,"2,300"
SURVEY,2003,CLAY,CATTLE,"1,800"
SURVEY,2003,GRAHAM,CATTLE,600
SURVEY,2003,HAYWOOD,CATTLE,"8,000"
SURVEY,2003,HAYWOOD,CATTLE,"2,000"
SURVEY,2003,HENDERSON,CATTLE,"2,200"
SURVEY,2003,HENDERSON,CATTLE,"2,400"
SURVEY,2003,JACKSON,CATTLE,800
SURVEY,2003,MACON,CATTLE,"2,700"
SURVEY,2003,MADISON,CATTLE,"5,600"
SURVEY,2003,MCDOWELL,CATTLE,"1,400"
SURVEY,2003,MITCHELL,CATTLE,"1,300"
SURVEY,2003,OTHER (COMBINED) COUNTIES,CATTLE,"1,600"
SURVEY,2003,POLK,CATTLE,"1,300"
SURVEY,2003,RUTHERFORD,CATTLE,"6,200"
SURVEY,2003,SWAIN,CATTLE,300
SURVEY,2003,TRANSYLVANIA,CATTLE,"1,300"
SURVEY,2003,YANCEY,CATTLE,"2,400"
SURVEY,2003,BEAUFORT,CORN,"44,700"
SURVEY,2003,BEAUFORT,CORN,"44,700"
SURVEY,2003,BEAUFORT,COTTON,"21,800"
SURVEY,2003,BEAUFORT,HAY,"1,500"
SURVEY,2003,BEAUFORT,OATS,900
SURVEY,2003,BEAUFORT,PEANUTS,275
SURVEY,2003,BEAUFORT,POTATOES,"1,230"
SURVEY,2003,BEAUFORT,SORGHUM,900
SURVEY,2003,BEAUFORT,SOYBEANS,"64,700"
SURVEY,2003,BEAUFORT,TOBACCO,"2,835"
SURVEY,2003,BEAUFORT,WHEAT,"28,000"
SURVEY,2003,BEAUFORT,WHEAT,"28,000"
SURVEY,2003,CARTERET,CORN,"21,500"
SURVEY,2003,CARTERET,CORN,"21,500"
SURVEY,2003,CARTERET,HAY,200
SURVEY,2003,CARTERET,POTATOES,"1,030"
SURVEY,2003,CARTERET,SORGHUM,400
SURVEY,2003,CARTERET,SOYBEANS,"23,200"
SURVEY,2003,CARTERET,TOBACCO,410
SURVEY,2003,CARTERET,WHEAT,"2,200"
SURVEY,2003,CARTERET,WHEAT,"2,200"
SURVEY,2003,CRAVEN,CORN,"13,000"
SURVEY,2003,CRAVEN,CORN,"13,000"
SURVEY,2003,CRAVEN,COTTON,"16,100"
SURVEY,2003,CRAVEN,HAY,"1,300"
SURVEY,2003,CRAVEN,PEANUTS,155
SURVEY,2003,CRAVEN,SOYBEANS,"18,600"
SURVEY,2003,CRAVEN,TOBACCO,"2,940"
SURVEY,2003,CRAVEN,WHEAT,"3,000"
SURVEY,2003,CRAVEN,WHEAT,"3,000"
SURVEY,2003,GREENE,CORN,"10,100"
SURVEY,2003,GREENE,CORN,"10,100"
SURVEY,2003,GREENE,COTTON,"20,600"
SURVEY,2003,GREENE,HAY,"2,900"
SURVEY,2003,GREENE,OATS,490
SURVEY,2003,GREENE,SORGHUM,250
SURVEY,2003,GREENE,SOYBEANS,"25,400"
SURVEY,2003,GREENE,SWEET POTATOES,"1,850"
SURVEY,2003,GREENE,TOBACCO,"4,535"
SURVEY,2003,GREENE,WHEAT,"5,000"
SURVEY,2003,GREENE,WHEAT,"5,000"
SURVEY,2003,HYDE,CORN,"21,200"
SURVEY,2003,HYDE,CORN,"20,900"
SURVEY,2003,HYDE,COTTON,"14,000"
SURVEY,2003,HYDE,HAY,300
SURVEY,2003,HYDE,SORGHUM,630
SURVEY,2003,HYDE,SOYBEANS,"29,500"
SURVEY,2003,HYDE,WHEAT,"7,500"
SURVEY,2003,HYDE,WHEAT,"7,500"
SURVEY,2003,JOHNSTON,CORN,"7,200"
SURVEY,2003,JOHNSTON,CORN,"7,000"
SURVEY,2003,JOHNSTON,COTTON,"15,000"
SURVEY,2003,JOHNSTON,HAY,"10,500"
SURVEY,2003,JOHNSTON,OATS,"1,200"
SURVEY,2003,JOHNSTON,SORGHUM,250
SURVEY,2003,JOHNSTON,SOYBEANS,"58,000"
SURVEY,2003,JOHNSTON,SWEET POTATOES,"6,800"
SURVEY,2003,JOHNSTON,TOBACCO,"7,870"
SURVEY,2003,JOHNSTON,WHEAT,"8,300"
SURVEY,2003,JOHNSTON,WHEAT,"8,300"
SURVEY,2003,JONES,CORN,"7,300"
SURVEY,2003,JONES,CORN,"7,300"
SURVEY,2003,JONES,COTTON,"26,600"
SURVEY,2003,JONES,HAY,"1,600"
SURVEY,2003,JONES,PEANUTS,335
SURVEY,2003,JONES,SORGHUM,200
SURVEY,2003,JONES,SOYBEANS,"8,500"
SURVEY,2003,JONES,TOBACCO,"1,915"
SURVEY,2003,JONES,WHEAT,"4,000"
SURVEY,2003,JONES,WHEAT,"4,000"
SURVEY,2003,LENOIR,CORN,"18,000"
SURVEY,2003,LENOIR,CORN,"17,800"
SURVEY,2003,LENOIR,COTTON,"37,000"
SURVEY,2003,LENOIR,HAY,"3,000"
SURVEY,2003,LENOIR,SORGHUM,250
SURVEY,2003,LENOIR,SOYBEANS,"25,700"
SURVEY,2003,LENOIR,SWEET POTATOES,"1,020"
SURVEY,2003,LENOIR,TOBACCO,"5,445"
SURVEY,2003,LENOIR,WHEAT,"11,000"
SURVEY,2003,LENOIR,WHEAT,"11,000"
SURVEY,2003,OTHER (COMBINED) COUNTIES,OATS,320
SURVEY,2003,OTHER (COMBINED) COUNTIES,PEANUTS,180
SURVEY,2003,OTHER (COMBINED) COUNTIES,POTATOES,120
SURVEY,2003,OTHER (COMBINED) COUNTIES,SORGHUM,220
SURVEY,2003,OTHER (COMBINED) COUNTIES,SWEET POTATOES,30
SURVEY,2003,PAMLICO,CORN,"9,800"
SURVEY,2003,PAMLICO,CORN,"9,800"
SURVEY,2003,PAMLICO,COTTON,"4,300"
SURVEY,2003,PAMLICO,HAY,300
SURVEY,2003,PAMLICO,POTATOES,"1,500"
SURVEY,2003,PAMLICO,SOYBEANS,"20,100"
SURVEY,2003,PAMLICO,TOBACCO,295
SURVEY,2003,PAMLICO,WHEAT,"6,500"
SURVEY,2003,PAMLICO,WHEAT,"6,500"
SURVEY,2003,PITT,CORN,"15,300"
SURVEY,2003,PITT,CORN,"15,300"
SURVEY,2003,PITT,COTTON,"34,500"
SURVEY,2003,PITT,HAY,"3,700"
SURVEY,2003,PITT,OATS,680
SURVEY,2003,PITT,PEANUTS,"4,855"
SURVEY,2003,PITT,SORGHUM,250
SURVEY,2003,PITT,SOYBEANS,"48,300"
SURVEY,2003,PITT,SWEET POTATOES,460
SURVEY,2003,PITT,TOBACCO,"9,455"
SURVEY,2003,PITT,WHEAT,"15,500"
SURVEY,2003,PITT,WHEAT,"15,500"
SURVEY,2003,WAYNE,CORN,"25,300"
SURVEY,2003,WAYNE,CORN,"25,000"
SURVEY,2003,WAYNE,COTTON,"27,000"
SURVEY,2003,WAYNE,HAY,"8,100"
SURVEY,2003,WAYNE,OATS,880
SURVEY,2003,WAYNE,SOYBEANS,"60,300"
SURVEY,2003,WAYNE,SWEET POTATOES,"1,170"
SURVEY,2003,WAYNE,TOBACCO,"5,230"
SURVEY,2003,WAYNE,WHEAT,"23,500"
SURVEY,2003,WAYNE,WHEAT,"23,500"
SURVEY,2003,WILSON,CORN,"5,600"
SURVEY,2003,WILSON,CORN,"5,600"
SURVEY,2003,WILSON,COTTON,"26,100"
SURVEY,2003,WILSON,HAY,"1,600"
SURVEY,2003,WILSON,OATS,230
SURVEY,2003,WILSON,SOYBEANS,"36,700"
SURVEY,2003,WILSON,SWEET POTATOES,"3,520"
SURVEY,2003,WILSON,TOBACCO,"5,910"
SURVEY,2003,WILSON,WHEAT,"4,500"
SURVEY,2003,WILSON,WHEAT,"4,500"
SURVEY,2003,ALEXANDER,BARLEY,450
SURVEY,2003,ALEXANDER,CORN,"2,600"
SURVEY,2003,ALEXANDER,CORN,"1,200"
SURVEY,2003,ALEXANDER,HAY,"12,500"
SURVEY,2003,ALEXANDER,SOYBEANS,"1,200"
SURVEY,2003,ALEXANDER,TOBACCO,"488,000"
SURVEY,2003,ALEXANDER,WHEAT,800
SURVEY,2003,ALEXANDER,WHEAT,800
SURVEY,2003,CATAWBA,BARLEY,650
SURVEY,2003,CATAWBA,CORN,"2,300"
SURVEY,2003,CATAWBA,CORN,"1,750"
SURVEY,2003,CATAWBA,HAY,"14,300"
SURVEY,2003,CATAWBA,OATS,240
SURVEY,2003,CATAWBA,SOYBEANS,"6,000"
SURVEY,2003,CATAWBA,WHEAT,"2,800"
SURVEY,2003,CATAWBA,WHEAT,"2,800"
SURVEY,2003,CHATHAM,CORN,"2,200"
SURVEY,2003,CHATHAM,CORN,"1,050"
SURVEY,2003,CHATHAM,COTTON,200
SURVEY,2003,CHATHAM,HAY,"19,300"
SURVEY,2003,CHATHAM,SOYBEANS,"1,200"
SURVEY,2003,CHATHAM,TOBACCO,"929,000"
SURVEY,2003,CHATHAM,WHEAT,800
SURVEY,2003,CHATHAM,WHEAT,800
SURVEY,2003,DAVIDSON,BARLEY,950
SURVEY,2003,DAVIDSON,CORN,"5,100"
SURVEY,2003,DAVIDSON,CORN,"3,300"
SURVEY,2003,DAVIDSON,COTTON,450
SURVEY,2003,DAVIDSON,HAY,"22,400"
SURVEY,2003,DAVIDSON,OATS,380
SURVEY,2003,DAVIDSON,SOYBEANS,"6,500"
SURVEY,2003,DAVIDSON,TOBACCO,"1,392,000"
SURVEY,2003,DAVIDSON,WHEAT,"2,000"
SURVEY,2003,DAVIDSON,WHEAT,"2,000"
SURVEY,2003,DAVIE,BARLEY,350
SURVEY,2003,DAVIE,CORN,"3,700"
SURVEY,2003,DAVIE,CORN,"3,000"
SURVEY,2003,DAVIE,HAY,"16,700"
SURVEY,2003,DAVIE,SOYBEANS,"5,800"
SURVEY,2003,DAVIE,TOBACCO,"322,000"
SURVEY,2003,DAVIE,WHEAT,"3,000"
SURVEY,2003,DAVIE,WHEAT,"3,000"
SURVEY,2003,IREDELL,BARLEY,800
SURVEY,2003,IREDELL,CORN,"13,000"
SURVEY,2003,IREDELL,CORN,"4,000"
SURVEY,2003,IREDELL,COTTON,600
SURVEY,2003,IREDELL,HAY,"32,300"
SURVEY,2003,IREDELL,SOYBEANS,"8,700"
SURVEY,2003,IREDELL,TOBACCO,"516,000"
SURVEY,2003,IREDELL,WHEAT,"2,500"
SURVEY,2003,IREDELL,WHEAT,"2,500"
SURVEY,2003,LEE,CORN,800
SURVEY,2003,LEE,CORN,800
SURVEY,2003,LEE,COTTON,"1,100"
SURVEY,2003,LEE,HAY,"2,400"
SURVEY,2003,LEE,OATS,420
SURVEY,2003,LEE,SOYBEANS,"5,800"
SURVEY,2003,LEE,TOBACCO,"1,325"
SURVEY,2003,LEE,WHEAT,"1,000"
SURVEY,2003,LEE,WHEAT,"1,000"
SURVEY,2003,OTHER (COMBINED) COUNTIES,BARLEY,200
SURVEY,2003,OTHER (COMBINED) COUNTIES,COTTON,200
SURVEY,2003,OTHER (COMBINED) COUNTIES,OATS,180
SURVEY,2003,OTHER (COMBINED) COUNTIES,SORGHUM,500
SURVEY,2003,OTHER (COMBINED) COUNTIES,SWEET POTATOES,50
SURVEY,2003,RANDOLPH,BARLEY,300
SURVEY,2003,RANDOLPH,CORN,"6,800"
SURVEY,2003,RANDOLPH,CORN,"3,800"
SURVEY,2003,RANDOLPH,HAY,"24,800"
SURVEY,2003,RANDOLPH,OATS,310
SURVEY,2003,RANDOLPH,SOYBEANS,"8,400"
SURVEY,2003,RANDOLPH,TOBACCO,"1,243,000"
SURVEY,2003,RANDOLPH,WHEAT,"3,000"
SURVEY,2003,RANDOLPH,WHEAT,"3,000"
SURVEY,2003,ROWAN,BARLEY,"1,800"
SURVEY,2003,ROWAN,CORN,"7,400"
SURVEY,2003,ROWAN,CORN,"5,550"
SURVEY,2003,ROWAN,COTTON,750
SURVEY,2003,ROWAN,HAY,"23,500"
SURVEY,2003,ROWAN,OATS,370
SURVEY,2003,ROWAN,SOYBEANS,"12,400"
SURVEY,2003,ROWAN,WHEAT,"5,600"
SURVEY,2003,ROWAN,WHEAT,"5,600"
SURVEY,2003,WAKE,CORN,"1,100"
SURVEY,2003,WAKE,CORN,950
SURVEY,2003,WAKE,HAY,"5,800"
SURVEY,2003,WAKE,OATS,900
SURVEY,2003,WAKE,SOYBEANS,"14,000"
SURVEY,2003,WAKE,SWEET POTATOES,"1,100"
SURVEY,2003,WAKE,TOBACCO,"5,915"
SURVEY,2003,WAKE,WHEAT,"2,500"
SURVEY,2003,WAKE,WHEAT,"2,500"
SURVEY,2003,BERTIE,CORN,"15,900"
SURVEY,2003,BERTIE,CORN,"15,900"
SURVEY,2003,BERTIE,COTTON,"35,700"
SURVEY,2003,BERTIE,HAY,300
SURVEY,2003,BERTIE,PEANUTS,"12,820"
SURVEY,2003,BERTIE,SORGHUM,370
SURVEY,2003,BERTIE,SOYBEANS,"21,000"
SURVEY,2003,BERTIE,TOBACCO,"2,000"
SURVEY,2003,BERTIE,WHEAT,"1,600"
SURVEY,2003,BERTIE,WHEAT,"1,600"
SURVEY,2003,CAMDEN,CORN,"18,500"
SURVEY,2003,CAMDEN,CORN,"18,500"
SURVEY,2003,CAMDEN,COTTON,900
SURVEY,2003,CAMDEN,POTATOES,"3,400"
SURVEY,2003,CAMDEN,SOYBEANS,"27,200"
SURVEY,2003,CAMDEN,WHEAT,"3,500"
SURVEY,2003,CAMDEN,WHEAT,"3,500"
SURVEY,2003,CHOWAN,CORN,"3,500"
SURVEY,2003,CHOWAN,CORN,"3,500"
SURVEY,2003,CHOWAN,COTTON,"14,300"
SURVEY,2003,CHOWAN,HAY,600
SURVEY,2003,CHOWAN,PEANUTS,"6,515"
SURVEY,2003,CHOWAN,SORGHUM,"1,250"
SURVEY,2003,CHOWAN,SOYBEANS,"8,400"
SURVEY,2003,CHOWAN,SWEET POTATOES,400
SURVEY,2003,CHOWAN,TOBACCO,165
SURVEY,2003,CHOWAN,WHEAT,"1,000"
SURVEY,2003,CHOWAN,WHEAT,"1,000"
SURVEY,2003,CURRITUCK,CORN,"10,100"
SURVEY,2003,CURRITUCK,CORN,"10,100"
SURVEY,2003,CURRITUCK,HAY,300
SURVEY,2003,CURRITUCK,POTATOES,810
SURVEY,2003,CURRITUCK,SORGHUM,290
SURVEY,2003,CURRITUCK,SOYBEANS,"17,000"
SURVEY,2003,CURRITUCK,WHEAT,"5,000"
SURVEY,2003,CURRITUCK,WHEAT,"5,000"
SURVEY,2003,DARE,WHEAT,300
SURVEY,2003,DARE,WHEAT,300
SURVEY,2003,EDGECOMBE,CORN,"10,000"
SURVEY,2003,EDGECOMBE,CORN,"10,000"
SURVEY,2003,EDGECOMBE,COTTON,"46,000"
SURVEY,2003,EDGECOMBE,HAY,"3,800"
SURVEY,2003,EDGECOMBE,OATS,330
SURVEY,2003,EDGECOMBE,PEANUTS,"11,680"
SURVEY,2003,EDGECOMBE,SOYBEANS,"29,300"
SURVEY,2003,EDGECOMBE,SWEET POTATOES,"3,900"
SURVEY,2003,EDGECOMBE,TOBACCO,"4,070"
SURVEY,2003,EDGECOMBE,WHEAT,"3,500"
SURVEY,2003,EDGECOMBE,WHEAT,"3,500"
SURVEY,2003,GATES,CORN,"6,000"
SURVEY,2003,GATES,CORN,"6,000"
SURVEY,2003,GATES,COTTON,"13,500"
SURVEY,2003,GATES,HAY,"1,300"
SURVEY,2003,GATES,PEANUTS,"6,465"
SURVEY,2003,GATES,SORGHUM,470
SURVEY,2003,GATES,SOYBEANS,"13,200"
SURVEY,2003,GATES,TOBACCO,60
SURVEY,2003,GATES,WHEAT,"1,800"
SURVEY,2003,GATES,WHEAT,"1,800"
SURVEY,2003,HALIFAX,CORN,"4,900"
SURVEY,2003,HALIFAX,CORN,"4,500"
SURVEY,2003,HALIFAX,COTTON,"58,000"
SURVEY,2003,HALIFAX,HAY,"3,100"
SURVEY,2003,HALIFAX,PEANUTS,"12,440"
SURVEY,2003,HALIFAX,SOYBEANS,"19,800"
SURVEY,2003,HALIFAX,SWEET POTATOES,400
SURVEY,2003,HALIFAX,TOBACCO,"1,895"
SURVEY,2003,HALIFAX,WHEAT,"5,000"
SURVEY,2003,HALIFAX,WHEAT,"5,000"
SURVEY,2003,HERTFORD,CORN,"10,000"
SURVEY,2003,HERTFORD,CORN,"10,000"
SURVEY,2003,HERTFORD,COTTON,"14,500"
SURVEY,2003,HERTFORD,HAY,"1,800"
SURVEY,2003,HERTFORD,PEANUTS,"7,300"
SURVEY,2003,HERTFORD,SOYBEANS,"11,600"
SURVEY,2003,HERTFORD,TOBACCO,"1,100"
SURVEY,2003,HERTFORD,WHEAT,"1,000"
SURVEY,2003,HERTFORD,WHEAT,"1,000"
SURVEY,2003,MARTIN,CORN,"2,700"
SURVEY,2003,MARTIN,CORN,"2,600"
SURVEY,2003,MARTIN,COTTON,"38,800"
SURVEY,2003,MARTIN,HAY,"1,300"
SURVEY,2003,MARTIN,PEANUTS,"12,410"
SURVEY,2003,MARTIN,SORGHUM,550
SURVEY,2003,MARTIN,SOYBEANS,"13,000"
SURVEY,2003,MARTIN,TOBACCO,"3,105"
SURVEY,2003,MARTIN,WHEAT,"2,500"
SURVEY,2003,MARTIN,WHEAT,"2,500"
SURVEY,2003,NASH,CORN,"2,300"
SURVEY,2003,NASH,CORN,"2,200"
SURVEY,2003,NASH,COTTON,"18,400"
SURVEY,2003,NASH,HAY,"6,500"
SURVEY,2003,NASH,OATS,300
SURVEY,2003,NASH,PEANUTS,"3,115"
SURVEY,2003,NASH,SORGHUM,340
SURVEY,2003,NASH,SOYBEANS,"28,100"
SURVEY,2003,NASH,SWEET POTATOES,"6,000"
SURVEY,2003,NASH,TOBACCO,"6,245"
SURVEY,2003,NASH,WHEAT,"3,500"
SURVEY,2003,NASH,WHEAT,"3,500"
SURVEY,2003,NORTHAMPTON,CORN,"2,400"
SURVEY,2003,NORTHAMPTON,CORN,"2,300"
SURVEY,2003,NORTHAMPTON,COTTON,"58,600"
SURVEY,2003,NORTHAMPTON,HAY,"1,700"
SURVEY,2003,NORTHAMPTON,PEANUTS,"5,420"
SURVEY,2003,NORTHAMPTON,SOYBEANS,"16,800"
SURVEY,2003,NORTHAMPTON,TOBACCO,100
SURVEY,2003,NORTHAMPTON,WHEAT,"4,000"
SURVEY,2003,NORTHAMPTON,WHEAT,"4,000"
SURVEY,2003,OTHER (COMBINED) COUNTIES,HAY,250
SURVEY,2003,OTHER (COMBINED) COUNTIES,OATS,620
SURVEY,2003,OTHER (COMBINED) COUNTIES,PEANUTS,135
SURVEY,2003,OTHER (COMBINED) COUNTIES,POTATOES,290
SURVEY,2003,OTHER (COMBINED) COUNTIES,SORGHUM,240
SURVEY,2003,OTHER (COMBINED) COUNTIES,SWEET POTATOES,100
SURVEY,2003,PASQUOTANK,CORN,"24,400"
SURVEY,2003,PASQUOTANK,CORN,"24,100"
SURVEY,2003,PASQUOTANK,COTTON,"3,100"
SURVEY,2003,PASQUOTANK,OATS,210
SURVEY,2003,PASQUOTANK,PEANUTS,255
SURVEY,2003,PASQUOTANK,POTATOES,"3,800"
SURVEY,2003,PASQUOTANK,SORGHUM,"2,700"
SURVEY,2003,PASQUOTANK,SOYBEANS,"40,000"
SURVEY,2003,PASQUOTANK,WHEAT,"6,700"
SURVEY,2003,PASQUOTANK,WHEAT,"6,700"
SURVEY,2003,PERQUIMANS,CORN,"14,800"
SURVEY,2003,PERQUIMANS,CORN,"14,800"
SURVEY,2003,PERQUIMANS,COTTON,"16,000"
SURVEY,2003,PERQUIMANS,HAY,450
SURVEY,2003,PERQUIMANS,PEANUTS,"3,925"
SURVEY,2003,PERQUIMANS,SORGHUM,800
SURVEY,2003,PERQUIMANS,SOYBEANS,"32,300"
SURVEY,2003,PERQUIMANS,WHEAT,"2,500"
SURVEY,2003,PERQUIMANS,WHEAT,"2,500"
SURVEY,2003,TYRRELL,CORN,"23,700"
SURVEY,2003,TYRRELL,CORN,"23,700"
SURVEY,2003,TYRRELL,COTTON,"2,500"
SURVEY,2003,TYRRELL,HAY,200
SURVEY,2003,TYRRELL,OATS,390
SURVEY,2003,TYRRELL,POTATOES,"2,720"
SURVEY,2003,TYRRELL,SOYBEANS,"32,800"
SURVEY,2003,TYRRELL,WHEAT,"12,100"
SURVEY,2003,TYRRELL,WHEAT,"12,100"
SURVEY,2003,WASHINGTON,CORN,"23,800"
SURVEY,2003,WASHINGTON,CORN,"23,800"
SURVEY,2003,WASHINGTON,COTTON,"11,700"
SURVEY,2003,WASHINGTON,HAY,"1,400"
SURVEY,2003,WASHINGTON,PEANUTS,"2,420"
SURVEY,2003,WASHINGTON,POTATOES,"1,980"
SURVEY,2003,WASHINGTON,SORGHUM,440
SURVEY,2003,WASHINGTON,SOYBEANS,"31,500"
SURVEY,2003,WASHINGTON,TOBACCO,255
SURVEY,2003,WASHINGTON,WHEAT,"10,000"
SURVEY,2003,WASHINGTON,WHEAT,"10,000"
SURVEY,2003,ALLEGHANY,HAY,"12,400"
SURVEY,2003,ALLEGHANY,TOBACCO,280
SURVEY,2003,ASHE,CORN,100
SURVEY,2003,ASHE,HAY,"10,800"
SURVEY,2003,ASHE,TOBACCO,560
SURVEY,2003,AVERY,HAY,"1,200"
SURVEY,2003,AVERY,TOBACCO,75
SURVEY,2003,CALDWELL,CORN,850
SURVEY,2003,CALDWELL,CORN,550
SURVEY,2003,CALDWELL,HAY,"5,900"
SURVEY,2003,CALDWELL,SOYBEANS,500
SURVEY,2003,CALDWELL,TOBACCO,"204,000"
SURVEY,2003,CALDWELL,WHEAT,400
SURVEY,2003,CALDWELL,WHEAT,400
SURVEY,2003,OTHER (COMBINED) COUNTIES,BARLEY,250
SURVEY,2003,OTHER (COMBINED) COUNTIES,CORN,"2,500"
SURVEY,2003,OTHER (COMBINED) COUNTIES,CORN,100
SURVEY,2003,OTHER (COMBINED) COUNTIES,OATS,120
SURVEY,2003,OTHER (COMBINED) COUNTIES,WHEAT,120
SURVEY,2003,OTHER (COMBINED) COUNTIES,WHEAT,120
SURVEY,2003,SURRY,BARLEY,"1,650"
SURVEY,2003,SURRY,CORN,"7,000"
SURVEY,2003,SURRY,CORN,"5,800"
SURVEY,2003,SURRY,HAY,"22,600"
SURVEY,2003,SURRY,SOYBEANS,"6,600"
SURVEY,2003,SURRY,TOBACCO,"5,540,000"
SURVEY,2003,SURRY,WHEAT,"1,300"
SURVEY,2003,SURRY,WHEAT,"1,300"
SURVEY,2003,WATAUGA,CORN,150
SURVEY,2003,WATAUGA,HAY,"6,500"
SURVEY,2003,WATAUGA,TOBACCO,435
SURVEY,2003,WILKES,CORN,"6,200"
SURVEY,2003,WILKES,CORN,950
SURVEY,2003,WILKES,HAY,"25,000"
SURVEY,2003,WILKES,SOYBEANS,200
SURVEY,2003,WILKES,TOBACCO,"661,000"
SURVEY,2003,YADKIN,BARLEY,900
SURVEY,2003,YADKIN,CORN,"11,200"
SURVEY,2003,YADKIN,CORN,"6,100"
SURVEY,2003,YADKIN,HAY,"21,600"
SURVEY,2003,YADKIN,OATS,430
SURVEY,2003,YADKIN,SOYBEANS,"13,400"
SURVEY,2003,YADKIN,TOBACCO,"3,953,000"
SURVEY,2003,YADKIN,WHEAT,"3,680"
SURVEY,2003,YADKIN,WHEAT,"3,680"
SURVEY,2003,ALAMANCE,CORN,"3,400"
SURVEY,2003,ALAMANCE,CORN,"1,900"
SURVEY,2003,ALAMANCE,HAY,"15,000"
SURVEY,2003,ALAMANCE,OATS,300
SURVEY,2003,ALAMANCE,SOYBEANS,"2,000"
SURVEY,2003,ALAMANCE,TOBACCO,"2,159,000"
SURVEY,2003,ALAMANCE,WHEAT,"2,100"
SURVEY,2003,ALAMANCE,WHEAT,"2,100"
SURVEY,2003,CASWELL,CORN,"1,000"
SURVEY,2003,CASWELL,CORN,650
SURVEY,2003,CASWELL,HAY,"11,200"
SURVEY,2003,CASWELL,SOYBEANS,900
SURVEY,2003,CASWELL,TOBACCO,"4,063,000"
SURVEY,2003,CASWELL,WHEAT,"1,200"
SURVEY,2003,CASWELL,WHEAT,"1,200"
SURVEY,2003,DURHAM,HAY,"3,000"
SURVEY,2003,DURHAM,SOYBEANS,400
SURVEY,2003,DURHAM,TOBACCO,"1,414,000"
SURVEY,2003,DURHAM,WHEAT,450
SURVEY,2003,DURHAM,WHEAT,450
SURVEY,2003,FORSYTH,CORN,"1,300"
SURVEY,2003,FORSYTH,CORN,"1,000"
SURVEY,2003,FORSYTH,HAY,"10,000"
SURVEY,2003,FORSYTH,SOYBEANS,"3,000"
SURVEY,2003,FORSYTH,TOBACCO,"1,887,000"
SURVEY,2003,FORSYTH,WHEAT,"1,000"
SURVEY,2003,FORSYTH,WHEAT,"1,000"
SURVEY,2003,FRANKLIN,CORN,"1,300"
SURVEY,2003,FRANKLIN,CORN,"1,200"
SURVEY,2003,FRANKLIN,HAY,"11,500"
SURVEY,2003,FRANKLIN,OATS,790
SURVEY,2003,FRANKLIN,SOYBEANS,"16,500"
SURVEY,2003,FRANKLIN,TOBACCO,"8,801,000"
SURVEY,2003,FRANKLIN,WHEAT,"4,900"
SURVEY,2003,FRANKLIN,WHEAT,"4,900"
SURVEY,2003,GRANVILLE,CORN,"1,800"
SURVEY,2003,GRANVILLE,CORN,"1,000"
SURVEY,2003,GRANVILLE,HAY,"10,400"
SURVEY,2003,GRANVILLE,SOYBEANS,"2,400"
SURVEY,2003,GRANVILLE,TOBACCO,"7,014,000"
SURVEY,2003,GRANVILLE,WHEAT,"1,550"
SURVEY,2003,GRANVILLE,WHEAT,"1,550"
SURVEY,2003,GUILFORD,BARLEY,200
SURVEY,2003,GUILFORD,CORN,"5,000"
SURVEY,2003,GUILFORD,CORN,"2,800"
SURVEY,2003,GUILFORD,HAY,"16,300"
SURVEY,2003,GUILFORD,OATS,380
SURVEY,2003,GUILFORD,SOYBEANS,"6,200"
SURVEY,2003,GUILFORD,TOBACCO,"4,490,000"
SURVEY,2003,GUILFORD,WHEAT,"5,000"
SURVEY,2003,GUILFORD,WHEAT,"5,000"
SURVEY,2003,ORANGE,BARLEY,250
SURVEY,2003,ORANGE,CORN,"3,000"
SURVEY,2003,ORANGE,CORN,"1,500"
SURVEY,2003,ORANGE,HAY,"14,200"
SURVEY,2003,ORANGE,SOYBEANS,"2,100"
SURVEY,2003,ORANGE,TOBACCO,"2,057,000"
SURVEY,2003,ORANGE,WHEAT,"1,400"
SURVEY,2003,ORANGE,WHEAT,"1,400"
SURVEY,2003,OTHER (COMBINED) COUNTIES,BARLEY,550
SURVEY,2003,OTHER (COMBINED) COUNTIES,CORN,450
SURVEY,2003,OTHER (COMBINED) COUNTIES,CORN,250
SURVEY,2003,OTHER (COMBINED) COUNTIES,COTTON,75
SURVEY,2003,OTHER (COMBINED) COUNTIES,OATS,530
SURVEY,2003,OTHER (COMBINED) COUNTIES,SORGHUM,520
SURVEY,2003,PERSON,CORN,"1,800"
SURVEY,2003,PERSON,CORN,"1,200"
SURVEY,2003,PERSON,HAY,"9,100"
SURVEY,2003,PERSON,SOYBEANS,"6,100"
SURVEY,2003,PERSON,TOBACCO,"4,762,000"
SURVEY,2003,PERSON,WHEAT,"3,700"
SURVEY,2003,PERSON,WHEAT,"3,700"
SURVEY,2003,ROCKINGHAM,CORN,"2,100"
SURVEY,2003,ROCKINGHAM,CORN,950
SURVEY,2003,ROCKINGHAM,HAY,"14,500"
SURVEY,2003,ROCKINGHAM,OATS,250
SURVEY,2003,ROCKINGHAM,SOYBEANS,"2,100"
SURVEY,2003,ROCKINGHAM,TOBACCO,"6,500,000"
SURVEY,2003,ROCKINGHAM,WHEAT,"4,000"
SURVEY,2003,ROCKINGHAM,WHEAT,"4,000"
SURVEY,2003,STOKES,CORN,900
SURVEY,2003,STOKES,CORN,700
SURVEY,2003,STOKES,HAY,"13,800"
SURVEY,2003,STOKES,SOYBEANS,600
SURVEY,2003,STOKES,TOBACCO,"4,574,000"
SURVEY,2003,STOKES,WHEAT,700
SURVEY,2003,STOKES,WHEAT,700
SURVEY,2003,VANCE,HAY,"3,500"
SURVEY,2003,VANCE,SOYBEANS,"5,100"
SURVEY,2003,VANCE,TOBACCO,"4,413,000"
SURVEY,2003,VANCE,WHEAT,"1,500"
SURVEY,2003,VANCE,WHEAT,"1,500"
SURVEY,2003,WARREN,CORN,950
SURVEY,2003,WARREN,CORN,250
SURVEY,2003,WARREN,COTTON,425
SURVEY,2003,WARREN,HAY,"6,500"
SURVEY,2003,WARREN,OATS,300
SURVEY,2003,WARREN,SOYBEANS,"6,100"
SURVEY,2003,WARREN,TOBACCO,"3,418,000"
SURVEY,2003,WARREN,WHEAT,"1,000"
SURVEY,2003,WARREN,WHEAT,"1,000"
SURVEY,2003,BLADEN,CORN,"22,400"
SURVEY,2003,BLADEN,CORN,"22,400"
SURVEY,2003,BLADEN,COTTON,"7,700"
SURVEY,2003,BLADEN,HAY,"7,200"
SURVEY,2003,BLADEN,OATS,550
SURVEY,2003,BLADEN,PEANUTS,"5,510"
SURVEY,2003,BLADEN,SORGHUM,350
SURVEY,2003,BLADEN,SOYBEANS,"22,600"
SURVEY,2003,BLADEN,SWEET POTATOES,340
SURVEY,2003,BLADEN,TOBACCO,"2,335"
SURVEY,2003,BLADEN,WHEAT,"6,200"
SURVEY,2003,BLADEN,WHEAT,"6,200"
SURVEY,2003,BRUNSWICK,CORN,"5,100"
SURVEY,2003,BRUNSWICK,CORN,"5,000"
SURVEY,2003,BRUNSWICK,HAY,"2,100"
SURVEY,2003,BRUNSWICK,SOYBEANS,"9,600"
SURVEY,2003,BRUNSWICK,TOBACCO,"1,010"
SURVEY,2003,BRUNSWICK,WHEAT,700
SURVEY,2003,BRUNSWICK,WHEAT,700
SURVEY,2003,COLUMBUS,CORN,"28,400"
SURVEY,2003,COLUMBUS,CORN,"28,400"
SURVEY,2003,COLUMBUS,COTTON,"8,600"
SURVEY,2003,COLUMBUS,HAY,"5,700"
SURVEY,2003,COLUMBUS,OATS,650
SURVEY,2003,COLUMBUS,PEANUTS,"1,810"
SURVEY,2003,COLUMBUS,SORGHUM,400
SURVEY,2003,COLUMBUS,SOYBEANS,"50,800"
SURVEY,2003,COLUMBUS,SWEET POTATOES,"4,350"
SURVEY,2003,COLUMBUS,TOBACCO,"6,350"
SURVEY,2003,COLUMBUS,WHEAT,"10,000"
SURVEY,2003,COLUMBUS,WHEAT,"10,000"
SURVEY,2003,CUMBERLAND,CORN,"8,500"
SURVEY,2003,CUMBERLAND,CORN,"8,400"
SURVEY,2003,CUMBERLAND,COTTON,"8,800"
SURVEY,2003,CUMBERLAND,HAY,"4,600"
SURVEY,2003,CUMBERLAND,OATS,620
SURVEY,2003,CUMBERLAND,PEANUTS,320
SURVEY,2003,CUMBERLAND,SOYBEANS,"18,000"
SURVEY,2003,CUMBERLAND,SWEET POTATOES,"2,430"
SURVEY,2003,CUMBERLAND,TOBACCO,"1,560"
SURVEY,2003,CUMBERLAND,WHEAT,"4,000"
SURVEY,2003,CUMBERLAND,WHEAT,"4,000"
SURVEY,2003,DUPLIN,CORN,"47,500"
SURVEY,2003,DUPLIN,CORN,"47,400"
SURVEY,2003,DUPLIN,COTTON,"19,000"
SURVEY,2003,DUPLIN,HAY,"23,100"
SURVEY,2003,DUPLIN,OATS,800
SURVEY,2003,DUPLIN,PEANUTS,355
SURVEY,2003,DUPLIN,SOYBEANS,"43,500"
SURVEY,2003,DUPLIN,SWEET POTATOES,"1,200"
SURVEY,2003,DUPLIN,TOBACCO,"5,360"
SURVEY,2003,DUPLIN,WHEAT,"18,000"
SURVEY,2003,DUPLIN,WHEAT,"18,000"
SURVEY,2003,HARNETT,BARLEY,700
SURVEY,2003,HARNETT,CORN,"3,900"
SURVEY,2003,HARNETT,CORN,"3,400"
SURVEY,2003,HARNETT,COTTON,"15,000"
SURVEY,2003,HARNETT,HAY,"5,500"
SURVEY,2003,HARNETT,OATS,860
SURVEY,2003,HARNETT,SORGHUM,200
SURVEY,2003,HARNETT,SOYBEANS,"26,500"
SURVEY,2003,HARNETT,SWEET POTATOES,"1,140"
SURVEY,2003,HARNETT,TOBACCO,"5,065"
SURVEY,2003,HARNETT,WHEAT,"3,600"
SURVEY,2003,HARNETT,WHEAT,"3,600"
SURVEY,2003,HOKE,CORN,"1,200"
SURVEY,2003,HOKE,CORN,"1,200"
SURVEY,2003,HOKE,COTTON,"16,900"
SURVEY,2003,HOKE,HAY,"2,800"
SURVEY,2003,HOKE,OATS,420
SURVEY,2003,HOKE,SOYBEANS,"10,300"
SURVEY,2003,HOKE,TOBACCO,840
SURVEY,2003,HOKE,WHEAT,"6,000"
SURVEY,2003,HOKE,WHEAT,"6,000"
SURVEY,2003,NEW HANOVER,CORN,600
SURVEY,2003,NEW HANOVER,CORN,600
SURVEY,2003,NEW HANOVER,SOYBEANS,400
SURVEY,2003,NEW HANOVER,TOBACCO,35
SURVEY,2003,ONSLOW,CORN,"12,200"
SURVEY,2003,ONSLOW,CORN,"12,200"
SURVEY,2003,ONSLOW,COTTON,"6,200"
SURVEY,2003,ONSLOW,HAY,"2,900"
SURVEY,2003,ONSLOW,SOYBEANS,"13,500"
SURVEY,2003,ONSLOW,TOBACCO,"1,925"
SURVEY,2003,ONSLOW,WHEAT,"3,500"
SURVEY,2003,ONSLOW,WHEAT,"3,500"
SURVEY,2003,OTHER (COMBINED) COUNTIES,BARLEY,700
SURVEY,2003,OTHER (COMBINED) COUNTIES,COTTON,100
SURVEY,2003,OTHER (COMBINED) COUNTIES,OATS,200
SURVEY,2003,OTHER (COMBINED) COUNTIES,PEANUTS,75
SURVEY,2003,OTHER (COMBINED) COUNTIES,SORGHUM,450
SURVEY,2003,OTHER (COMBINED) COUNTIES,SWEET POTATOES,90
SURVEY,2003,PENDER,CORN,"12,600"
SURVEY,2003,PENDER,CORN,"12,600"
SURVEY,2003,PENDER,COTTON,"7,700"
SURVEY,2003,PENDER,HAY,"2,000"
SURVEY,2003,PENDER,SOYBEANS,"12,200"
SURVEY,2003,PENDER,TOBACCO,"1,040"
SURVEY,2003,PENDER,WHEAT,"3,000"
SURVEY,2003,PENDER,WHEAT,"3,000"
SURVEY,2003,ROBESON,CORN,"37,000"
SURVEY,2003,ROBESON,CORN,"37,000"
SURVEY,2003,ROBESON,COTTON,"25,500"
SURVEY,2003,ROBESON,HAY,"10,800"
SURVEY,2003,ROBESON,OATS,"1,100"
SURVEY,2003,ROBESON,PEANUTS,195
SURVEY,2003,ROBESON,SOYBEANS,"112,000"
SURVEY,2003,ROBESON,TOBACCO,"7,545"
SURVEY,2003,ROBESON,WHEAT,"40,000"
SURVEY,2003,ROBESON,WHEAT,"40,000"
SURVEY,2003,SAMPSON,CORN,"31,700"
SURVEY,2003,SAMPSON,CORN,"31,600"
SURVEY,2003,SAMPSON,COTTON,"41,100"
SURVEY,2003,SAMPSON,HAY,"22,200"
SURVEY,2003,SAMPSON,OATS,"1,000"
SURVEY,2003,SAMPSON,PEANUTS,885
SURVEY,2003,SAMPSON,SOYBEANS,"52,000"
SURVEY,2003,SAMPSON,SWEET POTATOES,"5,400"
SURVEY,2003,SAMPSON,TOBACCO,"5,225"
SURVEY,2003,SAMPSON,WHEAT,"22,000"
SURVEY,2003,SAMPSON,WHEAT,"22,000"
SURVEY,2003,SCOTLAND,CORN,"1,900"
SURVEY,2003,SCOTLAND,CORN,"1,800"
SURVEY,2003,SCOTLAND,COTTON,"13,400"
SURVEY,2003,SCOTLAND,HAY,"3,100"
SURVEY,2003,SCOTLAND,PEANUTS,150
SURVEY,2003,SCOTLAND,SOYBEANS,"8,600"
SURVEY,2003,SCOTLAND,TOBACCO,360
SURVEY,2003,SCOTLAND,WHEAT,"3,000"
SURVEY,2003,SCOTLAND,WHEAT,"3,000"
SURVEY,2003,ANSON,CORN,"5,700"
SURVEY,2003,ANSON,CORN,"5,700"
SURVEY,2003,ANSON,COTTON,"2,400"
SURVEY,2003,ANSON,HAY,"7,000"
SURVEY,2003,ANSON,OATS,200
SURVEY,2003,ANSON,SOYBEANS,"11,100"
SURVEY,2003,ANSON,TOBACCO,70
SURVEY,2003,ANSON,WHEAT,"2,400"
SURVEY,2003,ANSON,WHEAT,"2,400"
SURVEY,2003,CABARRUS,BARLEY,350
SURVEY,2003,CABARRUS,CORN,"3,200"
SURVEY,2003,CABARRUS,CORN,"2,450"
SURVEY,2003,CABARRUS,COTTON,200
SURVEY,2003,CABARRUS,HAY,"15,000"
SURVEY,2003,CABARRUS,OATS,440
SURVEY,2003,CABARRUS,SOYBEANS,"6,200"
SURVEY,2003,CABARRUS,WHEAT,"2,500"
SURVEY,2003,CABARRUS,WHEAT,"2,500"
SURVEY,2003,CLEVELAND,BARLEY,450
SURVEY,2003,CLEVELAND,CORN,"1,700"
SURVEY,2003,CLEVELAND,CORN,"1,000"
SURVEY,2003,CLEVELAND,COTTON,"2,200"
SURVEY,2003,CLEVELAND,HAY,"18,800"
SURVEY,2003,CLEVELAND,OATS,340
SURVEY,2003,CLEVELAND,SOYBEANS,"7,600"
SURVEY,2003,CLEVELAND,WHEAT,"5,200"
SURVEY,2003,CLEVELAND,WHEAT,"5,200"
SURVEY,2003,GASTON,HAY,"10,300"
SURVEY,2003,GASTON,SORGHUM,350
SURVEY,2003,GASTON,SOYBEANS,200
SURVEY,2003,GASTON,WHEAT,500
SURVEY,2003,GASTON,WHEAT,500
SURVEY,2003,LINCOLN,BARLEY,650
SURVEY,2003,LINCOLN,CORN,"2,700"
SURVEY,2003,LINCOLN,CORN,"1,100"
SURVEY,2003,LINCOLN,HAY,"11,500"
SURVEY,2003,LINCOLN,SOYBEANS,"4,800"
SURVEY,2003,LINCOLN,WHEAT,"2,800"
SURVEY,2003,LINCOLN,WHEAT,"2,800"
SURVEY,2003,MECKLENBURG,CORN,600
SURVEY,2003,MECKLENBURG,CORN,400
SURVEY,2003,MECKLENBURG,HAY,"4,700"
SURVEY,2003,MECKLENBURG,SOYBEANS,"1,200"
SURVEY,2003,MECKLENBURG,WHEAT,"1,200"
SURVEY,2003,MECKLENBURG,WHEAT,"1,200"
SURVEY,2003,MONTGOMERY,COTTON,"1,200"
SURVEY,2003,MONTGOMERY,HAY,"6,300"
SURVEY,2003,MONTGOMERY,SOYBEANS,"1,100"
SURVEY,2003,MONTGOMERY,TOBACCO,250
SURVEY,2003,MONTGOMERY,WHEAT,200
SURVEY,2003,MONTGOMERY,WHEAT,200
SURVEY,2003,MOORE,CORN,800
SURVEY,2003,MOORE,CORN,750
SURVEY,2003,MOORE,COTTON,200
SURVEY,2003,MOORE,HAY,"7,300"
SURVEY,2003,MOORE,SOYBEANS,"4,200"
SURVEY,2003,MOORE,TOBACCO,"1,400"
SURVEY,2003,MOORE,WHEAT,"1,000"
SURVEY,2003,MOORE,WHEAT,"1,000"
SURVEY,2003,OTHER (COMBINED) COUNTIES,BARLEY,200
SURVEY,2003,OTHER (COMBINED) COUNTIES,CORN,"1,500"
SURVEY,2003,OTHER (COMBINED) COUNTIES,CORN,200
SURVEY,2003,OTHER (COMBINED) COUNTIES,OATS,690
SURVEY,2003,OTHER (COMBINED) COUNTIES,SORGHUM,350
SURVEY,2003,OTHER (COMBINED) COUNTIES,SWEET POTATOES,230
SURVEY,2003,RICHMOND,CORN,"1,500"
SURVEY,2003,RICHMOND,CORN,"1,400"
SURVEY,2003,RICHMOND,COTTON,"2,300"
SURVEY,2003,RICHMOND,HAY,"4,700"
SURVEY,2003,RICHMOND,SOYBEANS,"2,300"
SURVEY,2003,RICHMOND,TOBACCO,555
SURVEY,2003,RICHMOND,WHEAT,800
SURVEY,2003,RICHMOND,WHEAT,800
SURVEY,2003,STANLY,BARLEY,450
SURVEY,2003,STANLY,CORN,"9,800"
SURVEY,2003,STANLY,CORN,"8,800"
SURVEY,2003,STANLY,COTTON,"7,300"
SURVEY,2003,STANLY,HAY,"13,500"
SURVEY,2003,STANLY,OATS,750
SURVEY,2003,STANLY,SOYBEANS,"19,600"
SURVEY,2003,STANLY,WHEAT,"6,400"
SURVEY,2003,STANLY,WHEAT,"6,400"
SURVEY,2003,UNION,BARLEY,300
SURVEY,2003,UNION,CORN,"19,500"
SURVEY,2003,UNION,CORN,"18,800"
SURVEY,2003,UNION,COTTON,"5,100"
SURVEY,2003,UNION,HAY,"15,900"
SURVEY,2003,UNION,OATS,780
SURVEY,2003,UNION,SOYBEANS,"54,700"
SURVEY,2003,UNION,WHEAT,"25,000"
SURVEY,2003,UNION,WHEAT,"25,000"
SURVEY,2003,BUNCOMBE,HAY,"14,500"
SURVEY,2003,BUNCOMBE,TOBACCO,820
SURVEY,2003,BURKE,CORN,750
SURVEY,2003,BURKE,CORN,400
SURVEY,2003,BURKE,HAY,"6,500"
SURVEY,2003,BURKE,SOYBEANS,750
SURVEY,2003,CHEROKEE,CORN,700
SURVEY,2003,CHEROKEE,CORN,650
SURVEY,2003,CHEROKEE,HAY,"4,100"
SURVEY,2003,CHEROKEE,TOBACCO,50
SURVEY,2003,CLAY,HAY,"2,800"
SURVEY,2003,CLAY,TOBACCO,55
SURVEY,2003,GRAHAM,CORN,50
SURVEY,2003,GRAHAM,HAY,"1,000"
SURVEY,2003,GRAHAM,TOBACCO,50
SURVEY,2003,HAYWOOD,HAY,"8,800"
SURVEY,2003,HAYWOOD,TOBACCO,540
SURVEY,2003,HENDERSON,CORN,"3,900"
SURVEY,2003,HENDERSON,CORN,"2,100"
SURVEY,2003,HENDERSON,HAY,"6,500"
SURVEY,2003,JACKSON,HAY,"1,200"
SURVEY,2003,JACKSON,TOBACCO,30
SURVEY,2003,MACON,HAY,"5,000"
SURVEY,2003,MACON,TOBACCO,35
SURVEY,2003,MADISON,HAY,"7,200"
SURVEY,2003,MADISON,TOBACCO,"1,635"
SURVEY,2003,MCDOWELL,HAY,"4,000"
SURVEY,2003,MITCHELL,HAY,"3,400"
SURVEY,2003,MITCHELL,TOBACCO,350
SURVEY,2003,OTHER (COMBINED) COUNTIES,BARLEY,200
SURVEY,2003,OTHER (COMBINED) COUNTIES,CORN,"5,800"
SURVEY,2003,OTHER (COMBINED) COUNTIES,CORN,"1,350"
SURVEY,2003,OTHER (COMBINED) COUNTIES,OATS,150
SURVEY,2003,OTHER (COMBINED) COUNTIES,SOYBEANS,500
SURVEY,2003,OTHER (COMBINED) COUNTIES,TOBACCO,50
SURVEY,2003,OTHER (COMBINED) COUNTIES,WHEAT,750
SURVEY,2003,OTHER (COMBINED) COUNTIES,WHEAT,750
SURVEY,2003,POLK,HAY,"4,600"
SURVEY,2003,RUTHERFORD,COTTON,300
SURVEY,2003,RUTHERFORD,HAY,"16,000"
SURVEY,2003,RUTHERFORD,SOYBEANS,550
SURVEY,2003,RUTHERFORD,WHEAT,250
SURVEY,2003,RUTHERFORD,WHEAT,250
SURVEY,2003,SWAIN,HAY,"1,200"
SURVEY,2003,TRANSYLVANIA,CORN,800
SURVEY,2003,TRANSYLVANIA,CORN,600
SURVEY,2003,TRANSYLVANIA,HAY,"3,400"
SURVEY,2003,YANCEY,HAY,"3,800"
SURVEY,2003,YANCEY,TOBACCO,735
SURVEY,2002,OTHER (COMBINED) COUNTIES,CHICKENS,"225,000"
SURVEY,2002,WAYNE,CHICKENS,"175,000"
SURVEY,2002,ALEXANDER,CHICKENS,"1,700,000"
SURVEY,2002,CHATHAM,CHICKENS,"570,000"
SURVEY,2002,DAVIE,CHICKENS,"210,000"
SURVEY,2002,IREDELL,CHICKENS,"1,650,000"
SURVEY,2002,OTHER (COMBINED) COUNTIES,CHICKENS,"170,000"
SURVEY,2002,RANDOLPH,CHICKENS,"1,300,000"
SURVEY,2002,NASH,CHICKENS,"1,660,000"
SURVEY,2002,OTHER (COMBINED) COUNTIES,CHICKENS,"240,000"
SURVEY,2002,OTHER (COMBINED) COUNTIES,CHICKENS,"53,000"
SURVEY,2002,SURRY,CHICKENS,"480,000"
SURVEY,2002,WILKES,CHICKENS,"1,090,000"
SURVEY,2002,YADKIN,CHICKENS,"1,277,000"
SURVEY,2002,ALAMANCE,CHICKENS,"450,000"
SURVEY,2002,FRANKLIN,CHICKENS,"300,000"
SURVEY,2002,GUILFORD,CHICKENS,"150,000"
SURVEY,2002,OTHER (COMBINED) COUNTIES,CHICKENS,"600,000"
SURVEY,2002,DUPLIN,CHICKENS,"650,000"
SURVEY,2002,OTHER (COMBINED) COUNTIES,CHICKENS,"192,000"
SURVEY,2002,SAMPSON,CHICKENS,"500,000"
SURVEY,2002,ANSON,CHICKENS,"220,000"
SURVEY,2002,OTHER (COMBINED) COUNTIES,CHICKENS,"460,000"
SURVEY,2002,STANLY,CHICKENS,"420,000"
SURVEY,2002,UNION,CHICKENS,"1,400,000"
SURVEY,2002,OTHER (COMBINED) COUNTIES,CHICKENS,"900,000"
SURVEY,2002,BEAUFORT,CATTLE,900
SURVEY,2002,CRAVEN,CATTLE,"1,100"
SURVEY,2002,GREENE,CATTLE,"1,200"
SURVEY,2002,JOHNSTON,CATTLE,"6,300"
SURVEY,2002,JONES,CATTLE,700
SURVEY,2002,LENOIR,CATTLE,"1,800"
SURVEY,2002,OTHER (COMBINED) COUNTIES,CATTLE,400
SURVEY,2002,OTHER (COMBINED) COUNTIES,CATTLE,400
SURVEY,2002,PITT,CATTLE,"2,400"
SURVEY,2002,WAYNE,CATTLE,"5,100"
SURVEY,2002,WILSON,CATTLE,"1,100"
SURVEY,2002,ALEXANDER,CATTLE,"8,600"
SURVEY,2002,ALEXANDER,CATTLE,"2,700"
SURVEY,2002,CATAWBA,CATTLE,"8,500"
SURVEY,2002,CATAWBA,CATTLE,900
SURVEY,2002,CHATHAM,CATTLE,"16,800"
SURVEY,2002,CHATHAM,CATTLE,"1,600"
SURVEY,2002,DAVIDSON,CATTLE,"8,200"
SURVEY,2002,DAVIDSON,CATTLE,"1,900"
SURVEY,2002,DAVIE,CATTLE,"8,900"
SURVEY,2002,DAVIE,CATTLE,"1,100"
SURVEY,2002,IREDELL,CATTLE,"16,200"
SURVEY,2002,IREDELL,CATTLE,"11,800"
SURVEY,2002,LEE,CATTLE,"1,700"
SURVEY,2002,OTHER (COMBINED) COUNTIES,CATTLE,200
SURVEY,2002,RANDOLPH,CATTLE,"17,500"
SURVEY,2002,RANDOLPH,CATTLE,"5,000"
SURVEY,2002,ROWAN,CATTLE,"10,700"
SURVEY,2002,ROWAN,CATTLE,"2,800"
SURVEY,2002,WAKE,CATTLE,"3,900"
SURVEY,2002,BERTIE,CATTLE,700
SURVEY,2002,CHOWAN,CATTLE,600
SURVEY,2002,EDGECOMBE,CATTLE,"1,500"
SURVEY,2002,GATES,CATTLE,600
SURVEY,2002,HALIFAX,CATTLE,"3,600"
SURVEY,2002,HERTFORD,CATTLE,300
SURVEY,2002,MARTIN,CATTLE,"1,500"
SURVEY,2002,NASH,CATTLE,"4,400"
SURVEY,2002,NORTHAMPTON,CATTLE,"1,500"
SURVEY,2002,OTHER (COMBINED) COUNTIES,CATTLE,500
SURVEY,2002,OTHER (COMBINED) COUNTIES,CATTLE,800
SURVEY,2002,PASQUOTANK,CATTLE,400
SURVEY,2002,PERQUIMANS,CATTLE,600
SURVEY,2002,WASHINGTON,CATTLE,800
SURVEY,2002,ALLEGHANY,CATTLE,"9,400"
SURVEY,2002,ALLEGHANY,CATTLE,"4,100"
SURVEY,2002,ASHE,CATTLE,"7,800"
SURVEY,2002,AVERY,CATTLE,700
SURVEY,2002,CALDWELL,CATTLE,"3,200"
SURVEY,2002,OTHER (COMBINED) COUNTIES,CATTLE,"1,300"
SURVEY,2002,SURRY,CATTLE,"10,900"
SURVEY,2002,SURRY,CATTLE,"1,100"
SURVEY,2002,WATAUGA,CATTLE,"3,900"
SURVEY,2002,WILKES,CATTLE,"17,100"
SURVEY,2002,WILKES,CATTLE,"1,700"
SURVEY,2002,YADKIN,CATTLE,"10,000"
SURVEY,2002,YADKIN,CATTLE,"2,100"
SURVEY,2002,ALAMANCE,CATTLE,"8,400"
SURVEY,2002,ALAMANCE,CATTLE,"1,800"
SURVEY,2002,CASWELL,CATTLE,"4,800"
SURVEY,2002,DURHAM,CATTLE,"1,700"
SURVEY,2002,FORSYTH,CATTLE,"4,200"
SURVEY,2002,FRANKLIN,CATTLE,"4,100"
SURVEY,2002,GRANVILLE,CATTLE,"5,900"
SURVEY,2002,GRANVILLE,CATTLE,900
SURVEY,2002,GUILFORD,CATTLE,"7,600"
SURVEY,2002,GUILFORD,CATTLE,"2,100"
SURVEY,2002,ORANGE,CATTLE,"6,800"
SURVEY,2002,ORANGE,CATTLE,"2,000"
SURVEY,2002,OTHER (COMBINED) COUNTIES,CATTLE,"1,200"
SURVEY,2002,PERSON,CATTLE,"3,800"
SURVEY,2002,ROCKINGHAM,CATTLE,"4,800"
SURVEY,2002,ROCKINGHAM,CATTLE,700
SURVEY,2002,STOKES,CATTLE,"4,400"
SURVEY,2002,VANCE,CATTLE,"1,100"
SURVEY,2002,WARREN,CATTLE,"4,400"
SURVEY,2002,WARREN,CATTLE,800
SURVEY,2002,BLADEN,CATTLE,"2,700"
SURVEY,2002,BRUNSWICK,CATTLE,"1,400"
SURVEY,2002,COLUMBUS,CATTLE,"4,700"
SURVEY,2002,CUMBERLAND,CATTLE,"2,800"
SURVEY,2002,DUPLIN,CATTLE,"9,600"
SURVEY,2002,HARNETT,CATTLE,"4,300"
SURVEY,2002,ONSLOW,CATTLE,"1,200"
SURVEY,2002,OTHER (COMBINED) COUNTIES,CATTLE,900
SURVEY,2002,OTHER (COMBINED) COUNTIES,CATTLE,"1,600"
SURVEY,2002,PENDER,CATTLE,"1,000"
SURVEY,2002,ROBESON,CATTLE,"3,100"
SURVEY,2002,SAMPSON,CATTLE,"8,300"
SURVEY,2002,SCOTLAND,CATTLE,"1,000"
SURVEY,2002,ANSON,CATTLE,"5,000"
SURVEY,2002,CABARRUS,CATTLE,"7,100"
SURVEY,2002,CABARRUS,CATTLE,600
SURVEY,2002,CLEVELAND,CATTLE,"13,900"
SURVEY,2002,CLEVELAND,CATTLE,800
SURVEY,2002,GASTON,CATTLE,"3,700"
SURVEY,2002,GASTON,CATTLE,"1,500"
SURVEY,2002,LINCOLN,CATTLE,"6,500"
SURVEY,2002,LINCOLN,CATTLE,"1,900"
SURVEY,2002,MECKLENBURG,CATTLE,"3,100"
SURVEY,2002,MONTGOMERY,CATTLE,"3,600"
SURVEY,2002,MOORE,CATTLE,"5,100"
SURVEY,2002,OTHER (COMBINED) COUNTIES,CATTLE,900
SURVEY,2002,RICHMOND,CATTLE,"1,500"
SURVEY,2002,STANLY,CATTLE,"10,600"
SURVEY,2002,STANLY,CATTLE,900
SURVEY,2002,UNION,CATTLE,"13,900"
SURVEY,2002,BUNCOMBE,CATTLE,"8,000"
SURVEY,2002,BUNCOMBE,CATTLE,"2,500"
SURVEY,2002,BURKE,CATTLE,"3,500"
SURVEY,2002,CHEROKEE,CATTLE,"2,500"
SURVEY,2002,CLAY,CATTLE,"2,400"
SURVEY,2002,GRAHAM,CATTLE,600
SURVEY,2002,HAYWOOD,CATTLE,"8,600"
SURVEY,2002,HAYWOOD,CATTLE,"2,100"
SURVEY,2002,HENDERSON,CATTLE,"2,900"
SURVEY,2002,HENDERSON,CATTLE,"2,500"
SURVEY,2002,JACKSON,CATTLE,"1,300"
SURVEY,2002,MACON,CATTLE,"3,000"
SURVEY,2002,MADISON,CATTLE,"5,400"
SURVEY,2002,MCDOWELL,CATTLE,"1,600"
SURVEY,2002,MITCHELL,CATTLE,"1,300"
SURVEY,2002,OTHER (COMBINED) COUNTIES,CATTLE,"1,700"
SURVEY,2002,POLK,CATTLE,"1,500"
SURVEY,2002,RUTHERFORD,CATTLE,"7,600"
SURVEY,2002,SWAIN,CATTLE,300
SURVEY,2002,TRANSYLVANIA,CATTLE,"1,500"
SURVEY,2002,YANCEY,CATTLE,"3,000"
SURVEY,2002,BEAUFORT,CORN,"43,400"
SURVEY,2002,BEAUFORT,CORN,"42,900"
SURVEY,2002,BEAUFORT,COTTON,"31,000"
SURVEY,2002,BEAUFORT,HAY,"1,400"
SURVEY,2002,BEAUFORT,OATS,"1,140"
SURVEY,2002,BEAUFORT,PEANUTS,210
SURVEY,2002,BEAUFORT,POTATOES,"1,100"
SURVEY,2002,BEAUFORT,SOYBEANS,"57,500"
SURVEY,2002,BEAUFORT,TOBACCO,"3,095"
SURVEY,2002,BEAUFORT,WHEAT,"30,000"
SURVEY,2002,BEAUFORT,WHEAT,"30,000"
SURVEY,2002,CARTERET,CORN,"20,900"
SURVEY,2002,CARTERET,CORN,"20,500"
SURVEY,2002,CARTERET,COTTON,500
SURVEY,2002,CARTERET,HAY,200
SURVEY,2002,CARTERET,POTATOES,"1,000"
SURVEY,2002,CARTERET,SORGHUM,500
SURVEY,2002,CARTERET,SOYBEANS,"26,000"
SURVEY,2002,CARTERET,TOBACCO,415
SURVEY,2002,CARTERET,WHEAT,"1,500"
SURVEY,2002,CARTERET,WHEAT,"1,500"
SURVEY,2002,CRAVEN,CORN,"11,100"
SURVEY,2002,CRAVEN,CORN,"10,900"
SURVEY,2002,CRAVEN,COTTON,"24,700"
SURVEY,2002,CRAVEN,HAY,"1,200"
SURVEY,2002,CRAVEN,SOYBEANS,"16,000"
SURVEY,2002,CRAVEN,TOBACCO,"3,030"
SURVEY,2002,CRAVEN,WHEAT,"2,000"
SURVEY,2002,CRAVEN,WHEAT,"2,000"
SURVEY,2002,GREENE,CORN,"11,400"
SURVEY,2002,GREENE,CORN,"11,000"
SURVEY,2002,GREENE,COTTON,"22,500"
SURVEY,2002,GREENE,HAY,"2,700"
SURVEY,2002,GREENE,SOYBEANS,"22,900"
SURVEY,2002,GREENE,SWEET POTATOES,"1,680"
SURVEY,2002,GREENE,TOBACCO,"4,760"
SURVEY,2002,GREENE,WHEAT,"3,500"
SURVEY,2002,GREENE,WHEAT,"3,500"
SURVEY,2002,HYDE,CORN,"27,600"
SURVEY,2002,HYDE,CORN,"27,000"
SURVEY,2002,HYDE,COTTON,"16,900"
SURVEY,2002,HYDE,HAY,300
SURVEY,2002,HYDE,SOYBEANS,"26,000"
SURVEY,2002,HYDE,WHEAT,"9,500"
SURVEY,2002,HYDE,WHEAT,"9,500"
SURVEY,2002,JOHNSTON,CORN,"9,300"
SURVEY,2002,JOHNSTON,CORN,"7,800"
SURVEY,2002,JOHNSTON,COTTON,"17,500"
SURVEY,2002,JOHNSTON,HAY,"10,000"
SURVEY,2002,JOHNSTON,OATS,"1,900"
SURVEY,2002,JOHNSTON,PEANUTS,30
SURVEY,2002,JOHNSTON,SOYBEANS,"56,000"
SURVEY,2002,JOHNSTON,SWEET POTATOES,"6,090"
SURVEY,2002,JOHNSTON,TOBACCO,"7,950"
SURVEY,2002,JOHNSTON,WHEAT,"7,100"
SURVEY,2002,JOHNSTON,WHEAT,"7,100"
SURVEY,2002,JONES,CORN,"6,300"
SURVEY,2002,JONES,CORN,"6,200"
SURVEY,2002,JONES,COTTON,"28,900"
SURVEY,2002,JONES,HAY,"1,500"
SURVEY,2002,JONES,SOYBEANS,"9,800"
SURVEY,2002,JONES,TOBACCO,"1,975"
SURVEY,2002,JONES,WHEAT,"5,000"
SURVEY,2002,JONES,WHEAT,"5,000"
SURVEY,2002,LENOIR,CORN,"17,200"
SURVEY,2002,LENOIR,CORN,"16,600"
SURVEY,2002,LENOIR,COTTON,"39,000"
SURVEY,2002,LENOIR,HAY,"2,800"
SURVEY,2002,LENOIR,SOYBEANS,"22,800"
SURVEY,2002,LENOIR,SWEET POTATOES,880
SURVEY,2002,LENOIR,TOBACCO,"5,585"
SURVEY,2002,LENOIR,WHEAT,"7,500"
SURVEY,2002,LENOIR,WHEAT,"7,500"
SURVEY,2002,OTHER (COMBINED) COUNTIES,OATS,660
SURVEY,2002,OTHER (COMBINED) COUNTIES,PEANUTS,55
SURVEY,2002,OTHER (COMBINED) COUNTIES,POTATOES,150
SURVEY,2002,OTHER (COMBINED) COUNTIES,SORGHUM,800
SURVEY,2002,OTHER (COMBINED) COUNTIES,SWEET POTATOES,30
SURVEY,2002,PAMLICO,CORN,"10,200"
SURVEY,2002,PAMLICO,CORN,"9,800"
SURVEY,2002,PAMLICO,COTTON,"4,600"
SURVEY,2002,PAMLICO,HAY,300
SURVEY,2002,PAMLICO,POTATOES,"2,400"
SURVEY,2002,PAMLICO,SOYBEANS,"22,500"
SURVEY,2002,PAMLICO,TOBACCO,325
SURVEY,2002,PAMLICO,WHEAT,"8,400"
SURVEY,2002,PAMLICO,WHEAT,"8,400"
SURVEY,2002,PITT,CORN,"15,100"
SURVEY,2002,PITT,CORN,"14,700"
SURVEY,2002,PITT,COTTON,"44,000"
SURVEY,2002,PITT,HAY,"3,500"
SURVEY,2002,PITT,OATS,600
SURVEY,2002,PITT,PEANUTS,"4,090"
SURVEY,2002,PITT,SOYBEANS,"44,000"
SURVEY,2002,PITT,SWEET POTATOES,300
SURVEY,2002,PITT,TOBACCO,"10,085"
SURVEY,2002,PITT,WHEAT,"10,000"
SURVEY,2002,PITT,WHEAT,"10,000"
SURVEY,2002,WAYNE,CORN,"26,700"
SURVEY,2002,WAYNE,CORN,"26,000"
SURVEY,2002,WAYNE,COTTON,"32,000"
SURVEY,2002,WAYNE,HAY,"7,600"
SURVEY,2002,WAYNE,OATS,600
SURVEY,2002,WAYNE,SOYBEANS,"54,500"
SURVEY,2002,WAYNE,SWEET POTATOES,880
SURVEY,2002,WAYNE,TOBACCO,"5,535"
SURVEY,2002,WAYNE,WHEAT,"19,000"
SURVEY,2002,WAYNE,WHEAT,"19,000"
SURVEY,2002,WILSON,CORN,"5,800"
SURVEY,2002,WILSON,CORN,"5,600"
SURVEY,2002,WILSON,COTTON,"31,400"
SURVEY,2002,WILSON,HAY,"1,500"
SURVEY,2002,WILSON,OATS,300
SURVEY,2002,WILSON,SOYBEANS,"31,000"
SURVEY,2002,WILSON,SWEET POTATOES,"2,690"
SURVEY,2002,WILSON,TOBACCO,"6,145"
SURVEY,2002,WILSON,WHEAT,"6,500"
SURVEY,2002,WILSON,WHEAT,"6,500"
SURVEY,2002,ALEXANDER,BARLEY,"1,100"
SURVEY,2002,ALEXANDER,CORN,"3,200"
SURVEY,2002,ALEXANDER,CORN,400
SURVEY,2002,ALEXANDER,HAY,"12,000"
SURVEY,2002,ALEXANDER,SOYBEANS,"1,100"
SURVEY,2002,ALEXANDER,TOBACCO,"828,000"
SURVEY,2002,ALEXANDER,WHEAT,600
SURVEY,2002,ALEXANDER,WHEAT,600
SURVEY,2002,CATAWBA,BARLEY,900
SURVEY,2002,CATAWBA,CORN,"2,600"
SURVEY,2002,CATAWBA,CORN,"1,600"
SURVEY,2002,CATAWBA,HAY,"13,700"
SURVEY,2002,CATAWBA,OATS,230
SURVEY,2002,CATAWBA,SOYBEANS,"5,900"
SURVEY,2002,CATAWBA,WHEAT,"4,200"
SURVEY,2002,CATAWBA,WHEAT,"4,200"
SURVEY,2002,CHATHAM,CORN,"2,500"
SURVEY,2002,CHATHAM,CORN,"1,100"
SURVEY,2002,CHATHAM,HAY,"18,500"
SURVEY,2002,CHATHAM,OATS,200
SURVEY,2002,CHATHAM,SOYBEANS,"1,400"
SURVEY,2002,CHATHAM,TOBACCO,"1,138,000"
SURVEY,2002,CHATHAM,WHEAT,"1,000"
SURVEY,2002,CHATHAM,WHEAT,"1,000"
SURVEY,2002,DAVIDSON,BARLEY,"1,100"
SURVEY,2002,DAVIDSON,CORN,"5,700"
SURVEY,2002,DAVIDSON,CORN,"3,200"
SURVEY,2002,DAVIDSON,COTTON,500
SURVEY,2002,DAVIDSON,HAY,"21,500"
SURVEY,2002,DAVIDSON,OATS,400
SURVEY,2002,DAVIDSON,SOYBEANS,"5,600"
SURVEY,2002,DAVIDSON,TOBACCO,"2,048,000"
SURVEY,2002,DAVIDSON,WHEAT,"1,800"
SURVEY,2002,DAVIDSON,WHEAT,"1,800"
SURVEY,2002,DAVIE,BARLEY,300
SURVEY,2002,DAVIE,CORN,"5,000"
SURVEY,2002,DAVIE,CORN,"3,500"
SURVEY,2002,DAVIE,HAY,"16,000"
SURVEY,2002,DAVIE,SOYBEANS,"5,200"
SURVEY,2002,DAVIE,TOBACCO,"670,000"
SURVEY,2002,DAVIE,WHEAT,"2,500"
SURVEY,2002,DAVIE,WHEAT,"2,500"
SURVEY,2002,IREDELL,BARLEY,"1,000"
SURVEY,2002,IREDELL,CORN,"15,500"
SURVEY,2002,IREDELL,CORN,"3,000"
SURVEY,2002,IREDELL,COTTON,"1,000"
SURVEY,2002,IREDELL,HAY,"31,000"
SURVEY,2002,IREDELL,SOYBEANS,"9,200"
SURVEY,2002,IREDELL,TOBACCO,"547,000"
SURVEY,2002,IREDELL,WHEAT,"5,100"
SURVEY,2002,IREDELL,WHEAT,"5,100"
SURVEY,2002,LEE,CORN,800
SURVEY,2002,LEE,CORN,700
SURVEY,2002,LEE,COTTON,"2,400"
SURVEY,2002,LEE,HAY,"2,300"
SURVEY,2002,LEE,OATS,200
SURVEY,2002,LEE,SOYBEANS,"4,400"
SURVEY,2002,LEE,TOBACCO,"1,390"
SURVEY,2002,LEE,WHEAT,"1,100"
SURVEY,2002,LEE,WHEAT,"1,100"
SURVEY,2002,OTHER (COMBINED) COUNTIES,BARLEY,150
SURVEY,2002,OTHER (COMBINED) COUNTIES,COTTON,200
SURVEY,2002,OTHER (COMBINED) COUNTIES,OATS,210
SURVEY,2002,OTHER (COMBINED) COUNTIES,SORGHUM,250
SURVEY,2002,OTHER (COMBINED) COUNTIES,SWEET POTATOES,50
SURVEY,2002,OTHER (COMBINED) COUNTIES,TOBACCO,"9,000"
SURVEY,2002,RANDOLPH,BARLEY,250
SURVEY,2002,RANDOLPH,CORN,"8,000"
SURVEY,2002,RANDOLPH,CORN,"4,300"
SURVEY,2002,RANDOLPH,HAY,"23,800"
SURVEY,2002,RANDOLPH,OATS,450
SURVEY,2002,RANDOLPH,SOYBEANS,"8,800"
SURVEY,2002,RANDOLPH,TOBACCO,"1,943,000"
SURVEY,2002,RANDOLPH,WHEAT,"3,700"
SURVEY,2002,RANDOLPH,WHEAT,"3,700"
SURVEY,2002,ROWAN,BARLEY,"2,100"
SURVEY,2002,ROWAN,CORN,"6,800"
SURVEY,2002,ROWAN,CORN,"4,100"
SURVEY,2002,ROWAN,COTTON,650
SURVEY,2002,ROWAN,HAY,"22,600"
SURVEY,2002,ROWAN,OATS,330
SURVEY,2002,ROWAN,SOYBEANS,"14,000"
SURVEY,2002,ROWAN,WHEAT,"7,300"
SURVEY,2002,ROWAN,WHEAT,"7,300"
SURVEY,2002,WAKE,CORN,900
SURVEY,2002,WAKE,CORN,800
SURVEY,2002,WAKE,COTTON,250
SURVEY,2002,WAKE,HAY,"5,600"
SURVEY,2002,WAKE,OATS,"1,080"
SURVEY,2002,WAKE,SOYBEANS,"9,400"
SURVEY,2002,WAKE,SWEET POTATOES,900
SURVEY,2002,WAKE,TOBACCO,"5,910"
SURVEY,2002,WAKE,WHEAT,"3,200"
SURVEY,2002,WAKE,WHEAT,"3,200"
SURVEY,2002,BERTIE,CORN,"18,000"
SURVEY,2002,BERTIE,CORN,"17,500"
SURVEY,2002,BERTIE,COTTON,"38,600"
SURVEY,2002,BERTIE,HAY,300
SURVEY,2002,BERTIE,PEANUTS,"13,810"
SURVEY,2002,BERTIE,SORGHUM,460
SURVEY,2002,BERTIE,SOYBEANS,"14,000"
SURVEY,2002,BERTIE,TOBACCO,"2,105"
SURVEY,2002,BERTIE,WHEAT,"1,400"
SURVEY,2002,BERTIE,WHEAT,"1,400"
SURVEY,2002,CAMDEN,CORN,"16,800"
SURVEY,2002,CAMDEN,CORN,"16,600"
SURVEY,2002,CAMDEN,COTTON,950
SURVEY,2002,CAMDEN,POTATOES,"4,100"
SURVEY,2002,CAMDEN,SOYBEANS,"28,700"
SURVEY,2002,CAMDEN,WHEAT,"9,500"
SURVEY,2002,CAMDEN,WHEAT,"9,500"
SURVEY,2002,CHOWAN,CORN,"3,500"
SURVEY,2002,CHOWAN,CORN,"3,400"
SURVEY,2002,CHOWAN,COTTON,"22,600"
SURVEY,2002,CHOWAN,HAY,550
SURVEY,2002,CHOWAN,PEANUTS,"5,110"
SURVEY,2002,CHOWAN,SORGHUM,900
SURVEY,2002,CHOWAN,SOYBEANS,"5,600"
SURVEY,2002,CHOWAN,SWEET POTATOES,260
SURVEY,2002,CHOWAN,TOBACCO,185
SURVEY,2002,CHOWAN,WHEAT,"1,100"
SURVEY,2002,CHOWAN,WHEAT,"1,100"
SURVEY,2002,CURRITUCK,CORN,"11,600"
SURVEY,2002,CURRITUCK,CORN,"11,400"
SURVEY,2002,CURRITUCK,HAY,300
SURVEY,2002,CURRITUCK,PEANUTS,85
SURVEY,2002,CURRITUCK,POTATOES,500
SURVEY,2002,CURRITUCK,SORGHUM,400
SURVEY,2002,CURRITUCK,SOYBEANS,"16,500"
SURVEY,2002,CURRITUCK,WHEAT,"8,200"
SURVEY,2002,CURRITUCK,WHEAT,"8,200"
SURVEY,2002,DARE,CORN,200
SURVEY,2002,DARE,CORN,200
SURVEY,2002,DARE,OATS,500
SURVEY,2002,DARE,SOYBEANS,"1,400"
SURVEY,2002,DARE,WHEAT,400
SURVEY,2002,DARE,WHEAT,400
SURVEY,2002,EDGECOMBE,CORN,"11,300"
SURVEY,2002,EDGECOMBE,CORN,"11,000"
SURVEY,2002,EDGECOMBE,COTTON,"54,700"
SURVEY,2002,EDGECOMBE,HAY,"3,600"
SURVEY,2002,EDGECOMBE,OATS,430
SURVEY,2002,EDGECOMBE,PEANUTS,"11,425"
SURVEY,2002,EDGECOMBE,SOYBEANS,"19,700"
SURVEY,2002,EDGECOMBE,SWEET POTATOES,"3,350"
SURVEY,2002,EDGECOMBE,TOBACCO,"4,440"
SURVEY,2002,EDGECOMBE,WHEAT,"3,000"
SURVEY,2002,EDGECOMBE,WHEAT,"3,000"
SURVEY,2002,GATES,CORN,"6,200"
SURVEY,2002,GATES,CORN,"6,100"
SURVEY,2002,GATES,COTTON,"17,000"
SURVEY,2002,GATES,HAY,"1,200"
SURVEY,2002,GATES,PEANUTS,"5,665"
SURVEY,2002,GATES,SORGHUM,"1,300"
SURVEY,2002,GATES,SOYBEANS,"10,000"
SURVEY,2002,GATES,WHEAT,"3,000"
SURVEY,2002,GATES,WHEAT,"3,000"
SURVEY,2002,HALIFAX,CORN,"4,700"
SURVEY,2002,HALIFAX,CORN,"4,200"
SURVEY,2002,HALIFAX,COTTON,"63,500"
SURVEY,2002,HALIFAX,HAY,"3,000"
SURVEY,2002,HALIFAX,PEANUTS,"14,810"
SURVEY,2002,HALIFAX,SOYBEANS,"13,200"
SURVEY,2002,HALIFAX,SWEET POTATOES,280
SURVEY,2002,HALIFAX,TOBACCO,"2,115"
SURVEY,2002,HALIFAX,WHEAT,"4,100"
SURVEY,2002,HALIFAX,WHEAT,"4,100"
SURVEY,2002,HERTFORD,CORN,"10,600"
SURVEY,2002,HERTFORD,CORN,"10,400"
SURVEY,2002,HERTFORD,COTTON,"18,000"
SURVEY,2002,HERTFORD,HAY,"1,800"
SURVEY,2002,HERTFORD,PEANUTS,"8,525"
SURVEY,2002,HERTFORD,SOYBEANS,"7,300"
SURVEY,2002,HERTFORD,TOBACCO,"1,220"
SURVEY,2002,HERTFORD,WHEAT,"1,000"
SURVEY,2002,HERTFORD,WHEAT,"1,000"
SURVEY,2002,MARTIN,CORN,"3,500"
SURVEY,2002,MARTIN,CORN,"3,400"
SURVEY,2002,MARTIN,COTTON,"43,000"
SURVEY,2002,MARTIN,HAY,"1,200"
SURVEY,2002,MARTIN,PEANUTS,"10,665"
SURVEY,2002,MARTIN,SOYBEANS,"8,300"
SURVEY,2002,MARTIN,TOBACCO,"3,315"
SURVEY,2002,MARTIN,WHEAT,"2,500"
SURVEY,2002,MARTIN,WHEAT,"2,500"
SURVEY,2002,NASH,CORN,"2,800"
SURVEY,2002,NASH,CORN,"2,600"
SURVEY,2002,NASH,COTTON,"22,300"
SURVEY,2002,NASH,HAY,"6,300"
SURVEY,2002,NASH,OATS,450
SURVEY,2002,NASH,PEANUTS,"2,685"
SURVEY,2002,NASH,SOYBEANS,"24,200"
SURVEY,2002,NASH,SWEET POTATOES,"6,150"
SURVEY,2002,NASH,TOBACCO,"6,310"
SURVEY,2002,NASH,WHEAT,"4,500"
SURVEY,2002,NASH,WHEAT,"4,500"
SURVEY,2002,NORTHAMPTON,CORN,"2,300"
SURVEY,2002,NORTHAMPTON,CORN,"1,900"
SURVEY,2002,NORTHAMPTON,COTTON,"62,700"
SURVEY,2002,NORTHAMPTON,HAY,"1,600"
SURVEY,2002,NORTHAMPTON,PEANUTS,"13,230"
SURVEY,2002,NORTHAMPTON,SOYBEANS,"7,400"
SURVEY,2002,NORTHAMPTON,TOBACCO,160
SURVEY,2002,NORTHAMPTON,WHEAT,"1,800"
SURVEY,2002,NORTHAMPTON,WHEAT,"1,800"
SURVEY,2002,OTHER (COMBINED) COUNTIES,COTTON,150
SURVEY,2002,OTHER (COMBINED) COUNTIES,HAY,250
SURVEY,2002,OTHER (COMBINED) COUNTIES,OATS,670
SURVEY,2002,OTHER (COMBINED) COUNTIES,POTATOES,200
SURVEY,2002,OTHER (COMBINED) COUNTIES,SORGHUM,440
SURVEY,2002,OTHER (COMBINED) COUNTIES,SWEET POTATOES,110
SURVEY,2002,OTHER (COMBINED) COUNTIES,TOBACCO,75
SURVEY,2002,PASQUOTANK,CORN,"22,500"
SURVEY,2002,PASQUOTANK,CORN,"22,000"
SURVEY,2002,PASQUOTANK,COTTON,"3,800"
SURVEY,2002,PASQUOTANK,PEANUTS,220
SURVEY,2002,PASQUOTANK,POTATOES,"4,800"
SURVEY,2002,PASQUOTANK,SORGHUM,"3,600"
SURVEY,2002,PASQUOTANK,SOYBEANS,"45,700"
SURVEY,2002,PASQUOTANK,WHEAT,"18,000"
SURVEY,2002,PASQUOTANK,WHEAT,"18,000"
SURVEY,2002,PERQUIMANS,CORN,"14,200"
SURVEY,2002,PERQUIMANS,CORN,"13,100"
SURVEY,2002,PERQUIMANS,COTTON,"22,200"
SURVEY,2002,PERQUIMANS,HAY,400
SURVEY,2002,PERQUIMANS,OATS,250
SURVEY,2002,PERQUIMANS,PEANUTS,"2,755"
SURVEY,2002,PERQUIMANS,SORGHUM,900
SURVEY,2002,PERQUIMANS,SOYBEANS,"28,800"
SURVEY,2002,PERQUIMANS,WHEAT,"10,000"
SURVEY,2002,PERQUIMANS,WHEAT,"10,000"
SURVEY,2002,TYRRELL,CORN,"26,000"
SURVEY,2002,TYRRELL,CORN,"25,700"
SURVEY,2002,TYRRELL,COTTON,"3,900"
SURVEY,2002,TYRRELL,HAY,200
SURVEY,2002,TYRRELL,OATS,300
SURVEY,2002,TYRRELL,PEANUTS,40
SURVEY,2002,TYRRELL,POTATOES,"2,500"
SURVEY,2002,TYRRELL,SORGHUM,300
SURVEY,2002,TYRRELL,SOYBEANS,"34,800"
SURVEY,2002,TYRRELL,WHEAT,"15,000"
SURVEY,2002,TYRRELL,WHEAT,"15,000"
SURVEY,2002,WASHINGTON,CORN,"25,800"
SURVEY,2002,WASHINGTON,CORN,"25,500"
SURVEY,2002,WASHINGTON,COTTON,"16,800"
SURVEY,2002,WASHINGTON,HAY,"1,300"
SURVEY,2002,WASHINGTON,PEANUTS,"2,175"
SURVEY,2002,WASHINGTON,POTATOES,"2,000"
SURVEY,2002,WASHINGTON,SOYBEANS,"29,400"
SURVEY,2002,WASHINGTON,TOBACCO,290
SURVEY,2002,WASHINGTON,WHEAT,"14,500"
SURVEY,2002,WASHINGTON,WHEAT,"14,500"
SURVEY,2002,ALLEGHANY,HAY,"12,000"
SURVEY,2002,ALLEGHANY,TOBACCO,235
SURVEY,2002,ASHE,CORN,150
SURVEY,2002,ASHE,HAY,"10,500"
SURVEY,2002,ASHE,TOBACCO,605
SURVEY,2002,AVERY,HAY,"1,200"
SURVEY,2002,AVERY,TOBACCO,86
SURVEY,2002,CALDWELL,CORN,"1,000"
SURVEY,2002,CALDWELL,CORN,650
SURVEY,2002,CALDWELL,HAY,"5,700"
SURVEY,2002,CALDWELL,SOYBEANS,450
SURVEY,2002,CALDWELL,TOBACCO,"270,000"
SURVEY,2002,CALDWELL,WHEAT,300
SURVEY,2002,CALDWELL,WHEAT,300
SURVEY,2002,OTHER (COMBINED) COUNTIES,BARLEY,200
SURVEY,2002,OTHER (COMBINED) COUNTIES,CORN,"2,950"
SURVEY,2002,OTHER (COMBINED) COUNTIES,CORN,50
SURVEY,2002,OTHER (COMBINED) COUNTIES,OATS,30
SURVEY,2002,OTHER (COMBINED) COUNTIES,WHEAT,100
SURVEY,2002,OTHER (COMBINED) COUNTIES,WHEAT,100
SURVEY,2002,SURRY,BARLEY,"1,400"
SURVEY,2002,SURRY,CORN,"6,000"
SURVEY,2002,SURRY,CORN,"4,600"
SURVEY,2002,SURRY,HAY,"22,000"
SURVEY,2002,SURRY,SOYBEANS,"7,600"
SURVEY,2002,SURRY,TOBACCO,"8,625,000"
SURVEY,2002,SURRY,WHEAT,"1,600"
SURVEY,2002,SURRY,WHEAT,"1,600"
SURVEY,2002,WATAUGA,HAY,"6,300"
SURVEY,2002,WATAUGA,TOBACCO,440
SURVEY,2002,WILKES,CORN,"7,400"
SURVEY,2002,WILKES,CORN,"1,200"
SURVEY,2002,WILKES,HAY,"24,300"
SURVEY,2002,WILKES,SOYBEANS,250
SURVEY,2002,WILKES,TOBACCO,"749,000"
SURVEY,2002,YADKIN,BARLEY,900
SURVEY,2002,YADKIN,CORN,"13,500"
SURVEY,2002,YADKIN,CORN,"8,000"
SURVEY,2002,YADKIN,HAY,"21,000"
SURVEY,2002,YADKIN,OATS,300
SURVEY,2002,YADKIN,SOYBEANS,"12,700"
SURVEY,2002,YADKIN,TOBACCO,"5,836,000"
SURVEY,2002,YADKIN,WHEAT,"3,500"
SURVEY,2002,YADKIN,WHEAT,"3,500"
SURVEY,2002,ALAMANCE,CORN,"4,100"
SURVEY,2002,ALAMANCE,CORN,"1,500"
SURVEY,2002,ALAMANCE,HAY,"14,300"
SURVEY,2002,ALAMANCE,OATS,260
SURVEY,2002,ALAMANCE,SOYBEANS,"2,400"
SURVEY,2002,ALAMANCE,TOBACCO,"3,480,000"
SURVEY,2002,ALAMANCE,WHEAT,"2,900"
SURVEY,2002,ALAMANCE,WHEAT,"2,900"
SURVEY,2002,CASWELL,CORN,"1,050"
SURVEY,2002,CASWELL,CORN,550
SURVEY,2002,CASWELL,HAY,"10,800"
SURVEY,2002,CASWELL,SOYBEANS,900
SURVEY,2002,CASWELL,TOBACCO,"6,097,000"
SURVEY,2002,CASWELL,WHEAT,"1,000"
SURVEY,2002,CASWELL,WHEAT,"1,000"
SURVEY,2002,DURHAM,HAY,"2,900"
SURVEY,2002,DURHAM,SOYBEANS,300
SURVEY,2002,DURHAM,TOBACCO,"1,677,000"
SURVEY,2002,DURHAM,WHEAT,500
SURVEY,2002,DURHAM,WHEAT,500
SURVEY,2002,FORSYTH,CORN,"1,750"
SURVEY,2002,FORSYTH,CORN,"1,400"
SURVEY,2002,FORSYTH,HAY,"9,700"
SURVEY,2002,FORSYTH,SOYBEANS,"2,900"
SURVEY,2002,FORSYTH,TOBACCO,"3,159,000"
SURVEY,2002,FORSYTH,WHEAT,900
SURVEY,2002,FORSYTH,WHEAT,900
SURVEY,2002,FRANKLIN,CORN,"1,200"
SURVEY,2002,FRANKLIN,CORN,950
SURVEY,2002,FRANKLIN,COTTON,300
SURVEY,2002,FRANKLIN,HAY,"11,100"
SURVEY,2002,FRANKLIN,OATS,960
SURVEY,2002,FRANKLIN,SOYBEANS,"13,900"
SURVEY,2002,FRANKLIN,TOBACCO,"7,405,000"
SURVEY,2002,FRANKLIN,WHEAT,"4,900"
SURVEY,2002,FRANKLIN,WHEAT,"4,900"
SURVEY,2002,GRANVILLE,CORN,"2,000"
SURVEY,2002,GRANVILLE,CORN,800
SURVEY,2002,GRANVILLE,HAY,"10,000"
SURVEY,2002,GRANVILLE,OATS,210
SURVEY,2002,GRANVILLE,SOYBEANS,"2,600"
SURVEY,2002,GRANVILLE,TOBACCO,"8,581,000"
SURVEY,2002,GRANVILLE,WHEAT,"2,700"
SURVEY,2002,GRANVILLE,WHEAT,"2,700"
SURVEY,2002,GUILFORD,BARLEY,470
SURVEY,2002,GUILFORD,CORN,"6,300"
SURVEY,2002,GUILFORD,CORN,"2,700"
SURVEY,2002,GUILFORD,HAY,"15,700"
SURVEY,2002,GUILFORD,OATS,480
SURVEY,2002,GUILFORD,SORGHUM,300
SURVEY,2002,GUILFORD,SOYBEANS,"6,300"
SURVEY,2002,GUILFORD,TOBACCO,"7,036,000"
SURVEY,2002,GUILFORD,WHEAT,"6,500"
SURVEY,2002,GUILFORD,WHEAT,"6,500"
SURVEY,2002,ORANGE,BARLEY,300
SURVEY,2002,ORANGE,CORN,"3,000"
SURVEY,2002,ORANGE,CORN,700
SURVEY,2002,ORANGE,HAY,"13,700"
SURVEY,2002,ORANGE,SOYBEANS,"2,000"
SURVEY,2002,ORANGE,TOBACCO,"2,167,000"
SURVEY,2002,ORANGE,WHEAT,"1,400"
SURVEY,2002,ORANGE,WHEAT,"1,400"
SURVEY,2002,OTHER (COMBINED) COUNTIES,BARLEY,730
SURVEY,2002,OTHER (COMBINED) COUNTIES,CORN,550
SURVEY,2002,OTHER (COMBINED) COUNTIES,CORN,250
SURVEY,2002,OTHER (COMBINED) COUNTIES,OATS,670
SURVEY,2002,OTHER (COMBINED) COUNTIES,SORGHUM,600
SURVEY,2002,PERSON,CORN,"2,250"
SURVEY,2002,PERSON,CORN,"1,800"
SURVEY,2002,PERSON,HAY,"8,800"
SURVEY,2002,PERSON,SOYBEANS,"6,000"
SURVEY,2002,PERSON,TOBACCO,"7,673,000"
SURVEY,2002,PERSON,WHEAT,"5,300"
SURVEY,2002,PERSON,WHEAT,"5,300"
SURVEY,2002,ROCKINGHAM,CORN,"2,700"
SURVEY,2002,ROCKINGHAM,CORN,"1,400"
SURVEY,2002,ROCKINGHAM,HAY,"14,000"
SURVEY,2002,ROCKINGHAM,OATS,340
SURVEY,2002,ROCKINGHAM,SOYBEANS,"2,600"
SURVEY,2002,ROCKINGHAM,TOBACCO,"9,845,000"
SURVEY,2002,ROCKINGHAM,WHEAT,"3,700"
SURVEY,2002,ROCKINGHAM,WHEAT,"3,700"
SURVEY,2002,STOKES,CORN,"1,100"
SURVEY,2002,STOKES,CORN,850
SURVEY,2002,STOKES,HAY,"13,300"
SURVEY,2002,STOKES,SOYBEANS,"1,100"
SURVEY,2002,STOKES,TOBACCO,"7,563,000"
SURVEY,2002,STOKES,WHEAT,500
SURVEY,2002,STOKES,WHEAT,500
SURVEY,2002,VANCE,HAY,"3,400"
SURVEY,2002,VANCE,SOYBEANS,"4,600"
SURVEY,2002,VANCE,TOBACCO,"5,198,000"
SURVEY,2002,VANCE,WHEAT,"2,700"
SURVEY,2002,VANCE,WHEAT,"2,700"
SURVEY,2002,WARREN,CORN,"1,000"
SURVEY,2002,WARREN,CORN,300
SURVEY,2002,WARREN,COTTON,400
SURVEY,2002,WARREN,HAY,"6,300"
SURVEY,2002,WARREN,OATS,580
SURVEY,2002,WARREN,SOYBEANS,"3,400"
SURVEY,2002,WARREN,TOBACCO,"3,131,000"
SURVEY,2002,WARREN,WHEAT,"2,000"
SURVEY,2002,WARREN,WHEAT,"2,000"
SURVEY,2002,BLADEN,CORN,"24,900"
SURVEY,2002,BLADEN,CORN,"24,200"
SURVEY,2002,BLADEN,COTTON,"10,300"
SURVEY,2002,BLADEN,HAY,"7,000"
SURVEY,2002,BLADEN,OATS,460
SURVEY,2002,BLADEN,PEANUTS,"3,120"
SURVEY,2002,BLADEN,SOYBEANS,"22,900"
SURVEY,2002,BLADEN,SWEET POTATOES,280
SURVEY,2002,BLADEN,TOBACCO,"2,455"
SURVEY,2002,BLADEN,WHEAT,"2,900"
SURVEY,2002,BLADEN,WHEAT,"2,900"
SURVEY,2002,BRUNSWICK,CORN,"5,100"
SURVEY,2002,BRUNSWICK,CORN,"4,900"
SURVEY,2002,BRUNSWICK,HAY,"2,100"
SURVEY,2002,BRUNSWICK,SOYBEANS,"9,700"
SURVEY,2002,BRUNSWICK,TOBACCO,"1,130"
SURVEY,2002,BRUNSWICK,WHEAT,400
SURVEY,2002,BRUNSWICK,WHEAT,400
SURVEY,2002,COLUMBUS,CORN,"32,500"
SURVEY,2002,COLUMBUS,CORN,"31,700"
SURVEY,2002,COLUMBUS,COTTON,"6,800"
SURVEY,2002,COLUMBUS,HAY,"5,600"
SURVEY,2002,COLUMBUS,OATS,"1,090"
SURVEY,2002,COLUMBUS,PEANUTS,800
SURVEY,2002,COLUMBUS,SOYBEANS,"49,800"
SURVEY,2002,COLUMBUS,SWEET POTATOES,"4,430"
SURVEY,2002,COLUMBUS,TOBACCO,"6,790"
SURVEY,2002,COLUMBUS,WHEAT,"6,500"
SURVEY,2002,COLUMBUS,WHEAT,"6,500"
SURVEY,2002,CUMBERLAND,CORN,"9,400"
SURVEY,2002,CUMBERLAND,CORN,"8,800"
SURVEY,2002,CUMBERLAND,COTTON,"11,300"
SURVEY,2002,CUMBERLAND,HAY,"4,500"
SURVEY,2002,CUMBERLAND,OATS,780
SURVEY,2002,CUMBERLAND,PEANUTS,130
SURVEY,2002,CUMBERLAND,SOYBEANS,"20,900"
SURVEY,2002,CUMBERLAND,SWEET POTATOES,"1,750"
SURVEY,2002,CUMBERLAND,TOBACCO,"1,620"
SURVEY,2002,CUMBERLAND,WHEAT,"3,500"
SURVEY,2002,CUMBERLAND,WHEAT,"3,500"
SURVEY,2002,DUPLIN,CORN,"38,000"
SURVEY,2002,DUPLIN,CORN,"36,500"
SURVEY,2002,DUPLIN,COTTON,"23,800"
SURVEY,2002,DUPLIN,HAY,"22,600"
SURVEY,2002,DUPLIN,OATS,760
SURVEY,2002,DUPLIN,SOYBEANS,"47,800"
SURVEY,2002,DUPLIN,SWEET POTATOES,980
SURVEY,2002,DUPLIN,TOBACCO,"5,600"
SURVEY,2002,DUPLIN,WHEAT,"17,000"
SURVEY,2002,DUPLIN,WHEAT,"17,000"
SURVEY,2002,HARNETT,BARLEY,500
SURVEY,2002,HARNETT,CORN,"4,600"
SURVEY,2002,HARNETT,CORN,"3,700"
SURVEY,2002,HARNETT,COTTON,"16,100"
SURVEY,2002,HARNETT,HAY,"5,400"
SURVEY,2002,HARNETT,OATS,990
SURVEY,2002,HARNETT,SOYBEANS,"21,500"
SURVEY,2002,HARNETT,SWEET POTATOES,880
SURVEY,2002,HARNETT,TOBACCO,"5,010"
SURVEY,2002,HARNETT,WHEAT,"3,200"
SURVEY,2002,HARNETT,WHEAT,"3,200"
SURVEY,2002,HOKE,CORN,"2,200"
SURVEY,2002,HOKE,CORN,"1,900"
SURVEY,2002,HOKE,COTTON,"18,900"
SURVEY,2002,HOKE,HAY,"2,700"
SURVEY,2002,HOKE,OATS,250
SURVEY,2002,HOKE,SOYBEANS,"10,000"
SURVEY,2002,HOKE,TOBACCO,840
SURVEY,2002,HOKE,WHEAT,"2,800"
SURVEY,2002,HOKE,WHEAT,"2,800"
SURVEY,2002,NEW HANOVER,CORN,500
SURVEY,2002,NEW HANOVER,CORN,500
SURVEY,2002,NEW HANOVER,SOYBEANS,600
SURVEY,2002,ONSLOW,CORN,"10,700"
SURVEY,2002,ONSLOW,CORN,"10,400"
SURVEY,2002,ONSLOW,COTTON,"9,900"
SURVEY,2002,ONSLOW,HAY,"2,800"
SURVEY,2002,ONSLOW,SOYBEANS,"9,200"
SURVEY,2002,ONSLOW,TOBACCO,"2,105"
SURVEY,2002,ONSLOW,WHEAT,"2,400"
SURVEY,2002,ONSLOW,WHEAT,"2,400"
SURVEY,2002,OTHER (COMBINED) COUNTIES,BARLEY,500
SURVEY,2002,OTHER (COMBINED) COUNTIES,COTTON,100
SURVEY,2002,OTHER (COMBINED) COUNTIES,OATS,150
SURVEY,2002,OTHER (COMBINED) COUNTIES,SORGHUM,800
SURVEY,2002,OTHER (COMBINED) COUNTIES,SWEET POTATOES,180
SURVEY,2002,OTHER (COMBINED) COUNTIES,TOBACCO,45
SURVEY,2002,PENDER,CORN,"11,300"
SURVEY,2002,PENDER,CORN,"10,900"
SURVEY,2002,PENDER,COTTON,"7,600"
SURVEY,2002,PENDER,HAY,"2,000"
SURVEY,2002,PENDER,SOYBEANS,"15,600"
SURVEY,2002,PENDER,TOBACCO,"1,140"
SURVEY,2002,PENDER,WHEAT,"2,900"
SURVEY,2002,PENDER,WHEAT,"2,900"
SURVEY,2002,ROBESON,CORN,"43,800"
SURVEY,2002,ROBESON,CORN,"42,400"
SURVEY,2002,ROBESON,COTTON,"33,000"
SURVEY,2002,ROBESON,HAY,"10,600"
SURVEY,2002,ROBESON,OATS,"1,000"
SURVEY,2002,ROBESON,PEANUTS,100
SURVEY,2002,ROBESON,SOYBEANS,"98,000"
SURVEY,2002,ROBESON,TOBACCO,"7,810"
SURVEY,2002,ROBESON,WHEAT,"32,000"
SURVEY,2002,ROBESON,WHEAT,"32,000"
SURVEY,2002,SAMPSON,CORN,"27,900"
SURVEY,2002,SAMPSON,CORN,"25,000"
SURVEY,2002,SAMPSON,COTTON,"50,500"
SURVEY,2002,SAMPSON,HAY,"21,700"
SURVEY,2002,SAMPSON,OATS,700
SURVEY,2002,SAMPSON,PEANUTS,265
SURVEY,2002,SAMPSON,SOYBEANS,"57,000"
SURVEY,2002,SAMPSON,SWEET POTATOES,"4,550"
SURVEY,2002,SAMPSON,TOBACCO,"5,450"
SURVEY,2002,SAMPSON,WHEAT,"16,000"
SURVEY,2002,SAMPSON,WHEAT,"16,000"
SURVEY,2002,SCOTLAND,CORN,"1,100"
SURVEY,2002,SCOTLAND,CORN,"1,100"
SURVEY,2002,SCOTLAND,COTTON,"14,700"
SURVEY,2002,SCOTLAND,HAY,"3,000"
SURVEY,2002,SCOTLAND,OATS,220
SURVEY,2002,SCOTLAND,SOYBEANS,"8,000"
SURVEY,2002,SCOTLAND,TOBACCO,355
SURVEY,2002,SCOTLAND,WHEAT,"2,400"
SURVEY,2002,SCOTLAND,WHEAT,"2,400"
SURVEY,2002,ANSON,CORN,"6,700"
SURVEY,2002,ANSON,CORN,"6,300"
SURVEY,2002,ANSON,COTTON,"3,900"
SURVEY,2002,ANSON,HAY,"6,700"
SURVEY,2002,ANSON,OATS,260
SURVEY,2002,ANSON,SOYBEANS,"8,800"
SURVEY,2002,ANSON,WHEAT,"1,600"
SURVEY,2002,ANSON,WHEAT,"1,600"
SURVEY,2002,CABARRUS,BARLEY,450
SURVEY,2002,CABARRUS,CORN,"3,900"
SURVEY,2002,CABARRUS,CORN,"3,000"
SURVEY,2002,CABARRUS,COTTON,250
SURVEY,2002,CABARRUS,HAY,"14,300"
SURVEY,2002,CABARRUS,OATS,640
SURVEY,2002,CABARRUS,SOYBEANS,"5,500"
SURVEY,2002,CABARRUS,WHEAT,"2,500"
SURVEY,2002,CABARRUS,WHEAT,"2,500"
SURVEY,2002,CLEVELAND,BARLEY,550
SURVEY,2002,CLEVELAND,CORN,"2,100"
SURVEY,2002,CLEVELAND,CORN,300
SURVEY,2002,CLEVELAND,COTTON,"2,900"
SURVEY,2002,CLEVELAND,HAY,"18,000"
SURVEY,2002,CLEVELAND,OATS,590
SURVEY,2002,CLEVELAND,SOYBEANS,"6,200"
SURVEY,2002,CLEVELAND,WHEAT,"4,400"
SURVEY,2002,CLEVELAND,WHEAT,"4,400"
SURVEY,2002,GASTON,BARLEY,400
SURVEY,2002,GASTON,HAY,"9,900"
SURVEY,2002,GASTON,SOYBEANS,400
SURVEY,2002,GASTON,WHEAT,400
SURVEY,2002,GASTON,WHEAT,400
SURVEY,2002,LINCOLN,BARLEY,800
SURVEY,2002,LINCOLN,CORN,"3,000"
SURVEY,2002,LINCOLN,CORN,800
SURVEY,2002,LINCOLN,HAY,"11,000"
SURVEY,2002,LINCOLN,SOYBEANS,"4,400"
SURVEY,2002,LINCOLN,WHEAT,"2,500"
SURVEY,2002,LINCOLN,WHEAT,"2,500"
SURVEY,2002,MECKLENBURG,CORN,650
SURVEY,2002,MECKLENBURG,CORN,200
SURVEY,2002,MECKLENBURG,HAY,"4,500"
SURVEY,2002,MECKLENBURG,SOYBEANS,"1,200"
SURVEY,2002,MECKLENBURG,WHEAT,"2,000"
SURVEY,2002,MECKLENBURG,WHEAT,"2,000"
SURVEY,2002,MONTGOMERY,COTTON,"1,200"
SURVEY,2002,MONTGOMERY,HAY,"6,000"
SURVEY,2002,MONTGOMERY,SOYBEANS,400
SURVEY,2002,MONTGOMERY,TOBACCO,255
SURVEY,2002,MONTGOMERY,WHEAT,200
SURVEY,2002,MONTGOMERY,WHEAT,200
SURVEY,2002,MOORE,CORN,900
SURVEY,2002,MOORE,CORN,850
SURVEY,2002,MOORE,COTTON,250
SURVEY,2002,MOORE,HAY,"7,000"
SURVEY,2002,MOORE,SOYBEANS,"4,700"
SURVEY,2002,MOORE,TOBACCO,"1,465"
SURVEY,2002,MOORE,WHEAT,900
SURVEY,2002,MOORE,WHEAT,900
SURVEY,2002,OTHER (COMBINED) COUNTIES,BARLEY,200
SURVEY,2002,OTHER (COMBINED) COUNTIES,CORN,"2,850"
SURVEY,2002,OTHER (COMBINED) COUNTIES,CORN,"1,100"
SURVEY,2002,OTHER (COMBINED) COUNTIES,OATS,610
SURVEY,2002,OTHER (COMBINED) COUNTIES,SORGHUM,400
SURVEY,2002,OTHER (COMBINED) COUNTIES,SWEET POTATOES,250
SURVEY,2002,OTHER (COMBINED) COUNTIES,TOBACCO,75
SURVEY,2002,RICHMOND,CORN,900
SURVEY,2002,RICHMOND,CORN,550
SURVEY,2002,RICHMOND,COTTON,"3,100"
SURVEY,2002,RICHMOND,HAY,"4,500"
SURVEY,2002,RICHMOND,SOYBEANS,"1,100"
SURVEY,2002,RICHMOND,TOBACCO,440
SURVEY,2002,RICHMOND,WHEAT,900
SURVEY,2002,RICHMOND,WHEAT,900
SURVEY,2002,STANLY,BARLEY,750
SURVEY,2002,STANLY,CORN,"12,000"
SURVEY,2002,STANLY,CORN,"9,900"
SURVEY,2002,STANLY,COTTON,"9,200"
SURVEY,2002,STANLY,HAY,"12,900"
SURVEY,2002,STANLY,OATS,750
SURVEY,2002,STANLY,SOYBEANS,"15,800"
SURVEY,2002,STANLY,WHEAT,"7,600"
SURVEY,2002,STANLY,WHEAT,"7,600"
SURVEY,2002,UNION,BARLEY,550
SURVEY,2002,UNION,CORN,"27,000"
SURVEY,2002,UNION,CORN,"25,000"
SURVEY,2002,UNION,COTTON,"7,000"
SURVEY,2002,UNION,HAY,"15,200"
SURVEY,2002,UNION,OATS,850
SURVEY,2002,UNION,SOYBEANS,"49,500"
SURVEY,2002,UNION,WHEAT,"35,000"
SURVEY,2002,UNION,WHEAT,"35,000"
SURVEY,2002,BUNCOMBE,HAY,"13,800"
SURVEY,2002,BUNCOMBE,TOBACCO,920
SURVEY,2002,BURKE,CORN,900
SURVEY,2002,BURKE,CORN,800
SURVEY,2002,BURKE,HAY,"6,400"
SURVEY,2002,BURKE,SOYBEANS,600
SURVEY,2002,BURKE,WHEAT,250
SURVEY,2002,BURKE,WHEAT,250
SURVEY,2002,CHEROKEE,CORN,800
SURVEY,2002,CHEROKEE,CORN,600
SURVEY,2002,CHEROKEE,HAY,"4,000"
SURVEY,2002,CHEROKEE,TOBACCO,63
SURVEY,2002,CLAY,HAY,"2,700"
SURVEY,2002,CLAY,TOBACCO,63
SURVEY,2002,GRAHAM,HAY,"1,000"
SURVEY,2002,GRAHAM,TOBACCO,75
SURVEY,2002,HAYWOOD,HAY,"8,500"
SURVEY,2002,HAYWOOD,TOBACCO,615
SURVEY,2002,HENDERSON,CORN,"4,700"
SURVEY,2002,HENDERSON,CORN,"1,900"
SURVEY,2002,HENDERSON,HAY,"6,300"
SURVEY,2002,JACKSON,HAY,"1,200"
SURVEY,2002,JACKSON,TOBACCO,24
SURVEY,2002,MACON,HAY,"4,700"
SURVEY,2002,MACON,TOBACCO,45
SURVEY,2002,MADISON,HAY,"7,000"
SURVEY,2002,MADISON,TOBACCO,"1,813"
SURVEY,2002,MCDOWELL,HAY,"3,900"
SURVEY,2002,MITCHELL,HAY,"3,300"
SURVEY,2002,MITCHELL,TOBACCO,370
SURVEY,2002,OTHER (COMBINED) COUNTIES,BARLEY,400
SURVEY,2002,OTHER (COMBINED) COUNTIES,CORN,"6,700"
SURVEY,2002,OTHER (COMBINED) COUNTIES,CORN,"1,550"
SURVEY,2002,OTHER (COMBINED) COUNTIES,SOYBEANS,800
SURVEY,2002,OTHER (COMBINED) COUNTIES,TOBACCO,26
SURVEY,2002,OTHER (COMBINED) COUNTIES,WHEAT,250
SURVEY,2002,OTHER (COMBINED) COUNTIES,WHEAT,250
SURVEY,2002,POLK,HAY,"4,500"
SURVEY,2002,RUTHERFORD,COTTON,300
SURVEY,2002,RUTHERFORD,HAY,"15,500"
SURVEY,2002,RUTHERFORD,SOYBEANS,600
SURVEY,2002,RUTHERFORD,WHEAT,500
SURVEY,2002,RUTHERFORD,WHEAT,500
SURVEY,2002,SWAIN,HAY,"1,200"
SURVEY,2002,SWAIN,TOBACCO,20
SURVEY,2002,TRANSYLVANIA,CORN,900
SURVEY,2002,TRANSYLVANIA,CORN,750
SURVEY,2002,TRANSYLVANIA,HAY,"3,300"
SURVEY,2002,TRANSYLVANIA,TOBACCO,20
SURVEY,2002,YANCEY,HAY,"3,700"
SURVEY,2002,YANCEY,TOBACCO,880
SURVEY,2001,LENOIR,CHICKENS,"155,000"
SURVEY,2001,OTHER (COMBINED) COUNTIES,CHICKENS,"166,000"
SURVEY,2001,WAYNE,CHICKENS,"400,000"
SURVEY,2001,ALEXANDER,CHICKENS,"1,800,000"
SURVEY,2001,CHATHAM,CHICKENS,"700,000"
SURVEY,2001,DAVIE,CHICKENS,"240,000"
SURVEY,2001,IREDELL,CHICKENS,"1,800,000"
SURVEY,2001,OTHER (COMBINED) COUNTIES,CHICKENS,"160,000"
SURVEY,2001,RANDOLPH,CHICKENS,"1,300,000"
SURVEY,2001,EDGECOMBE,CHICKENS,"112,500"
SURVEY,2001,NASH,CHICKENS,"2,160,000"
SURVEY,2001,OTHER (COMBINED) COUNTIES,CHICKENS,"127,500"
SURVEY,2001,OTHER (COMBINED) COUNTIES,CHICKENS,"42,000"
SURVEY,2001,SURRY,CHICKENS,"450,000"
SURVEY,2001,WILKES,CHICKENS,"1,200,000"
SURVEY,2001,YADKIN,CHICKENS,"1,008,000"
SURVEY,2001,ALAMANCE,CHICKENS,"430,000"
SURVEY,2001,FRANKLIN,CHICKENS,"464,000"
SURVEY,2001,GUILFORD,CHICKENS,"130,000"
SURVEY,2001,OTHER (COMBINED) COUNTIES,CHICKENS,"430,000"
SURVEY,2001,WARREN,CHICKENS,"146,000"
SURVEY,2001,DUPLIN,CHICKENS,"485,000"
SURVEY,2001,OTHER (COMBINED) COUNTIES,CHICKENS,"195,000"
SURVEY,2001,SAMPSON,CHICKENS,"520,000"
SURVEY,2001,ANSON,CHICKENS,"240,000"
SURVEY,2001,CABARRUS,CHICKENS,"120,000"
SURVEY,2001,CLEVELAND,CHICKENS,"150,000"
SURVEY,2001,MOORE,CHICKENS,"234,000"
SURVEY,2001,OTHER (COMBINED) COUNTIES,CHICKENS,"56,000"
SURVEY,2001,STANLY,CHICKENS,"500,000"
SURVEY,2001,UNION,CHICKENS,"1,400,000"
SURVEY,2001,BURKE,CHICKENS,"90,000"
SURVEY,2001,MCDOWELL,CHICKENS,"90,000"
SURVEY,2001,OTHER (COMBINED) COUNTIES,CHICKENS,"620,000"
SURVEY,2001,BEAUFORT,CATTLE,900
SURVEY,2001,CRAVEN,CATTLE,"1,100"
SURVEY,2001,GREENE,CATTLE,"1,300"
SURVEY,2001,JOHNSTON,CATTLE,"6,500"
SURVEY,2001,JONES,CATTLE,600
SURVEY,2001,LENOIR,CATTLE,"1,800"
SURVEY,2001,OTHER (COMBINED) COUNTIES,CATTLE,400
SURVEY,2001,OTHER (COMBINED) COUNTIES,CATTLE,500
SURVEY,2001,PITT,CATTLE,"2,300"
SURVEY,2001,WAYNE,CATTLE,"5,000"
SURVEY,2001,WILSON,CATTLE,"1,100"
SURVEY,2001,ALEXANDER,CATTLE,"9,200"
SURVEY,2001,ALEXANDER,CATTLE,"3,000"
SURVEY,2001,CATAWBA,CATTLE,"9,000"
SURVEY,2001,CATAWBA,CATTLE,"1,000"
SURVEY,2001,CHATHAM,CATTLE,"17,100"
SURVEY,2001,CHATHAM,CATTLE,"1,400"
SURVEY,2001,DAVIDSON,CATTLE,"8,000"
SURVEY,2001,DAVIDSON,CATTLE,"2,200"
SURVEY,2001,DAVIE,CATTLE,"9,300"
SURVEY,2001,DAVIE,CATTLE,"1,400"
SURVEY,2001,IREDELL,CATTLE,"16,200"
SURVEY,2001,IREDELL,CATTLE,"11,500"
SURVEY,2001,LEE,CATTLE,"1,800"
SURVEY,2001,OTHER (COMBINED) COUNTIES,CATTLE,500
SURVEY,2001,RANDOLPH,CATTLE,"17,900"
SURVEY,2001,RANDOLPH,CATTLE,"4,100"
SURVEY,2001,ROWAN,CATTLE,"10,600"
SURVEY,2001,ROWAN,CATTLE,"3,200"
SURVEY,2001,WAKE,CATTLE,"3,900"
SURVEY,2001,BERTIE,CATTLE,700
SURVEY,2001,CHOWAN,CATTLE,500
SURVEY,2001,EDGECOMBE,CATTLE,"1,500"
SURVEY,2001,GATES,CATTLE,700
SURVEY,2001,HALIFAX,CATTLE,"4,000"
SURVEY,2001,HERTFORD,CATTLE,300
SURVEY,2001,MARTIN,CATTLE,"1,600"
SURVEY,2001,NASH,CATTLE,"4,000"
SURVEY,2001,NORTHAMPTON,CATTLE,"1,600"
SURVEY,2001,OTHER (COMBINED) COUNTIES,CATTLE,300
SURVEY,2001,OTHER (COMBINED) COUNTIES,CATTLE,700
SURVEY,2001,PASQUOTANK,CATTLE,400
SURVEY,2001,PERQUIMANS,CATTLE,600
SURVEY,2001,WASHINGTON,CATTLE,800
SURVEY,2001,ALLEGHANY,CATTLE,"9,300"
SURVEY,2001,ALLEGHANY,CATTLE,"3,900"
SURVEY,2001,ASHE,CATTLE,"8,000"
SURVEY,2001,ASHE,CATTLE,200
SURVEY,2001,AVERY,CATTLE,800
SURVEY,2001,CALDWELL,CATTLE,"3,200"
SURVEY,2001,CALDWELL,CATTLE,900
SURVEY,2001,OTHER (COMBINED) COUNTIES,CATTLE,200
SURVEY,2001,SURRY,CATTLE,"11,000"
SURVEY,2001,SURRY,CATTLE,"1,100"
SURVEY,2001,WATAUGA,CATTLE,"3,900"
SURVEY,2001,WILKES,CATTLE,"16,800"
SURVEY,2001,WILKES,CATTLE,"1,300"
SURVEY,2001,YADKIN,CATTLE,"10,000"
SURVEY,2001,YADKIN,CATTLE,"2,800"
SURVEY,2001,ALAMANCE,CATTLE,"8,400"
SURVEY,2001,ALAMANCE,CATTLE,"2,300"
SURVEY,2001,CASWELL,CATTLE,"4,900"
SURVEY,2001,DURHAM,CATTLE,"1,700"
SURVEY,2001,FORSYTH,CATTLE,"4,200"
SURVEY,2001,FORSYTH,CATTLE,300
SURVEY,2001,FRANKLIN,CATTLE,"4,000"
SURVEY,2001,GRANVILLE,CATTLE,"5,700"
SURVEY,2001,GRANVILLE,CATTLE,"1,000"
SURVEY,2001,GUILFORD,CATTLE,"7,800"
SURVEY,2001,GUILFORD,CATTLE,"2,400"
SURVEY,2001,ORANGE,CATTLE,"6,800"
SURVEY,2001,ORANGE,CATTLE,"2,400"
SURVEY,2001,OTHER (COMBINED) COUNTIES,CATTLE,"1,100"
SURVEY,2001,PERSON,CATTLE,"3,800"
SURVEY,2001,ROCKINGHAM,CATTLE,"4,800"
SURVEY,2001,ROCKINGHAM,CATTLE,700
SURVEY,2001,STOKES,CATTLE,"4,400"
SURVEY,2001,VANCE,CATTLE,"1,100"
SURVEY,2001,WARREN,CATTLE,"4,400"
SURVEY,2001,WARREN,CATTLE,800
SURVEY,2001,BLADEN,CATTLE,"2,700"
SURVEY,2001,BRUNSWICK,CATTLE,"1,400"
SURVEY,2001,COLUMBUS,CATTLE,"4,500"
SURVEY,2001,CUMBERLAND,CATTLE,"2,800"
SURVEY,2001,DUPLIN,CATTLE,"9,700"
SURVEY,2001,HARNETT,CATTLE,"4,300"
SURVEY,2001,ONSLOW,CATTLE,"1,300"
SURVEY,2001,OTHER (COMBINED) COUNTIES,CATTLE,900
SURVEY,2001,OTHER (COMBINED) COUNTIES,CATTLE,800
SURVEY,2001,PENDER,CATTLE,"1,000"
SURVEY,2001,ROBESON,CATTLE,"2,900"
SURVEY,2001,SAMPSON,CATTLE,"8,400"
SURVEY,2001,SAMPSON,CATTLE,900
SURVEY,2001,SCOTLAND,CATTLE,"1,100"
SURVEY,2001,ANSON,CATTLE,"5,300"
SURVEY,2001,CABARRUS,CATTLE,"6,900"
SURVEY,2001,CABARRUS,CATTLE,600
SURVEY,2001,CLEVELAND,CATTLE,"13,900"
SURVEY,2001,CLEVELAND,CATTLE,700
SURVEY,2001,GASTON,CATTLE,"3,800"
SURVEY,2001,GASTON,CATTLE,"1,500"
SURVEY,2001,LINCOLN,CATTLE,"6,700"
SURVEY,2001,LINCOLN,CATTLE,"1,700"
SURVEY,2001,MECKLENBURG,CATTLE,"3,200"
SURVEY,2001,MECKLENBURG,CATTLE,"1,200"
SURVEY,2001,MONTGOMERY,CATTLE,"3,400"
SURVEY,2001,MOORE,CATTLE,"5,100"
SURVEY,2001,OTHER (COMBINED) COUNTIES,CATTLE,200
SURVEY,2001,RICHMOND,CATTLE,"1,600"
SURVEY,2001,STANLY,CATTLE,"10,300"
SURVEY,2001,STANLY,CATTLE,600
SURVEY,2001,UNION,CATTLE,"13,800"
SURVEY,2001,UNION,CATTLE,500
SURVEY,2001,BUNCOMBE,CATTLE,"8,000"
SURVEY,2001,BUNCOMBE,CATTLE,"2,400"
SURVEY,2001,BURKE,CATTLE,"3,500"
SURVEY,2001,CHEROKEE,CATTLE,"2,400"
SURVEY,2001,CLAY,CATTLE,"2,600"
SURVEY,2001,GRAHAM,CATTLE,600
SURVEY,2001,HAYWOOD,CATTLE,"8,600"
SURVEY,2001,HAYWOOD,CATTLE,"2,100"
SURVEY,2001,HENDERSON,CATTLE,"2,800"
SURVEY,2001,HENDERSON,CATTLE,"2,600"
SURVEY,2001,JACKSON,CATTLE,"1,500"
SURVEY,2001,MACON,CATTLE,"3,200"
SURVEY,2001,MACON,CATTLE,200
SURVEY,2001,MADISON,CATTLE,"5,600"
SURVEY,2001,MCDOWELL,CATTLE,"1,500"
SURVEY,2001,MCDOWELL,CATTLE,400
SURVEY,2001,MITCHELL,CATTLE,"1,300"
SURVEY,2001,OTHER (COMBINED) COUNTIES,CATTLE,"1,100"
SURVEY,2001,POLK,CATTLE,"1,100"
SURVEY,2001,POLK,CATTLE,200
SURVEY,2001,RUTHERFORD,CATTLE,"7,600"
SURVEY,2001,RUTHERFORD,CATTLE,400
SURVEY,2001,SWAIN,CATTLE,300
SURVEY,2001,TRANSYLVANIA,CATTLE,"1,300"
SURVEY,2001,YANCEY,CATTLE,"3,100"
SURVEY,2001,BEAUFORT,CORN,"45,900"
SURVEY,2001,BEAUFORT,CORN,"44,600"
SURVEY,2001,BEAUFORT,COTTON,"29,800"
SURVEY,2001,BEAUFORT,HAY,500
SURVEY,2001,BEAUFORT,OATS,"1,250"
SURVEY,2001,BEAUFORT,PEANUTS,370
SURVEY,2001,BEAUFORT,POTATOES,200
SURVEY,2001,BEAUFORT,SOYBEANS,"57,400"
SURVEY,2001,BEAUFORT,TOBACCO,"2,840"
SURVEY,2001,BEAUFORT,WHEAT,"28,500"
SURVEY,2001,BEAUFORT,WHEAT,"28,500"
SURVEY,2001,CARTERET,CORN,"20,100"
SURVEY,2001,CARTERET,CORN,"20,100"
SURVEY,2001,CARTERET,COTTON,"5,700"
SURVEY,2001,CARTERET,HAY,200
SURVEY,2001,CARTERET,POTATOES,400
SURVEY,2001,CARTERET,SORGHUM,380
SURVEY,2001,CARTERET,SOYBEANS,"20,600"
SURVEY,2001,CARTERET,TOBACCO,420
SURVEY,2001,CARTERET,WHEAT,"2,500"
SURVEY,2001,CARTERET,WHEAT,"2,500"
SURVEY,2001,CRAVEN,CORN,"11,400"
SURVEY,2001,CRAVEN,CORN,"11,400"
SURVEY,2001,CRAVEN,COTTON,"24,600"
SURVEY,2001,CRAVEN,HAY,"1,200"
SURVEY,2001,CRAVEN,SOYBEANS,"15,600"
SURVEY,2001,CRAVEN,TOBACCO,"2,895"
SURVEY,2001,CRAVEN,WHEAT,"1,900"
SURVEY,2001,CRAVEN,WHEAT,"1,900"
SURVEY,2001,GREENE,CORN,"9,500"
SURVEY,2001,GREENE,CORN,"9,500"
SURVEY,2001,GREENE,COTTON,"21,700"
SURVEY,2001,GREENE,HAY,"2,500"
SURVEY,2001,GREENE,PEANUTS,70
SURVEY,2001,GREENE,SOYBEANS,"27,000"
SURVEY,2001,GREENE,SWEET POTATOES,800
SURVEY,2001,GREENE,TOBACCO,"4,300"
SURVEY,2001,GREENE,WHEAT,"6,200"
SURVEY,2001,GREENE,WHEAT,"6,200"
SURVEY,2001,HYDE,CORN,"26,900"
SURVEY,2001,HYDE,CORN,"26,900"
SURVEY,2001,HYDE,COTTON,"14,900"
SURVEY,2001,HYDE,HAY,300
SURVEY,2001,HYDE,SOYBEANS,"29,000"
SURVEY,2001,HYDE,WHEAT,"8,000"
SURVEY,2001,HYDE,WHEAT,"8,000"
SURVEY,2001,JOHNSTON,CORN,"6,350"
SURVEY,2001,JOHNSTON,CORN,"6,300"
SURVEY,2001,JOHNSTON,COTTON,"18,000"
SURVEY,2001,JOHNSTON,HAY,"9,700"
SURVEY,2001,JOHNSTON,OATS,"1,400"
SURVEY,2001,JOHNSTON,PEANUTS,55
SURVEY,2001,JOHNSTON,SOYBEANS,"56,500"
SURVEY,2001,JOHNSTON,SWEET POTATOES,"7,100"
SURVEY,2001,JOHNSTON,TOBACCO,"8,005"
SURVEY,2001,JOHNSTON,WHEAT,"6,500"
SURVEY,2001,JOHNSTON,WHEAT,"6,500"
SURVEY,2001,JONES,CORN,"6,200"
SURVEY,2001,JONES,CORN,"6,200"
SURVEY,2001,JONES,COTTON,"30,900"
SURVEY,2001,JONES,HAY,"1,400"
SURVEY,2001,JONES,SOYBEANS,"7,700"
SURVEY,2001,JONES,TOBACCO,"1,915"
SURVEY,2001,JONES,WHEAT,"2,500"
SURVEY,2001,JONES,WHEAT,"2,500"
SURVEY,2001,LENOIR,CORN,"16,300"
SURVEY,2001,LENOIR,CORN,"16,300"
SURVEY,2001,LENOIR,COTTON,"43,500"
SURVEY,2001,LENOIR,HAY,"2,600"
SURVEY,2001,LENOIR,SOYBEANS,"24,000"
SURVEY,2001,LENOIR,SWEET POTATOES,600
SURVEY,2001,LENOIR,TOBACCO,"5,355"
SURVEY,2001,LENOIR,WHEAT,"9,100"
SURVEY,2001,LENOIR,WHEAT,"9,100"
SURVEY,2001,OTHER (COMBINED) COUNTIES,BARLEY,200
SURVEY,2001,OTHER (COMBINED) COUNTIES,OATS,450
SURVEY,2001,OTHER (COMBINED) COUNTIES,PEANUTS,130
SURVEY,2001,OTHER (COMBINED) COUNTIES,POTATOES,300
SURVEY,2001,OTHER (COMBINED) COUNTIES,SORGHUM,420
SURVEY,2001,OTHER (COMBINED) COUNTIES,SWEET POTATOES,300
SURVEY,2001,PAMLICO,CORN,"8,800"
SURVEY,2001,PAMLICO,CORN,"8,800"
SURVEY,2001,PAMLICO,COTTON,"4,800"
SURVEY,2001,PAMLICO,HAY,300
SURVEY,2001,PAMLICO,POTATOES,"2,700"
SURVEY,2001,PAMLICO,SOYBEANS,"19,200"
SURVEY,2001,PAMLICO,TOBACCO,310
SURVEY,2001,PAMLICO,WHEAT,"5,800"
SURVEY,2001,PAMLICO,WHEAT,"5,800"
SURVEY,2001,PITT,CORN,"12,150"
SURVEY,2001,PITT,CORN,"12,100"
SURVEY,2001,PITT,COTTON,"45,700"
SURVEY,2001,PITT,HAY,"3,500"
SURVEY,2001,PITT,OATS,850
SURVEY,2001,PITT,PEANUTS,"4,425"
SURVEY,2001,PITT,SOYBEANS,"46,500"
SURVEY,2001,PITT,TOBACCO,"9,050"
SURVEY,2001,PITT,WHEAT,"12,000"
SURVEY,2001,PITT,WHEAT,"12,000"
SURVEY,2001,WAYNE,CORN,"20,500"
SURVEY,2001,WAYNE,CORN,"20,500"
SURVEY,2001,WAYNE,COTTON,"32,100"
SURVEY,2001,WAYNE,HAY,"7,100"
SURVEY,2001,WAYNE,OATS,850
SURVEY,2001,WAYNE,SOYBEANS,"58,000"
SURVEY,2001,WAYNE,SWEET POTATOES,"1,500"
SURVEY,2001,WAYNE,TOBACCO,"5,390"
SURVEY,2001,WAYNE,WHEAT,"23,000"
SURVEY,2001,WAYNE,WHEAT,"23,000"
SURVEY,2001,WILSON,CORN,"5,300"
SURVEY,2001,WILSON,CORN,"5,300"
SURVEY,2001,WILSON,COTTON,"30,500"
SURVEY,2001,WILSON,HAY,"1,700"
SURVEY,2001,WILSON,OATS,300
SURVEY,2001,WILSON,SOYBEANS,"33,500"
SURVEY,2001,WILSON,SWEET POTATOES,"4,200"
SURVEY,2001,WILSON,TOBACCO,"5,855"
SURVEY,2001,WILSON,WHEAT,"7,000"
SURVEY,2001,WILSON,WHEAT,"7,000"
SURVEY,2001,ALEXANDER,BARLEY,400
SURVEY,2001,ALEXANDER,CORN,"3,300"
SURVEY,2001,ALEXANDER,CORN,300
SURVEY,2001,ALEXANDER,HAY,"12,700"
SURVEY,2001,ALEXANDER,SOYBEANS,900
SURVEY,2001,ALEXANDER,TOBACCO,"1,048,000"
SURVEY,2001,ALEXANDER,WHEAT,400
SURVEY,2001,ALEXANDER,WHEAT,400
SURVEY,2001,CATAWBA,BARLEY,600
SURVEY,2001,CATAWBA,CORN,"2,700"
SURVEY,2001,CATAWBA,CORN,"2,100"
SURVEY,2001,CATAWBA,HAY,"12,800"
SURVEY,2001,CATAWBA,OATS,250
SURVEY,2001,CATAWBA,SOYBEANS,"8,500"
SURVEY,2001,CATAWBA,WHEAT,"3,000"
SURVEY,2001,CATAWBA,WHEAT,"3,000"
SURVEY,2001,CHATHAM,CORN,"1,600"
SURVEY,2001,CHATHAM,CORN,200
SURVEY,2001,CHATHAM,COTTON,500
SURVEY,2001,CHATHAM,HAY,"16,100"
SURVEY,2001,CHATHAM,OATS,270
SURVEY,2001,CHATHAM,SOYBEANS,"1,400"
SURVEY,2001,CHATHAM,TOBACCO,"1,539,000"
SURVEY,2001,CHATHAM,WHEAT,800
SURVEY,2001,CHATHAM,WHEAT,800
SURVEY,2001,DAVIDSON,BARLEY,"1,300"
SURVEY,2001,DAVIDSON,CORN,"5,800"
SURVEY,2001,DAVIDSON,CORN,"3,400"
SURVEY,2001,DAVIDSON,COTTON,650
SURVEY,2001,DAVIDSON,HAY,"17,000"
SURVEY,2001,DAVIDSON,OATS,850
SURVEY,2001,DAVIDSON,SOYBEANS,"5,900"
SURVEY,2001,DAVIDSON,TOBACCO,"2,383,000"
SURVEY,2001,DAVIDSON,WHEAT,"1,400"
SURVEY,2001,DAVIDSON,WHEAT,"1,400"
SURVEY,2001,DAVIE,BARLEY,300
SURVEY,2001,DAVIE,CORN,"4,600"
SURVEY,2001,DAVIE,CORN,"3,400"
SURVEY,2001,DAVIE,HAY,"12,500"
SURVEY,2001,DAVIE,SOYBEANS,"5,300"
SURVEY,2001,DAVIE,TOBACCO,"857,000"
SURVEY,2001,DAVIE,WHEAT,"1,900"
SURVEY,2001,DAVIE,WHEAT,"1,900"
SURVEY,2001,IREDELL,BARLEY,"2,000"
SURVEY,2001,IREDELL,CORN,"15,400"
SURVEY,2001,IREDELL,CORN,"2,400"
SURVEY,2001,IREDELL,COTTON,"1,050"
SURVEY,2001,IREDELL,HAY,"31,800"
SURVEY,2001,IREDELL,OATS,350
SURVEY,2001,IREDELL,SOYBEANS,"9,300"
SURVEY,2001,IREDELL,TOBACCO,"833,000"
SURVEY,2001,IREDELL,WHEAT,"5,000"
SURVEY,2001,IREDELL,WHEAT,"5,000"
SURVEY,2001,LEE,CORN,400
SURVEY,2001,LEE,CORN,400
SURVEY,2001,LEE,COTTON,"4,400"
SURVEY,2001,LEE,HAY,"2,200"
SURVEY,2001,LEE,OATS,260
SURVEY,2001,LEE,SOYBEANS,"2,500"
SURVEY,2001,LEE,TOBACCO,"1,325"
SURVEY,2001,LEE,WHEAT,600
SURVEY,2001,LEE,WHEAT,600
SURVEY,2001,OTHER (COMBINED) COUNTIES,BARLEY,100
SURVEY,2001,OTHER (COMBINED) COUNTIES,CORN,300
SURVEY,2001,OTHER (COMBINED) COUNTIES,CORN,200
SURVEY,2001,OTHER (COMBINED) COUNTIES,COTTON,100
SURVEY,2001,OTHER (COMBINED) COUNTIES,OATS,170
SURVEY,2001,OTHER (COMBINED) COUNTIES,SORGHUM,350
SURVEY,2001,OTHER (COMBINED) COUNTIES,SWEET POTATOES,100
SURVEY,2001,OTHER (COMBINED) COUNTIES,TOBACCO,"7,000"
SURVEY,2001,RANDOLPH,BARLEY,300
SURVEY,2001,RANDOLPH,CORN,"7,100"
SURVEY,2001,RANDOLPH,CORN,"3,500"
SURVEY,2001,RANDOLPH,HAY,"21,100"
SURVEY,2001,RANDOLPH,OATS,600
SURVEY,2001,RANDOLPH,SOYBEANS,"8,000"
SURVEY,2001,RANDOLPH,TOBACCO,"2,083,000"
SURVEY,2001,RANDOLPH,WHEAT,"3,800"
SURVEY,2001,RANDOLPH,WHEAT,"3,800"
SURVEY,2001,ROWAN,BARLEY,"2,100"
SURVEY,2001,ROWAN,CORN,"7,300"
SURVEY,2001,ROWAN,CORN,"4,100"
SURVEY,2001,ROWAN,COTTON,"1,050"
SURVEY,2001,ROWAN,HAY,"20,800"
SURVEY,2001,ROWAN,SOYBEANS,"13,800"
SURVEY,2001,ROWAN,WHEAT,"6,600"
SURVEY,2001,ROWAN,WHEAT,"6,600"
SURVEY,2001,WAKE,COTTON,300
SURVEY,2001,WAKE,HAY,"5,000"
SURVEY,2001,WAKE,OATS,"1,250"
SURVEY,2001,WAKE,SOYBEANS,"15,400"
SURVEY,2001,WAKE,SWEET POTATOES,400
SURVEY,2001,WAKE,TOBACCO,"5,690"
SURVEY,2001,WAKE,WHEAT,"3,500"
SURVEY,2001,WAKE,WHEAT,"3,500"
SURVEY,2001,BERTIE,CORN,"16,800"
SURVEY,2001,BERTIE,CORN,"16,800"
SURVEY,2001,BERTIE,COTTON,"37,000"
SURVEY,2001,BERTIE,HAY,200
SURVEY,2001,BERTIE,PEANUTS,"17,150"
SURVEY,2001,BERTIE,SORGHUM,200
SURVEY,2001,BERTIE,SOYBEANS,"13,200"
SURVEY,2001,BERTIE,TOBACCO,"1,905"
SURVEY,2001,BERTIE,WHEAT,"1,400"
SURVEY,2001,BERTIE,WHEAT,"1,400"
SURVEY,2001,CAMDEN,CORN,"17,100"
SURVEY,2001,CAMDEN,CORN,"17,100"
SURVEY,2001,CAMDEN,COTTON,850
SURVEY,2001,CAMDEN,POTATOES,"3,300"
SURVEY,2001,CAMDEN,SORGHUM,200
SURVEY,2001,CAMDEN,SOYBEANS,"27,700"
SURVEY,2001,CAMDEN,WHEAT,"11,000"
SURVEY,2001,CAMDEN,WHEAT,"11,000"
SURVEY,2001,CHOWAN,CORN,"3,700"
SURVEY,2001,CHOWAN,CORN,"3,700"
SURVEY,2001,CHOWAN,COTTON,"21,100"
SURVEY,2001,CHOWAN,HAY,200
SURVEY,2001,CHOWAN,PEANUTS,"5,495"
SURVEY,2001,CHOWAN,SORGHUM,850
SURVEY,2001,CHOWAN,SOYBEANS,"5,700"
SURVEY,2001,CHOWAN,SWEET POTATOES,300
SURVEY,2001,CHOWAN,TOBACCO,180
SURVEY,2001,CHOWAN,WHEAT,"2,000"
SURVEY,2001,CHOWAN,WHEAT,"2,000"
SURVEY,2001,CURRITUCK,CORN,"9,900"
SURVEY,2001,CURRITUCK,CORN,"9,900"
SURVEY,2001,CURRITUCK,COTTON,500
SURVEY,2001,CURRITUCK,HAY,200
SURVEY,2001,CURRITUCK,PEANUTS,90
SURVEY,2001,CURRITUCK,POTATOES,"1,000"
SURVEY,2001,CURRITUCK,SORGHUM,450
SURVEY,2001,CURRITUCK,SOYBEANS,"18,000"
SURVEY,2001,CURRITUCK,WHEAT,"12,000"
SURVEY,2001,CURRITUCK,WHEAT,"12,000"
SURVEY,2001,DARE,SOYBEANS,"1,500"
SURVEY,2001,EDGECOMBE,CORN,"8,000"
SURVEY,2001,EDGECOMBE,CORN,"8,000"
SURVEY,2001,EDGECOMBE,COTTON,"56,700"
SURVEY,2001,EDGECOMBE,HAY,"2,300"
SURVEY,2001,EDGECOMBE,OATS,530
SURVEY,2001,EDGECOMBE,PEANUTS,"12,625"
SURVEY,2001,EDGECOMBE,SOYBEANS,"21,000"
SURVEY,2001,EDGECOMBE,SWEET POTATOES,"2,800"
SURVEY,2001,EDGECOMBE,TOBACCO,"3,995"
SURVEY,2001,EDGECOMBE,WHEAT,"4,000"
SURVEY,2001,EDGECOMBE,WHEAT,"4,000"
SURVEY,2001,GATES,CORN,"6,600"
SURVEY,2001,GATES,CORN,"6,600"
SURVEY,2001,GATES,COTTON,"17,600"
SURVEY,2001,GATES,HAY,800
SURVEY,2001,GATES,PEANUTS,"6,425"
SURVEY,2001,GATES,SORGHUM,"1,400"
SURVEY,2001,GATES,SOYBEANS,"10,200"
SURVEY,2001,GATES,TOBACCO,90
SURVEY,2001,GATES,WHEAT,"1,000"
SURVEY,2001,GATES,WHEAT,"1,000"
SURVEY,2001,HALIFAX,CORN,"3,450"
SURVEY,2001,HALIFAX,CORN,"3,100"
SURVEY,2001,HALIFAX,COTTON,"62,800"
SURVEY,2001,HALIFAX,HAY,"4,300"
SURVEY,2001,HALIFAX,PEANUTS,"19,100"
SURVEY,2001,HALIFAX,SOYBEANS,"12,100"
SURVEY,2001,HALIFAX,SWEET POTATOES,400
SURVEY,2001,HALIFAX,TOBACCO,"2,010"
SURVEY,2001,HALIFAX,WHEAT,"5,800"
SURVEY,2001,HALIFAX,WHEAT,"5,800"
SURVEY,2001,HERTFORD,CORN,"8,600"
SURVEY,2001,HERTFORD,CORN,"8,600"
SURVEY,2001,HERTFORD,COTTON,"18,100"
SURVEY,2001,HERTFORD,HAY,600
SURVEY,2001,HERTFORD,PEANUTS,"10,430"
SURVEY,2001,HERTFORD,SOYBEANS,"8,100"
SURVEY,2001,HERTFORD,TOBACCO,"1,075"
SURVEY,2001,HERTFORD,WHEAT,500
SURVEY,2001,HERTFORD,WHEAT,500
SURVEY,2001,MARTIN,CORN,"3,500"
SURVEY,2001,MARTIN,CORN,"3,200"
SURVEY,2001,MARTIN,COTTON,"49,000"
SURVEY,2001,MARTIN,HAY,"1,200"
SURVEY,2001,MARTIN,PEANUTS,"13,305"
SURVEY,2001,MARTIN,SOYBEANS,"6,600"
SURVEY,2001,MARTIN,TOBACCO,"2,790"
SURVEY,2001,MARTIN,WHEAT,"1,900"
SURVEY,2001,MARTIN,WHEAT,"1,900"
SURVEY,2001,NASH,CORN,"1,500"
SURVEY,2001,NASH,CORN,"1,500"
SURVEY,2001,NASH,COTTON,"24,700"
SURVEY,2001,NASH,HAY,"6,700"
SURVEY,2001,NASH,OATS,410
SURVEY,2001,NASH,PEANUTS,"3,105"
SURVEY,2001,NASH,SOYBEANS,"25,500"
SURVEY,2001,NASH,SWEET POTATOES,"6,400"
SURVEY,2001,NASH,TOBACCO,"6,290"
SURVEY,2001,NASH,WHEAT,"4,700"
SURVEY,2001,NASH,WHEAT,"4,700"
SURVEY,2001,NORTHAMPTON,CORN,"2,050"
SURVEY,2001,NORTHAMPTON,CORN,"2,000"
SURVEY,2001,NORTHAMPTON,COTTON,"59,000"
SURVEY,2001,NORTHAMPTON,HAY,"1,400"
SURVEY,2001,NORTHAMPTON,PEANUTS,"19,750"
SURVEY,2001,NORTHAMPTON,SOYBEANS,"6,000"
SURVEY,2001,NORTHAMPTON,TOBACCO,145
SURVEY,2001,NORTHAMPTON,WHEAT,"1,000"
SURVEY,2001,NORTHAMPTON,WHEAT,"1,000"
SURVEY,2001,OTHER (COMBINED) COUNTIES,BARLEY,500
SURVEY,2001,OTHER (COMBINED) COUNTIES,HAY,200
SURVEY,2001,OTHER (COMBINED) COUNTIES,OATS,"1,100"
SURVEY,2001,OTHER (COMBINED) COUNTIES,POTATOES,200
SURVEY,2001,OTHER (COMBINED) COUNTIES,SORGHUM,450
SURVEY,2001,OTHER (COMBINED) COUNTIES,SWEET POTATOES,100
SURVEY,2001,OTHER (COMBINED) COUNTIES,WHEAT,100
SURVEY,2001,OTHER (COMBINED) COUNTIES,WHEAT,100
SURVEY,2001,PASQUOTANK,CORN,"20,800"
SURVEY,2001,PASQUOTANK,CORN,"20,800"
SURVEY,2001,PASQUOTANK,COTTON,"3,850"
SURVEY,2001,PASQUOTANK,OATS,320
SURVEY,2001,PASQUOTANK,PEANUTS,90
SURVEY,2001,PASQUOTANK,POTATOES,"5,000"
SURVEY,2001,PASQUOTANK,SORGHUM,"3,050"
SURVEY,2001,PASQUOTANK,SOYBEANS,"46,200"
SURVEY,2001,PASQUOTANK,WHEAT,"18,300"
SURVEY,2001,PASQUOTANK,WHEAT,"18,300"
SURVEY,2001,PERQUIMANS,CORN,"14,000"
SURVEY,2001,PERQUIMANS,CORN,"14,000"
SURVEY,2001,PERQUIMANS,COTTON,"21,400"
SURVEY,2001,PERQUIMANS,HAY,400
SURVEY,2001,PERQUIMANS,OATS,240
SURVEY,2001,PERQUIMANS,PEANUTS,"2,845"
SURVEY,2001,PERQUIMANS,SORGHUM,800
SURVEY,2001,PERQUIMANS,SOYBEANS,"28,400"
SURVEY,2001,PERQUIMANS,WHEAT,"10,000"
SURVEY,2001,PERQUIMANS,WHEAT,"10,000"
SURVEY,2001,TYRRELL,CORN,"26,600"
SURVEY,2001,TYRRELL,CORN,"26,600"
SURVEY,2001,TYRRELL,COTTON,"4,100"
SURVEY,2001,TYRRELL,HAY,200
SURVEY,2001,TYRRELL,OATS,500
SURVEY,2001,TYRRELL,PEANUTS,125
SURVEY,2001,TYRRELL,POTATOES,"2,100"
SURVEY,2001,TYRRELL,SORGHUM,450
SURVEY,2001,TYRRELL,SOYBEANS,"32,800"
SURVEY,2001,TYRRELL,WHEAT,"18,000"
SURVEY,2001,TYRRELL,WHEAT,"18,000"
SURVEY,2001,WASHINGTON,CORN,"24,100"
SURVEY,2001,WASHINGTON,CORN,"24,100"
SURVEY,2001,WASHINGTON,COTTON,"14,300"
SURVEY,2001,WASHINGTON,HAY,"1,300"
SURVEY,2001,WASHINGTON,PEANUTS,"2,495"
SURVEY,2001,WASHINGTON,POTATOES,"2,400"
SURVEY,2001,WASHINGTON,SOYBEANS,"33,000"
SURVEY,2001,WASHINGTON,TOBACCO,265
SURVEY,2001,WASHINGTON,WHEAT,"15,300"
SURVEY,2001,WASHINGTON,WHEAT,"15,300"
SURVEY,2001,ALLEGHANY,CORN,"3,000"
SURVEY,2001,ALLEGHANY,HAY,"14,200"
SURVEY,2001,ALLEGHANY,TOBACCO,220
SURVEY,2001,ASHE,CORN,200
SURVEY,2001,ASHE,HAY,"11,300"
SURVEY,2001,ASHE,TOBACCO,700
SURVEY,2001,AVERY,HAY,"1,500"
SURVEY,2001,AVERY,TOBACCO,84
SURVEY,2001,CALDWELL,BARLEY,200
SURVEY,2001,CALDWELL,CORN,"1,200"
SURVEY,2001,CALDWELL,CORN,"1,000"
SURVEY,2001,CALDWELL,HAY,"6,000"
SURVEY,2001,CALDWELL,SOYBEANS,450
SURVEY,2001,CALDWELL,TOBACCO,"390,000"
SURVEY,2001,CALDWELL,WHEAT,400
SURVEY,2001,CALDWELL,WHEAT,400
SURVEY,2001,OTHER (COMBINED) COUNTIES,CORN,200
SURVEY,2001,OTHER (COMBINED) COUNTIES,OATS,150
SURVEY,2001,SURRY,BARLEY,"1,900"
SURVEY,2001,SURRY,CORN,"5,900"
SURVEY,2001,SURRY,CORN,"4,300"
SURVEY,2001,SURRY,HAY,"19,700"
SURVEY,2001,SURRY,SOYBEANS,"7,600"
SURVEY,2001,SURRY,TOBACCO,"8,483,000"
SURVEY,2001,SURRY,WHEAT,"1,000"
SURVEY,2001,SURRY,WHEAT,"1,000"
SURVEY,2001,WATAUGA,HAY,"6,800"
SURVEY,2001,WATAUGA,TOBACCO,480
SURVEY,2001,WILKES,BARLEY,200
SURVEY,2001,WILKES,CORN,"7,500"
SURVEY,2001,WILKES,CORN,"1,300"
SURVEY,2001,WILKES,HAY,"25,500"
SURVEY,2001,WILKES,SOYBEANS,250
SURVEY,2001,WILKES,TOBACCO,"829,000"
SURVEY,2001,WILKES,WHEAT,300
SURVEY,2001,WILKES,WHEAT,300
SURVEY,2001,YADKIN,BARLEY,"1,300"
SURVEY,2001,YADKIN,CORN,"11,200"
SURVEY,2001,YADKIN,CORN,"7,000"
SURVEY,2001,YADKIN,HAY,"17,000"
SURVEY,2001,YADKIN,OATS,350
SURVEY,2001,YADKIN,SOYBEANS,"12,700"
SURVEY,2001,YADKIN,TOBACCO,"6,604,000"
SURVEY,2001,YADKIN,WHEAT,"4,300"
SURVEY,2001,YADKIN,WHEAT,"4,300"
SURVEY,2001,ALAMANCE,CORN,"4,900"
SURVEY,2001,ALAMANCE,CORN,"3,100"
SURVEY,2001,ALAMANCE,HAY,"15,900"
SURVEY,2001,ALAMANCE,OATS,300
SURVEY,2001,ALAMANCE,SOYBEANS,"2,400"
SURVEY,2001,ALAMANCE,TOBACCO,"3,553,000"
SURVEY,2001,ALAMANCE,WHEAT,"2,800"
SURVEY,2001,ALAMANCE,WHEAT,"2,800"
SURVEY,2001,CASWELL,CORN,"1,250"
SURVEY,2001,CASWELL,CORN,850
SURVEY,2001,CASWELL,HAY,"12,900"
SURVEY,2001,CASWELL,OATS,230
SURVEY,2001,CASWELL,SOYBEANS,"1,700"
SURVEY,2001,CASWELL,TOBACCO,"6,218,000"
SURVEY,2001,CASWELL,WHEAT,"1,900"
SURVEY,2001,CASWELL,WHEAT,"1,900"
SURVEY,2001,DURHAM,HAY,"3,100"
SURVEY,2001,DURHAM,SOYBEANS,700
SURVEY,2001,DURHAM,TOBACCO,"1,922,000"
SURVEY,2001,DURHAM,WHEAT,800
SURVEY,2001,DURHAM,WHEAT,800
SURVEY,2001,FORSYTH,CORN,"1,850"
SURVEY,2001,FORSYTH,CORN,"1,800"
SURVEY,2001,FORSYTH,HAY,"7,700"
SURVEY,2001,FORSYTH,OATS,200
SURVEY,2001,FORSYTH,SOYBEANS,"3,000"
SURVEY,2001,FORSYTH,TOBACCO,"3,096,000"
SURVEY,2001,FORSYTH,WHEAT,"1,000"
SURVEY,2001,FORSYTH,WHEAT,"1,000"
SURVEY,2001,FRANKLIN,CORN,875
SURVEY,2001,FRANKLIN,CORN,825
SURVEY,2001,FRANKLIN,COTTON,450
SURVEY,2001,FRANKLIN,HAY,"8,000"
SURVEY,2001,FRANKLIN,OATS,700
SURVEY,2001,FRANKLIN,SOYBEANS,"17,400"
SURVEY,2001,FRANKLIN,TOBACCO,"10,007,000"
SURVEY,2001,FRANKLIN,WHEAT,"5,700"
SURVEY,2001,FRANKLIN,WHEAT,"5,700"
SURVEY,2001,GRANVILLE,CORN,"1,600"
SURVEY,2001,GRANVILLE,CORN,800
SURVEY,2001,GRANVILLE,HAY,"13,000"
SURVEY,2001,GRANVILLE,OATS,750
SURVEY,2001,GRANVILLE,SOYBEANS,"5,000"
SURVEY,2001,GRANVILLE,TOBACCO,"10,228,000"
SURVEY,2001,GRANVILLE,WHEAT,"3,800"
SURVEY,2001,GRANVILLE,WHEAT,"3,800"
SURVEY,2001,GUILFORD,BARLEY,550
SURVEY,2001,GUILFORD,CORN,"6,800"
SURVEY,2001,GUILFORD,CORN,"5,400"
SURVEY,2001,GUILFORD,HAY,"16,700"
SURVEY,2001,GUILFORD,OATS,500
SURVEY,2001,GUILFORD,SOYBEANS,"7,800"
SURVEY,2001,GUILFORD,TOBACCO,"6,650,000"
SURVEY,2001,GUILFORD,WHEAT,"6,000"
SURVEY,2001,GUILFORD,WHEAT,"6,000"
SURVEY,2001,ORANGE,CORN,"2,900"
SURVEY,2001,ORANGE,CORN,"1,000"
SURVEY,2001,ORANGE,HAY,"14,000"
SURVEY,2001,ORANGE,OATS,270
SURVEY,2001,ORANGE,SOYBEANS,"3,200"
SURVEY,2001,ORANGE,TOBACCO,"2,571,000"
SURVEY,2001,ORANGE,WHEAT,"1,500"
SURVEY,2001,ORANGE,WHEAT,"1,500"
SURVEY,2001,OTHER (COMBINED) COUNTIES,BARLEY,750
SURVEY,2001,OTHER (COMBINED) COUNTIES,CORN,325
SURVEY,2001,OTHER (COMBINED) COUNTIES,CORN,225
SURVEY,2001,OTHER (COMBINED) COUNTIES,OATS,150
SURVEY,2001,OTHER (COMBINED) COUNTIES,SORGHUM,450
SURVEY,2001,OTHER (COMBINED) COUNTIES,SWEET POTATOES,200
SURVEY,2001,PERSON,CORN,"2,200"
SURVEY,2001,PERSON,CORN,"1,900"
SURVEY,2001,PERSON,HAY,"9,000"
SURVEY,2001,PERSON,OATS,250
SURVEY,2001,PERSON,SOYBEANS,"8,500"
SURVEY,2001,PERSON,TOBACCO,"7,434,000"
SURVEY,2001,PERSON,WHEAT,"5,400"
SURVEY,2001,PERSON,WHEAT,"5,400"
SURVEY,2001,ROCKINGHAM,BARLEY,200
SURVEY,2001,ROCKINGHAM,CORN,"2,000"
SURVEY,2001,ROCKINGHAM,CORN,"1,100"
SURVEY,2001,ROCKINGHAM,HAY,"11,900"
SURVEY,2001,ROCKINGHAM,OATS,300
SURVEY,2001,ROCKINGHAM,SOYBEANS,"3,200"
SURVEY,2001,ROCKINGHAM,TOBACCO,"9,526,000"
SURVEY,2001,ROCKINGHAM,WHEAT,"4,200"
SURVEY,2001,ROCKINGHAM,WHEAT,"4,200"
SURVEY,2001,STOKES,CORN,850
SURVEY,2001,STOKES,CORN,650
SURVEY,2001,STOKES,HAY,"11,200"
SURVEY,2001,STOKES,SOYBEANS,"1,600"
SURVEY,2001,STOKES,TOBACCO,"8,122,000"
SURVEY,2001,STOKES,WHEAT,"1,000"
SURVEY,2001,STOKES,WHEAT,"1,000"
SURVEY,2001,VANCE,HAY,"2,700"
SURVEY,2001,VANCE,SOYBEANS,"6,600"
SURVEY,2001,VANCE,TOBACCO,"6,247,000"
SURVEY,2001,VANCE,WHEAT,"3,300"
SURVEY,2001,VANCE,WHEAT,"3,300"
SURVEY,2001,WARREN,CORN,"1,150"
SURVEY,2001,WARREN,CORN,550
SURVEY,2001,WARREN,COTTON,450
SURVEY,2001,WARREN,HAY,"6,900"
SURVEY,2001,WARREN,OATS,750
SURVEY,2001,WARREN,SOYBEANS,"6,900"
SURVEY,2001,WARREN,TOBACCO,"4,370,000"
SURVEY,2001,WARREN,WHEAT,"2,600"
SURVEY,2001,WARREN,WHEAT,"2,600"
SURVEY,2001,BLADEN,CORN,"19,100"
SURVEY,2001,BLADEN,CORN,"19,000"
SURVEY,2001,BLADEN,COTTON,"12,800"
SURVEY,2001,BLADEN,HAY,"7,000"
SURVEY,2001,BLADEN,OATS,340
SURVEY,2001,BLADEN,PEANUTS,"3,130"
SURVEY,2001,BLADEN,SORGHUM,400
SURVEY,2001,BLADEN,SOYBEANS,"23,000"
SURVEY,2001,BLADEN,TOBACCO,"2,330"
SURVEY,2001,BLADEN,WHEAT,"3,900"
SURVEY,2001,BLADEN,WHEAT,"3,900"
SURVEY,2001,BRUNSWICK,CORN,"4,000"
SURVEY,2001,BRUNSWICK,CORN,"4,000"
SURVEY,2001,BRUNSWICK,HAY,"2,000"
SURVEY,2001,BRUNSWICK,SOYBEANS,"11,000"
SURVEY,2001,BRUNSWICK,TOBACCO,"1,080"
SURVEY,2001,BRUNSWICK,WHEAT,"1,400"
SURVEY,2001,BRUNSWICK,WHEAT,"1,400"
SURVEY,2001,COLUMBUS,CORN,"25,200"
SURVEY,2001,COLUMBUS,CORN,"25,100"
SURVEY,2001,COLUMBUS,COTTON,"5,800"
SURVEY,2001,COLUMBUS,HAY,"5,400"
SURVEY,2001,COLUMBUS,OATS,"1,000"
SURVEY,2001,COLUMBUS,PEANUTS,750
SURVEY,2001,COLUMBUS,POTATOES,300
SURVEY,2001,COLUMBUS,SOYBEANS,"58,000"
SURVEY,2001,COLUMBUS,SWEET POTATOES,"1,500"
SURVEY,2001,COLUMBUS,TOBACCO,"6,400"
SURVEY,2001,COLUMBUS,WHEAT,"7,700"
SURVEY,2001,COLUMBUS,WHEAT,"7,700"
SURVEY,2001,CUMBERLAND,BARLEY,210
SURVEY,2001,CUMBERLAND,COTTON,"14,300"
SURVEY,2001,CUMBERLAND,HAY,"5,600"
SURVEY,2001,CUMBERLAND,OATS,800
SURVEY,2001,CUMBERLAND,PEANUTS,105
SURVEY,2001,CUMBERLAND,SOYBEANS,"19,600"
SURVEY,2001,CUMBERLAND,SWEET POTATOES,"1,400"
SURVEY,2001,CUMBERLAND,TOBACCO,"1,615"
SURVEY,2001,CUMBERLAND,WHEAT,"5,000"
SURVEY,2001,CUMBERLAND,WHEAT,"5,000"
SURVEY,2001,DUPLIN,CORN,"31,900"
SURVEY,2001,DUPLIN,CORN,"31,800"
SURVEY,2001,DUPLIN,COTTON,"28,400"
SURVEY,2001,DUPLIN,HAY,"22,700"
SURVEY,2001,DUPLIN,OATS,850
SURVEY,2001,DUPLIN,SOYBEANS,"51,500"
SURVEY,2001,DUPLIN,SWEET POTATOES,"1,000"
SURVEY,2001,DUPLIN,TOBACCO,"5,300"
SURVEY,2001,DUPLIN,WHEAT,"16,000"
SURVEY,2001,DUPLIN,WHEAT,"16,000"
SURVEY,2001,HARNETT,BARLEY,700
SURVEY,2001,HARNETT,CORN,"3,900"
SURVEY,2001,HARNETT,CORN,"3,300"
SURVEY,2001,HARNETT,COTTON,"18,500"
SURVEY,2001,HARNETT,HAY,"4,200"
SURVEY,2001,HARNETT,OATS,720
SURVEY,2001,HARNETT,SOYBEANS,"24,800"
SURVEY,2001,HARNETT,SWEET POTATOES,"1,600"
SURVEY,2001,HARNETT,TOBACCO,"4,915"
SURVEY,2001,HARNETT,WHEAT,"5,300"
SURVEY,2001,HARNETT,WHEAT,"5,300"
SURVEY,2001,HOKE,CORN,"1,000"
SURVEY,2001,HOKE,CORN,"1,000"
SURVEY,2001,HOKE,COTTON,"21,800"
SURVEY,2001,HOKE,HAY,"2,300"
SURVEY,2001,HOKE,OATS,250
SURVEY,2001,HOKE,SOYBEANS,"9,200"
SURVEY,2001,HOKE,TOBACCO,770
SURVEY,2001,HOKE,WHEAT,"2,700"
SURVEY,2001,HOKE,WHEAT,"2,700"
SURVEY,2001,NEW HANOVER,CORN,800
SURVEY,2001,NEW HANOVER,CORN,800
SURVEY,2001,NEW HANOVER,SOYBEANS,600
SURVEY,2001,NEW HANOVER,TOBACCO,20
SURVEY,2001,ONSLOW,CORN,"9,700"
SURVEY,2001,ONSLOW,CORN,"9,600"
SURVEY,2001,ONSLOW,COTTON,"9,500"
SURVEY,2001,ONSLOW,HAY,"2,500"
SURVEY,2001,ONSLOW,SOYBEANS,"13,000"
SURVEY,2001,ONSLOW,TOBACCO,"1,945"
SURVEY,2001,ONSLOW,WHEAT,"1,600"
SURVEY,2001,ONSLOW,WHEAT,"1,600"
SURVEY,2001,OTHER (COMBINED) COUNTIES,BARLEY,290
SURVEY,2001,OTHER (COMBINED) COUNTIES,CORN,"6,200"
SURVEY,2001,OTHER (COMBINED) COUNTIES,CORN,"6,100"
SURVEY,2001,OTHER (COMBINED) COUNTIES,OATS,340
SURVEY,2001,OTHER (COMBINED) COUNTIES,POTATOES,200
SURVEY,2001,OTHER (COMBINED) COUNTIES,SORGHUM,450
SURVEY,2001,OTHER (COMBINED) COUNTIES,SWEET POTATOES,500
SURVEY,2001,PENDER,CORN,"9,900"
SURVEY,2001,PENDER,CORN,"9,900"
SURVEY,2001,PENDER,COTTON,"7,000"
SURVEY,2001,PENDER,HAY,"1,900"
SURVEY,2001,PENDER,PEANUTS,65
SURVEY,2001,PENDER,SOYBEANS,"16,100"
SURVEY,2001,PENDER,TOBACCO,"1,095"
SURVEY,2001,PENDER,WHEAT,"1,900"
SURVEY,2001,PENDER,WHEAT,"1,900"
SURVEY,2001,ROBESON,CORN,"34,300"
SURVEY,2001,ROBESON,CORN,"34,300"
SURVEY,2001,ROBESON,COTTON,"38,000"
SURVEY,2001,ROBESON,HAY,"6,800"
SURVEY,2001,ROBESON,OATS,"1,250"
SURVEY,2001,ROBESON,PEANUTS,95
SURVEY,2001,ROBESON,SOYBEANS,"104,000"
SURVEY,2001,ROBESON,TOBACCO,"7,510"
SURVEY,2001,ROBESON,WHEAT,"33,600"
SURVEY,2001,ROBESON,WHEAT,"33,600"
SURVEY,2001,SAMPSON,CORN,"21,900"
SURVEY,2001,SAMPSON,CORN,"21,300"
SURVEY,2001,SAMPSON,COTTON,"59,000"
SURVEY,2001,SAMPSON,HAY,"21,500"
SURVEY,2001,SAMPSON,OATS,750
SURVEY,2001,SAMPSON,PEANUTS,275
SURVEY,2001,SAMPSON,SOYBEANS,"54,000"
SURVEY,2001,SAMPSON,SWEET POTATOES,"4,500"
SURVEY,2001,SAMPSON,TOBACCO,"5,370"
SURVEY,2001,SAMPSON,WHEAT,"17,000"
SURVEY,2001,SAMPSON,WHEAT,"17,000"
SURVEY,2001,SCOTLAND,CORN,800
SURVEY,2001,SCOTLAND,CORN,800
SURVEY,2001,SCOTLAND,COTTON,"18,000"
SURVEY,2001,SCOTLAND,HAY,"2,100"
SURVEY,2001,SCOTLAND,SOYBEANS,"7,200"
SURVEY,2001,SCOTLAND,TOBACCO,295
SURVEY,2001,SCOTLAND,WHEAT,"2,900"
SURVEY,2001,SCOTLAND,WHEAT,"2,900"
SURVEY,2001,ANSON,CORN,"5,800"
SURVEY,2001,ANSON,CORN,"5,600"
SURVEY,2001,ANSON,COTTON,"3,800"
SURVEY,2001,ANSON,HAY,"4,700"
SURVEY,2001,ANSON,OATS,310
SURVEY,2001,ANSON,SOYBEANS,"9,500"
SURVEY,2001,ANSON,TOBACCO,110
SURVEY,2001,ANSON,WHEAT,"2,800"
SURVEY,2001,ANSON,WHEAT,"2,800"
SURVEY,2001,CABARRUS,BARLEY,560
SURVEY,2001,CABARRUS,CORN,"3,600"
SURVEY,2001,CABARRUS,CORN,"2,600"
SURVEY,2001,CABARRUS,COTTON,500
SURVEY,2001,CABARRUS,HAY,"10,500"
SURVEY,2001,CABARRUS,OATS,650
SURVEY,2001,CABARRUS,SOYBEANS,"6,300"
SURVEY,2001,CABARRUS,WHEAT,"2,500"
SURVEY,2001,CABARRUS,WHEAT,"2,500"
SURVEY,2001,CLEVELAND,BARLEY,650
SURVEY,2001,CLEVELAND,CORN,"2,700"
SURVEY,2001,CLEVELAND,CORN,750
SURVEY,2001,CLEVELAND,COTTON,"2,600"
SURVEY,2001,CLEVELAND,HAY,"14,000"
SURVEY,2001,CLEVELAND,OATS,450
SURVEY,2001,CLEVELAND,SOYBEANS,"7,300"
SURVEY,2001,CLEVELAND,WHEAT,"6,000"
SURVEY,2001,CLEVELAND,WHEAT,"6,000"
SURVEY,2001,GASTON,HAY,"6,100"
SURVEY,2001,GASTON,SOYBEANS,200
SURVEY,2001,GASTON,WHEAT,500
SURVEY,2001,GASTON,WHEAT,500
SURVEY,2001,LINCOLN,BARLEY,680
SURVEY,2001,LINCOLN,CORN,"2,350"
SURVEY,2001,LINCOLN,CORN,250
SURVEY,2001,LINCOLN,HAY,"12,100"
SURVEY,2001,LINCOLN,OATS,500
SURVEY,2001,LINCOLN,SOYBEANS,"4,500"
SURVEY,2001,LINCOLN,WHEAT,"2,400"
SURVEY,2001,LINCOLN,WHEAT,"2,400"
SURVEY,2001,MECKLENBURG,CORN,"1,050"
SURVEY,2001,MECKLENBURG,CORN,450
SURVEY,2001,MECKLENBURG,HAY,"6,100"
SURVEY,2001,MECKLENBURG,SOYBEANS,"1,800"
SURVEY,2001,MECKLENBURG,WHEAT,"1,900"
SURVEY,2001,MECKLENBURG,WHEAT,"1,900"
SURVEY,2001,MONTGOMERY,CORN,500
SURVEY,2001,MONTGOMERY,CORN,500
SURVEY,2001,MONTGOMERY,COTTON,850
SURVEY,2001,MONTGOMERY,HAY,"3,800"
SURVEY,2001,MONTGOMERY,SOYBEANS,"1,500"
SURVEY,2001,MONTGOMERY,TOBACCO,200
SURVEY,2001,MONTGOMERY,WHEAT,800
SURVEY,2001,MONTGOMERY,WHEAT,800
SURVEY,2001,MOORE,CORN,875
SURVEY,2001,MOORE,CORN,875
SURVEY,2001,MOORE,COTTON,600
SURVEY,2001,MOORE,HAY,"6,900"
SURVEY,2001,MOORE,SOYBEANS,"3,700"
SURVEY,2001,MOORE,TOBACCO,"1,445"
SURVEY,2001,MOORE,WHEAT,"1,000"
SURVEY,2001,MOORE,WHEAT,"1,000"
SURVEY,2001,OTHER (COMBINED) COUNTIES,BARLEY,350
SURVEY,2001,OTHER (COMBINED) COUNTIES,CORN,"1,600"
SURVEY,2001,OTHER (COMBINED) COUNTIES,CORN,100
SURVEY,2001,OTHER (COMBINED) COUNTIES,COTTON,50
SURVEY,2001,OTHER (COMBINED) COUNTIES,OATS,390
SURVEY,2001,OTHER (COMBINED) COUNTIES,SORGHUM,270
SURVEY,2001,OTHER (COMBINED) COUNTIES,SWEET POTATOES,250
SURVEY,2001,RICHMOND,CORN,675
SURVEY,2001,RICHMOND,CORN,675
SURVEY,2001,RICHMOND,COTTON,"2,600"
SURVEY,2001,RICHMOND,HAY,"3,400"
SURVEY,2001,RICHMOND,SOYBEANS,"2,500"
SURVEY,2001,RICHMOND,TOBACCO,505
SURVEY,2001,RICHMOND,WHEAT,200
SURVEY,2001,RICHMOND,WHEAT,200
SURVEY,2001,STANLY,BARLEY,840
SURVEY,2001,STANLY,CORN,"9,350"
SURVEY,2001,STANLY,CORN,"8,200"
SURVEY,2001,STANLY,COTTON,"11,300"
SURVEY,2001,STANLY,HAY,"11,700"
SURVEY,2001,STANLY,OATS,700
SURVEY,2001,STANLY,SOYBEANS,"15,700"
SURVEY,2001,STANLY,WHEAT,"5,000"
SURVEY,2001,STANLY,WHEAT,"5,000"
SURVEY,2001,UNION,BARLEY,520
SURVEY,2001,UNION,CORN,"28,600"
SURVEY,2001,UNION,CORN,"28,000"
SURVEY,2001,UNION,COTTON,"7,000"
SURVEY,2001,UNION,HAY,"16,700"
SURVEY,2001,UNION,OATS,"1,200"
SURVEY,2001,UNION,SORGHUM,330
SURVEY,2001,UNION,SOYBEANS,"52,000"
SURVEY,2001,UNION,WHEAT,"33,900"
SURVEY,2001,UNION,WHEAT,"33,900"
SURVEY,2001,BUNCOMBE,CORN,"1,765"
SURVEY,2001,BUNCOMBE,HAY,"13,500"
SURVEY,2001,BUNCOMBE,TOBACCO,"1,015"
SURVEY,2001,BURKE,CORN,800
SURVEY,2001,BURKE,CORN,800
SURVEY,2001,BURKE,HAY,"8,500"
SURVEY,2001,BURKE,SOYBEANS,500
SURVEY,2001,CHEROKEE,CORN,725
SURVEY,2001,CHEROKEE,CORN,425
SURVEY,2001,CHEROKEE,HAY,"3,400"
SURVEY,2001,CHEROKEE,SOYBEANS,400
SURVEY,2001,CHEROKEE,TOBACCO,70
SURVEY,2001,CLAY,HAY,"3,500"
SURVEY,2001,CLAY,SOYBEANS,250
SURVEY,2001,CLAY,TOBACCO,73
SURVEY,2001,GRAHAM,HAY,800
SURVEY,2001,GRAHAM,TOBACCO,75
SURVEY,2001,HAYWOOD,CORN,"2,310"
SURVEY,2001,HAYWOOD,HAY,"7,500"
SURVEY,2001,HAYWOOD,TOBACCO,735
SURVEY,2001,HENDERSON,CORN,"4,400"
SURVEY,2001,HENDERSON,CORN,"1,400"
SURVEY,2001,HENDERSON,HAY,"6,700"
SURVEY,2001,HENDERSON,TOBACCO,15
SURVEY,2001,JACKSON,HAY,"1,400"
SURVEY,2001,JACKSON,TOBACCO,20
SURVEY,2001,MACON,CORN,315
SURVEY,2001,MACON,HAY,"5,000"
SURVEY,2001,MACON,TOBACCO,44
SURVEY,2001,MADISON,CORN,365
SURVEY,2001,MADISON,HAY,"6,200"
SURVEY,2001,MADISON,TOBACCO,"1,819"
SURVEY,2001,MCDOWELL,CORN,600
SURVEY,2001,MCDOWELL,HAY,"3,200"
SURVEY,2001,MITCHELL,HAY,"3,100"
SURVEY,2001,MITCHELL,TOBACCO,395
SURVEY,2001,OTHER (COMBINED) COUNTIES,BARLEY,300
SURVEY,2001,OTHER (COMBINED) COUNTIES,CORN,700
SURVEY,2001,OTHER (COMBINED) COUNTIES,CORN,675
SURVEY,2001,OTHER (COMBINED) COUNTIES,OATS,400
SURVEY,2001,OTHER (COMBINED) COUNTIES,SOYBEANS,250
SURVEY,2001,OTHER (COMBINED) COUNTIES,TOBACCO,5
SURVEY,2001,OTHER (COMBINED) COUNTIES,WHEAT,500
SURVEY,2001,OTHER (COMBINED) COUNTIES,WHEAT,500
SURVEY,2001,POLK,CORN,210
SURVEY,2001,POLK,HAY,"4,100"
SURVEY,2001,RUTHERFORD,CORN,425
SURVEY,2001,RUTHERFORD,CORN,225
SURVEY,2001,RUTHERFORD,COTTON,450
SURVEY,2001,RUTHERFORD,HAY,"18,000"
SURVEY,2001,RUTHERFORD,SOYBEANS,600
SURVEY,2001,RUTHERFORD,WHEAT,500
SURVEY,2001,RUTHERFORD,WHEAT,500
SURVEY,2001,SWAIN,HAY,700
SURVEY,2001,SWAIN,TOBACCO,20
SURVEY,2001,TRANSYLVANIA,CORN,875
SURVEY,2001,TRANSYLVANIA,CORN,675
SURVEY,2001,TRANSYLVANIA,HAY,"3,100"
SURVEY,2001,TRANSYLVANIA,TOBACCO,20
SURVEY,2001,YANCEY,CORN,210
SURVEY,2001,YANCEY,HAY,"3,300"
SURVEY,2001,YANCEY,TOBACCO,910
SURVEY,2000,LENOIR,CHICKENS,"165,000"
SURVEY,2000,OTHER (COMBINED) COUNTIES,CHICKENS,"180,000"
SURVEY,2000,WAYNE,CHICKENS,"420,000"
SURVEY,2000,ALEXANDER,CHICKENS,"1,415,000"
SURVEY,2000,CHATHAM,CHICKENS,"800,000"
SURVEY,2000,DAVIE,CHICKENS,"287,000"
SURVEY,2000,IREDELL,CHICKENS,"1,980,000"
SURVEY,2000,OTHER (COMBINED) COUNTIES,CHICKENS,"67,000"
SURVEY,2000,RANDOLPH,CHICKENS,"1,390,000"
SURVEY,2000,ROWAN,CHICKENS,"61,000"
SURVEY,2000,EDGECOMBE,CHICKENS,"112,000"
SURVEY,2000,NASH,CHICKENS,"1,660,000"
SURVEY,2000,OTHER (COMBINED) COUNTIES,CHICKENS,"128,000"
SURVEY,2000,OTHER (COMBINED) COUNTIES,CHICKENS,"50,000"
SURVEY,2000,SURRY,CHICKENS,"450,000"
SURVEY,2000,WILKES,CHICKENS,"1,200,000"
SURVEY,2000,YADKIN,CHICKENS,"800,000"
SURVEY,2000,ALAMANCE,CHICKENS,"405,000"
SURVEY,2000,FRANKLIN,CHICKENS,"495,000"
SURVEY,2000,GUILFORD,CHICKENS,"173,000"
SURVEY,2000,OTHER (COMBINED) COUNTIES,CHICKENS,"384,000"
SURVEY,2000,WARREN,CHICKENS,"93,000"
SURVEY,2000,CUMBERLAND,CHICKENS,"187,000"
SURVEY,2000,DUPLIN,CHICKENS,"650,000"
SURVEY,2000,OTHER (COMBINED) COUNTIES,CHICKENS,"43,000"
SURVEY,2000,SAMPSON,CHICKENS,"520,000"
SURVEY,2000,ANSON,CHICKENS,"235,000"
SURVEY,2000,CABARRUS,CHICKENS,"120,000"
SURVEY,2000,CLEVELAND,CHICKENS,"170,000"
SURVEY,2000,MOORE,CHICKENS,"300,000"
SURVEY,2000,OTHER (COMBINED) COUNTIES,CHICKENS,"24,000"
SURVEY,2000,STANLY,CHICKENS,"521,000"
SURVEY,2000,UNION,CHICKENS,"1,330,000"
SURVEY,2000,BURKE,CHICKENS,"100,000"
SURVEY,2000,MCDOWELL,CHICKENS,"113,000"
SURVEY,2000,OTHER (COMBINED) COUNTIES,CHICKENS,"731,000"
SURVEY,2000,BEAUFORT,CATTLE,500
SURVEY,2000,CRAVEN,CATTLE,"1,000"
SURVEY,2000,GREENE,CATTLE,"1,400"
SURVEY,2000,JOHNSTON,CATTLE,"7,000"
SURVEY,2000,JONES,CATTLE,500
SURVEY,2000,LENOIR,CATTLE,"1,700"
SURVEY,2000,OTHER (COMBINED) COUNTIES,CATTLE,300
SURVEY,2000,OTHER (COMBINED) COUNTIES,CATTLE,500
SURVEY,2000,PAMLICO,CATTLE,200
SURVEY,2000,PITT,CATTLE,"2,300"
SURVEY,2000,WAYNE,CATTLE,"5,000"
SURVEY,2000,WILSON,CATTLE,"1,100"
SURVEY,2000,ALEXANDER,CATTLE,"8,000"
SURVEY,2000,ALEXANDER,CATTLE,"3,000"
SURVEY,2000,CATAWBA,CATTLE,"9,700"
SURVEY,2000,CATAWBA,CATTLE,"1,000"
SURVEY,2000,CHATHAM,CATTLE,"16,600"
SURVEY,2000,CHATHAM,CATTLE,"1,800"
SURVEY,2000,DAVIDSON,CATTLE,"8,300"
SURVEY,2000,DAVIDSON,CATTLE,"2,200"
SURVEY,2000,DAVIE,CATTLE,"9,700"
SURVEY,2000,DAVIE,CATTLE,"1,400"
SURVEY,2000,IREDELL,CATTLE,"16,500"
SURVEY,2000,IREDELL,CATTLE,"11,000"
SURVEY,2000,LEE,CATTLE,"1,700"
SURVEY,2000,OTHER (COMBINED) COUNTIES,CATTLE,500
SURVEY,2000,RANDOLPH,CATTLE,"18,200"
SURVEY,2000,RANDOLPH,CATTLE,"4,600"
SURVEY,2000,ROWAN,CATTLE,"11,600"
SURVEY,2000,ROWAN,CATTLE,"3,200"
SURVEY,2000,WAKE,CATTLE,"3,700"
SURVEY,2000,BERTIE,CATTLE,700
SURVEY,2000,CHOWAN,CATTLE,400
SURVEY,2000,EDGECOMBE,CATTLE,"1,600"
SURVEY,2000,GATES,CATTLE,600
SURVEY,2000,HALIFAX,CATTLE,"4,000"
SURVEY,2000,HERTFORD,CATTLE,200
SURVEY,2000,MARTIN,CATTLE,"1,600"
SURVEY,2000,NASH,CATTLE,"3,700"
SURVEY,2000,NORTHAMPTON,CATTLE,"1,800"
SURVEY,2000,OTHER (COMBINED) COUNTIES,CATTLE,500
SURVEY,2000,OTHER (COMBINED) COUNTIES,CATTLE,700
SURVEY,2000,PASQUOTANK,CATTLE,400
SURVEY,2000,PERQUIMANS,CATTLE,700
SURVEY,2000,WASHINGTON,CATTLE,800
SURVEY,2000,ALLEGHANY,CATTLE,"9,800"
SURVEY,2000,ALLEGHANY,CATTLE,"3,900"
SURVEY,2000,ASHE,CATTLE,"8,400"
SURVEY,2000,ASHE,CATTLE,300
SURVEY,2000,AVERY,CATTLE,800
SURVEY,2000,CALDWELL,CATTLE,"3,300"
SURVEY,2000,CALDWELL,CATTLE,"1,000"
SURVEY,2000,OTHER (COMBINED) COUNTIES,CATTLE,200
SURVEY,2000,SURRY,CATTLE,"10,800"
SURVEY,2000,SURRY,CATTLE,"1,200"
SURVEY,2000,WATAUGA,CATTLE,"4,000"
SURVEY,2000,WILKES,CATTLE,"16,500"
SURVEY,2000,WILKES,CATTLE,"1,300"
SURVEY,2000,YADKIN,CATTLE,"10,400"
SURVEY,2000,YADKIN,CATTLE,"3,100"
SURVEY,2000,ALAMANCE,CATTLE,"8,400"
SURVEY,2000,ALAMANCE,CATTLE,"2,400"
SURVEY,2000,CASWELL,CATTLE,"5,300"
SURVEY,2000,DURHAM,CATTLE,"1,500"
SURVEY,2000,FORSYTH,CATTLE,"3,500"
SURVEY,2000,FORSYTH,CATTLE,300
SURVEY,2000,FRANKLIN,CATTLE,"4,500"
SURVEY,2000,GRANVILLE,CATTLE,"6,200"
SURVEY,2000,GRANVILLE,CATTLE,"1,000"
SURVEY,2000,GUILFORD,CATTLE,"7,300"
SURVEY,2000,GUILFORD,CATTLE,"2,200"
SURVEY,2000,ORANGE,CATTLE,"7,300"
SURVEY,2000,ORANGE,CATTLE,"2,500"
SURVEY,2000,OTHER (COMBINED) COUNTIES,CATTLE,"2,700"
SURVEY,2000,PERSON,CATTLE,"3,900"
SURVEY,2000,ROCKINGHAM,CATTLE,"4,500"
SURVEY,2000,ROCKINGHAM,CATTLE,800
SURVEY,2000,STOKES,CATTLE,"4,200"
SURVEY,2000,VANCE,CATTLE,"1,100"
SURVEY,2000,WARREN,CATTLE,"4,300"
SURVEY,2000,WARREN,CATTLE,800
SURVEY,2000,BLADEN,CATTLE,"3,000"
SURVEY,2000,BRUNSWICK,CATTLE,"1,400"
SURVEY,2000,COLUMBUS,CATTLE,"4,300"
SURVEY,2000,CUMBERLAND,CATTLE,"2,900"
SURVEY,2000,DUPLIN,CATTLE,"9,600"
SURVEY,2000,HARNETT,CATTLE,"4,400"
SURVEY,2000,ONSLOW,CATTLE,"1,300"
SURVEY,2000,OTHER (COMBINED) COUNTIES,CATTLE,900
SURVEY,2000,OTHER (COMBINED) COUNTIES,CATTLE,900
SURVEY,2000,PENDER,CATTLE,"1,000"
SURVEY,2000,ROBESON,CATTLE,"3,000"
SURVEY,2000,SAMPSON,CATTLE,"9,200"
SURVEY,2000,SAMPSON,CATTLE,900
SURVEY,2000,SCOTLAND,CATTLE,"1,000"
SURVEY,2000,ANSON,CATTLE,"5,000"
SURVEY,2000,CABARRUS,CATTLE,"7,300"
SURVEY,2000,CABARRUS,CATTLE,600
SURVEY,2000,CLEVELAND,CATTLE,"14,400"
SURVEY,2000,CLEVELAND,CATTLE,700
SURVEY,2000,GASTON,CATTLE,"3,000"
SURVEY,2000,GASTON,CATTLE,"1,500"
SURVEY,2000,LINCOLN,CATTLE,"6,000"
SURVEY,2000,LINCOLN,CATTLE,"1,700"
SURVEY,2000,MECKLENBURG,CATTLE,"3,100"
SURVEY,2000,MECKLENBURG,CATTLE,"1,200"
SURVEY,2000,MONTGOMERY,CATTLE,"3,400"
SURVEY,2000,MOORE,CATTLE,"5,100"
SURVEY,2000,OTHER (COMBINED) COUNTIES,CATTLE,200
SURVEY,2000,RICHMOND,CATTLE,"1,700"
SURVEY,2000,STANLY,CATTLE,"11,200"
SURVEY,2000,STANLY,CATTLE,700
SURVEY,2000,UNION,CATTLE,"13,800"
SURVEY,2000,UNION,CATTLE,500
SURVEY,2000,BUNCOMBE,CATTLE,"7,500"
SURVEY,2000,BUNCOMBE,CATTLE,"2,400"
SURVEY,2000,BURKE,CATTLE,"3,200"
SURVEY,2000,CHEROKEE,CATTLE,"2,400"
SURVEY,2000,CLAY,CATTLE,"2,500"
SURVEY,2000,GRAHAM,CATTLE,600
SURVEY,2000,HAYWOOD,CATTLE,"8,500"
SURVEY,2000,HAYWOOD,CATTLE,"2,100"
SURVEY,2000,HENDERSON,CATTLE,"2,600"
SURVEY,2000,HENDERSON,CATTLE,"2,700"
SURVEY,2000,JACKSON,CATTLE,"1,500"
SURVEY,2000,MACON,CATTLE,"3,200"
SURVEY,2000,MACON,CATTLE,200
SURVEY,2000,MADISON,CATTLE,"5,800"
SURVEY,2000,MCDOWELL,CATTLE,"1,600"
SURVEY,2000,MCDOWELL,CATTLE,400
SURVEY,2000,MITCHELL,CATTLE,"1,300"
SURVEY,2000,OTHER (COMBINED) COUNTIES,CATTLE,"1,100"
SURVEY,2000,POLK,CATTLE,"1,000"
SURVEY,2000,POLK,CATTLE,200
SURVEY,2000,RUTHERFORD,CATTLE,"7,600"
SURVEY,2000,RUTHERFORD,CATTLE,400
SURVEY,2000,SWAIN,CATTLE,300
SURVEY,2000,TRANSYLVANIA,CATTLE,"1,200"
SURVEY,2000,YANCEY,CATTLE,"3,200"
SURVEY,2000,BEAUFORT,CORN,"43,500"
SURVEY,2000,BEAUFORT,CORN,"43,200"
SURVEY,2000,BEAUFORT,COTTON,"24,400"
SURVEY,2000,BEAUFORT,HAY,500
SURVEY,2000,BEAUFORT,OATS,"1,520"
SURVEY,2000,BEAUFORT,PEANUTS,240
SURVEY,2000,BEAUFORT,SORGHUM,200
SURVEY,2000,BEAUFORT,SOYBEANS,"63,000"
SURVEY,2000,BEAUFORT,TOBACCO,"3,020"
SURVEY,2000,BEAUFORT,WHEAT,"34,000"
SURVEY,2000,BEAUFORT,WHEAT,"34,000"
SURVEY,2000,CARTERET,CORN,"19,100"
SURVEY,2000,CARTERET,CORN,"19,000"
SURVEY,2000,CARTERET,COTTON,"5,700"
SURVEY,2000,CARTERET,HAY,200
SURVEY,2000,CARTERET,POTATOES,400
SURVEY,2000,CARTERET,SORGHUM,420
SURVEY,2000,CARTERET,SOYBEANS,"21,000"
SURVEY,2000,CARTERET,TOBACCO,440
SURVEY,2000,CARTERET,WHEAT,"5,900"
SURVEY,2000,CARTERET,WHEAT,"5,900"
SURVEY,2000,CRAVEN,CORN,"13,200"
SURVEY,2000,CRAVEN,CORN,"13,100"
SURVEY,2000,CRAVEN,COTTON,"20,200"
SURVEY,2000,CRAVEN,HAY,"1,200"
SURVEY,2000,CRAVEN,SOYBEANS,"18,000"
SURVEY,2000,CRAVEN,TOBACCO,"2,965"
SURVEY,2000,CRAVEN,WHEAT,"3,400"
SURVEY,2000,CRAVEN,WHEAT,"3,400"
SURVEY,2000,GREENE,CORN,"10,200"
SURVEY,2000,GREENE,CORN,"10,100"
SURVEY,2000,GREENE,COTTON,"22,200"
SURVEY,2000,GREENE,HAY,"2,450"
SURVEY,2000,GREENE,OATS,200
SURVEY,2000,GREENE,PEANUTS,65
SURVEY,2000,GREENE,SOYBEANS,"27,500"
SURVEY,2000,GREENE,SWEET POTATOES,700
SURVEY,2000,GREENE,TOBACCO,"4,635"
SURVEY,2000,GREENE,WHEAT,"5,400"
SURVEY,2000,GREENE,WHEAT,"5,400"
SURVEY,2000,HYDE,CORN,"25,800"
SURVEY,2000,HYDE,CORN,"25,600"
SURVEY,2000,HYDE,COTTON,"16,100"
SURVEY,2000,HYDE,HAY,300
SURVEY,2000,HYDE,POTATOES,250
SURVEY,2000,HYDE,SOYBEANS,"31,000"
SURVEY,2000,HYDE,WHEAT,"8,300"
SURVEY,2000,HYDE,WHEAT,"8,300"
SURVEY,2000,JOHNSTON,CORN,"7,400"
SURVEY,2000,JOHNSTON,CORN,"7,200"
SURVEY,2000,JOHNSTON,COTTON,"17,100"
SURVEY,2000,JOHNSTON,HAY,"9,500"
SURVEY,2000,JOHNSTON,OATS,"1,550"
SURVEY,2000,JOHNSTON,PEANUTS,60
SURVEY,2000,JOHNSTON,SOYBEANS,"57,000"
SURVEY,2000,JOHNSTON,SWEET POTATOES,"7,000"
SURVEY,2000,JOHNSTON,TOBACCO,"8,700"
SURVEY,2000,JOHNSTON,WHEAT,"9,000"
SURVEY,2000,JOHNSTON,WHEAT,"9,000"
SURVEY,2000,JONES,CORN,"7,400"
SURVEY,2000,JONES,CORN,"7,300"
SURVEY,2000,JONES,COTTON,"26,800"
SURVEY,2000,JONES,HAY,"1,400"
SURVEY,2000,JONES,SOYBEANS,"11,400"
SURVEY,2000,JONES,TOBACCO,"1,985"
SURVEY,2000,JONES,WHEAT,"6,300"
SURVEY,2000,JONES,WHEAT,"6,300"
SURVEY,2000,LENOIR,CORN,"17,700"
SURVEY,2000,LENOIR,CORN,"17,400"
SURVEY,2000,LENOIR,COTTON,"35,400"
SURVEY,2000,LENOIR,HAY,"2,550"
SURVEY,2000,LENOIR,SOYBEANS,"27,000"
SURVEY,2000,LENOIR,SWEET POTATOES,700
SURVEY,2000,LENOIR,TOBACCO,"5,525"
SURVEY,2000,LENOIR,WHEAT,"10,800"
SURVEY,2000,LENOIR,WHEAT,"10,800"
SURVEY,2000,OTHER (COMBINED) COUNTIES,BARLEY,300
SURVEY,2000,OTHER (COMBINED) COUNTIES,OATS,230
SURVEY,2000,OTHER (COMBINED) COUNTIES,PEANUTS,165
SURVEY,2000,OTHER (COMBINED) COUNTIES,POTATOES,350
SURVEY,2000,OTHER (COMBINED) COUNTIES,SORGHUM,880
SURVEY,2000,OTHER (COMBINED) COUNTIES,SWEET POTATOES,400
SURVEY,2000,PAMLICO,CORN,"9,400"
SURVEY,2000,PAMLICO,CORN,"9,300"
SURVEY,2000,PAMLICO,COTTON,"4,600"
SURVEY,2000,PAMLICO,HAY,300
SURVEY,2000,PAMLICO,POTATOES,"2,350"
SURVEY,2000,PAMLICO,SOYBEANS,"19,700"
SURVEY,2000,PAMLICO,TOBACCO,300
SURVEY,2000,PAMLICO,WHEAT,"9,500"
SURVEY,2000,PAMLICO,WHEAT,"9,500"
SURVEY,2000,PITT,CORN,"16,200"
SURVEY,2000,PITT,CORN,"16,100"
SURVEY,2000,PITT,COTTON,"44,700"
SURVEY,2000,PITT,HAY,"3,400"
SURVEY,2000,PITT,OATS,750
SURVEY,2000,PITT,PEANUTS,"4,400"
SURVEY,2000,PITT,SOYBEANS,"45,000"
SURVEY,2000,PITT,TOBACCO,"9,290"
SURVEY,2000,PITT,WHEAT,"9,500"
SURVEY,2000,PITT,WHEAT,"9,500"
SURVEY,2000,WAYNE,CORN,"21,100"
SURVEY,2000,WAYNE,CORN,"20,800"
SURVEY,2000,WAYNE,COTTON,"30,900"
SURVEY,2000,WAYNE,HAY,"7,000"
SURVEY,2000,WAYNE,OATS,760
SURVEY,2000,WAYNE,SOYBEANS,"56,800"
SURVEY,2000,WAYNE,SWEET POTATOES,"1,800"
SURVEY,2000,WAYNE,TOBACCO,"5,650"
SURVEY,2000,WAYNE,WHEAT,"20,900"
SURVEY,2000,WAYNE,WHEAT,"20,900"
SURVEY,2000,WILSON,CORN,"5,000"
SURVEY,2000,WILSON,CORN,"4,900"
SURVEY,2000,WILSON,COTTON,"26,900"
SURVEY,2000,WILSON,HAY,"1,700"
SURVEY,2000,WILSON,OATS,390
SURVEY,2000,WILSON,SOYBEANS,"34,600"
SURVEY,2000,WILSON,SWEET POTATOES,"4,400"
SURVEY,2000,WILSON,TOBACCO,"6,310"
SURVEY,2000,WILSON,WHEAT,"5,000"
SURVEY,2000,WILSON,WHEAT,"5,000"
SURVEY,2000,ALEXANDER,BARLEY,400
SURVEY,2000,ALEXANDER,CORN,"3,900"
SURVEY,2000,ALEXANDER,CORN,325
SURVEY,2000,ALEXANDER,HAY,"13,000"
SURVEY,2000,ALEXANDER,SOYBEANS,"1,000"
SURVEY,2000,ALEXANDER,TOBACCO,"625,000"
SURVEY,2000,ALEXANDER,WHEAT,800
SURVEY,2000,ALEXANDER,WHEAT,800
SURVEY,2000,CATAWBA,BARLEY,500
SURVEY,2000,CATAWBA,CORN,"3,200"
SURVEY,2000,CATAWBA,CORN,"1,600"
SURVEY,2000,CATAWBA,HAY,"12,900"
SURVEY,2000,CATAWBA,OATS,200
SURVEY,2000,CATAWBA,SOYBEANS,"4,800"
SURVEY,2000,CATAWBA,WHEAT,"3,500"
SURVEY,2000,CATAWBA,WHEAT,"3,500"
SURVEY,2000,CHATHAM,CORN,"2,500"
SURVEY,2000,CHATHAM,CORN,575
SURVEY,2000,CHATHAM,COTTON,425
SURVEY,2000,CHATHAM,HAY,"16,000"
SURVEY,2000,CHATHAM,OATS,300
SURVEY,2000,CHATHAM,SOYBEANS,"1,300"
SURVEY,2000,CHATHAM,TOBACCO,"1,306,000"
SURVEY,2000,CHATHAM,WHEAT,"1,400"
SURVEY,2000,CHATHAM,WHEAT,"1,400"
SURVEY,2000,DAVIDSON,BARLEY,"1,450"
SURVEY,2000,DAVIDSON,CORN,"5,200"
SURVEY,2000,DAVIDSON,CORN,"2,700"
SURVEY,2000,DAVIDSON,COTTON,650
SURVEY,2000,DAVIDSON,HAY,"17,200"
SURVEY,2000,DAVIDSON,OATS,700
SURVEY,2000,DAVIDSON,SOYBEANS,"5,900"
SURVEY,2000,DAVIDSON,TOBACCO,"1,875,000"
SURVEY,2000,DAVIDSON,WHEAT,"2,000"
SURVEY,2000,DAVIDSON,WHEAT,"2,000"
SURVEY,2000,DAVIE,BARLEY,700
SURVEY,2000,DAVIE,CORN,"4,000"
SURVEY,2000,DAVIE,CORN,"2,500"
SURVEY,2000,DAVIE,HAY,"12,600"
SURVEY,2000,DAVIE,SOYBEANS,"5,600"
SURVEY,2000,DAVIE,TOBACCO,"531,000"
SURVEY,2000,DAVIE,WHEAT,"3,000"
SURVEY,2000,DAVIE,WHEAT,"3,000"
SURVEY,2000,IREDELL,BARLEY,"1,750"
SURVEY,2000,IREDELL,CORN,"16,800"
SURVEY,2000,IREDELL,CORN,"3,000"
SURVEY,2000,IREDELL,COTTON,"1,100"
SURVEY,2000,IREDELL,HAY,"32,000"
SURVEY,2000,IREDELL,OATS,200
SURVEY,2000,IREDELL,SOYBEANS,"8,500"
SURVEY,2000,IREDELL,TOBACCO,"539,000"
SURVEY,2000,IREDELL,WHEAT,"3,900"
SURVEY,2000,IREDELL,WHEAT,"3,900"
SURVEY,2000,LEE,CORN,400
SURVEY,2000,LEE,CORN,400
SURVEY,2000,LEE,COTTON,"4,050"
SURVEY,2000,LEE,HAY,"2,200"
SURVEY,2000,LEE,OATS,350
SURVEY,2000,LEE,SOYBEANS,"2,800"
SURVEY,2000,LEE,TOBACCO,"1,335"
SURVEY,2000,LEE,WHEAT,"1,400"
SURVEY,2000,LEE,WHEAT,"1,400"
SURVEY,2000,OTHER (COMBINED) COUNTIES,BARLEY,200
SURVEY,2000,OTHER (COMBINED) COUNTIES,COTTON,75
SURVEY,2000,OTHER (COMBINED) COUNTIES,OATS,220
SURVEY,2000,OTHER (COMBINED) COUNTIES,SORGHUM,900
SURVEY,2000,OTHER (COMBINED) COUNTIES,SWEET POTATOES,200
SURVEY,2000,OTHER (COMBINED) COUNTIES,TOBACCO,"2,000"
SURVEY,2000,RANDOLPH,BARLEY,300
SURVEY,2000,RANDOLPH,CORN,"7,500"
SURVEY,2000,RANDOLPH,CORN,"2,900"
SURVEY,2000,RANDOLPH,HAY,"21,200"
SURVEY,2000,RANDOLPH,OATS,600
SURVEY,2000,RANDOLPH,SOYBEANS,"7,600"
SURVEY,2000,RANDOLPH,TOBACCO,"2,024,000"
SURVEY,2000,RANDOLPH,WHEAT,"3,500"
SURVEY,2000,RANDOLPH,WHEAT,"3,500"
SURVEY,2000,ROWAN,BARLEY,"2,200"
SURVEY,2000,ROWAN,CORN,"7,900"
SURVEY,2000,ROWAN,CORN,"4,800"
SURVEY,2000,ROWAN,COTTON,"1,000"
SURVEY,2000,ROWAN,HAY,"20,900"
SURVEY,2000,ROWAN,SOYBEANS,"12,700"
SURVEY,2000,ROWAN,WHEAT,"6,000"
SURVEY,2000,ROWAN,WHEAT,"6,000"
SURVEY,2000,WAKE,CORN,400
SURVEY,2000,WAKE,CORN,200
SURVEY,2000,WAKE,COTTON,200
SURVEY,2000,WAKE,HAY,"5,000"
SURVEY,2000,WAKE,OATS,"1,730"
SURVEY,2000,WAKE,SOYBEANS,"14,800"
SURVEY,2000,WAKE,SWEET POTATOES,500
SURVEY,2000,WAKE,TOBACCO,"6,205"
SURVEY,2000,WAKE,WHEAT,"4,500"
SURVEY,2000,WAKE,WHEAT,"4,500"
SURVEY,2000,BERTIE,CORN,"18,800"
SURVEY,2000,BERTIE,CORN,"18,700"
SURVEY,2000,BERTIE,COTTON,"36,700"
SURVEY,2000,BERTIE,HAY,200
SURVEY,2000,BERTIE,PEANUTS,"16,930"
SURVEY,2000,BERTIE,SORGHUM,430
SURVEY,2000,BERTIE,SOYBEANS,"12,900"
SURVEY,2000,BERTIE,TOBACCO,"1,925"
SURVEY,2000,BERTIE,WHEAT,"2,200"
SURVEY,2000,BERTIE,WHEAT,"2,200"
SURVEY,2000,CAMDEN,CORN,"15,600"
SURVEY,2000,CAMDEN,CORN,"15,500"
SURVEY,2000,CAMDEN,COTTON,"1,500"
SURVEY,2000,CAMDEN,POTATOES,"2,900"
SURVEY,2000,CAMDEN,SORGHUM,200
SURVEY,2000,CAMDEN,SOYBEANS,"25,500"
SURVEY,2000,CAMDEN,WHEAT,"10,300"
SURVEY,2000,CAMDEN,WHEAT,"10,300"
SURVEY,2000,CHOWAN,CORN,"3,400"
SURVEY,2000,CHOWAN,CORN,"3,400"
SURVEY,2000,CHOWAN,COTTON,"21,800"
SURVEY,2000,CHOWAN,HAY,200
SURVEY,2000,CHOWAN,PEANUTS,"5,760"
SURVEY,2000,CHOWAN,SORGHUM,400
SURVEY,2000,CHOWAN,SOYBEANS,"6,000"
SURVEY,2000,CHOWAN,SWEET POTATOES,300
SURVEY,2000,CHOWAN,TOBACCO,160
SURVEY,2000,CHOWAN,WHEAT,"1,600"
SURVEY,2000,CHOWAN,WHEAT,"1,600"
SURVEY,2000,CURRITUCK,CORN,"12,800"
SURVEY,2000,CURRITUCK,CORN,"12,700"
SURVEY,2000,CURRITUCK,COTTON,900
SURVEY,2000,CURRITUCK,HAY,200
SURVEY,2000,CURRITUCK,PEANUTS,80
SURVEY,2000,CURRITUCK,POTATOES,900
SURVEY,2000,CURRITUCK,SORGHUM,200
SURVEY,2000,CURRITUCK,SOYBEANS,"16,000"
SURVEY,2000,CURRITUCK,WHEAT,"9,200"
SURVEY,2000,CURRITUCK,WHEAT,"9,200"
SURVEY,2000,DARE,SOYBEANS,900
SURVEY,2000,EDGECOMBE,CORN,"12,400"
SURVEY,2000,EDGECOMBE,CORN,"12,200"
SURVEY,2000,EDGECOMBE,COTTON,"56,500"
SURVEY,2000,EDGECOMBE,HAY,"2,450"
SURVEY,2000,EDGECOMBE,OATS,610
SURVEY,2000,EDGECOMBE,PEANUTS,"12,310"
SURVEY,2000,EDGECOMBE,SORGHUM,200
SURVEY,2000,EDGECOMBE,SOYBEANS,"20,000"
SURVEY,2000,EDGECOMBE,SWEET POTATOES,"2,700"
SURVEY,2000,EDGECOMBE,TOBACCO,"4,355"
SURVEY,2000,EDGECOMBE,WHEAT,"4,000"
SURVEY,2000,EDGECOMBE,WHEAT,"4,000"
SURVEY,2000,GATES,CORN,"5,100"
SURVEY,2000,GATES,CORN,"5,100"
SURVEY,2000,GATES,COTTON,"21,600"
SURVEY,2000,GATES,HAY,800
SURVEY,2000,GATES,PEANUTS,"6,270"
SURVEY,2000,GATES,SORGHUM,400
SURVEY,2000,GATES,SOYBEANS,"9,500"
SURVEY,2000,GATES,TOBACCO,70
SURVEY,2000,GATES,WHEAT,"1,200"
SURVEY,2000,GATES,WHEAT,"1,200"
SURVEY,2000,HALIFAX,CORN,"4,600"
SURVEY,2000,HALIFAX,CORN,"4,100"
SURVEY,2000,HALIFAX,COTTON,"60,800"
SURVEY,2000,HALIFAX,HAY,"4,300"
SURVEY,2000,HALIFAX,PEANUTS,"20,220"
SURVEY,2000,HALIFAX,SORGHUM,200
SURVEY,2000,HALIFAX,SOYBEANS,"12,000"
SURVEY,2000,HALIFAX,SWEET POTATOES,500
SURVEY,2000,HALIFAX,TOBACCO,"2,000"
SURVEY,2000,HALIFAX,WHEAT,"3,100"
SURVEY,2000,HALIFAX,WHEAT,"3,100"
SURVEY,2000,HERTFORD,CORN,"8,300"
SURVEY,2000,HERTFORD,CORN,"8,200"
SURVEY,2000,HERTFORD,COTTON,"18,100"
SURVEY,2000,HERTFORD,HAY,600
SURVEY,2000,HERTFORD,PEANUTS,"10,515"
SURVEY,2000,HERTFORD,SOYBEANS,"8,500"
SURVEY,2000,HERTFORD,TOBACCO,"1,140"
SURVEY,2000,HERTFORD,WHEAT,"1,100"
SURVEY,2000,HERTFORD,WHEAT,"1,100"
SURVEY,2000,MARTIN,CORN,"4,400"
SURVEY,2000,MARTIN,CORN,"4,400"
SURVEY,2000,MARTIN,COTTON,"48,300"
SURVEY,2000,MARTIN,HAY,"1,150"
SURVEY,2000,MARTIN,PEANUTS,"13,165"
SURVEY,2000,MARTIN,SOYBEANS,"7,200"
SURVEY,2000,MARTIN,TOBACCO,"2,950"
SURVEY,2000,MARTIN,WHEAT,"1,800"
SURVEY,2000,MARTIN,WHEAT,"1,800"
SURVEY,2000,NASH,CORN,"1,800"
SURVEY,2000,NASH,CORN,"1,600"
SURVEY,2000,NASH,COTTON,"22,800"
SURVEY,2000,NASH,HAY,"6,650"
SURVEY,2000,NASH,OATS,330
SURVEY,2000,NASH,PEANUTS,"2,805"
SURVEY,2000,NASH,SOYBEANS,"27,500"
SURVEY,2000,NASH,SWEET POTATOES,"6,100"
SURVEY,2000,NASH,TOBACCO,"6,880"
SURVEY,2000,NASH,WHEAT,"7,300"
SURVEY,2000,NASH,WHEAT,"7,300"
SURVEY,2000,NORTHAMPTON,CORN,"2,400"
SURVEY,2000,NORTHAMPTON,CORN,"2,300"
SURVEY,2000,NORTHAMPTON,COTTON,"58,500"
SURVEY,2000,NORTHAMPTON,HAY,"1,400"
SURVEY,2000,NORTHAMPTON,PEANUTS,"20,255"
SURVEY,2000,NORTHAMPTON,SOYBEANS,"6,700"
SURVEY,2000,NORTHAMPTON,TOBACCO,150
SURVEY,2000,NORTHAMPTON,WHEAT,"1,200"
SURVEY,2000,NORTHAMPTON,WHEAT,"1,200"
SURVEY,2000,OTHER (COMBINED) COUNTIES,BARLEY,500
SURVEY,2000,OTHER (COMBINED) COUNTIES,HAY,200
SURVEY,2000,OTHER (COMBINED) COUNTIES,OATS,690
SURVEY,2000,OTHER (COMBINED) COUNTIES,PEANUTS,45
SURVEY,2000,OTHER (COMBINED) COUNTIES,POTATOES,200
SURVEY,2000,OTHER (COMBINED) COUNTIES,SORGHUM,320
SURVEY,2000,OTHER (COMBINED) COUNTIES,SWEET POTATOES,100
SURVEY,2000,PASQUOTANK,CORN,"18,500"
SURVEY,2000,PASQUOTANK,CORN,"18,400"
SURVEY,2000,PASQUOTANK,COTTON,"5,600"
SURVEY,2000,PASQUOTANK,OATS,330
SURVEY,2000,PASQUOTANK,PEANUTS,105
SURVEY,2000,PASQUOTANK,POTATOES,"4,150"
SURVEY,2000,PASQUOTANK,SORGHUM,"3,050"
SURVEY,2000,PASQUOTANK,SOYBEANS,"45,000"
SURVEY,2000,PASQUOTANK,WHEAT,"20,000"
SURVEY,2000,PASQUOTANK,WHEAT,"20,000"
SURVEY,2000,PERQUIMANS,CORN,"12,900"
SURVEY,2000,PERQUIMANS,CORN,"12,800"
SURVEY,2000,PERQUIMANS,COTTON,"21,600"
SURVEY,2000,PERQUIMANS,HAY,400
SURVEY,2000,PERQUIMANS,OATS,270
SURVEY,2000,PERQUIMANS,PEANUTS,"2,825"
SURVEY,2000,PERQUIMANS,SORGHUM,500
SURVEY,2000,PERQUIMANS,SOYBEANS,"29,800"
SURVEY,2000,PERQUIMANS,WHEAT,"11,000"
SURVEY,2000,PERQUIMANS,WHEAT,"11,000"
SURVEY,2000,TYRRELL,CORN,"26,000"
SURVEY,2000,TYRRELL,CORN,"25,800"
SURVEY,2000,TYRRELL,COTTON,"4,900"
SURVEY,2000,TYRRELL,HAY,200
SURVEY,2000,TYRRELL,OATS,570
SURVEY,2000,TYRRELL,POTATOES,"2,150"
SURVEY,2000,TYRRELL,SOYBEANS,"33,500"
SURVEY,2000,TYRRELL,WHEAT,"18,000"
SURVEY,2000,TYRRELL,WHEAT,"18,000"
SURVEY,2000,WASHINGTON,CORN,"25,000"
SURVEY,2000,WASHINGTON,CORN,"24,800"
SURVEY,2000,WASHINGTON,COTTON,"12,400"
SURVEY,2000,WASHINGTON,HAY,"1,250"
SURVEY,2000,WASHINGTON,PEANUTS,"2,455"
SURVEY,2000,WASHINGTON,POTATOES,"2,500"
SURVEY,2000,WASHINGTON,SOYBEANS,"34,000"
SURVEY,2000,WASHINGTON,TOBACCO,260
SURVEY,2000,WASHINGTON,WHEAT,"19,000"
SURVEY,2000,WASHINGTON,WHEAT,"19,000"
SURVEY,2000,ALLEGHANY,CORN,"3,000"
SURVEY,2000,ALLEGHANY,HAY,"14,100"
SURVEY,2000,ALLEGHANY,TOBACCO,245
SURVEY,2000,ASHE,HAY,"11,200"
SURVEY,2000,ASHE,TOBACCO,675
SURVEY,2000,AVERY,HAY,"1,500"
SURVEY,2000,AVERY,TOBACCO,100
SURVEY,2000,CALDWELL,CORN,"1,400"
SURVEY,2000,CALDWELL,CORN,650
SURVEY,2000,CALDWELL,HAY,"6,000"
SURVEY,2000,CALDWELL,SOYBEANS,700
SURVEY,2000,CALDWELL,TOBACCO,"249,000"
SURVEY,2000,CALDWELL,WHEAT,500
SURVEY,2000,CALDWELL,WHEAT,500
SURVEY,2000,OTHER (COMBINED) COUNTIES,BARLEY,310
SURVEY,2000,OTHER (COMBINED) COUNTIES,CORN,400
SURVEY,2000,OTHER (COMBINED) COUNTIES,CORN,50
SURVEY,2000,OTHER (COMBINED) COUNTIES,OATS,200
SURVEY,2000,OTHER (COMBINED) COUNTIES,SORGHUM,100
SURVEY,2000,SURRY,BARLEY,"1,040"
SURVEY,2000,SURRY,CORN,"5,500"
SURVEY,2000,SURRY,CORN,"4,000"
SURVEY,2000,SURRY,HAY,"19,600"
SURVEY,2000,SURRY,SOYBEANS,"8,000"
SURVEY,2000,SURRY,TOBACCO,"7,950,000"
SURVEY,2000,SURRY,WHEAT,"2,300"
SURVEY,2000,SURRY,WHEAT,"2,300"
SURVEY,2000,WATAUGA,HAY,"6,800"
SURVEY,2000,WATAUGA,TOBACCO,550
SURVEY,2000,WILKES,CORN,"7,300"
SURVEY,2000,WILKES,CORN,"1,800"
SURVEY,2000,WILKES,HAY,"25,000"
SURVEY,2000,WILKES,SOYBEANS,400
SURVEY,2000,WILKES,TOBACCO,"1,003,000"
SURVEY,2000,WILKES,WHEAT,300
SURVEY,2000,WILKES,WHEAT,300
SURVEY,2000,YADKIN,BARLEY,"1,350"
SURVEY,2000,YADKIN,CORN,"11,600"
SURVEY,2000,YADKIN,CORN,"6,500"
SURVEY,2000,YADKIN,HAY,"17,300"
SURVEY,2000,YADKIN,OATS,300
SURVEY,2000,YADKIN,SOYBEANS,"13,100"
SURVEY,2000,YADKIN,TOBACCO,"5,545,000"
SURVEY,2000,YADKIN,WHEAT,"4,900"
SURVEY,2000,YADKIN,WHEAT,"4,900"
SURVEY,2000,ALAMANCE,CORN,"5,000"
SURVEY,2000,ALAMANCE,CORN,"3,000"
SURVEY,2000,ALAMANCE,HAY,"16,000"
SURVEY,2000,ALAMANCE,OATS,400
SURVEY,2000,ALAMANCE,SOYBEANS,"2,300"
SURVEY,2000,ALAMANCE,TOBACCO,"3,694,000"
SURVEY,2000,ALAMANCE,WHEAT,"3,200"
SURVEY,2000,ALAMANCE,WHEAT,"3,200"
SURVEY,2000,CASWELL,CORN,"1,150"
SURVEY,2000,CASWELL,CORN,850
SURVEY,2000,CASWELL,HAY,"13,000"
SURVEY,2000,CASWELL,OATS,300
SURVEY,2000,CASWELL,SORGHUM,220
SURVEY,2000,CASWELL,SOYBEANS,"1,200"
SURVEY,2000,CASWELL,TOBACCO,"6,535,000"
SURVEY,2000,CASWELL,WHEAT,"2,400"
SURVEY,2000,CASWELL,WHEAT,"2,400"
SURVEY,2000,DURHAM,HAY,"3,100"
SURVEY,2000,DURHAM,SOYBEANS,600
SURVEY,2000,DURHAM,TOBACCO,"1,821,000"
SURVEY,2000,DURHAM,WHEAT,600
SURVEY,2000,DURHAM,WHEAT,600
SURVEY,2000,FORSYTH,CORN,"1,050"
SURVEY,2000,FORSYTH,CORN,650
SURVEY,2000,FORSYTH,HAY,"7,800"
SURVEY,2000,FORSYTH,OATS,200
SURVEY,2000,FORSYTH,SOYBEANS,"3,400"
SURVEY,2000,FORSYTH,TOBACCO,"2,769,000"
SURVEY,2000,FORSYTH,WHEAT,"1,400"
SURVEY,2000,FORSYTH,WHEAT,"1,400"
SURVEY,2000,FRANKLIN,BARLEY,220
SURVEY,2000,FRANKLIN,CORN,"2,250"
SURVEY,2000,FRANKLIN,CORN,950
SURVEY,2000,FRANKLIN,COTTON,300
SURVEY,2000,FRANKLIN,HAY,"7,900"
SURVEY,2000,FRANKLIN,OATS,750
SURVEY,2000,FRANKLIN,SORGHUM,250
SURVEY,2000,FRANKLIN,SOYBEANS,"16,000"
SURVEY,2000,FRANKLIN,TOBACCO,"10,418,000"
SURVEY,2000,FRANKLIN,WHEAT,"5,900"
SURVEY,2000,FRANKLIN,WHEAT,"5,900"
SURVEY,2000,GRANVILLE,CORN,"1,700"
SURVEY,2000,GRANVILLE,CORN,900
SURVEY,2000,GRANVILLE,HAY,"13,400"
SURVEY,2000,GRANVILLE,OATS,530
SURVEY,2000,GRANVILLE,SOYBEANS,"2,900"
SURVEY,2000,GRANVILLE,TOBACCO,"10,661,000"
SURVEY,2000,GRANVILLE,WHEAT,"3,600"
SURVEY,2000,GRANVILLE,WHEAT,"3,600"
SURVEY,2000,GUILFORD,BARLEY,500
SURVEY,2000,GUILFORD,CORN,"7,300"
SURVEY,2000,GUILFORD,CORN,"5,100"
SURVEY,2000,GUILFORD,HAY,"16,800"
SURVEY,2000,GUILFORD,OATS,700
SURVEY,2000,GUILFORD,SOYBEANS,"5,900"
SURVEY,2000,GUILFORD,TOBACCO,"5,873,000"
SURVEY,2000,GUILFORD,WHEAT,"6,800"
SURVEY,2000,GUILFORD,WHEAT,"6,800"
SURVEY,2000,ORANGE,BARLEY,380
SURVEY,2000,ORANGE,CORN,"4,000"
SURVEY,2000,ORANGE,CORN,"1,000"
SURVEY,2000,ORANGE,HAY,"14,100"
SURVEY,2000,ORANGE,OATS,200
SURVEY,2000,ORANGE,SOYBEANS,"2,600"
SURVEY,2000,ORANGE,TOBACCO,"2,665,000"
SURVEY,2000,ORANGE,WHEAT,"1,800"
SURVEY,2000,ORANGE,WHEAT,"1,800"
SURVEY,2000,OTHER (COMBINED) COUNTIES,BARLEY,320
SURVEY,2000,OTHER (COMBINED) COUNTIES,CORN,200
SURVEY,2000,OTHER (COMBINED) COUNTIES,CORN,100
SURVEY,2000,OTHER (COMBINED) COUNTIES,OATS,330
SURVEY,2000,OTHER (COMBINED) COUNTIES,SORGHUM,"1,130"
SURVEY,2000,OTHER (COMBINED) COUNTIES,SWEET POTATOES,300
SURVEY,2000,PERSON,CORN,"2,400"
SURVEY,2000,PERSON,CORN,"1,900"
SURVEY,2000,PERSON,HAY,"9,100"
SURVEY,2000,PERSON,OATS,300
SURVEY,2000,PERSON,SOYBEANS,"7,000"
SURVEY,2000,PERSON,TOBACCO,"7,735,000"
SURVEY,2000,PERSON,WHEAT,"5,700"
SURVEY,2000,PERSON,WHEAT,"5,700"
SURVEY,2000,ROCKINGHAM,BARLEY,350
SURVEY,2000,ROCKINGHAM,CORN,"3,000"
SURVEY,2000,ROCKINGHAM,CORN,"1,700"
SURVEY,2000,ROCKINGHAM,HAY,"12,000"
SURVEY,2000,ROCKINGHAM,OATS,340
SURVEY,2000,ROCKINGHAM,SOYBEANS,"2,900"
SURVEY,2000,ROCKINGHAM,TOBACCO,"8,527,000"
SURVEY,2000,ROCKINGHAM,WHEAT,"5,200"
SURVEY,2000,ROCKINGHAM,WHEAT,"5,200"
SURVEY,2000,STOKES,CORN,"1,600"
SURVEY,2000,STOKES,CORN,800
SURVEY,2000,STOKES,HAY,"11,100"
SURVEY,2000,STOKES,SOYBEANS,"1,700"
SURVEY,2000,STOKES,TOBACCO,"7,156,000"
SURVEY,2000,STOKES,WHEAT,"1,200"
SURVEY,2000,STOKES,WHEAT,"1,200"
SURVEY,2000,VANCE,HAY,"2,700"
SURVEY,2000,VANCE,SOYBEANS,"6,500"
SURVEY,2000,VANCE,TOBACCO,"6,529,000"
SURVEY,2000,VANCE,WHEAT,"3,700"
SURVEY,2000,VANCE,WHEAT,"3,700"
SURVEY,2000,WARREN,BARLEY,230
SURVEY,2000,WARREN,CORN,"1,250"
SURVEY,2000,WARREN,CORN,450
SURVEY,2000,WARREN,COTTON,400
SURVEY,2000,WARREN,HAY,"7,000"
SURVEY,2000,WARREN,OATS,750
SURVEY,2000,WARREN,SORGHUM,200
SURVEY,2000,WARREN,SOYBEANS,"7,000"
SURVEY,2000,WARREN,TOBACCO,"3,968,000"
SURVEY,2000,WARREN,WHEAT,"3,500"
SURVEY,2000,WARREN,WHEAT,"3,500"
SURVEY,2000,BLADEN,CORN,"19,700"
SURVEY,2000,BLADEN,CORN,"19,600"
SURVEY,2000,BLADEN,COTTON,"12,400"
SURVEY,2000,BLADEN,HAY,"7,000"
SURVEY,2000,BLADEN,OATS,400
SURVEY,2000,BLADEN,PEANUTS,"2,930"
SURVEY,2000,BLADEN,SOYBEANS,"25,400"
SURVEY,2000,BLADEN,TOBACCO,"2,435"
SURVEY,2000,BLADEN,WHEAT,"5,000"
SURVEY,2000,BLADEN,WHEAT,"5,000"
SURVEY,2000,BRUNSWICK,CORN,"5,200"
SURVEY,2000,BRUNSWICK,CORN,"5,100"
SURVEY,2000,BRUNSWICK,COTTON,700
SURVEY,2000,BRUNSWICK,HAY,"2,000"
SURVEY,2000,BRUNSWICK,SOYBEANS,"9,700"
SURVEY,2000,BRUNSWICK,TOBACCO,"1,150"
SURVEY,2000,BRUNSWICK,WHEAT,"1,200"
SURVEY,2000,BRUNSWICK,WHEAT,"1,200"
SURVEY,2000,COLUMBUS,CORN,"26,800"
SURVEY,2000,COLUMBUS,CORN,"26,600"
SURVEY,2000,COLUMBUS,COTTON,"4,700"
SURVEY,2000,COLUMBUS,HAY,"5,400"
SURVEY,2000,COLUMBUS,OATS,800
SURVEY,2000,COLUMBUS,PEANUTS,645
SURVEY,2000,COLUMBUS,POTATOES,300
SURVEY,2000,COLUMBUS,SOYBEANS,"60,400"
SURVEY,2000,COLUMBUS,SWEET POTATOES,"1,400"
SURVEY,2000,COLUMBUS,TOBACCO,"6,485"
SURVEY,2000,COLUMBUS,WHEAT,"11,400"
SURVEY,2000,COLUMBUS,WHEAT,"11,400"
SURVEY,2000,CUMBERLAND,CORN,"8,700"
SURVEY,2000,CUMBERLAND,CORN,"8,600"
SURVEY,2000,CUMBERLAND,COTTON,"14,300"
SURVEY,2000,CUMBERLAND,HAY,"5,600"
SURVEY,2000,CUMBERLAND,OATS,"1,130"
SURVEY,2000,CUMBERLAND,PEANUTS,120
SURVEY,2000,CUMBERLAND,SOYBEANS,"19,100"
SURVEY,2000,CUMBERLAND,SWEET POTATOES,"1,500"
SURVEY,2000,CUMBERLAND,TOBACCO,"1,725"
SURVEY,2000,CUMBERLAND,WHEAT,"4,500"
SURVEY,2000,CUMBERLAND,WHEAT,"4,500"
SURVEY,2000,DUPLIN,CORN,"34,500"
SURVEY,2000,DUPLIN,CORN,"34,000"
SURVEY,2000,DUPLIN,COTTON,"24,500"
SURVEY,2000,DUPLIN,HAY,"22,500"
SURVEY,2000,DUPLIN,OATS,600
SURVEY,2000,DUPLIN,SOYBEANS,"50,400"
SURVEY,2000,DUPLIN,SWEET POTATOES,"1,100"
SURVEY,2000,DUPLIN,TOBACCO,"5,650"
SURVEY,2000,DUPLIN,WHEAT,"19,000"
SURVEY,2000,DUPLIN,WHEAT,"19,000"
SURVEY,2000,HARNETT,BARLEY,590
SURVEY,2000,HARNETT,CORN,"3,800"
SURVEY,2000,HARNETT,CORN,"3,300"
SURVEY,2000,HARNETT,COTTON,"17,900"
SURVEY,2000,HARNETT,HAY,"4,150"
SURVEY,2000,HARNETT,OATS,700
SURVEY,2000,HARNETT,SOYBEANS,"25,100"
SURVEY,2000,HARNETT,SWEET POTATOES,"1,700"
SURVEY,2000,HARNETT,TOBACCO,"5,580"
SURVEY,2000,HARNETT,WHEAT,"4,100"
SURVEY,2000,HARNETT,WHEAT,"4,100"
SURVEY,2000,HOKE,CORN,"1,400"
SURVEY,2000,HOKE,CORN,"1,400"
SURVEY,2000,HOKE,COTTON,"20,800"
SURVEY,2000,HOKE,HAY,"2,300"
SURVEY,2000,HOKE,OATS,300
SURVEY,2000,HOKE,SOYBEANS,"8,500"
SURVEY,2000,HOKE,TOBACCO,850
SURVEY,2000,HOKE,WHEAT,"3,100"
SURVEY,2000,HOKE,WHEAT,"3,100"
SURVEY,2000,NEW HANOVER,SOYBEANS,"1,000"
SURVEY,2000,NEW HANOVER,TOBACCO,60
SURVEY,2000,ONSLOW,CORN,"10,700"
SURVEY,2000,ONSLOW,CORN,"10,600"
SURVEY,2000,ONSLOW,COTTON,"7,100"
SURVEY,2000,ONSLOW,HAY,"2,500"
SURVEY,2000,ONSLOW,SOYBEANS,"14,800"
SURVEY,2000,ONSLOW,TOBACCO,"2,035"
SURVEY,2000,ONSLOW,WHEAT,"3,800"
SURVEY,2000,ONSLOW,WHEAT,"3,800"
SURVEY,2000,OTHER (COMBINED) COUNTIES,BARLEY,160
SURVEY,2000,OTHER (COMBINED) COUNTIES,CORN,100
SURVEY,2000,OTHER (COMBINED) COUNTIES,CORN,100
SURVEY,2000,OTHER (COMBINED) COUNTIES,HAY,100
SURVEY,2000,OTHER (COMBINED) COUNTIES,OATS,170
SURVEY,2000,OTHER (COMBINED) COUNTIES,POTATOES,150
SURVEY,2000,OTHER (COMBINED) COUNTIES,SORGHUM,400
SURVEY,2000,OTHER (COMBINED) COUNTIES,SWEET POTATOES,600
SURVEY,2000,PENDER,CORN,"10,100"
SURVEY,2000,PENDER,CORN,"10,000"
SURVEY,2000,PENDER,COTTON,"1,800"
SURVEY,2000,PENDER,HAY,"1,900"
SURVEY,2000,PENDER,PEANUTS,305
SURVEY,2000,PENDER,SOYBEANS,"19,000"
SURVEY,2000,PENDER,TOBACCO,"1,130"
SURVEY,2000,PENDER,WHEAT,"4,300"
SURVEY,2000,PENDER,WHEAT,"4,300"
SURVEY,2000,ROBESON,CORN,"34,800"
SURVEY,2000,ROBESON,CORN,"34,600"
SURVEY,2000,ROBESON,COTTON,"34,900"
SURVEY,2000,ROBESON,HAY,"6,750"
SURVEY,2000,ROBESON,OATS,"1,160"
SURVEY,2000,ROBESON,PEANUTS,90
SURVEY,2000,ROBESON,SOYBEANS,"110,200"
SURVEY,2000,ROBESON,TOBACCO,"7,925"
SURVEY,2000,ROBESON,WHEAT,"37,000"
SURVEY,2000,ROBESON,WHEAT,"37,000"
SURVEY,2000,SAMPSON,BARLEY,350
SURVEY,2000,SAMPSON,CORN,"22,300"
SURVEY,2000,SAMPSON,CORN,"21,200"
SURVEY,2000,SAMPSON,COTTON,"56,900"
SURVEY,2000,SAMPSON,HAY,"21,200"
SURVEY,2000,SAMPSON,OATS,700
SURVEY,2000,SAMPSON,PEANUTS,240
SURVEY,2000,SAMPSON,SOYBEANS,"56,500"
SURVEY,2000,SAMPSON,SWEET POTATOES,"4,500"
SURVEY,2000,SAMPSON,TOBACCO,"5,825"
SURVEY,2000,SAMPSON,WHEAT,"23,000"
SURVEY,2000,SAMPSON,WHEAT,"23,000"
SURVEY,2000,SCOTLAND,CORN,900
SURVEY,2000,SCOTLAND,CORN,900
SURVEY,2000,SCOTLAND,COTTON,"19,000"
SURVEY,2000,SCOTLAND,HAY,"2,100"
SURVEY,2000,SCOTLAND,OATS,240
SURVEY,2000,SCOTLAND,SOYBEANS,"7,900"
SURVEY,2000,SCOTLAND,TOBACCO,430
SURVEY,2000,SCOTLAND,WHEAT,"2,600"
SURVEY,2000,SCOTLAND,WHEAT,"2,600"
SURVEY,2000,ANSON,CORN,"5,800"
SURVEY,2000,ANSON,CORN,"5,600"
SURVEY,2000,ANSON,COTTON,"4,900"
SURVEY,2000,ANSON,HAY,"4,700"
SURVEY,2000,ANSON,OATS,500
SURVEY,2000,ANSON,SOYBEANS,"9,600"
SURVEY,2000,ANSON,TOBACCO,110
SURVEY,2000,ANSON,WHEAT,"3,600"
SURVEY,2000,ANSON,WHEAT,"3,600"
SURVEY,2000,CABARRUS,BARLEY,700
SURVEY,2000,CABARRUS,CORN,"4,200"
SURVEY,2000,CABARRUS,CORN,"3,000"
SURVEY,2000,CABARRUS,COTTON,450
SURVEY,2000,CABARRUS,HAY,"10,300"
SURVEY,2000,CABARRUS,OATS,800
SURVEY,2000,CABARRUS,SORGHUM,200
SURVEY,2000,CABARRUS,SOYBEANS,"6,400"
SURVEY,2000,CABARRUS,WHEAT,"2,300"
SURVEY,2000,CABARRUS,WHEAT,"2,300"
SURVEY,2000,CLEVELAND,BARLEY,750
SURVEY,2000,CLEVELAND,CORN,"2,200"
SURVEY,2000,CLEVELAND,CORN,400
SURVEY,2000,CLEVELAND,COTTON,"2,800"
SURVEY,2000,CLEVELAND,HAY,"13,800"
SURVEY,2000,CLEVELAND,OATS,700
SURVEY,2000,CLEVELAND,SOYBEANS,"7,900"
SURVEY,2000,CLEVELAND,WHEAT,"5,400"
SURVEY,2000,CLEVELAND,WHEAT,"5,400"
SURVEY,2000,GASTON,HAY,"6,000"
SURVEY,2000,GASTON,SOYBEANS,400
SURVEY,2000,GASTON,WHEAT,600
SURVEY,2000,GASTON,WHEAT,600
SURVEY,2000,LINCOLN,BARLEY,900
SURVEY,2000,LINCOLN,CORN,"2,700"
SURVEY,2000,LINCOLN,CORN,900
SURVEY,2000,LINCOLN,HAY,"12,000"
SURVEY,2000,LINCOLN,OATS,600
SURVEY,2000,LINCOLN,SOYBEANS,"5,500"
SURVEY,2000,LINCOLN,WHEAT,"3,300"
SURVEY,2000,LINCOLN,WHEAT,"3,300"
SURVEY,2000,MECKLENBURG,CORN,"1,300"
SURVEY,2000,MECKLENBURG,CORN,600
SURVEY,2000,MECKLENBURG,HAY,"6,000"
SURVEY,2000,MECKLENBURG,SOYBEANS,"1,500"
SURVEY,2000,MECKLENBURG,WHEAT,"1,600"
SURVEY,2000,MECKLENBURG,WHEAT,"1,600"
SURVEY,2000,MONTGOMERY,CORN,600
SURVEY,2000,MONTGOMERY,CORN,600
SURVEY,2000,MONTGOMERY,COTTON,"1,200"
SURVEY,2000,MONTGOMERY,HAY,"3,800"
SURVEY,2000,MONTGOMERY,SOYBEANS,800
SURVEY,2000,MONTGOMERY,TOBACCO,260
SURVEY,2000,MONTGOMERY,WHEAT,400
SURVEY,2000,MONTGOMERY,WHEAT,400
SURVEY,2000,MOORE,CORN,500
SURVEY,2000,MOORE,CORN,500
SURVEY,2000,MOORE,COTTON,750
SURVEY,2000,MOORE,HAY,"6,800"
SURVEY,2000,MOORE,OATS,200
SURVEY,2000,MOORE,SOYBEANS,"3,000"
SURVEY,2000,MOORE,TOBACCO,"1,535"
SURVEY,2000,MOORE,WHEAT,900
SURVEY,2000,MOORE,WHEAT,900
SURVEY,2000,OTHER (COMBINED) COUNTIES,BARLEY,250
SURVEY,2000,OTHER (COMBINED) COUNTIES,CORN,"1,800"
SURVEY,2000,OTHER (COMBINED) COUNTIES,CORN,50
SURVEY,2000,OTHER (COMBINED) COUNTIES,OATS,500
SURVEY,2000,OTHER (COMBINED) COUNTIES,SORGHUM,800
SURVEY,2000,OTHER (COMBINED) COUNTIES,SWEET POTATOES,400
SURVEY,2000,RICHMOND,CORN,900
SURVEY,2000,RICHMOND,CORN,850
SURVEY,2000,RICHMOND,COTTON,"3,500"
SURVEY,2000,RICHMOND,HAY,"3,300"
SURVEY,2000,RICHMOND,SOYBEANS,"2,200"
SURVEY,2000,RICHMOND,TOBACCO,565
SURVEY,2000,RICHMOND,WHEAT,600
SURVEY,2000,RICHMOND,WHEAT,600
SURVEY,2000,STANLY,BARLEY,650
SURVEY,2000,STANLY,CORN,"10,000"
SURVEY,2000,STANLY,CORN,"9,200"
SURVEY,2000,STANLY,COTTON,"12,300"
SURVEY,2000,STANLY,HAY,"11,800"
SURVEY,2000,STANLY,OATS,900
SURVEY,2000,STANLY,SOYBEANS,"12,900"
SURVEY,2000,STANLY,WHEAT,"6,300"
SURVEY,2000,STANLY,WHEAT,"6,300"
SURVEY,2000,UNION,BARLEY,350
SURVEY,2000,UNION,CORN,"25,400"
SURVEY,2000,UNION,CORN,"24,300"
SURVEY,2000,UNION,COTTON,"8,400"
SURVEY,2000,UNION,HAY,"16,500"
SURVEY,2000,UNION,OATS,"1,400"
SURVEY,2000,UNION,SORGHUM,300
SURVEY,2000,UNION,SOYBEANS,"45,800"
SURVEY,2000,UNION,WHEAT,"33,000"
SURVEY,2000,UNION,WHEAT,"33,000"
SURVEY,2000,BUNCOMBE,CORN,"2,150"
SURVEY,2000,BUNCOMBE,HAY,"14,000"
SURVEY,2000,BUNCOMBE,TOBACCO,"1,190"
SURVEY,2000,BURKE,CORN,"1,200"
SURVEY,2000,BURKE,CORN,900
SURVEY,2000,BURKE,HAY,"8,300"
SURVEY,2000,BURKE,SOYBEANS,250
SURVEY,2000,CHEROKEE,CORN,925
SURVEY,2000,CHEROKEE,CORN,600
SURVEY,2000,CHEROKEE,HAY,"3,400"
SURVEY,2000,CHEROKEE,SOYBEANS,250
SURVEY,2000,CHEROKEE,TOBACCO,55
SURVEY,2000,CLAY,CORN,425
SURVEY,2000,CLAY,CORN,275
SURVEY,2000,CLAY,HAY,"3,500"
SURVEY,2000,CLAY,SOYBEANS,200
SURVEY,2000,CLAY,TOBACCO,70
SURVEY,2000,GRAHAM,HAY,800
SURVEY,2000,GRAHAM,TOBACCO,110
SURVEY,2000,HAYWOOD,CORN,"2,450"
SURVEY,2000,HAYWOOD,HAY,"8,000"
SURVEY,2000,HAYWOOD,TOBACCO,805
SURVEY,2000,HENDERSON,CORN,"4,900"
SURVEY,2000,HENDERSON,CORN,"1,350"
SURVEY,2000,HENDERSON,HAY,"6,800"
SURVEY,2000,HENDERSON,TOBACCO,20
SURVEY,2000,JACKSON,HAY,"1,400"
SURVEY,2000,JACKSON,TOBACCO,25
SURVEY,2000,MACON,CORN,415
SURVEY,2000,MACON,HAY,"5,000"
SURVEY,2000,MACON,TOBACCO,40
SURVEY,2000,MADISON,CORN,320
SURVEY,2000,MADISON,HAY,"6,200"
SURVEY,2000,MADISON,TOBACCO,"2,180"
SURVEY,2000,MCDOWELL,CORN,750
SURVEY,2000,MCDOWELL,CORN,350
SURVEY,2000,MCDOWELL,HAY,"3,200"
SURVEY,2000,MCDOWELL,SOYBEANS,350
SURVEY,2000,MITCHELL,HAY,"3,100"
SURVEY,2000,MITCHELL,TOBACCO,355
SURVEY,2000,OTHER (COMBINED) COUNTIES,BARLEY,300
SURVEY,2000,OTHER (COMBINED) COUNTIES,CORN,525
SURVEY,2000,OTHER (COMBINED) COUNTIES,CORN,300
SURVEY,2000,OTHER (COMBINED) COUNTIES,OATS,400
SURVEY,2000,OTHER (COMBINED) COUNTIES,SORGHUM,100
SURVEY,2000,OTHER (COMBINED) COUNTIES,SOYBEANS,150
SURVEY,2000,OTHER (COMBINED) COUNTIES,TOBACCO,5
SURVEY,2000,OTHER (COMBINED) COUNTIES,WHEAT,500
SURVEY,2000,OTHER (COMBINED) COUNTIES,WHEAT,500
SURVEY,2000,POLK,HAY,"4,100"
SURVEY,2000,RUTHERFORD,CORN,425
SURVEY,2000,RUTHERFORD,CORN,225
SURVEY,2000,RUTHERFORD,COTTON,500
SURVEY,2000,RUTHERFORD,HAY,"17,600"
SURVEY,2000,RUTHERFORD,SOYBEANS,600
SURVEY,2000,RUTHERFORD,WHEAT,500
SURVEY,2000,RUTHERFORD,WHEAT,500
SURVEY,2000,SWAIN,HAY,700
SURVEY,2000,SWAIN,TOBACCO,25
SURVEY,2000,TRANSYLVANIA,CORN,"1,000"
SURVEY,2000,TRANSYLVANIA,CORN,600
SURVEY,2000,TRANSYLVANIA,HAY,"3,100"
SURVEY,2000,TRANSYLVANIA,TOBACCO,25
SURVEY,2000,YANCEY,CORN,215
SURVEY,2000,YANCEY,HAY,"3,300"
SURVEY,2000,YANCEY,TOBACCO,925