GEOID,NAME,lat,lon,year,state_name,commodity_desc,statisticcat_desc,unit_desc,Value
37037,Chatham County,35.7049939,-79.2514542,1996,NORTH CAROLINA,CORN,PRODUCTION,BU,122000
37037,Chatham County,35.7049939,-79.2514542,1996,NORTH CAROLINA,CORN,PRODUCTION,TONS,20700
37037,Chatham County,35.7049939,-79.2514542,1996,NORTH CAROLINA,HAY,PRODUCTION,TONS,35500
37037,Chatham County,35.7049939,-79.2514542,1996,NORTH CAROLINA,OATS,PRODUCTION,BU,23000
37037,Chatham County,35.7049939,-79.2514542,1996,NORTH CAROLINA,POTATOES,PRODUCTION,CWT,100
37037,Chatham County,35.7049939,-79.2514542,1996,NORTH CAROLINA,SORGHUM,PRODUCTION,BU,2700
37037,Chatham County,35.7049939,-79.2514542,1996,NORTH CAROLINA,SOYBEANS,PRODUCTION,BU,53000
37037,Chatham County,35.7049939,-79.2514542,1996,NORTH CAROLINA,TOBACCO,PRODUCTION,LB,1740000
37037,Chatham County,35.7049939,-79.2514542,1996,NORTH CAROLINA,WHEAT,PRODUCTION,BU,35000
37037,Chatham County,35.7049939,-79.2514542,1996,NORTH CAROLINA,WHEAT,PRODUCTION,BU,35000
37037,Chatham County,35.7049939,-79.2514542,1997,NORTH CAROLINA,BARLEY,PRODUCTION,BU,4791
37037,Chatham County,35.7049939,-79.2514542,1997,NORTH CAROLINA,BARLEY,PRODUCTION,BU,10800
37037,Chatham County,35.7049939,-79.2514542,1997,NORTH CAROLINA,CORN,PRODUCTION,BU,82789
37037,Chatham County,35.7049939,-79.2514542,1997,NORTH CAROLINA,CORN,PRODUCTION,TONS,18567
37037,Chatham County,35.7049939,-79.2514542,1997,NORTH CAROLINA,CORN,PRODUCTION,BU,104000
37037,Chatham County,35.7049939,-79.2514542,1997,NORTH CAROLINA,CORN,PRODUCTION,TONS,22000
37037,Chatham County,35.7049939,-79.2514542,1997,NORTH CAROLINA,GRASSES,PRODUCTION,LB,12400
37037,Chatham County,35.7049939,-79.2514542,1997,NORTH CAROLINA,HAY,PRODUCTION,TONS,831
37037,Chatham County,35.7049939,-79.2514542,1997,NORTH CAROLINA,HAY,PRODUCTION,TONS,2173
37037,Chatham County,35.7049939,-79.2514542,1997,NORTH CAROLINA,HAY,PRODUCTION,TONS,30468
37037,Chatham County,35.7049939,-79.2514542,1997,NORTH CAROLINA,HAY,PRODUCTION,TONS,1776
37037,Chatham County,35.7049939,-79.2514542,1997,NORTH CAROLINA,HAY,PRODUCTION,TONS,37400
37037,Chatham County,35.7049939,-79.2514542,1997,NORTH CAROLINA,HAYLAGE,PRODUCTION,TONS,3465
37037,Chatham County,35.7049939,-79.2514542,1997,NORTH CAROLINA,OATS,PRODUCTION,BU,5840
37037,Chatham County,35.7049939,-79.2514542,1997,NORTH CAROLINA,OATS,PRODUCTION,BU,11000
37037,Chatham County,35.7049939,-79.2514542,1997,NORTH CAROLINA,POTATOES,PRODUCTION,CWT,NA
37037,Chatham County,35.7049939,-79.2514542,1997,NORTH CAROLINA,SORGHUM,PRODUCTION,BU,5200
37037,Chatham County,35.7049939,-79.2514542,1997,NORTH CAROLINA,SOYBEANS,PRODUCTION,BU,34011
37037,Chatham County,35.7049939,-79.2514542,1997,NORTH CAROLINA,SOYBEANS,PRODUCTION,BU,39000
37037,Chatham County,35.7049939,-79.2514542,1997,NORTH CAROLINA,TOBACCO,PRODUCTION,LB,1450895
37037,Chatham County,35.7049939,-79.2514542,1997,NORTH CAROLINA,TOBACCO,PRODUCTION,LB,2000000
37037,Chatham County,35.7049939,-79.2514542,1997,NORTH CAROLINA,WHEAT,PRODUCTION,BU,31420
37037,Chatham County,35.7049939,-79.2514542,1997,NORTH CAROLINA,WHEAT,PRODUCTION,BU,42000
37037,Chatham County,35.7049939,-79.2514542,1997,NORTH CAROLINA,WHEAT,PRODUCTION,BU,42000
37037,Chatham County,35.7049939,-79.2514542,1997,NORTH CAROLINA,WOOL,PRODUCTION,LB,1294
37037,Chatham County,35.7049939,-79.2514542,1997,NORTH CAROLINA,WOOL,PRODUCTION,OPERATIONS,8
37037,Chatham County,35.7049939,-79.2514542,1998,NORTH CAROLINA,BARLEY,PRODUCTION,BU,11400
37037,Chatham County,35.7049939,-79.2514542,1998,NORTH CAROLINA,CORN,PRODUCTION,BU,102000
37037,Chatham County,35.7049939,-79.2514542,1998,NORTH CAROLINA,CORN,PRODUCTION,TONS,15000
37037,Chatham County,35.7049939,-79.2514542,1998,NORTH CAROLINA,HAY,PRODUCTION,TONS,35700
37037,Chatham County,35.7049939,-79.2514542,1998,NORTH CAROLINA,SOYBEANS,PRODUCTION,BU,23200
37037,Chatham County,35.7049939,-79.2514542,1998,NORTH CAROLINA,TOBACCO,PRODUCTION,LB,1881000
37037,Chatham County,35.7049939,-79.2514542,1998,NORTH CAROLINA,WHEAT,PRODUCTION,BU,39000
37037,Chatham County,35.7049939,-79.2514542,1998,NORTH CAROLINA,WHEAT,PRODUCTION,BU,39000
37037,Chatham County,35.7049939,-79.2514542,1999,NORTH CAROLINA,CORN,PRODUCTION,BU,45000
37037,Chatham County,35.7049939,-79.2514542,1999,NORTH CAROLINA,CORN,PRODUCTION,TONS,25200
37037,Chatham County,35.7049939,-79.2514542,1999,NORTH CAROLINA,COTTON,PRODUCTION,480 LB BALES,400
37037,Chatham County,35.7049939,-79.2514542,1999,NORTH CAROLINA,HAY,PRODUCTION,TONS,36600
37037,Chatham County,35.7049939,-79.2514542,1999,NORTH CAROLINA,SOYBEANS,PRODUCTION,BU,28000
37037,Chatham County,35.7049939,-79.2514542,1999,NORTH CAROLINA,TOBACCO,PRODUCTION,LB,1583000
37037,Chatham County,35.7049939,-79.2514542,1999,NORTH CAROLINA,WHEAT,PRODUCTION,BU,52000
37037,Chatham County,35.7049939,-79.2514542,1999,NORTH CAROLINA,WHEAT,PRODUCTION,BU,52000
37037,Chatham County,35.7049939,-79.2514542,2000,NORTH CAROLINA,CORN,PRODUCTION,BU,52000
37037,Chatham County,35.7049939,-79.2514542,2000,NORTH CAROLINA,CORN,PRODUCTION,TONS,27000
37037,Chatham County,35.7049939,-79.2514542,2000,NORTH CAROLINA,COTTON,PRODUCTION,480 LB BALES,625
37037,Chatham County,35.7049939,-79.2514542,2000,NORTH CAROLINA,HAY,PRODUCTION,TONS,42700
37037,Chatham County,35.7049939,-79.2514542,2000,NORTH CAROLINA,OATS,PRODUCTION,BU,20000
37037,Chatham County,35.7049939,-79.2514542,2000,NORTH CAROLINA,SOYBEANS,PRODUCTION,BU,40000
37037,Chatham County,35.7049939,-79.2514542,2000,NORTH CAROLINA,TOBACCO,PRODUCTION,LB,1306000
37037,Chatham County,35.7049939,-79.2514542,2000,NORTH CAROLINA,WHEAT,PRODUCTION,BU,63000
37037,Chatham County,35.7049939,-79.2514542,2000,NORTH CAROLINA,WHEAT,PRODUCTION,BU,63000
37001,Alamance County,36.0439535,-79.4005733,1996,NORTH CAROLINA,CORN,PRODUCTION,BU,245000
37001,Alamance County,36.0439535,-79.4005733,1996,NORTH CAROLINA,CORN,PRODUCTION,TONS,39700
37001,Alamance County,36.0439535,-79.4005733,1996,NORTH CAROLINA,HAY,PRODUCTION,TONS,26600
37001,Alamance County,36.0439535,-79.4005733,1996,NORTH CAROLINA,OATS,PRODUCTION,BU,11200
37001,Alamance County,36.0439535,-79.4005733,1996,NORTH CAROLINA,POTATOES,PRODUCTION,CWT,1000
37001,Alamance County,36.0439535,-79.4005733,1996,NORTH CAROLINA,SORGHUM,PRODUCTION,BU,3400
37001,Alamance County,36.0439535,-79.4005733,1996,NORTH CAROLINA,SOYBEANS,PRODUCTION,BU,146000
37001,Alamance County,36.0439535,-79.4005733,1996,NORTH CAROLINA,TOBACCO,PRODUCTION,LB,5411000
37001,Alamance County,36.0439535,-79.4005733,1996,NORTH CAROLINA,WHEAT,PRODUCTION,BU,98000
37001,Alamance County,36.0439535,-79.4005733,1996,NORTH CAROLINA,WHEAT,PRODUCTION,BU,98000
37001,Alamance County,36.0439535,-79.4005733,1997,NORTH CAROLINA,BARLEY,PRODUCTION,BU,11250
37001,Alamance County,36.0439535,-79.4005733,1997,NORTH CAROLINA,BARLEY,PRODUCTION,BU,12400
37001,Alamance County,36.0439535,-79.4005733,1997,NORTH CAROLINA,CORN,PRODUCTION,BU,245033
37001,Alamance County,36.0439535,-79.4005733,1997,NORTH CAROLINA,CORN,PRODUCTION,TONS,24236
37001,Alamance County,36.0439535,-79.4005733,1997,NORTH CAROLINA,CORN,PRODUCTION,BU,275000
37001,Alamance County,36.0439535,-79.4005733,1997,NORTH CAROLINA,CORN,PRODUCTION,TONS,30000
37001,Alamance County,36.0439535,-79.4005733,1997,NORTH CAROLINA,HAY,PRODUCTION,TONS,1160
37001,Alamance County,36.0439535,-79.4005733,1997,NORTH CAROLINA,HAY,PRODUCTION,TONS,1508
37001,Alamance County,36.0439535,-79.4005733,1997,NORTH CAROLINA,HAY,PRODUCTION,TONS,21105
37001,Alamance County,36.0439535,-79.4005733,1997,NORTH CAROLINA,HAY,PRODUCTION,TONS,1099
37001,Alamance County,36.0439535,-79.4005733,1997,NORTH CAROLINA,HAY,PRODUCTION,TONS,27300
37001,Alamance County,36.0439535,-79.4005733,1997,NORTH CAROLINA,HAYLAGE,PRODUCTION,TONS,1863
37001,Alamance County,36.0439535,-79.4005733,1997,NORTH CAROLINA,OATS,PRODUCTION,BU,27900
37001,Alamance County,36.0439535,-79.4005733,1997,NORTH CAROLINA,OATS,PRODUCTION,BU,33000
37001,Alamance County,36.0439535,-79.4005733,1997,NORTH CAROLINA,SORGHUM,PRODUCTION,BU,4100
37001,Alamance County,36.0439535,-79.4005733,1997,NORTH CAROLINA,SORGHUM,PRODUCTION,BU,4500
37001,Alamance County,36.0439535,-79.4005733,1997,NORTH CAROLINA,SOYBEANS,PRODUCTION,BU,69865
37001,Alamance County,36.0439535,-79.4005733,1997,NORTH CAROLINA,SOYBEANS,PRODUCTION,BU,82000
37001,Alamance County,36.0439535,-79.4005733,1997,NORTH CAROLINA,TOBACCO,PRODUCTION,LB,6562373
37001,Alamance County,36.0439535,-79.4005733,1997,NORTH CAROLINA,TOBACCO,PRODUCTION,LB,6541000
37001,Alamance County,36.0439535,-79.4005733,1997,NORTH CAROLINA,WHEAT,PRODUCTION,BU,127892
37001,Alamance County,36.0439535,-79.4005733,1997,NORTH CAROLINA,WHEAT,PRODUCTION,BU,147000
37001,Alamance County,36.0439535,-79.4005733,1997,NORTH CAROLINA,WHEAT,PRODUCTION,BU,147000
37001,Alamance County,36.0439535,-79.4005733,1997,NORTH CAROLINA,WOOL,PRODUCTION,LB,244
37001,Alamance County,36.0439535,-79.4005733,1997,NORTH CAROLINA,WOOL,PRODUCTION,OPERATIONS,6
37001,Alamance County,36.0439535,-79.4005733,1998,NORTH CAROLINA,CORN,PRODUCTION,BU,112000
37001,Alamance County,36.0439535,-79.4005733,1998,NORTH CAROLINA,CORN,PRODUCTION,TONS,22400
37001,Alamance County,36.0439535,-79.4005733,1998,NORTH CAROLINA,HAY,PRODUCTION,TONS,37300
37001,Alamance County,36.0439535,-79.4005733,1998,NORTH CAROLINA,OATS,PRODUCTION,BU,16000
37001,Alamance County,36.0439535,-79.4005733,1998,NORTH CAROLINA,SOYBEANS,PRODUCTION,BU,51400
37001,Alamance County,36.0439535,-79.4005733,1998,NORTH CAROLINA,TOBACCO,PRODUCTION,LB,5309000
37001,Alamance County,36.0439535,-79.4005733,1998,NORTH CAROLINA,WHEAT,PRODUCTION,BU,158500
37001,Alamance County,36.0439535,-79.4005733,1998,NORTH CAROLINA,WHEAT,PRODUCTION,BU,158500
37001,Alamance County,36.0439535,-79.4005733,1999,NORTH CAROLINA,CORN,PRODUCTION,BU,144000
37001,Alamance County,36.0439535,-79.4005733,1999,NORTH CAROLINA,CORN,PRODUCTION,TONS,30400
37001,Alamance County,36.0439535,-79.4005733,1999,NORTH CAROLINA,HAY,PRODUCTION,TONS,34600
37001,Alamance County,36.0439535,-79.4005733,1999,NORTH CAROLINA,OATS,PRODUCTION,BU,19000
37001,Alamance County,36.0439535,-79.4005733,1999,NORTH CAROLINA,SOYBEANS,PRODUCTION,BU,42000
37001,Alamance County,36.0439535,-79.4005733,1999,NORTH CAROLINA,TOBACCO,PRODUCTION,LB,4678000
37001,Alamance County,36.0439535,-79.4005733,1999,NORTH CAROLINA,WHEAT,PRODUCTION,BU,200000
37001,Alamance County,36.0439535,-79.4005733,1999,NORTH CAROLINA,WHEAT,PRODUCTION,BU,200000
37001,Alamance County,36.0439535,-79.4005733,2000,NORTH CAROLINA,CORN,PRODUCTION,BU,334000
37001,Alamance County,36.0439535,-79.4005733,2000,NORTH CAROLINA,CORN,PRODUCTION,TONS,37200
37001,Alamance County,36.0439535,-79.4005733,2000,NORTH CAROLINA,HAY,PRODUCTION,TONS,38100
37001,Alamance County,36.0439535,-79.4005733,2000,NORTH CAROLINA,OATS,PRODUCTION,BU,28000
37001,Alamance County,36.0439535,-79.4005733,2000,NORTH CAROLINA,SOYBEANS,PRODUCTION,BU,78000
37001,Alamance County,36.0439535,-79.4005733,2000,NORTH CAROLINA,TOBACCO,PRODUCTION,LB,3694000
37001,Alamance County,36.0439535,-79.4005733,2000,NORTH CAROLINA,WHEAT,PRODUCTION,BU,170000
37001,Alamance County,36.0439535,-79.4005733,2000,NORTH CAROLINA,WHEAT,PRODUCTION,BU,170000
37057,Davidson County,35.7951312,-80.207107,1996,NORTH CAROLINA,BARLEY,PRODUCTION,BU,101000
37057,Davidson County,35.7951312,-80.207107,1996,NORTH CAROLINA,CORN,PRODUCTION,BU,410000
37057,Davidson County,35.7951312,-80.207107,1996,NORTH CAROLINA,CORN,PRODUCTION,TONS,28000
37057,Davidson County,35.7951312,-80.207107,1996,NORTH CAROLINA,COTTON,PRODUCTION,480 LB BALES,620
37057,Davidson County,35.7951312,-80.207107,1996,NORTH CAROLINA,HAY,PRODUCTION,TONS,35000
37057,Davidson County,35.7951312,-80.207107,1996,NORTH CAROLINA,OATS,PRODUCTION,BU,20000
37057,Davidson County,35.7951312,-80.207107,1996,NORTH CAROLINA,POTATOES,PRODUCTION,CWT,1000
37057,Davidson County,35.7951312,-80.207107,1996,NORTH CAROLINA,SORGHUM,PRODUCTION,BU,15000
37057,Davidson County,35.7951312,-80.207107,1996,NORTH CAROLINA,SOYBEANS,PRODUCTION,BU,199000
37057,Davidson County,35.7951312,-80.207107,1996,NORTH CAROLINA,TOBACCO,PRODUCTION,LB,3306000
37057,Davidson County,35.7951312,-80.207107,1996,NORTH CAROLINA,WHEAT,PRODUCTION,BU,91000
37057,Davidson County,35.7951312,-80.207107,1996,NORTH CAROLINA,WHEAT,PRODUCTION,BU,91000
37057,Davidson County,35.7951312,-80.207107,1997,NORTH CAROLINA,BARLEY,PRODUCTION,BU,80485
37057,Davidson County,35.7951312,-80.207107,1997,NORTH CAROLINA,BARLEY,PRODUCTION,BU,103500
37057,Davidson County,35.7951312,-80.207107,1997,NORTH CAROLINA,CORN,PRODUCTION,BU,378663
37057,Davidson County,35.7951312,-80.207107,1997,NORTH CAROLINA,CORN,PRODUCTION,TONS,24981
37057,Davidson County,35.7951312,-80.207107,1997,NORTH CAROLINA,CORN,PRODUCTION,BU,457000
37057,Davidson County,35.7951312,-80.207107,1997,NORTH CAROLINA,CORN,PRODUCTION,TONS,32000
37057,Davidson County,35.7951312,-80.207107,1997,NORTH CAROLINA,COTTON,PRODUCTION,480 LB BALES,500
37057,Davidson County,35.7951312,-80.207107,1997,NORTH CAROLINA,GRASSES,PRODUCTION,LB,5950
37057,Davidson County,35.7951312,-80.207107,1997,NORTH CAROLINA,HAY,PRODUCTION,TONS,2169
37057,Davidson County,35.7951312,-80.207107,1997,NORTH CAROLINA,HAY,PRODUCTION,TONS,2006
37057,Davidson County,35.7951312,-80.207107,1997,NORTH CAROLINA,HAY,PRODUCTION,TONS,24357
37057,Davidson County,35.7951312,-80.207107,1997,NORTH CAROLINA,HAY,PRODUCTION,TONS,1640
37057,Davidson County,35.7951312,-80.207107,1997,NORTH CAROLINA,HAY,PRODUCTION,TONS,32000
37057,Davidson County,35.7951312,-80.207107,1997,NORTH CAROLINA,HAYLAGE,PRODUCTION,TONS,4395
37057,Davidson County,35.7951312,-80.207107,1997,NORTH CAROLINA,OATS,PRODUCTION,BU,29060
37057,Davidson County,35.7951312,-80.207107,1997,NORTH CAROLINA,OATS,PRODUCTION,BU,28000
37057,Davidson County,35.7951312,-80.207107,1997,NORTH CAROLINA,POTATOES,PRODUCTION,CWT,489
37057,Davidson County,35.7951312,-80.207107,1997,NORTH CAROLINA,RYE,PRODUCTION,BU,1362
37057,Davidson County,35.7951312,-80.207107,1997,NORTH CAROLINA,SORGHUM,PRODUCTION,BU,1350
37057,Davidson County,35.7951312,-80.207107,1997,NORTH CAROLINA,SORGHUM,PRODUCTION,BU,6800
37057,Davidson County,35.7951312,-80.207107,1997,NORTH CAROLINA,SOYBEANS,PRODUCTION,BU,159507
37057,Davidson County,35.7951312,-80.207107,1997,NORTH CAROLINA,SOYBEANS,PRODUCTION,BU,182000
37057,Davidson County,35.7951312,-80.207107,1997,NORTH CAROLINA,SWEET POTATOES,PRODUCTION,CWT,4192
37057,Davidson County,35.7951312,-80.207107,1997,NORTH CAROLINA,TOBACCO,PRODUCTION,LB,4066764
37057,Davidson County,35.7951312,-80.207107,1997,NORTH CAROLINA,TOBACCO,PRODUCTION,LB,4014000
37057,Davidson County,35.7951312,-80.207107,1997,NORTH CAROLINA,WHEAT,PRODUCTION,BU,103929
37057,Davidson County,35.7951312,-80.207107,1997,NORTH CAROLINA,WHEAT,PRODUCTION,BU,154000
37057,Davidson County,35.7951312,-80.207107,1997,NORTH CAROLINA,WHEAT,PRODUCTION,BU,154000
37057,Davidson County,35.7951312,-80.207107,1997,NORTH CAROLINA,WOOL,PRODUCTION,LB,294
37057,Davidson County,35.7951312,-80.207107,1997,NORTH CAROLINA,WOOL,PRODUCTION,OPERATIONS,8
37057,Davidson County,35.7951312,-80.207107,1998,NORTH CAROLINA,BARLEY,PRODUCTION,BU,92600
37057,Davidson County,35.7951312,-80.207107,1998,NORTH CAROLINA,CORN,PRODUCTION,BU,318000
37057,Davidson County,35.7951312,-80.207107,1998,NORTH CAROLINA,CORN,PRODUCTION,TONS,13100
37057,Davidson County,35.7951312,-80.207107,1998,NORTH CAROLINA,COTTON,PRODUCTION,480 LB BALES,600
37057,Davidson County,35.7951312,-80.207107,1998,NORTH CAROLINA,HAY,PRODUCTION,TONS,33000
37057,Davidson County,35.7951312,-80.207107,1998,NORTH CAROLINA,OATS,PRODUCTION,BU,25000
37057,Davidson County,35.7951312,-80.207107,1998,NORTH CAROLINA,SOYBEANS,PRODUCTION,BU,92500
37057,Davidson County,35.7951312,-80.207107,1998,NORTH CAROLINA,TOBACCO,PRODUCTION,LB,3194000
37057,Davidson County,35.7951312,-80.207107,1998,NORTH CAROLINA,WHEAT,PRODUCTION,BU,157000
37057,Davidson County,35.7951312,-80.207107,1998,NORTH CAROLINA,WHEAT,PRODUCTION,BU,157000
37057,Davidson County,35.7951312,-80.207107,1999,NORTH CAROLINA,BARLEY,PRODUCTION,BU,98100
37057,Davidson County,35.7951312,-80.207107,1999,NORTH CAROLINA,CORN,PRODUCTION,BU,201000
37057,Davidson County,35.7951312,-80.207107,1999,NORTH CAROLINA,CORN,PRODUCTION,TONS,29900
37057,Davidson County,35.7951312,-80.207107,1999,NORTH CAROLINA,COTTON,PRODUCTION,480 LB BALES,700
37057,Davidson County,35.7951312,-80.207107,1999,NORTH CAROLINA,HAY,PRODUCTION,TONS,34100
37057,Davidson County,35.7951312,-80.207107,1999,NORTH CAROLINA,OATS,PRODUCTION,BU,30000
37057,Davidson County,35.7951312,-80.207107,1999,NORTH CAROLINA,SOYBEANS,PRODUCTION,BU,131000
37057,Davidson County,35.7951312,-80.207107,1999,NORTH CAROLINA,TOBACCO,PRODUCTION,LB,2991000
37057,Davidson County,35.7951312,-80.207107,1999,NORTH CAROLINA,WHEAT,PRODUCTION,BU,135000
37057,Davidson County,35.7951312,-80.207107,1999,NORTH CAROLINA,WHEAT,PRODUCTION,BU,135000
37057,Davidson County,35.7951312,-80.207107,2000,NORTH CAROLINA,BARLEY,PRODUCTION,BU,144000
37057,Davidson County,35.7951312,-80.207107,2000,NORTH CAROLINA,CORN,PRODUCTION,BU,219000
37057,Davidson County,35.7951312,-80.207107,2000,NORTH CAROLINA,CORN,PRODUCTION,TONS,29800
37057,Davidson County,35.7951312,-80.207107,2000,NORTH CAROLINA,COTTON,PRODUCTION,480 LB BALES,975
37057,Davidson County,35.7951312,-80.207107,2000,NORTH CAROLINA,HAY,PRODUCTION,TONS,38800
37057,Davidson County,35.7951312,-80.207107,2000,NORTH CAROLINA,OATS,PRODUCTION,BU,43000
37057,Davidson County,35.7951312,-80.207107,2000,NORTH CAROLINA,SOYBEANS,PRODUCTION,BU,187000
37057,Davidson County,35.7951312,-80.207107,2000,NORTH CAROLINA,TOBACCO,PRODUCTION,LB,1875000
37057,Davidson County,35.7951312,-80.207107,2000,NORTH CAROLINA,WHEAT,PRODUCTION,BU,102000
37057,Davidson County,35.7951312,-80.207107,2000,NORTH CAROLINA,WHEAT,PRODUCTION,BU,102000
37069,Franklin County,36.0882466,-78.2830821,1996,NORTH CAROLINA,BARLEY,PRODUCTION,BU,18000
37069,Franklin County,36.0882466,-78.2830821,1996,NORTH CAROLINA,CORN,PRODUCTION,BU,154000
37069,Franklin County,36.0882466,-78.2830821,1996,NORTH CAROLINA,CORN,PRODUCTION,TONS,19100
37069,Franklin County,36.0882466,-78.2830821,1996,NORTH CAROLINA,COTTON,PRODUCTION,480 LB BALES,540
37069,Franklin County,36.0882466,-78.2830821,1996,NORTH CAROLINA,HAY,PRODUCTION,TONS,13600
37069,Franklin County,36.0882466,-78.2830821,1996,NORTH CAROLINA,OATS,PRODUCTION,BU,23000
37069,Franklin County,36.0882466,-78.2830821,1996,NORTH CAROLINA,SORGHUM,PRODUCTION,BU,5300
37069,Franklin County,36.0882466,-78.2830821,1996,NORTH CAROLINA,SOYBEANS,PRODUCTION,BU,457000
37069,Franklin County,36.0882466,-78.2830821,1996,NORTH CAROLINA,SWEET POTATOES,PRODUCTION,CWT,9500
37069,Franklin County,36.0882466,-78.2830821,1996,NORTH CAROLINA,TOBACCO,PRODUCTION,LB,13349000
37069,Franklin County,36.0882466,-78.2830821,1996,NORTH CAROLINA,WHEAT,PRODUCTION,BU,341000
37069,Franklin County,36.0882466,-78.2830821,1996,NORTH CAROLINA,WHEAT,PRODUCTION,BU,341000
37069,Franklin County,36.0882466,-78.2830821,1997,NORTH CAROLINA,BARLEY,PRODUCTION,BU,17440
37069,Franklin County,36.0882466,-78.2830821,1997,NORTH CAROLINA,BARLEY,PRODUCTION,BU,20700
37069,Franklin County,36.0882466,-78.2830821,1997,NORTH CAROLINA,CORN,PRODUCTION,BU,179585
37069,Franklin County,36.0882466,-78.2830821,1997,NORTH CAROLINA,CORN,PRODUCTION,TONS,15446
37069,Franklin County,36.0882466,-78.2830821,1997,NORTH CAROLINA,CORN,PRODUCTION,BU,165000
37069,Franklin County,36.0882466,-78.2830821,1997,NORTH CAROLINA,CORN,PRODUCTION,TONS,24000
37069,Franklin County,36.0882466,-78.2830821,1997,NORTH CAROLINA,COTTON,PRODUCTION,BALES,164
37069,Franklin County,36.0882466,-78.2830821,1997,NORTH CAROLINA,COTTON,PRODUCTION,480 LB BALES,350
37069,Franklin County,36.0882466,-78.2830821,1997,NORTH CAROLINA,HAY,PRODUCTION,TONS,1333
37069,Franklin County,36.0882466,-78.2830821,1997,NORTH CAROLINA,HAY,PRODUCTION,TONS,1774
37069,Franklin County,36.0882466,-78.2830821,1997,NORTH CAROLINA,HAY,PRODUCTION,TONS,14084
37069,Franklin County,36.0882466,-78.2830821,1997,NORTH CAROLINA,HAY,PRODUCTION,TONS,431
37069,Franklin County,36.0882466,-78.2830821,1997,NORTH CAROLINA,HAY,PRODUCTION,TONS,19700
37069,Franklin County,36.0882466,-78.2830821,1997,NORTH CAROLINA,HAYLAGE,PRODUCTION,TONS,270
37069,Franklin County,36.0882466,-78.2830821,1997,NORTH CAROLINA,OATS,PRODUCTION,BU,22534
37069,Franklin County,36.0882466,-78.2830821,1997,NORTH CAROLINA,OATS,PRODUCTION,BU,25000
37069,Franklin County,36.0882466,-78.2830821,1997,NORTH CAROLINA,SORGHUM,PRODUCTION,BU,21000
37069,Franklin County,36.0882466,-78.2830821,1997,NORTH CAROLINA,SOYBEANS,PRODUCTION,BU,355134
37069,Franklin County,36.0882466,-78.2830821,1997,NORTH CAROLINA,SOYBEANS,PRODUCTION,BU,380000
37069,Franklin County,36.0882466,-78.2830821,1997,NORTH CAROLINA,SWEET POTATOES,PRODUCTION,CWT,8882
37069,Franklin County,36.0882466,-78.2830821,1997,NORTH CAROLINA,TOBACCO,PRODUCTION,LB,17113186
37069,Franklin County,36.0882466,-78.2830821,1997,NORTH CAROLINA,TOBACCO,PRODUCTION,LB,17486000
37069,Franklin County,36.0882466,-78.2830821,1997,NORTH CAROLINA,WHEAT,PRODUCTION,BU,430047
37069,Franklin County,36.0882466,-78.2830821,1997,NORTH CAROLINA,WHEAT,PRODUCTION,BU,506000
37069,Franklin County,36.0882466,-78.2830821,1997,NORTH CAROLINA,WHEAT,PRODUCTION,BU,506000
37069,Franklin County,36.0882466,-78.2830821,1997,NORTH CAROLINA,WOOL,PRODUCTION,LB,NA
37069,Franklin County,36.0882466,-78.2830821,1997,NORTH CAROLINA,WOOL,PRODUCTION,OPERATIONS,4
37069,Franklin County,36.0882466,-78.2830821,1998,NORTH CAROLINA,BARLEY,PRODUCTION,BU,10600
37069,Franklin County,36.0882466,-78.2830821,1998,NORTH CAROLINA,CORN,PRODUCTION,BU,60000
37069,Franklin County,36.0882466,-78.2830821,1998,NORTH CAROLINA,CORN,PRODUCTION,TONS,2900
37069,Franklin County,36.0882466,-78.2830821,1998,NORTH CAROLINA,COTTON,PRODUCTION,480 LB BALES,800
37069,Franklin County,36.0882466,-78.2830821,1998,NORTH CAROLINA,HAY,PRODUCTION,TONS,12800
37069,Franklin County,36.0882466,-78.2830821,1998,NORTH CAROLINA,OATS,PRODUCTION,BU,10000
37069,Franklin County,36.0882466,-78.2830821,1998,NORTH CAROLINA,SORGHUM,PRODUCTION,BU,17400
37069,Franklin County,36.0882466,-78.2830821,1998,NORTH CAROLINA,SOYBEANS,PRODUCTION,BU,257000
37069,Franklin County,36.0882466,-78.2830821,1998,NORTH CAROLINA,TOBACCO,PRODUCTION,LB,14513000
37069,Franklin County,36.0882466,-78.2830821,1998,NORTH CAROLINA,WHEAT,PRODUCTION,BU,320000
37069,Franklin County,36.0882466,-78.2830821,1998,NORTH CAROLINA,WHEAT,PRODUCTION,BU,320000
37069,Franklin County,36.0882466,-78.2830821,1999,NORTH CAROLINA,BARLEY,PRODUCTION,BU,15600
37069,Franklin County,36.0882466,-78.2830821,1999,NORTH CAROLINA,CORN,PRODUCTION,BU,54000
37069,Franklin County,36.0882466,-78.2830821,1999,NORTH CAROLINA,CORN,PRODUCTION,TONS,15800
37069,Franklin County,36.0882466,-78.2830821,1999,NORTH CAROLINA,COTTON,PRODUCTION,480 LB BALES,400
37069,Franklin County,36.0882466,-78.2830821,1999,NORTH CAROLINA,HAY,PRODUCTION,TONS,14500
37069,Franklin County,36.0882466,-78.2830821,1999,NORTH CAROLINA,OATS,PRODUCTION,BU,32000
37069,Franklin County,36.0882466,-78.2830821,1999,NORTH CAROLINA,SORGHUM,PRODUCTION,BU,10000
37069,Franklin County,36.0882466,-78.2830821,1999,NORTH CAROLINA,SOYBEANS,PRODUCTION,BU,303000
37069,Franklin County,36.0882466,-78.2830821,1999,NORTH CAROLINA,TOBACCO,PRODUCTION,LB,11395000
37069,Franklin County,36.0882466,-78.2830821,1999,NORTH CAROLINA,WHEAT,PRODUCTION,BU,385000
37069,Franklin County,36.0882466,-78.2830821,1999,NORTH CAROLINA,WHEAT,PRODUCTION,BU,385000
37069,Franklin County,36.0882466,-78.2830821,2000,NORTH CAROLINA,BARLEY,PRODUCTION,BU,18700
37069,Franklin County,36.0882466,-78.2830821,2000,NORTH CAROLINA,CORN,PRODUCTION,BU,109000
37069,Franklin County,36.0882466,-78.2830821,2000,NORTH CAROLINA,CORN,PRODUCTION,TONS,17400
37069,Franklin County,36.0882466,-78.2830821,2000,NORTH CAROLINA,COTTON,PRODUCTION,480 LB BALES,500
37069,Franklin County,36.0882466,-78.2830821,2000,NORTH CAROLINA,HAY,PRODUCTION,TONS,22100
37069,Franklin County,36.0882466,-78.2830821,2000,NORTH CAROLINA,OATS,PRODUCTION,BU,58000
37069,Franklin County,36.0882466,-78.2830821,2000,NORTH CAROLINA,SORGHUM,PRODUCTION,BU,13800
37069,Franklin County,36.0882466,-78.2830821,2000,NORTH CAROLINA,SOYBEANS,PRODUCTION,BU,499000
37069,Franklin County,36.0882466,-78.2830821,2000,NORTH CAROLINA,TOBACCO,PRODUCTION,LB,10418000
37069,Franklin County,36.0882466,-78.2830821,2000,NORTH CAROLINA,WHEAT,PRODUCTION,BU,259000
37069,Franklin County,36.0882466,-78.2830821,2000,NORTH CAROLINA,WHEAT,PRODUCTION,BU,259000
37155,Robeson County,34.6392096,-79.1008811,1996,NORTH CAROLINA,CORN,PRODUCTION,BU,4308000
37155,Robeson County,34.6392096,-79.1008811,1996,NORTH CAROLINA,COTTON,PRODUCTION,480 LB BALES,30400
37155,Robeson County,34.6392096,-79.1008811,1996,NORTH CAROLINA,HAY,PRODUCTION,TONS,20400
37155,Robeson County,34.6392096,-79.1008811,1996,NORTH CAROLINA,OATS,PRODUCTION,BU,96000
37155,Robeson County,34.6392096,-79.1008811,1996,NORTH CAROLINA,PEANUTS,PRODUCTION,LB,286000
37155,Robeson County,34.6392096,-79.1008811,1996,NORTH CAROLINA,POTATOES,PRODUCTION,CWT,1800
37155,Robeson County,34.6392096,-79.1008811,1996,NORTH CAROLINA,SORGHUM,PRODUCTION,BU,14700
37155,Robeson County,34.6392096,-79.1008811,1996,NORTH CAROLINA,SOYBEANS,PRODUCTION,BU,2371000
37155,Robeson County,34.6392096,-79.1008811,1996,NORTH CAROLINA,TOBACCO,PRODUCTION,LB,27646000
37155,Robeson County,34.6392096,-79.1008811,1996,NORTH CAROLINA,WHEAT,PRODUCTION,BU,1405000
37155,Robeson County,34.6392096,-79.1008811,1996,NORTH CAROLINA,WHEAT,PRODUCTION,BU,1405000
37155,Robeson County,34.6392096,-79.1008811,1997,NORTH CAROLINA,BARLEY,PRODUCTION,BU,4000
37155,Robeson County,34.6392096,-79.1008811,1997,NORTH CAROLINA,CORN,PRODUCTION,BU,3731986
37155,Robeson County,34.6392096,-79.1008811,1997,NORTH CAROLINA,CORN,PRODUCTION,BU,3720000
37155,Robeson County,34.6392096,-79.1008811,1997,NORTH CAROLINA,CORN,PRODUCTION,TONS,2000
37155,Robeson County,34.6392096,-79.1008811,1997,NORTH CAROLINA,COTTON,PRODUCTION,BALES,40587
37155,Robeson County,34.6392096,-79.1008811,1997,NORTH CAROLINA,COTTON,PRODUCTION,480 LB BALES,37400
37155,Robeson County,34.6392096,-79.1008811,1997,NORTH CAROLINA,HAY,PRODUCTION,TONS,NA
37155,Robeson County,34.6392096,-79.1008811,1997,NORTH CAROLINA,HAY,PRODUCTION,TONS,1228
37155,Robeson County,34.6392096,-79.1008811,1997,NORTH CAROLINA,HAY,PRODUCTION,TONS,16955
37155,Robeson County,34.6392096,-79.1008811,1997,NORTH CAROLINA,HAY,PRODUCTION,TONS,97
37155,Robeson County,34.6392096,-79.1008811,1997,NORTH CAROLINA,HAY,PRODUCTION,TONS,17600
37155,Robeson County,34.6392096,-79.1008811,1997,NORTH CAROLINA,OATS,PRODUCTION,BU,37775
37155,Robeson County,34.6392096,-79.1008811,1997,NORTH CAROLINA,OATS,PRODUCTION,BU,51000
37155,Robeson County,34.6392096,-79.1008811,1997,NORTH CAROLINA,PEANUTS,PRODUCTION,LB,264770
37155,Robeson County,34.6392096,-79.1008811,1997,NORTH CAROLINA,PEANUTS,PRODUCTION,LB,309000
37155,Robeson County,34.6392096,-79.1008811,1997,NORTH CAROLINA,POTATOES,PRODUCTION,CWT,1140
37155,Robeson County,34.6392096,-79.1008811,1997,NORTH CAROLINA,RYE,PRODUCTION,BU,2220
37155,Robeson County,34.6392096,-79.1008811,1997,NORTH CAROLINA,SORGHUM,PRODUCTION,BU,10000
37155,Robeson County,34.6392096,-79.1008811,1997,NORTH CAROLINA,SOYBEANS,PRODUCTION,BU,2029608
37155,Robeson County,34.6392096,-79.1008811,1997,NORTH CAROLINA,SOYBEANS,PRODUCTION,BU,2434000
37155,Robeson County,34.6392096,-79.1008811,1997,NORTH CAROLINA,SWEET POTATOES,PRODUCTION,CWT,534
37155,Robeson County,34.6392096,-79.1008811,1997,NORTH CAROLINA,TOBACCO,PRODUCTION,LB,36556026
37155,Robeson County,34.6392096,-79.1008811,1997,NORTH CAROLINA,TOBACCO,PRODUCTION,LB,36800000
37155,Robeson County,34.6392096,-79.1008811,1997,NORTH CAROLINA,WHEAT,PRODUCTION,BU,1942677
37155,Robeson County,34.6392096,-79.1008811,1997,NORTH CAROLINA,WHEAT,PRODUCTION,BU,2085000
37155,Robeson County,34.6392096,-79.1008811,1997,NORTH CAROLINA,WHEAT,PRODUCTION,BU,2085000
37155,Robeson County,34.6392096,-79.1008811,1997,NORTH CAROLINA,WOOL,PRODUCTION,LB,NA
37155,Robeson County,34.6392096,-79.1008811,1997,NORTH CAROLINA,WOOL,PRODUCTION,OPERATIONS,3
37155,Robeson County,34.6392096,-79.1008811,1998,NORTH CAROLINA,CORN,PRODUCTION,BU,1384000
37155,Robeson County,34.6392096,-79.1008811,1998,NORTH CAROLINA,CORN,PRODUCTION,TONS,1100
37155,Robeson County,34.6392096,-79.1008811,1998,NORTH CAROLINA,COTTON,PRODUCTION,480 LB BALES,33000
37155,Robeson County,34.6392096,-79.1008811,1998,NORTH CAROLINA,HAY,PRODUCTION,TONS,16500
37155,Robeson County,34.6392096,-79.1008811,1998,NORTH CAROLINA,OATS,PRODUCTION,BU,33000
37155,Robeson County,34.6392096,-79.1008811,1998,NORTH CAROLINA,PEANUTS,PRODUCTION,LB,254000
37155,Robeson County,34.6392096,-79.1008811,1998,NORTH CAROLINA,SOYBEANS,PRODUCTION,BU,2325000
37155,Robeson County,34.6392096,-79.1008811,1998,NORTH CAROLINA,TOBACCO,PRODUCTION,LB,23130000
37155,Robeson County,34.6392096,-79.1008811,1998,NORTH CAROLINA,WHEAT,PRODUCTION,BU,1670000
37155,Robeson County,34.6392096,-79.1008811,1998,NORTH CAROLINA,WHEAT,PRODUCTION,BU,1670000
37155,Robeson County,34.6392096,-79.1008811,1999,NORTH CAROLINA,CORN,PRODUCTION,BU,2372000
37155,Robeson County,34.6392096,-79.1008811,1999,NORTH CAROLINA,COTTON,PRODUCTION,480 LB BALES,30500
37155,Robeson County,34.6392096,-79.1008811,1999,NORTH CAROLINA,HAY,PRODUCTION,TONS,17800
37155,Robeson County,34.6392096,-79.1008811,1999,NORTH CAROLINA,OATS,PRODUCTION,BU,48000
37155,Robeson County,34.6392096,-79.1008811,1999,NORTH CAROLINA,PEANUTS,PRODUCTION,LB,192000
37155,Robeson County,34.6392096,-79.1008811,1999,NORTH CAROLINA,SOYBEANS,PRODUCTION,BU,2501000
37155,Robeson County,34.6392096,-79.1008811,1999,NORTH CAROLINA,TOBACCO,PRODUCTION,LB,20868000
37155,Robeson County,34.6392096,-79.1008811,1999,NORTH CAROLINA,WHEAT,PRODUCTION,BU,2085000
37155,Robeson County,34.6392096,-79.1008811,1999,NORTH CAROLINA,WHEAT,PRODUCTION,BU,2085000
37155,Robeson County,34.6392096,-79.1008811,2000,NORTH CAROLINA,CORN,PRODUCTION,BU,4233000
37155,Robeson County,34.6392096,-79.1008811,2000,NORTH CAROLINA,COTTON,PRODUCTION,480 LB BALES,50800
37155,Robeson County,34.6392096,-79.1008811,2000,NORTH CAROLINA,HAY,PRODUCTION,TONS,20800
37155,Robeson County,34.6392096,-79.1008811,2000,NORTH CAROLINA,OATS,PRODUCTION,BU,68000
37155,Robeson County,34.6392096,-79.1008811,2000,NORTH CAROLINA,PEANUTS,PRODUCTION,LB,187000
37155,Robeson County,34.6392096,-79.1008811,2000,NORTH CAROLINA,SOYBEANS,PRODUCTION,BU,3153000
37155,Robeson County,34.6392096,-79.1008811,2000,NORTH CAROLINA,TOBACCO,PRODUCTION,LB,18963000
37155,Robeson County,34.6392096,-79.1008811,2000,NORTH CAROLINA,WHEAT,PRODUCTION,BU,1905000
37155,Robeson County,34.6392096,-79.1008811,2000,NORTH CAROLINA,WHEAT,PRODUCTION,BU,1905000
37109,Lincoln County,35.4884909,-81.2268928,1996,NORTH CAROLINA,BARLEY,PRODUCTION,BU,70000
37109,Lincoln County,35.4884909,-81.2268928,1996,NORTH CAROLINA,CORN,PRODUCTION,BU,130000
37109,Lincoln County,35.4884909,-81.2268928,1996,NORTH CAROLINA,CORN,PRODUCTION,TONS,19400
37109,Lincoln County,35.4884909,-81.2268928,1996,NORTH CAROLINA,HAY,PRODUCTION,TONS,22500
37109,Lincoln County,35.4884909,-81.2268928,1996,NORTH CAROLINA,OATS,PRODUCTION,BU,17000
37109,Lincoln County,35.4884909,-81.2268928,1996,NORTH CAROLINA,POTATOES,PRODUCTION,CWT,900
37109,Lincoln County,35.4884909,-81.2268928,1996,NORTH CAROLINA,SORGHUM,PRODUCTION,BU,2700
37109,Lincoln County,35.4884909,-81.2268928,1996,NORTH CAROLINA,SOYBEANS,PRODUCTION,BU,204000
37109,Lincoln County,35.4884909,-81.2268928,1996,NORTH CAROLINA,WHEAT,PRODUCTION,BU,221000
37109,Lincoln County,35.4884909,-81.2268928,1996,NORTH CAROLINA,WHEAT,PRODUCTION,BU,221000
37109,Lincoln County,35.4884909,-81.2268928,1997,NORTH CAROLINA,BARLEY,PRODUCTION,BU,46545
37109,Lincoln County,35.4884909,-81.2268928,1997,NORTH CAROLINA,BARLEY,PRODUCTION,BU,61500
37109,Lincoln County,35.4884909,-81.2268928,1997,NORTH CAROLINA,CORN,PRODUCTION,BU,109138
37109,Lincoln County,35.4884909,-81.2268928,1997,NORTH CAROLINA,CORN,PRODUCTION,TONS,18608
37109,Lincoln County,35.4884909,-81.2268928,1997,NORTH CAROLINA,CORN,PRODUCTION,BU,134000
37109,Lincoln County,35.4884909,-81.2268928,1997,NORTH CAROLINA,CORN,PRODUCTION,TONS,23000
37109,Lincoln County,35.4884909,-81.2268928,1997,NORTH CAROLINA,HAY,PRODUCTION,TONS,1356
37109,Lincoln County,35.4884909,-81.2268928,1997,NORTH CAROLINA,HAY,PRODUCTION,TONS,2194
37109,Lincoln County,35.4884909,-81.2268928,1997,NORTH CAROLINA,HAY,PRODUCTION,TONS,14990
37109,Lincoln County,35.4884909,-81.2268928,1997,NORTH CAROLINA,HAY,PRODUCTION,TONS,2068
37109,Lincoln County,35.4884909,-81.2268928,1997,NORTH CAROLINA,HAY,PRODUCTION,TONS,23500
37109,Lincoln County,35.4884909,-81.2268928,1997,NORTH CAROLINA,HAYLAGE,PRODUCTION,TONS,5484
37109,Lincoln County,35.4884909,-81.2268928,1997,NORTH CAROLINA,OATS,PRODUCTION,BU,26160
37109,Lincoln County,35.4884909,-81.2268928,1997,NORTH CAROLINA,OATS,PRODUCTION,BU,31000
37109,Lincoln County,35.4884909,-81.2268928,1997,NORTH CAROLINA,RYE,PRODUCTION,BU,1940
37109,Lincoln County,35.4884909,-81.2268928,1997,NORTH CAROLINA,SORGHUM,PRODUCTION,BU,20100
37109,Lincoln County,35.4884909,-81.2268928,1997,NORTH CAROLINA,SOYBEANS,PRODUCTION,BU,108087
37109,Lincoln County,35.4884909,-81.2268928,1997,NORTH CAROLINA,SOYBEANS,PRODUCTION,BU,124000
37109,Lincoln County,35.4884909,-81.2268928,1997,NORTH CAROLINA,WHEAT,PRODUCTION,BU,148570
37109,Lincoln County,35.4884909,-81.2268928,1997,NORTH CAROLINA,WHEAT,PRODUCTION,BU,182000
37109,Lincoln County,35.4884909,-81.2268928,1997,NORTH CAROLINA,WHEAT,PRODUCTION,BU,182000
37109,Lincoln County,35.4884909,-81.2268928,1997,NORTH CAROLINA,WOOL,PRODUCTION,LB,444
37109,Lincoln County,35.4884909,-81.2268928,1997,NORTH CAROLINA,WOOL,PRODUCTION,OPERATIONS,4
37109,Lincoln County,35.4884909,-81.2268928,1998,NORTH CAROLINA,BARLEY,PRODUCTION,BU,59400
37109,Lincoln County,35.4884909,-81.2268928,1998,NORTH CAROLINA,CORN,PRODUCTION,BU,148000
37109,Lincoln County,35.4884909,-81.2268928,1998,NORTH CAROLINA,CORN,PRODUCTION,TONS,14600
37109,Lincoln County,35.4884909,-81.2268928,1998,NORTH CAROLINA,HAY,PRODUCTION,TONS,27500
37109,Lincoln County,35.4884909,-81.2268928,1998,NORTH CAROLINA,SOYBEANS,PRODUCTION,BU,147000
37109,Lincoln County,35.4884909,-81.2268928,1998,NORTH CAROLINA,WHEAT,PRODUCTION,BU,254000
37109,Lincoln County,35.4884909,-81.2268928,1998,NORTH CAROLINA,WHEAT,PRODUCTION,BU,254000
37109,Lincoln County,35.4884909,-81.2268928,1999,NORTH CAROLINA,BARLEY,PRODUCTION,BU,80000
37109,Lincoln County,35.4884909,-81.2268928,1999,NORTH CAROLINA,CORN,PRODUCTION,BU,125000
37109,Lincoln County,35.4884909,-81.2268928,1999,NORTH CAROLINA,CORN,PRODUCTION,TONS,29100
37109,Lincoln County,35.4884909,-81.2268928,1999,NORTH CAROLINA,HAY,PRODUCTION,TONS,24500
37109,Lincoln County,35.4884909,-81.2268928,1999,NORTH CAROLINA,OATS,PRODUCTION,BU,26000
37109,Lincoln County,35.4884909,-81.2268928,1999,NORTH CAROLINA,SOYBEANS,PRODUCTION,BU,86000
37109,Lincoln County,35.4884909,-81.2268928,1999,NORTH CAROLINA,WHEAT,PRODUCTION,BU,177000
37109,Lincoln County,35.4884909,-81.2268928,1999,NORTH CAROLINA,WHEAT,PRODUCTION,BU,177000
37109,Lincoln County,35.4884909,-81.2268928,2000,NORTH CAROLINA,BARLEY,PRODUCTION,BU,58600
37109,Lincoln County,35.4884909,-81.2268928,2000,NORTH CAROLINA,CORN,PRODUCTION,BU,76000
37109,Lincoln County,35.4884909,-81.2268928,2000,NORTH CAROLINA,CORN,PRODUCTION,TONS,25400
37109,Lincoln County,35.4884909,-81.2268928,2000,NORTH CAROLINA,HAY,PRODUCTION,TONS,32800
37109,Lincoln County,35.4884909,-81.2268928,2000,NORTH CAROLINA,OATS,PRODUCTION,BU,48000
37109,Lincoln County,35.4884909,-81.2268928,2000,NORTH CAROLINA,SOYBEANS,PRODUCTION,BU,162000
37109,Lincoln County,35.4884909,-81.2268928,2000,NORTH CAROLINA,WHEAT,PRODUCTION,BU,167000
37109,Lincoln County,35.4884909,-81.2268928,2000,NORTH CAROLINA,WHEAT,PRODUCTION,BU,167000
37027,Caldwell County,35.9663959,-81.5125404,1996,NORTH CAROLINA,CORN,PRODUCTION,BU,85000
37027,Caldwell County,35.9663959,-81.5125404,1996,NORTH CAROLINA,CORN,PRODUCTION,TONS,12800
37027,Caldwell County,35.9663959,-81.5125404,1996,NORTH CAROLINA,HAY,PRODUCTION,TONS,11300
37027,Caldwell County,35.9663959,-81.5125404,1996,NORTH CAROLINA,OATS,PRODUCTION,BU,4800
37027,Caldwell County,35.9663959,-81.5125404,1996,NORTH CAROLINA,POTATOES,PRODUCTION,CWT,6400
37027,Caldwell County,35.9663959,-81.5125404,1996,NORTH CAROLINA,SORGHUM,PRODUCTION,BU,2700
37027,Caldwell County,35.9663959,-81.5125404,1996,NORTH CAROLINA,SOYBEANS,PRODUCTION,BU,28000
37027,Caldwell County,35.9663959,-81.5125404,1996,NORTH CAROLINA,TOBACCO,PRODUCTION,LB,525000
37027,Caldwell County,35.9663959,-81.5125404,1997,NORTH CAROLINA,BARLEY,PRODUCTION,BU,9648
37027,Caldwell County,35.9663959,-81.5125404,1997,NORTH CAROLINA,BARLEY,PRODUCTION,BU,12400
37027,Caldwell County,35.9663959,-81.5125404,1997,NORTH CAROLINA,CORN,PRODUCTION,BU,106833
37027,Caldwell County,35.9663959,-81.5125404,1997,NORTH CAROLINA,CORN,PRODUCTION,TONS,7258
37027,Caldwell County,35.9663959,-81.5125404,1997,NORTH CAROLINA,CORN,PRODUCTION,BU,108000
37027,Caldwell County,35.9663959,-81.5125404,1997,NORTH CAROLINA,CORN,PRODUCTION,TONS,17000
37027,Caldwell County,35.9663959,-81.5125404,1997,NORTH CAROLINA,HAY,PRODUCTION,TONS,145
37027,Caldwell County,35.9663959,-81.5125404,1997,NORTH CAROLINA,HAY,PRODUCTION,TONS,154
37027,Caldwell County,35.9663959,-81.5125404,1997,NORTH CAROLINA,HAY,PRODUCTION,TONS,11177
37027,Caldwell County,35.9663959,-81.5125404,1997,NORTH CAROLINA,HAY,PRODUCTION,TONS,465
37027,Caldwell County,35.9663959,-81.5125404,1997,NORTH CAROLINA,HAY,PRODUCTION,TONS,12700
37027,Caldwell County,35.9663959,-81.5125404,1997,NORTH CAROLINA,HAYLAGE,PRODUCTION,TONS,588
37027,Caldwell County,35.9663959,-81.5125404,1997,NORTH CAROLINA,SOYBEANS,PRODUCTION,BU,18953
37027,Caldwell County,35.9663959,-81.5125404,1997,NORTH CAROLINA,SOYBEANS,PRODUCTION,BU,19000
37027,Caldwell County,35.9663959,-81.5125404,1997,NORTH CAROLINA,TOBACCO,PRODUCTION,LB,825363
37027,Caldwell County,35.9663959,-81.5125404,1997,NORTH CAROLINA,TOBACCO,PRODUCTION,LB,620000
37027,Caldwell County,35.9663959,-81.5125404,1997,NORTH CAROLINA,WHEAT,PRODUCTION,BU,16140
37027,Caldwell County,35.9663959,-81.5125404,1997,NORTH CAROLINA,WHEAT,PRODUCTION,BU,20000
37027,Caldwell County,35.9663959,-81.5125404,1997,NORTH CAROLINA,WHEAT,PRODUCTION,BU,20000
37027,Caldwell County,35.9663959,-81.5125404,1997,NORTH CAROLINA,WOOL,PRODUCTION,LB,362
37027,Caldwell County,35.9663959,-81.5125404,1997,NORTH CAROLINA,WOOL,PRODUCTION,OPERATIONS,5
37027,Caldwell County,35.9663959,-81.5125404,1998,NORTH CAROLINA,BARLEY,PRODUCTION,BU,11500
37027,Caldwell County,35.9663959,-81.5125404,1998,NORTH CAROLINA,CORN,PRODUCTION,BU,98400
37027,Caldwell County,35.9663959,-81.5125404,1998,NORTH CAROLINA,CORN,PRODUCTION,TONS,7500
37027,Caldwell County,35.9663959,-81.5125404,1998,NORTH CAROLINA,HAY,PRODUCTION,TONS,10600
37027,Caldwell County,35.9663959,-81.5125404,1998,NORTH CAROLINA,SOYBEANS,PRODUCTION,BU,17000
37027,Caldwell County,35.9663959,-81.5125404,1998,NORTH CAROLINA,TOBACCO,PRODUCTION,LB,594000
37027,Caldwell County,35.9663959,-81.5125404,1998,NORTH CAROLINA,WHEAT,PRODUCTION,BU,16400
37027,Caldwell County,35.9663959,-81.5125404,1998,NORTH CAROLINA,WHEAT,PRODUCTION,BU,16400
37027,Caldwell County,35.9663959,-81.5125404,1999,NORTH CAROLINA,CORN,PRODUCTION,BU,63000
37027,Caldwell County,35.9663959,-81.5125404,1999,NORTH CAROLINA,CORN,PRODUCTION,TONS,14000
37027,Caldwell County,35.9663959,-81.5125404,1999,NORTH CAROLINA,HAY,PRODUCTION,TONS,14300
37027,Caldwell County,35.9663959,-81.5125404,1999,NORTH CAROLINA,SOYBEANS,PRODUCTION,BU,24000
37027,Caldwell County,35.9663959,-81.5125404,1999,NORTH CAROLINA,TOBACCO,PRODUCTION,LB,468000
37027,Caldwell County,35.9663959,-81.5125404,1999,NORTH CAROLINA,WHEAT,PRODUCTION,BU,15000
37027,Caldwell County,35.9663959,-81.5125404,1999,NORTH CAROLINA,WHEAT,PRODUCTION,BU,15000
37027,Caldwell County,35.9663959,-81.5125404,2000,NORTH CAROLINA,CORN,PRODUCTION,BU,62000
37027,Caldwell County,35.9663959,-81.5125404,2000,NORTH CAROLINA,CORN,PRODUCTION,TONS,8800
37027,Caldwell County,35.9663959,-81.5125404,2000,NORTH CAROLINA,HAY,PRODUCTION,TONS,17000
37027,Caldwell County,35.9663959,-81.5125404,2000,NORTH CAROLINA,SOYBEANS,PRODUCTION,BU,22000
37027,Caldwell County,35.9663959,-81.5125404,2000,NORTH CAROLINA,TOBACCO,PRODUCTION,LB,249000
37027,Caldwell County,35.9663959,-81.5125404,2000,NORTH CAROLINA,WHEAT,PRODUCTION,BU,24000
37027,Caldwell County,35.9663959,-81.5125404,2000,NORTH CAROLINA,WHEAT,PRODUCTION,BU,24000
37063,Durham County,36.0338282,-78.8781246,1996,NORTH CAROLINA,HAY,PRODUCTION,TONS,3400
37063,Durham County,36.0338282,-78.8781246,1996,NORTH CAROLINA,OATS,PRODUCTION,BU,2800
37063,Durham County,36.0338282,-78.8781246,1996,NORTH CAROLINA,SORGHUM,PRODUCTION,BU,2400
37063,Durham County,36.0338282,-78.8781246,1996,NORTH CAROLINA,SOYBEANS,PRODUCTION,BU,14000
37063,Durham County,36.0338282,-78.8781246,1996,NORTH CAROLINA,TOBACCO,PRODUCTION,LB,2714000
37063,Durham County,36.0338282,-78.8781246,1996,NORTH CAROLINA,WHEAT,PRODUCTION,BU,21000
37063,Durham County,36.0338282,-78.8781246,1996,NORTH CAROLINA,WHEAT,PRODUCTION,BU,21000
37063,Durham County,36.0338282,-78.8781246,1997,NORTH CAROLINA,BARLEY,PRODUCTION,BU,2000
37063,Durham County,36.0338282,-78.8781246,1997,NORTH CAROLINA,CORN,PRODUCTION,BU,6324
37063,Durham County,36.0338282,-78.8781246,1997,NORTH CAROLINA,CORN,PRODUCTION,TONS,3096
37063,Durham County,36.0338282,-78.8781246,1997,NORTH CAROLINA,CORN,PRODUCTION,BU,15000
37063,Durham County,36.0338282,-78.8781246,1997,NORTH CAROLINA,HAY,PRODUCTION,TONS,538
37063,Durham County,36.0338282,-78.8781246,1997,NORTH CAROLINA,HAY,PRODUCTION,TONS,2762
37063,Durham County,36.0338282,-78.8781246,1997,NORTH CAROLINA,HAY,PRODUCTION,TONS,96
37063,Durham County,36.0338282,-78.8781246,1997,NORTH CAROLINA,HAY,PRODUCTION,TONS,3800
37063,Durham County,36.0338282,-78.8781246,1997,NORTH CAROLINA,OATS,PRODUCTION,BU,3000
37063,Durham County,36.0338282,-78.8781246,1997,NORTH CAROLINA,SORGHUM,PRODUCTION,BU,2100
37063,Durham County,36.0338282,-78.8781246,1997,NORTH CAROLINA,SOYBEANS,PRODUCTION,BU,8966
37063,Durham County,36.0338282,-78.8781246,1997,NORTH CAROLINA,SOYBEANS,PRODUCTION,BU,16000
37063,Durham County,36.0338282,-78.8781246,1997,NORTH CAROLINA,TOBACCO,PRODUCTION,LB,2969216
37063,Durham County,36.0338282,-78.8781246,1997,NORTH CAROLINA,TOBACCO,PRODUCTION,LB,3198000
37063,Durham County,36.0338282,-78.8781246,1997,NORTH CAROLINA,WHEAT,PRODUCTION,BU,26714
37063,Durham County,36.0338282,-78.8781246,1997,NORTH CAROLINA,WHEAT,PRODUCTION,BU,36000
37063,Durham County,36.0338282,-78.8781246,1997,NORTH CAROLINA,WHEAT,PRODUCTION,BU,36000
37063,Durham County,36.0338282,-78.8781246,1997,NORTH CAROLINA,WOOL,PRODUCTION,LB,1054
37063,Durham County,36.0338282,-78.8781246,1997,NORTH CAROLINA,WOOL,PRODUCTION,OPERATIONS,6
37063,Durham County,36.0338282,-78.8781246,1998,NORTH CAROLINA,CORN,PRODUCTION,BU,16000
37063,Durham County,36.0338282,-78.8781246,1998,NORTH CAROLINA,CORN,PRODUCTION,TONS,1700
37063,Durham County,36.0338282,-78.8781246,1998,NORTH CAROLINA,HAY,PRODUCTION,TONS,4500
37063,Durham County,36.0338282,-78.8781246,1998,NORTH CAROLINA,SOYBEANS,PRODUCTION,BU,8800
37063,Durham County,36.0338282,-78.8781246,1998,NORTH CAROLINA,TOBACCO,PRODUCTION,LB,2789000
37063,Durham County,36.0338282,-78.8781246,1998,NORTH CAROLINA,WHEAT,PRODUCTION,BU,29500
37063,Durham County,36.0338282,-78.8781246,1998,NORTH CAROLINA,WHEAT,PRODUCTION,BU,29500
37063,Durham County,36.0338282,-78.8781246,1999,NORTH CAROLINA,HAY,PRODUCTION,TONS,4400
37063,Durham County,36.0338282,-78.8781246,1999,NORTH CAROLINA,SOYBEANS,PRODUCTION,BU,10000
37063,Durham County,36.0338282,-78.8781246,1999,NORTH CAROLINA,TOBACCO,PRODUCTION,LB,1996000
37063,Durham County,36.0338282,-78.8781246,1999,NORTH CAROLINA,WHEAT,PRODUCTION,BU,37000
37063,Durham County,36.0338282,-78.8781246,1999,NORTH CAROLINA,WHEAT,PRODUCTION,BU,37000
37063,Durham County,36.0338282,-78.8781246,2000,NORTH CAROLINA,HAY,PRODUCTION,TONS,5900
37063,Durham County,36.0338282,-78.8781246,2000,NORTH CAROLINA,SOYBEANS,PRODUCTION,BU,19000
37063,Durham County,36.0338282,-78.8781246,2000,NORTH CAROLINA,TOBACCO,PRODUCTION,LB,1821000
37063,Durham County,36.0338282,-78.8781246,2000,NORTH CAROLINA,WHEAT,PRODUCTION,BU,29000
37063,Durham County,36.0338282,-78.8781246,2000,NORTH CAROLINA,WHEAT,PRODUCTION,BU,29000
37145,Person County,36.3863574,-78.9656332,1996,NORTH CAROLINA,CORN,PRODUCTION,BU,270000
37145,Person County,36.3863574,-78.9656332,1996,NORTH CAROLINA,CORN,PRODUCTION,TONS,7800
37145,Person County,36.3863574,-78.9656332,1996,NORTH CAROLINA,HAY,PRODUCTION,TONS,16500
37145,Person County,36.3863574,-78.9656332,1996,NORTH CAROLINA,OATS,PRODUCTION,BU,7500
37145,Person County,36.3863574,-78.9656332,1996,NORTH CAROLINA,POTATOES,PRODUCTION,CWT,500
37145,Person County,36.3863574,-78.9656332,1996,NORTH CAROLINA,SORGHUM,PRODUCTION,BU,2700
37145,Person County,36.3863574,-78.9656332,1996,NORTH CAROLINA,SOYBEANS,PRODUCTION,BU,192000
37145,Person County,36.3863574,-78.9656332,1996,NORTH CAROLINA,TOBACCO,PRODUCTION,LB,12160000
37145,Person County,36.3863574,-78.9656332,1996,NORTH CAROLINA,WHEAT,PRODUCTION,BU,251000
37145,Person County,36.3863574,-78.9656332,1996,NORTH CAROLINA,WHEAT,PRODUCTION,BU,251000
37145,Person County,36.3863574,-78.9656332,1997,NORTH CAROLINA,BARLEY,PRODUCTION,BU,9300
37145,Person County,36.3863574,-78.9656332,1997,NORTH CAROLINA,CORN,PRODUCTION,BU,244650
37145,Person County,36.3863574,-78.9656332,1997,NORTH CAROLINA,CORN,PRODUCTION,TONS,8892
37145,Person County,36.3863574,-78.9656332,1997,NORTH CAROLINA,CORN,PRODUCTION,BU,246000
37145,Person County,36.3863574,-78.9656332,1997,NORTH CAROLINA,CORN,PRODUCTION,TONS,9000
37145,Person County,36.3863574,-78.9656332,1997,NORTH CAROLINA,HAY,PRODUCTION,TONS,351
37145,Person County,36.3863574,-78.9656332,1997,NORTH CAROLINA,HAY,PRODUCTION,TONS,2555
37145,Person County,36.3863574,-78.9656332,1997,NORTH CAROLINA,HAY,PRODUCTION,TONS,11664
37145,Person County,36.3863574,-78.9656332,1997,NORTH CAROLINA,HAY,PRODUCTION,TONS,256
37145,Person County,36.3863574,-78.9656332,1997,NORTH CAROLINA,HAY,PRODUCTION,TONS,16900
37145,Person County,36.3863574,-78.9656332,1997,NORTH CAROLINA,HAYLAGE,PRODUCTION,TONS,574
37145,Person County,36.3863574,-78.9656332,1997,NORTH CAROLINA,OATS,PRODUCTION,BU,20342
37145,Person County,36.3863574,-78.9656332,1997,NORTH CAROLINA,OATS,PRODUCTION,BU,24000
37145,Person County,36.3863574,-78.9656332,1997,NORTH CAROLINA,POTATOES,PRODUCTION,CWT,78
37145,Person County,36.3863574,-78.9656332,1997,NORTH CAROLINA,SORGHUM,PRODUCTION,BU,14290
37145,Person County,36.3863574,-78.9656332,1997,NORTH CAROLINA,SORGHUM,PRODUCTION,BU,20000
37145,Person County,36.3863574,-78.9656332,1997,NORTH CAROLINA,SOYBEANS,PRODUCTION,BU,167446
37145,Person County,36.3863574,-78.9656332,1997,NORTH CAROLINA,SOYBEANS,PRODUCTION,BU,168000
37145,Person County,36.3863574,-78.9656332,1997,NORTH CAROLINA,TOBACCO,PRODUCTION,LB,13615212
37145,Person County,36.3863574,-78.9656332,1997,NORTH CAROLINA,TOBACCO,PRODUCTION,LB,13385000
37145,Person County,36.3863574,-78.9656332,1997,NORTH CAROLINA,WHEAT,PRODUCTION,BU,322576
37145,Person County,36.3863574,-78.9656332,1997,NORTH CAROLINA,WHEAT,PRODUCTION,BU,360000
37145,Person County,36.3863574,-78.9656332,1997,NORTH CAROLINA,WHEAT,PRODUCTION,BU,360000
37145,Person County,36.3863574,-78.9656332,1997,NORTH CAROLINA,WOOL,PRODUCTION,LB,NA
37145,Person County,36.3863574,-78.9656332,1997,NORTH CAROLINA,WOOL,PRODUCTION,OPERATIONS,4
37145,Person County,36.3863574,-78.9656332,1998,NORTH CAROLINA,CORN,PRODUCTION,BU,170000
37145,Person County,36.3863574,-78.9656332,1998,NORTH CAROLINA,CORN,PRODUCTION,TONS,3200
37145,Person County,36.3863574,-78.9656332,1998,NORTH CAROLINA,HAY,PRODUCTION,TONS,20600
37145,Person County,36.3863574,-78.9656332,1998,NORTH CAROLINA,OATS,PRODUCTION,BU,12000
37145,Person County,36.3863574,-78.9656332,1998,NORTH CAROLINA,SOYBEANS,PRODUCTION,BU,129500
37145,Person County,36.3863574,-78.9656332,1998,NORTH CAROLINA,TOBACCO,PRODUCTION,LB,11801000
37145,Person County,36.3863574,-78.9656332,1998,NORTH CAROLINA,WHEAT,PRODUCTION,BU,265000
37145,Person County,36.3863574,-78.9656332,1998,NORTH CAROLINA,WHEAT,PRODUCTION,BU,265000
37145,Person County,36.3863574,-78.9656332,1999,NORTH CAROLINA,CORN,PRODUCTION,BU,154000
37145,Person County,36.3863574,-78.9656332,1999,NORTH CAROLINA,CORN,PRODUCTION,TONS,5100
37145,Person County,36.3863574,-78.9656332,1999,NORTH CAROLINA,HAY,PRODUCTION,TONS,17800
37145,Person County,36.3863574,-78.9656332,1999,NORTH CAROLINA,OATS,PRODUCTION,BU,15000
37145,Person County,36.3863574,-78.9656332,1999,NORTH CAROLINA,SOYBEANS,PRODUCTION,BU,192000
37145,Person County,36.3863574,-78.9656332,1999,NORTH CAROLINA,TOBACCO,PRODUCTION,LB,8995000
37145,Person County,36.3863574,-78.9656332,1999,NORTH CAROLINA,WHEAT,PRODUCTION,BU,275000
37145,Person County,36.3863574,-78.9656332,1999,NORTH CAROLINA,WHEAT,PRODUCTION,BU,275000
37145,Person County,36.3863574,-78.9656332,2000,NORTH CAROLINA,CORN,PRODUCTION,BU,183000
37145,Person County,36.3863574,-78.9656332,2000,NORTH CAROLINA,CORN,PRODUCTION,TONS,5700
37145,Person County,36.3863574,-78.9656332,2000,NORTH CAROLINA,HAY,PRODUCTION,TONS,25500
37145,Person County,36.3863574,-78.9656332,2000,NORTH CAROLINA,OATS,PRODUCTION,BU,19000
37145,Person County,36.3863574,-78.9656332,2000,NORTH CAROLINA,SOYBEANS,PRODUCTION,BU,232000
37145,Person County,36.3863574,-78.9656332,2000,NORTH CAROLINA,TOBACCO,PRODUCTION,LB,7735000
37145,Person County,36.3863574,-78.9656332,2000,NORTH CAROLINA,WHEAT,PRODUCTION,BU,245000
37145,Person County,36.3863574,-78.9656332,2000,NORTH CAROLINA,WHEAT,PRODUCTION,BU,245000
37115,Madison County,35.8642058,-82.7126309,1996,NORTH CAROLINA,CORN,PRODUCTION,TONS,4200
37115,Madison County,35.8642058,-82.7126309,1996,NORTH CAROLINA,HAY,PRODUCTION,TONS,11400
37115,Madison County,35.8642058,-82.7126309,1996,NORTH CAROLINA,POTATOES,PRODUCTION,CWT,3100
37115,Madison County,35.8642058,-82.7126309,1996,NORTH CAROLINA,TOBACCO,PRODUCTION,LB,3593000
37115,Madison County,35.8642058,-82.7126309,1997,NORTH CAROLINA,CORN,PRODUCTION,BU,6991
37115,Madison County,35.8642058,-82.7126309,1997,NORTH CAROLINA,CORN,PRODUCTION,TONS,3249
37115,Madison County,35.8642058,-82.7126309,1997,NORTH CAROLINA,CORN,PRODUCTION,TONS,4800
37115,Madison County,35.8642058,-82.7126309,1997,NORTH CAROLINA,HAY,PRODUCTION,TONS,807
37115,Madison County,35.8642058,-82.7126309,1997,NORTH CAROLINA,HAY,PRODUCTION,TONS,266
37115,Madison County,35.8642058,-82.7126309,1997,NORTH CAROLINA,HAY,PRODUCTION,TONS,8633
37115,Madison County,35.8642058,-82.7126309,1997,NORTH CAROLINA,HAY,PRODUCTION,TONS,262
37115,Madison County,35.8642058,-82.7126309,1997,NORTH CAROLINA,HAY,PRODUCTION,TONS,11700
37115,Madison County,35.8642058,-82.7126309,1997,NORTH CAROLINA,HAYLAGE,PRODUCTION,TONS,225
37115,Madison County,35.8642058,-82.7126309,1997,NORTH CAROLINA,POTATOES,PRODUCTION,CWT,2945
37115,Madison County,35.8642058,-82.7126309,1997,NORTH CAROLINA,SWEET POTATOES,PRODUCTION,CWT,514
37115,Madison County,35.8642058,-82.7126309,1997,NORTH CAROLINA,TOBACCO,PRODUCTION,LB,3346401
37115,Madison County,35.8642058,-82.7126309,1997,NORTH CAROLINA,TOBACCO,PRODUCTION,LB,3600000
37115,Madison County,35.8642058,-82.7126309,1997,NORTH CAROLINA,WOOL,PRODUCTION,LB,4956
37115,Madison County,35.8642058,-82.7126309,1997,NORTH CAROLINA,WOOL,PRODUCTION,OPERATIONS,21
37115,Madison County,35.8642058,-82.7126309,1998,NORTH CAROLINA,CORN,PRODUCTION,BU,22100
37115,Madison County,35.8642058,-82.7126309,1998,NORTH CAROLINA,CORN,PRODUCTION,TONS,3300
37115,Madison County,35.8642058,-82.7126309,1998,NORTH CAROLINA,HAY,PRODUCTION,TONS,13200
37115,Madison County,35.8642058,-82.7126309,1998,NORTH CAROLINA,TOBACCO,PRODUCTION,LB,3306000
37115,Madison County,35.8642058,-82.7126309,1999,NORTH CAROLINA,CORN,PRODUCTION,BU,16000
37115,Madison County,35.8642058,-82.7126309,1999,NORTH CAROLINA,CORN,PRODUCTION,TONS,2600
37115,Madison County,35.8642058,-82.7126309,1999,NORTH CAROLINA,HAY,PRODUCTION,TONS,16200
37115,Madison County,35.8642058,-82.7126309,1999,NORTH CAROLINA,TOBACCO,PRODUCTION,LB,3121000
37115,Madison County,35.8642058,-82.7126309,2000,NORTH CAROLINA,CORN,PRODUCTION,TONS,5200
37115,Madison County,35.8642058,-82.7126309,2000,NORTH CAROLINA,HAY,PRODUCTION,TONS,18600
37115,Madison County,35.8642058,-82.7126309,2000,NORTH CAROLINA,TOBACCO,PRODUCTION,LB,3436000
37151,Randolph County,35.7099148,-79.8062153,1996,NORTH CAROLINA,BARLEY,PRODUCTION,BU,26000
37151,Randolph County,35.7099148,-79.8062153,1996,NORTH CAROLINA,CORN,PRODUCTION,BU,530000
37151,Randolph County,35.7099148,-79.8062153,1996,NORTH CAROLINA,CORN,PRODUCTION,TONS,55000
37151,Randolph County,35.7099148,-79.8062153,1996,NORTH CAROLINA,HAY,PRODUCTION,TONS,50100
37151,Randolph County,35.7099148,-79.8062153,1996,NORTH CAROLINA,OATS,PRODUCTION,BU,15000
37151,Randolph County,35.7099148,-79.8062153,1996,NORTH CAROLINA,SORGHUM,PRODUCTION,BU,5100
37151,Randolph County,35.7099148,-79.8062153,1996,NORTH CAROLINA,SOYBEANS,PRODUCTION,BU,275000
37151,Randolph County,35.7099148,-79.8062153,1996,NORTH CAROLINA,TOBACCO,PRODUCTION,LB,3071000
37151,Randolph County,35.7099148,-79.8062153,1996,NORTH CAROLINA,WHEAT,PRODUCTION,BU,130000
37151,Randolph County,35.7099148,-79.8062153,1996,NORTH CAROLINA,WHEAT,PRODUCTION,BU,130000
37151,Randolph County,35.7099148,-79.8062153,1997,NORTH CAROLINA,BARLEY,PRODUCTION,BU,18430
37151,Randolph County,35.7099148,-79.8062153,1997,NORTH CAROLINA,BARLEY,PRODUCTION,BU,19500
37151,Randolph County,35.7099148,-79.8062153,1997,NORTH CAROLINA,CORN,PRODUCTION,BU,418214
37151,Randolph County,35.7099148,-79.8062153,1997,NORTH CAROLINA,CORN,PRODUCTION,TONS,39781
37151,Randolph County,35.7099148,-79.8062153,1997,NORTH CAROLINA,CORN,PRODUCTION,BU,502000
37151,Randolph County,35.7099148,-79.8062153,1997,NORTH CAROLINA,CORN,PRODUCTION,TONS,50000
37151,Randolph County,35.7099148,-79.8062153,1997,NORTH CAROLINA,GRASSES,PRODUCTION,LB,36350
37151,Randolph County,35.7099148,-79.8062153,1997,NORTH CAROLINA,HAY,PRODUCTION,TONS,867
37151,Randolph County,35.7099148,-79.8062153,1997,NORTH CAROLINA,HAY,PRODUCTION,TONS,5939
37151,Randolph County,35.7099148,-79.8062153,1997,NORTH CAROLINA,HAY,PRODUCTION,TONS,33437
37151,Randolph County,35.7099148,-79.8062153,1997,NORTH CAROLINA,HAY,PRODUCTION,TONS,955
37151,Randolph County,35.7099148,-79.8062153,1997,NORTH CAROLINA,HAY,PRODUCTION,TONS,45200
37151,Randolph County,35.7099148,-79.8062153,1997,NORTH CAROLINA,HAYLAGE,PRODUCTION,TONS,9717
37151,Randolph County,35.7099148,-79.8062153,1997,NORTH CAROLINA,OATS,PRODUCTION,BU,28386
37151,Randolph County,35.7099148,-79.8062153,1997,NORTH CAROLINA,OATS,PRODUCTION,BU,28000
37151,Randolph County,35.7099148,-79.8062153,1997,NORTH CAROLINA,RYE,PRODUCTION,BU,2270
37151,Randolph County,35.7099148,-79.8062153,1997,NORTH CAROLINA,SORGHUM,PRODUCTION,BU,4700
37151,Randolph County,35.7099148,-79.8062153,1997,NORTH CAROLINA,SOYBEANS,PRODUCTION,BU,158794
37151,Randolph County,35.7099148,-79.8062153,1997,NORTH CAROLINA,SOYBEANS,PRODUCTION,BU,172000
37151,Randolph County,35.7099148,-79.8062153,1997,NORTH CAROLINA,TOBACCO,PRODUCTION,LB,3079428
37151,Randolph County,35.7099148,-79.8062153,1997,NORTH CAROLINA,TOBACCO,PRODUCTION,LB,3440000
37151,Randolph County,35.7099148,-79.8062153,1997,NORTH CAROLINA,WHEAT,PRODUCTION,BU,154419
37151,Randolph County,35.7099148,-79.8062153,1997,NORTH CAROLINA,WHEAT,PRODUCTION,BU,188000
37151,Randolph County,35.7099148,-79.8062153,1997,NORTH CAROLINA,WHEAT,PRODUCTION,BU,188000
37151,Randolph County,35.7099148,-79.8062153,1997,NORTH CAROLINA,WOOL,PRODUCTION,LB,1117
37151,Randolph County,35.7099148,-79.8062153,1997,NORTH CAROLINA,WOOL,PRODUCTION,OPERATIONS,6
37151,Randolph County,35.7099148,-79.8062153,1998,NORTH CAROLINA,BARLEY,PRODUCTION,BU,20200
37151,Randolph County,35.7099148,-79.8062153,1998,NORTH CAROLINA,CORN,PRODUCTION,BU,341000
37151,Randolph County,35.7099148,-79.8062153,1998,NORTH CAROLINA,CORN,PRODUCTION,TONS,24800
37151,Randolph County,35.7099148,-79.8062153,1998,NORTH CAROLINA,HAY,PRODUCTION,TONS,52500
37151,Randolph County,35.7099148,-79.8062153,1998,NORTH CAROLINA,OATS,PRODUCTION,BU,17000
37151,Randolph County,35.7099148,-79.8062153,1998,NORTH CAROLINA,SOYBEANS,PRODUCTION,BU,116400
37151,Randolph County,35.7099148,-79.8062153,1998,NORTH CAROLINA,TOBACCO,PRODUCTION,LB,3184000
37151,Randolph County,35.7099148,-79.8062153,1998,NORTH CAROLINA,WHEAT,PRODUCTION,BU,159000
37151,Randolph County,35.7099148,-79.8062153,1998,NORTH CAROLINA,WHEAT,PRODUCTION,BU,159000
37151,Randolph County,35.7099148,-79.8062153,1999,NORTH CAROLINA,BARLEY,PRODUCTION,BU,34700
37151,Randolph County,35.7099148,-79.8062153,1999,NORTH CAROLINA,CORN,PRODUCTION,BU,246000
37151,Randolph County,35.7099148,-79.8062153,1999,NORTH CAROLINA,CORN,PRODUCTION,TONS,48000
37151,Randolph County,35.7099148,-79.8062153,1999,NORTH CAROLINA,HAY,PRODUCTION,TONS,50100
37151,Randolph County,35.7099148,-79.8062153,1999,NORTH CAROLINA,OATS,PRODUCTION,BU,35000
37151,Randolph County,35.7099148,-79.8062153,1999,NORTH CAROLINA,SOYBEANS,PRODUCTION,BU,171000
37151,Randolph County,35.7099148,-79.8062153,1999,NORTH CAROLINA,TOBACCO,PRODUCTION,LB,2880000
37151,Randolph County,35.7099148,-79.8062153,1999,NORTH CAROLINA,WHEAT,PRODUCTION,BU,157000
37151,Randolph County,35.7099148,-79.8062153,1999,NORTH CAROLINA,WHEAT,PRODUCTION,BU,157000
37151,Randolph County,35.7099148,-79.8062153,2000,NORTH CAROLINA,BARLEY,PRODUCTION,BU,28500
37151,Randolph County,35.7099148,-79.8062153,2000,NORTH CAROLINA,CORN,PRODUCTION,BU,267000
37151,Randolph County,35.7099148,-79.8062153,2000,NORTH CAROLINA,CORN,PRODUCTION,TONS,65100
37151,Randolph County,35.7099148,-79.8062153,2000,NORTH CAROLINA,HAY,PRODUCTION,TONS,65200
37151,Randolph County,35.7099148,-79.8062153,2000,NORTH CAROLINA,OATS,PRODUCTION,BU,44000
37151,Randolph County,35.7099148,-79.8062153,2000,NORTH CAROLINA,SOYBEANS,PRODUCTION,BU,242000
37151,Randolph County,35.7099148,-79.8062153,2000,NORTH CAROLINA,TOBACCO,PRODUCTION,LB,2024000
37151,Randolph County,35.7099148,-79.8062153,2000,NORTH CAROLINA,WHEAT,PRODUCTION,BU,191000
37151,Randolph County,35.7099148,-79.8062153,2000,NORTH CAROLINA,WHEAT,PRODUCTION,BU,191000
37131,Northampton County,36.4217739,-77.3983518,1996,NORTH CAROLINA,CORN,PRODUCTION,BU,610000
37131,Northampton County,36.4217739,-77.3983518,1996,NORTH CAROLINA,COTTON,PRODUCTION,480 LB BALES,80900
37131,Northampton County,36.4217739,-77.3983518,1996,NORTH CAROLINA,HAY,PRODUCTION,TONS,3200
37131,Northampton County,36.4217739,-77.3983518,1996,NORTH CAROLINA,OATS,PRODUCTION,BU,1200
37131,Northampton County,36.4217739,-77.3983518,1996,NORTH CAROLINA,PEANUTS,PRODUCTION,LB,65165000
37131,Northampton County,36.4217739,-77.3983518,1996,NORTH CAROLINA,SORGHUM,PRODUCTION,BU,32500
37131,Northampton County,36.4217739,-77.3983518,1996,NORTH CAROLINA,SOYBEANS,PRODUCTION,BU,253000
37131,Northampton County,36.4217739,-77.3983518,1996,NORTH CAROLINA,TOBACCO,PRODUCTION,LB,480000
37131,Northampton County,36.4217739,-77.3983518,1996,NORTH CAROLINA,WHEAT,PRODUCTION,BU,118000
37131,Northampton County,36.4217739,-77.3983518,1996,NORTH CAROLINA,WHEAT,PRODUCTION,BU,118000
37131,Northampton County,36.4217739,-77.3983518,1997,NORTH CAROLINA,CORN,PRODUCTION,BU,392443
37131,Northampton County,36.4217739,-77.3983518,1997,NORTH CAROLINA,CORN,PRODUCTION,TONS,1061
37131,Northampton County,36.4217739,-77.3983518,1997,NORTH CAROLINA,CORN,PRODUCTION,BU,425000
37131,Northampton County,36.4217739,-77.3983518,1997,NORTH CAROLINA,COTTON,PRODUCTION,BALES,69406
37131,Northampton County,36.4217739,-77.3983518,1997,NORTH CAROLINA,COTTON,PRODUCTION,480 LB BALES,66000
37131,Northampton County,36.4217739,-77.3983518,1997,NORTH CAROLINA,HAY,PRODUCTION,TONS,NA
37131,Northampton County,36.4217739,-77.3983518,1997,NORTH CAROLINA,HAY,PRODUCTION,TONS,3500
37131,Northampton County,36.4217739,-77.3983518,1997,NORTH CAROLINA,PEANUTS,PRODUCTION,LB,54917367
37131,Northampton County,36.4217739,-77.3983518,1997,NORTH CAROLINA,PEANUTS,PRODUCTION,LB,52020000
37131,Northampton County,36.4217739,-77.3983518,1997,NORTH CAROLINA,SORGHUM,PRODUCTION,BU,18227
37131,Northampton County,36.4217739,-77.3983518,1997,NORTH CAROLINA,SORGHUM,PRODUCTION,BU,20300
37131,Northampton County,36.4217739,-77.3983518,1997,NORTH CAROLINA,SOYBEANS,PRODUCTION,BU,213305
37131,Northampton County,36.4217739,-77.3983518,1997,NORTH CAROLINA,SOYBEANS,PRODUCTION,BU,252000
37131,Northampton County,36.4217739,-77.3983518,1997,NORTH CAROLINA,TOBACCO,PRODUCTION,LB,653320
37131,Northampton County,36.4217739,-77.3983518,1997,NORTH CAROLINA,TOBACCO,PRODUCTION,LB,635000
37131,Northampton County,36.4217739,-77.3983518,1997,NORTH CAROLINA,WHEAT,PRODUCTION,BU,134984
37131,Northampton County,36.4217739,-77.3983518,1997,NORTH CAROLINA,WHEAT,PRODUCTION,BU,130000
37131,Northampton County,36.4217739,-77.3983518,1997,NORTH CAROLINA,WHEAT,PRODUCTION,BU,130000
37131,Northampton County,36.4217739,-77.3983518,1997,NORTH CAROLINA,WOOL,PRODUCTION,LB,NA
37131,Northampton County,36.4217739,-77.3983518,1997,NORTH CAROLINA,WOOL,PRODUCTION,OPERATIONS,1
37131,Northampton County,36.4217739,-77.3983518,1998,NORTH CAROLINA,CORN,PRODUCTION,BU,332000
37131,Northampton County,36.4217739,-77.3983518,1998,NORTH CAROLINA,COTTON,PRODUCTION,480 LB BALES,84000
37131,Northampton County,36.4217739,-77.3983518,1998,NORTH CAROLINA,HAY,PRODUCTION,TONS,3000
37131,Northampton County,36.4217739,-77.3983518,1998,NORTH CAROLINA,PEANUTS,PRODUCTION,LB,64992000
37131,Northampton County,36.4217739,-77.3983518,1998,NORTH CAROLINA,SORGHUM,PRODUCTION,BU,9400
37131,Northampton County,36.4217739,-77.3983518,1998,NORTH CAROLINA,SOYBEANS,PRODUCTION,BU,348000
37131,Northampton County,36.4217739,-77.3983518,1998,NORTH CAROLINA,TOBACCO,PRODUCTION,LB,591000
37131,Northampton County,36.4217739,-77.3983518,1998,NORTH CAROLINA,WHEAT,PRODUCTION,BU,131000
37131,Northampton County,36.4217739,-77.3983518,1998,NORTH CAROLINA,WHEAT,PRODUCTION,BU,131000
37131,Northampton County,36.4217739,-77.3983518,1999,NORTH CAROLINA,CORN,PRODUCTION,BU,209000
37131,Northampton County,36.4217739,-77.3983518,1999,NORTH CAROLINA,COTTON,PRODUCTION,480 LB BALES,67900
37131,Northampton County,36.4217739,-77.3983518,1999,NORTH CAROLINA,HAY,PRODUCTION,TONS,2400
37131,Northampton County,36.4217739,-77.3983518,1999,NORTH CAROLINA,PEANUTS,PRODUCTION,LB,56562000
37131,Northampton County,36.4217739,-77.3983518,1999,NORTH CAROLINA,SORGHUM,PRODUCTION,BU,9000
37131,Northampton County,36.4217739,-77.3983518,1999,NORTH CAROLINA,SOYBEANS,PRODUCTION,BU,156000
37131,Northampton County,36.4217739,-77.3983518,1999,NORTH CAROLINA,TOBACCO,PRODUCTION,LB,411000
37131,Northampton County,36.4217739,-77.3983518,1999,NORTH CAROLINA,WHEAT,PRODUCTION,BU,77000
37131,Northampton County,36.4217739,-77.3983518,1999,NORTH CAROLINA,WHEAT,PRODUCTION,BU,77000
37131,Northampton County,36.4217739,-77.3983518,2000,NORTH CAROLINA,CORN,PRODUCTION,BU,233000
37131,Northampton County,36.4217739,-77.3983518,2000,NORTH CAROLINA,COTTON,PRODUCTION,480 LB BALES,92500
37131,Northampton County,36.4217739,-77.3983518,2000,NORTH CAROLINA,HAY,PRODUCTION,TONS,2500
37131,Northampton County,36.4217739,-77.3983518,2000,NORTH CAROLINA,PEANUTS,PRODUCTION,LB,58746000
37131,Northampton County,36.4217739,-77.3983518,2000,NORTH CAROLINA,SOYBEANS,PRODUCTION,BU,214000
37131,Northampton County,36.4217739,-77.3983518,2000,NORTH CAROLINA,TOBACCO,PRODUCTION,LB,321000
37131,Northampton County,36.4217739,-77.3983518,2000,NORTH CAROLINA,WHEAT,PRODUCTION,BU,60000
37131,Northampton County,36.4217739,-77.3983518,2000,NORTH CAROLINA,WHEAT,PRODUCTION,BU,60000
37013,Beaufort County,35.4823128,-76.8420144,1996,NORTH CAROLINA,CORN,PRODUCTION,BU,5255000
37013,Beaufort County,35.4823128,-76.8420144,1996,NORTH CAROLINA,COTTON,PRODUCTION,480 LB BALES,10100
37013,Beaufort County,35.4823128,-76.8420144,1996,NORTH CAROLINA,HAY,PRODUCTION,TONS,1100
37013,Beaufort County,35.4823128,-76.8420144,1996,NORTH CAROLINA,OATS,PRODUCTION,BU,47000
37013,Beaufort County,35.4823128,-76.8420144,1996,NORTH CAROLINA,PEANUTS,PRODUCTION,LB,596000
37013,Beaufort County,35.4823128,-76.8420144,1996,NORTH CAROLINA,POTATOES,PRODUCTION,CWT,22200
37013,Beaufort County,35.4823128,-76.8420144,1996,NORTH CAROLINA,SOYBEANS,PRODUCTION,BU,1457000
37013,Beaufort County,35.4823128,-76.8420144,1996,NORTH CAROLINA,SWEET POTATOES,PRODUCTION,CWT,38400
37013,Beaufort County,35.4823128,-76.8420144,1996,NORTH CAROLINA,TOBACCO,PRODUCTION,LB,10423000
37013,Beaufort County,35.4823128,-76.8420144,1996,NORTH CAROLINA,WHEAT,PRODUCTION,BU,1907000
37013,Beaufort County,35.4823128,-76.8420144,1996,NORTH CAROLINA,WHEAT,PRODUCTION,BU,1907000
37013,Beaufort County,35.4823128,-76.8420144,1997,NORTH CAROLINA,CORN,PRODUCTION,BU,4852696
37013,Beaufort County,35.4823128,-76.8420144,1997,NORTH CAROLINA,CORN,PRODUCTION,BU,5100000
37013,Beaufort County,35.4823128,-76.8420144,1997,NORTH CAROLINA,COTTON,PRODUCTION,BALES,6544
37013,Beaufort County,35.4823128,-76.8420144,1997,NORTH CAROLINA,COTTON,PRODUCTION,480 LB BALES,10100
37013,Beaufort County,35.4823128,-76.8420144,1997,NORTH CAROLINA,HAY,PRODUCTION,TONS,445
37013,Beaufort County,35.4823128,-76.8420144,1997,NORTH CAROLINA,HAY,PRODUCTION,TONS,177
37013,Beaufort County,35.4823128,-76.8420144,1997,NORTH CAROLINA,HAY,PRODUCTION,TONS,NA
37013,Beaufort County,35.4823128,-76.8420144,1997,NORTH CAROLINA,HAY,PRODUCTION,TONS,900
37013,Beaufort County,35.4823128,-76.8420144,1997,NORTH CAROLINA,OATS,PRODUCTION,BU,81656
37013,Beaufort County,35.4823128,-76.8420144,1997,NORTH CAROLINA,OATS,PRODUCTION,BU,89000
37013,Beaufort County,35.4823128,-76.8420144,1997,NORTH CAROLINA,PEANUTS,PRODUCTION,LB,1189593
37013,Beaufort County,35.4823128,-76.8420144,1997,NORTH CAROLINA,PEANUTS,PRODUCTION,LB,937000
37013,Beaufort County,35.4823128,-76.8420144,1997,NORTH CAROLINA,POTATOES,PRODUCTION,CWT,NA
37013,Beaufort County,35.4823128,-76.8420144,1997,NORTH CAROLINA,SOYBEANS,PRODUCTION,BU,2110807
37013,Beaufort County,35.4823128,-76.8420144,1997,NORTH CAROLINA,SOYBEANS,PRODUCTION,BU,2360000
37013,Beaufort County,35.4823128,-76.8420144,1997,NORTH CAROLINA,SWEET POTATOES,PRODUCTION,CWT,388
37013,Beaufort County,35.4823128,-76.8420144,1997,NORTH CAROLINA,TOBACCO,PRODUCTION,LB,10394859
37013,Beaufort County,35.4823128,-76.8420144,1997,NORTH CAROLINA,TOBACCO,PRODUCTION,LB,12859000
37013,Beaufort County,35.4823128,-76.8420144,1997,NORTH CAROLINA,WHEAT,PRODUCTION,BU,2246269
37013,Beaufort County,35.4823128,-76.8420144,1997,NORTH CAROLINA,WHEAT,PRODUCTION,BU,2450000
37013,Beaufort County,35.4823128,-76.8420144,1997,NORTH CAROLINA,WHEAT,PRODUCTION,BU,2450000
37013,Beaufort County,35.4823128,-76.8420144,1997,NORTH CAROLINA,WOOL,PRODUCTION,LB,NA
37013,Beaufort County,35.4823128,-76.8420144,1997,NORTH CAROLINA,WOOL,PRODUCTION,OPERATIONS,2
37013,Beaufort County,35.4823128,-76.8420144,1998,NORTH CAROLINA,CORN,PRODUCTION,BU,4535000
37013,Beaufort County,35.4823128,-76.8420144,1998,NORTH CAROLINA,COTTON,PRODUCTION,480 LB BALES,15000
37013,Beaufort County,35.4823128,-76.8420144,1998,NORTH CAROLINA,HAY,PRODUCTION,TONS,900
37013,Beaufort County,35.4823128,-76.8420144,1998,NORTH CAROLINA,OATS,PRODUCTION,BU,78000
37013,Beaufort County,35.4823128,-76.8420144,1998,NORTH CAROLINA,PEANUTS,PRODUCTION,LB,659000
37013,Beaufort County,35.4823128,-76.8420144,1998,NORTH CAROLINA,POTATOES,PRODUCTION,CWT,33200
37013,Beaufort County,35.4823128,-76.8420144,1998,NORTH CAROLINA,SORGHUM,PRODUCTION,BU,9600
37013,Beaufort County,35.4823128,-76.8420144,1998,NORTH CAROLINA,SOYBEANS,PRODUCTION,BU,2288000
37013,Beaufort County,35.4823128,-76.8420144,1998,NORTH CAROLINA,TOBACCO,PRODUCTION,LB,9749000
37013,Beaufort County,35.4823128,-76.8420144,1998,NORTH CAROLINA,WHEAT,PRODUCTION,BU,2272000
37013,Beaufort County,35.4823128,-76.8420144,1998,NORTH CAROLINA,WHEAT,PRODUCTION,BU,2272000
37013,Beaufort County,35.4823128,-76.8420144,1999,NORTH CAROLINA,CORN,PRODUCTION,BU,4557000
37013,Beaufort County,35.4823128,-76.8420144,1999,NORTH CAROLINA,COTTON,PRODUCTION,480 LB BALES,24700
37013,Beaufort County,35.4823128,-76.8420144,1999,NORTH CAROLINA,HAY,PRODUCTION,TONS,800
37013,Beaufort County,35.4823128,-76.8420144,1999,NORTH CAROLINA,OATS,PRODUCTION,BU,122300
37013,Beaufort County,35.4823128,-76.8420144,1999,NORTH CAROLINA,PEANUTS,PRODUCTION,LB,281000
37013,Beaufort County,35.4823128,-76.8420144,1999,NORTH CAROLINA,SORGHUM,PRODUCTION,BU,10500
37013,Beaufort County,35.4823128,-76.8420144,1999,NORTH CAROLINA,SOYBEANS,PRODUCTION,BU,1422000
37013,Beaufort County,35.4823128,-76.8420144,1999,NORTH CAROLINA,TOBACCO,PRODUCTION,LB,6879000
37013,Beaufort County,35.4823128,-76.8420144,1999,NORTH CAROLINA,WHEAT,PRODUCTION,BU,2162000
37013,Beaufort County,35.4823128,-76.8420144,1999,NORTH CAROLINA,WHEAT,PRODUCTION,BU,2162000
37013,Beaufort County,35.4823128,-76.8420144,2000,NORTH CAROLINA,CORN,PRODUCTION,BU,5206000
37013,Beaufort County,35.4823128,-76.8420144,2000,NORTH CAROLINA,COTTON,PRODUCTION,480 LB BALES,42700
37013,Beaufort County,35.4823128,-76.8420144,2000,NORTH CAROLINA,HAY,PRODUCTION,TONS,1500
37013,Beaufort County,35.4823128,-76.8420144,2000,NORTH CAROLINA,OATS,PRODUCTION,BU,117000
37013,Beaufort County,35.4823128,-76.8420144,2000,NORTH CAROLINA,PEANUTS,PRODUCTION,LB,498000
37013,Beaufort County,35.4823128,-76.8420144,2000,NORTH CAROLINA,SORGHUM,PRODUCTION,BU,9500
37013,Beaufort County,35.4823128,-76.8420144,2000,NORTH CAROLINA,SOYBEANS,PRODUCTION,BU,1888000
37013,Beaufort County,35.4823128,-76.8420144,2000,NORTH CAROLINA,TOBACCO,PRODUCTION,LB,7125000
37013,Beaufort County,35.4823128,-76.8420144,2000,NORTH CAROLINA,WHEAT,PRODUCTION,BU,1710000
37013,Beaufort County,35.4823128,-76.8420144,2000,NORTH CAROLINA,WHEAT,PRODUCTION,BU,1710000
37159,Rowan County,35.641355,-80.5217214,1996,NORTH CAROLINA,BARLEY,PRODUCTION,BU,166000
37159,Rowan County,35.641355,-80.5217214,1996,NORTH CAROLINA,CORN,PRODUCTION,BU,512000
37159,Rowan County,35.641355,-80.5217214,1996,NORTH CAROLINA,CORN,PRODUCTION,TONS,37500
37159,Rowan County,35.641355,-80.5217214,1996,NORTH CAROLINA,COTTON,PRODUCTION,480 LB BALES,2000
37159,Rowan County,35.641355,-80.5217214,1996,NORTH CAROLINA,HAY,PRODUCTION,TONS,40600
37159,Rowan County,35.641355,-80.5217214,1996,NORTH CAROLINA,OATS,PRODUCTION,BU,30000
37159,Rowan County,35.641355,-80.5217214,1996,NORTH CAROLINA,POTATOES,PRODUCTION,CWT,500
37159,Rowan County,35.641355,-80.5217214,1996,NORTH CAROLINA,SORGHUM,PRODUCTION,BU,3000
37159,Rowan County,35.641355,-80.5217214,1996,NORTH CAROLINA,SOYBEANS,PRODUCTION,BU,357000
37159,Rowan County,35.641355,-80.5217214,1996,NORTH CAROLINA,WHEAT,PRODUCTION,BU,220000
37159,Rowan County,35.641355,-80.5217214,1996,NORTH CAROLINA,WHEAT,PRODUCTION,BU,220000
37159,Rowan County,35.641355,-80.5217214,1997,NORTH CAROLINA,BARLEY,PRODUCTION,BU,120559
37159,Rowan County,35.641355,-80.5217214,1997,NORTH CAROLINA,BARLEY,PRODUCTION,BU,176900
37159,Rowan County,35.641355,-80.5217214,1997,NORTH CAROLINA,CORN,PRODUCTION,BU,462362
37159,Rowan County,35.641355,-80.5217214,1997,NORTH CAROLINA,CORN,PRODUCTION,TONS,37105
37159,Rowan County,35.641355,-80.5217214,1997,NORTH CAROLINA,CORN,PRODUCTION,BU,456000
37159,Rowan County,35.641355,-80.5217214,1997,NORTH CAROLINA,CORN,PRODUCTION,TONS,46000
37159,Rowan County,35.641355,-80.5217214,1997,NORTH CAROLINA,COTTON,PRODUCTION,480 LB BALES,1000
37159,Rowan County,35.641355,-80.5217214,1997,NORTH CAROLINA,GRASSES,PRODUCTION,LB,37600
37159,Rowan County,35.641355,-80.5217214,1997,NORTH CAROLINA,HAY,PRODUCTION,TONS,2172
37159,Rowan County,35.641355,-80.5217214,1997,NORTH CAROLINA,HAY,PRODUCTION,TONS,2472
37159,Rowan County,35.641355,-80.5217214,1997,NORTH CAROLINA,HAY,PRODUCTION,TONS,31660
37159,Rowan County,35.641355,-80.5217214,1997,NORTH CAROLINA,HAY,PRODUCTION,TONS,835
37159,Rowan County,35.641355,-80.5217214,1997,NORTH CAROLINA,HAY,PRODUCTION,TONS,40100
37159,Rowan County,35.641355,-80.5217214,1997,NORTH CAROLINA,HAYLAGE,PRODUCTION,TONS,3839
37159,Rowan County,35.641355,-80.5217214,1997,NORTH CAROLINA,OATS,PRODUCTION,BU,27344
37159,Rowan County,35.641355,-80.5217214,1997,NORTH CAROLINA,OATS,PRODUCTION,BU,27000
37159,Rowan County,35.641355,-80.5217214,1997,NORTH CAROLINA,SORGHUM,PRODUCTION,BU,2167
37159,Rowan County,35.641355,-80.5217214,1997,NORTH CAROLINA,SORGHUM,PRODUCTION,BU,2400
37159,Rowan County,35.641355,-80.5217214,1997,NORTH CAROLINA,SOYBEANS,PRODUCTION,BU,251556
37159,Rowan County,35.641355,-80.5217214,1997,NORTH CAROLINA,SOYBEANS,PRODUCTION,BU,302000
37159,Rowan County,35.641355,-80.5217214,1997,NORTH CAROLINA,WHEAT,PRODUCTION,BU,319851
37159,Rowan County,35.641355,-80.5217214,1997,NORTH CAROLINA,WHEAT,PRODUCTION,BU,337000
37159,Rowan County,35.641355,-80.5217214,1997,NORTH CAROLINA,WHEAT,PRODUCTION,BU,337000
37159,Rowan County,35.641355,-80.5217214,1997,NORTH CAROLINA,WOOL,PRODUCTION,LB,947
37159,Rowan County,35.641355,-80.5217214,1997,NORTH CAROLINA,WOOL,PRODUCTION,OPERATIONS,8
37159,Rowan County,35.641355,-80.5217214,1998,NORTH CAROLINA,BARLEY,PRODUCTION,BU,128100
37159,Rowan County,35.641355,-80.5217214,1998,NORTH CAROLINA,CORN,PRODUCTION,BU,262500
37159,Rowan County,35.641355,-80.5217214,1998,NORTH CAROLINA,CORN,PRODUCTION,TONS,17000
37159,Rowan County,35.641355,-80.5217214,1998,NORTH CAROLINA,COTTON,PRODUCTION,480 LB BALES,900
37159,Rowan County,35.641355,-80.5217214,1998,NORTH CAROLINA,HAY,PRODUCTION,TONS,40700
37159,Rowan County,35.641355,-80.5217214,1998,NORTH CAROLINA,OATS,PRODUCTION,BU,20000
37159,Rowan County,35.641355,-80.5217214,1998,NORTH CAROLINA,SOYBEANS,PRODUCTION,BU,290000
37159,Rowan County,35.641355,-80.5217214,1998,NORTH CAROLINA,WHEAT,PRODUCTION,BU,200000
37159,Rowan County,35.641355,-80.5217214,1998,NORTH CAROLINA,WHEAT,PRODUCTION,BU,200000
37159,Rowan County,35.641355,-80.5217214,1999,NORTH CAROLINA,BARLEY,PRODUCTION,BU,196400
37159,Rowan County,35.641355,-80.5217214,1999,NORTH CAROLINA,CORN,PRODUCTION,BU,301000
37159,Rowan County,35.641355,-80.5217214,1999,NORTH CAROLINA,CORN,PRODUCTION,TONS,32000
37159,Rowan County,35.641355,-80.5217214,1999,NORTH CAROLINA,COTTON,PRODUCTION,480 LB BALES,1200
37159,Rowan County,35.641355,-80.5217214,1999,NORTH CAROLINA,HAY,PRODUCTION,TONS,37000
37159,Rowan County,35.641355,-80.5217214,1999,NORTH CAROLINA,OATS,PRODUCTION,BU,16000
37159,Rowan County,35.641355,-80.5217214,1999,NORTH CAROLINA,SOYBEANS,PRODUCTION,BU,378000
37159,Rowan County,35.641355,-80.5217214,1999,NORTH CAROLINA,WHEAT,PRODUCTION,BU,364000
37159,Rowan County,35.641355,-80.5217214,1999,NORTH CAROLINA,WHEAT,PRODUCTION,BU,364000
37159,Rowan County,35.641355,-80.5217214,2000,NORTH CAROLINA,BARLEY,PRODUCTION,BU,213700
37159,Rowan County,35.641355,-80.5217214,2000,NORTH CAROLINA,CORN,PRODUCTION,BU,312000
37159,Rowan County,35.641355,-80.5217214,2000,NORTH CAROLINA,CORN,PRODUCTION,TONS,32300
37159,Rowan County,35.641355,-80.5217214,2000,NORTH CAROLINA,COTTON,PRODUCTION,480 LB BALES,1500
37159,Rowan County,35.641355,-80.5217214,2000,NORTH CAROLINA,HAY,PRODUCTION,TONS,47000
37159,Rowan County,35.641355,-80.5217214,2000,NORTH CAROLINA,SOYBEANS,PRODUCTION,BU,433000
37159,Rowan County,35.641355,-80.5217214,2000,NORTH CAROLINA,WHEAT,PRODUCTION,BU,318000
37159,Rowan County,35.641355,-80.5217214,2000,NORTH CAROLINA,WHEAT,PRODUCTION,BU,318000
37051,Cumberland County,35.0501921,-78.8287187,1996,NORTH CAROLINA,CORN,PRODUCTION,BU,1131000
37051,Cumberland County,35.0501921,-78.8287187,1996,NORTH CAROLINA,COTTON,PRODUCTION,480 LB BALES,10200
37051,Cumberland County,35.0501921,-78.8287187,1996,NORTH CAROLINA,HAY,PRODUCTION,TONS,11800
37051,Cumberland County,35.0501921,-78.8287187,1996,NORTH CAROLINA,OATS,PRODUCTION,BU,33000
37051,Cumberland County,35.0501921,-78.8287187,1996,NORTH CAROLINA,PEANUTS,PRODUCTION,LB,387000
37051,Cumberland County,35.0501921,-78.8287187,1996,NORTH CAROLINA,POTATOES,PRODUCTION,CWT,10500
37051,Cumberland County,35.0501921,-78.8287187,1996,NORTH CAROLINA,SORGHUM,PRODUCTION,BU,7800
37051,Cumberland County,35.0501921,-78.8287187,1996,NORTH CAROLINA,SOYBEANS,PRODUCTION,BU,498000
37051,Cumberland County,35.0501921,-78.8287187,1996,NORTH CAROLINA,SWEET POTATOES,PRODUCTION,CWT,150200
37051,Cumberland County,35.0501921,-78.8287187,1996,NORTH CAROLINA,TOBACCO,PRODUCTION,LB,5935000
37051,Cumberland County,35.0501921,-78.8287187,1996,NORTH CAROLINA,WHEAT,PRODUCTION,BU,296000
37051,Cumberland County,35.0501921,-78.8287187,1996,NORTH CAROLINA,WHEAT,PRODUCTION,BU,296000
37051,Cumberland County,35.0501921,-78.8287187,1997,NORTH CAROLINA,BARLEY,PRODUCTION,BU,NA
37051,Cumberland County,35.0501921,-78.8287187,1997,NORTH CAROLINA,BARLEY,PRODUCTION,BU,4000
37051,Cumberland County,35.0501921,-78.8287187,1997,NORTH CAROLINA,CORN,PRODUCTION,BU,703245
37051,Cumberland County,35.0501921,-78.8287187,1997,NORTH CAROLINA,CORN,PRODUCTION,BU,945000
37051,Cumberland County,35.0501921,-78.8287187,1997,NORTH CAROLINA,COTTON,PRODUCTION,BALES,5498
37051,Cumberland County,35.0501921,-78.8287187,1997,NORTH CAROLINA,COTTON,PRODUCTION,480 LB BALES,8500
37051,Cumberland County,35.0501921,-78.8287187,1997,NORTH CAROLINA,HAY,PRODUCTION,TONS,NA
37051,Cumberland County,35.0501921,-78.8287187,1997,NORTH CAROLINA,HAY,PRODUCTION,TONS,706
37051,Cumberland County,35.0501921,-78.8287187,1997,NORTH CAROLINA,HAY,PRODUCTION,TONS,9151
37051,Cumberland County,35.0501921,-78.8287187,1997,NORTH CAROLINA,HAY,PRODUCTION,TONS,59
37051,Cumberland County,35.0501921,-78.8287187,1997,NORTH CAROLINA,HAY,PRODUCTION,TONS,11300
37051,Cumberland County,35.0501921,-78.8287187,1997,NORTH CAROLINA,HAYLAGE,PRODUCTION,TONS,NA
37051,Cumberland County,35.0501921,-78.8287187,1997,NORTH CAROLINA,OATS,PRODUCTION,BU,70080
37051,Cumberland County,35.0501921,-78.8287187,1997,NORTH CAROLINA,OATS,PRODUCTION,BU,78000
37051,Cumberland County,35.0501921,-78.8287187,1997,NORTH CAROLINA,PEANUTS,PRODUCTION,LB,447000
37051,Cumberland County,35.0501921,-78.8287187,1997,NORTH CAROLINA,PEANUTS,PRODUCTION,LB,361000
37051,Cumberland County,35.0501921,-78.8287187,1997,NORTH CAROLINA,RYE,PRODUCTION,BU,16538
37051,Cumberland County,35.0501921,-78.8287187,1997,NORTH CAROLINA,SORGHUM,PRODUCTION,BU,19600
37051,Cumberland County,35.0501921,-78.8287187,1997,NORTH CAROLINA,SOYBEANS,PRODUCTION,BU,462524
37051,Cumberland County,35.0501921,-78.8287187,1997,NORTH CAROLINA,SOYBEANS,PRODUCTION,BU,474000
37051,Cumberland County,35.0501921,-78.8287187,1997,NORTH CAROLINA,SWEET POTATOES,PRODUCTION,CWT,65632
37051,Cumberland County,35.0501921,-78.8287187,1997,NORTH CAROLINA,SWEET POTATOES,PRODUCTION,CWT,119000
37051,Cumberland County,35.0501921,-78.8287187,1997,NORTH CAROLINA,TOBACCO,PRODUCTION,LB,5857489
37051,Cumberland County,35.0501921,-78.8287187,1997,NORTH CAROLINA,TOBACCO,PRODUCTION,LB,7800000
37051,Cumberland County,35.0501921,-78.8287187,1997,NORTH CAROLINA,WHEAT,PRODUCTION,BU,293990
37051,Cumberland County,35.0501921,-78.8287187,1997,NORTH CAROLINA,WHEAT,PRODUCTION,BU,343000
37051,Cumberland County,35.0501921,-78.8287187,1997,NORTH CAROLINA,WHEAT,PRODUCTION,BU,343000
37051,Cumberland County,35.0501921,-78.8287187,1997,NORTH CAROLINA,WOOL,PRODUCTION,LB,NA
37051,Cumberland County,35.0501921,-78.8287187,1997,NORTH CAROLINA,WOOL,PRODUCTION,OPERATIONS,1
37051,Cumberland County,35.0501921,-78.8287187,1998,NORTH CAROLINA,CORN,PRODUCTION,BU,405000
37051,Cumberland County,35.0501921,-78.8287187,1998,NORTH CAROLINA,COTTON,PRODUCTION,480 LB BALES,9000
37051,Cumberland County,35.0501921,-78.8287187,1998,NORTH CAROLINA,HAY,PRODUCTION,TONS,11000
37051,Cumberland County,35.0501921,-78.8287187,1998,NORTH CAROLINA,OATS,PRODUCTION,BU,53000
37051,Cumberland County,35.0501921,-78.8287187,1998,NORTH CAROLINA,PEANUTS,PRODUCTION,LB,380000
37051,Cumberland County,35.0501921,-78.8287187,1998,NORTH CAROLINA,SOYBEANS,PRODUCTION,BU,476000
37051,Cumberland County,35.0501921,-78.8287187,1998,NORTH CAROLINA,SWEET POTATOES,PRODUCTION,CWT,128300
37051,Cumberland County,35.0501921,-78.8287187,1998,NORTH CAROLINA,TOBACCO,PRODUCTION,LB,5578000
37051,Cumberland County,35.0501921,-78.8287187,1998,NORTH CAROLINA,WHEAT,PRODUCTION,BU,260000
37051,Cumberland County,35.0501921,-78.8287187,1998,NORTH CAROLINA,WHEAT,PRODUCTION,BU,260000
37051,Cumberland County,35.0501921,-78.8287187,1999,NORTH CAROLINA,CORN,PRODUCTION,BU,444000
37051,Cumberland County,35.0501921,-78.8287187,1999,NORTH CAROLINA,COTTON,PRODUCTION,480 LB BALES,9200
37051,Cumberland County,35.0501921,-78.8287187,1999,NORTH CAROLINA,HAY,PRODUCTION,TONS,13000
37051,Cumberland County,35.0501921,-78.8287187,1999,NORTH CAROLINA,OATS,PRODUCTION,BU,58000
37051,Cumberland County,35.0501921,-78.8287187,1999,NORTH CAROLINA,PEANUTS,PRODUCTION,LB,324000
37051,Cumberland County,35.0501921,-78.8287187,1999,NORTH CAROLINA,SOYBEANS,PRODUCTION,BU,313000
37051,Cumberland County,35.0501921,-78.8287187,1999,NORTH CAROLINA,SWEET POTATOES,PRODUCTION,CWT,81100
37051,Cumberland County,35.0501921,-78.8287187,1999,NORTH CAROLINA,TOBACCO,PRODUCTION,LB,4674000
37051,Cumberland County,35.0501921,-78.8287187,1999,NORTH CAROLINA,WHEAT,PRODUCTION,BU,278000
37051,Cumberland County,35.0501921,-78.8287187,1999,NORTH CAROLINA,WHEAT,PRODUCTION,BU,278000
37051,Cumberland County,35.0501921,-78.8287187,2000,NORTH CAROLINA,CORN,PRODUCTION,BU,1032000
37051,Cumberland County,35.0501921,-78.8287187,2000,NORTH CAROLINA,COTTON,PRODUCTION,480 LB BALES,20900
37051,Cumberland County,35.0501921,-78.8287187,2000,NORTH CAROLINA,HAY,PRODUCTION,TONS,17300
37051,Cumberland County,35.0501921,-78.8287187,2000,NORTH CAROLINA,OATS,PRODUCTION,BU,79000
37051,Cumberland County,35.0501921,-78.8287187,2000,NORTH CAROLINA,PEANUTS,PRODUCTION,LB,390000
37051,Cumberland County,35.0501921,-78.8287187,2000,NORTH CAROLINA,SOYBEANS,PRODUCTION,BU,548000
37051,Cumberland County,35.0501921,-78.8287187,2000,NORTH CAROLINA,SWEET POTATOES,PRODUCTION,CWT,225000
37051,Cumberland County,35.0501921,-78.8287187,2000,NORTH CAROLINA,TOBACCO,PRODUCTION,LB,4174000
37051,Cumberland County,35.0501921,-78.8287187,2000,NORTH CAROLINA,WHEAT,PRODUCTION,BU,240000
37051,Cumberland County,35.0501921,-78.8287187,2000,NORTH CAROLINA,WHEAT,PRODUCTION,BU,240000
37153,Richmond County,35.004636,-79.7556946,1996,NORTH CAROLINA,CORN,PRODUCTION,BU,145000
37153,Richmond County,35.004636,-79.7556946,1996,NORTH CAROLINA,COTTON,PRODUCTION,480 LB BALES,4000
37153,Richmond County,35.004636,-79.7556946,1996,NORTH CAROLINA,HAY,PRODUCTION,TONS,8500
37153,Richmond County,35.004636,-79.7556946,1996,NORTH CAROLINA,OATS,PRODUCTION,BU,5900
37153,Richmond County,35.004636,-79.7556946,1996,NORTH CAROLINA,SOYBEANS,PRODUCTION,BU,152000
37153,Richmond County,35.004636,-79.7556946,1996,NORTH CAROLINA,SWEET POTATOES,PRODUCTION,CWT,11900
37153,Richmond County,35.004636,-79.7556946,1996,NORTH CAROLINA,TOBACCO,PRODUCTION,LB,2460000
37153,Richmond County,35.004636,-79.7556946,1996,NORTH CAROLINA,WHEAT,PRODUCTION,BU,107000
37153,Richmond County,35.004636,-79.7556946,1996,NORTH CAROLINA,WHEAT,PRODUCTION,BU,107000
37153,Richmond County,35.004636,-79.7556946,1997,NORTH CAROLINA,CORN,PRODUCTION,BU,139342
37153,Richmond County,35.004636,-79.7556946,1997,NORTH CAROLINA,CORN,PRODUCTION,BU,115000
37153,Richmond County,35.004636,-79.7556946,1997,NORTH CAROLINA,COTTON,PRODUCTION,BALES,NA
37153,Richmond County,35.004636,-79.7556946,1997,NORTH CAROLINA,COTTON,PRODUCTION,480 LB BALES,4900
37153,Richmond County,35.004636,-79.7556946,1997,NORTH CAROLINA,HAY,PRODUCTION,TONS,887
37153,Richmond County,35.004636,-79.7556946,1997,NORTH CAROLINA,HAY,PRODUCTION,TONS,5687
37153,Richmond County,35.004636,-79.7556946,1997,NORTH CAROLINA,HAY,PRODUCTION,TONS,111
37153,Richmond County,35.004636,-79.7556946,1997,NORTH CAROLINA,HAY,PRODUCTION,TONS,7300
37153,Richmond County,35.004636,-79.7556946,1997,NORTH CAROLINA,OATS,PRODUCTION,BU,4766
37153,Richmond County,35.004636,-79.7556946,1997,NORTH CAROLINA,OATS,PRODUCTION,BU,6000
37153,Richmond County,35.004636,-79.7556946,1997,NORTH CAROLINA,RYE,PRODUCTION,BU,18048
37153,Richmond County,35.004636,-79.7556946,1997,NORTH CAROLINA,SOYBEANS,PRODUCTION,BU,71823
37153,Richmond County,35.004636,-79.7556946,1997,NORTH CAROLINA,SOYBEANS,PRODUCTION,BU,93000
37153,Richmond County,35.004636,-79.7556946,1997,NORTH CAROLINA,SWEET POTATOES,PRODUCTION,CWT,12265
37153,Richmond County,35.004636,-79.7556946,1997,NORTH CAROLINA,TOBACCO,PRODUCTION,LB,2651680
37153,Richmond County,35.004636,-79.7556946,1997,NORTH CAROLINA,TOBACCO,PRODUCTION,LB,2791000
37153,Richmond County,35.004636,-79.7556946,1997,NORTH CAROLINA,WHEAT,PRODUCTION,BU,89823
37153,Richmond County,35.004636,-79.7556946,1997,NORTH CAROLINA,WHEAT,PRODUCTION,BU,125000
37153,Richmond County,35.004636,-79.7556946,1997,NORTH CAROLINA,WHEAT,PRODUCTION,BU,125000
37153,Richmond County,35.004636,-79.7556946,1997,NORTH CAROLINA,WOOL,PRODUCTION,LB,NA
37153,Richmond County,35.004636,-79.7556946,1997,NORTH CAROLINA,WOOL,PRODUCTION,OPERATIONS,1
37153,Richmond County,35.004636,-79.7556946,1998,NORTH CAROLINA,CORN,PRODUCTION,BU,82000
37153,Richmond County,35.004636,-79.7556946,1998,NORTH CAROLINA,COTTON,PRODUCTION,480 LB BALES,4500
37153,Richmond County,35.004636,-79.7556946,1998,NORTH CAROLINA,HAY,PRODUCTION,TONS,8200
37153,Richmond County,35.004636,-79.7556946,1998,NORTH CAROLINA,SOYBEANS,PRODUCTION,BU,78000
37153,Richmond County,35.004636,-79.7556946,1998,NORTH CAROLINA,TOBACCO,PRODUCTION,LB,2390000
37153,Richmond County,35.004636,-79.7556946,1998,NORTH CAROLINA,WHEAT,PRODUCTION,BU,85000
37153,Richmond County,35.004636,-79.7556946,1998,NORTH CAROLINA,WHEAT,PRODUCTION,BU,85000
37153,Richmond County,35.004636,-79.7556946,1999,NORTH CAROLINA,CORN,PRODUCTION,BU,62000
37153,Richmond County,35.004636,-79.7556946,1999,NORTH CAROLINA,COTTON,PRODUCTION,480 LB BALES,6000
37153,Richmond County,35.004636,-79.7556946,1999,NORTH CAROLINA,HAY,PRODUCTION,TONS,8000
37153,Richmond County,35.004636,-79.7556946,1999,NORTH CAROLINA,SOYBEANS,PRODUCTION,BU,34000
37153,Richmond County,35.004636,-79.7556946,1999,NORTH CAROLINA,TOBACCO,PRODUCTION,LB,1702000
37153,Richmond County,35.004636,-79.7556946,1999,NORTH CAROLINA,WHEAT,PRODUCTION,BU,36000
37153,Richmond County,35.004636,-79.7556946,1999,NORTH CAROLINA,WHEAT,PRODUCTION,BU,36000
37153,Richmond County,35.004636,-79.7556946,2000,NORTH CAROLINA,CORN,PRODUCTION,BU,82000
37153,Richmond County,35.004636,-79.7556946,2000,NORTH CAROLINA,COTTON,PRODUCTION,480 LB BALES,5900
37153,Richmond County,35.004636,-79.7556946,2000,NORTH CAROLINA,HAY,PRODUCTION,TONS,9800
37153,Richmond County,35.004636,-79.7556946,2000,NORTH CAROLINA,SOYBEANS,PRODUCTION,BU,60000
37153,Richmond County,35.004636,-79.7556946,2000,NORTH CAROLINA,TOBACCO,PRODUCTION,LB,1746000
37153,Richmond County,35.004636,-79.7556946,2000,NORTH CAROLINA,WHEAT,PRODUCTION,BU,22000
37153,Richmond County,35.004636,-79.7556946,2000,NORTH CAROLINA,WHEAT,PRODUCTION,BU,22000
37093,Hoke County,35.0172328,-79.2419635,1996,NORTH CAROLINA,CORN,PRODUCTION,BU,262000
37093,Hoke County,35.0172328,-79.2419635,1996,NORTH CAROLINA,COTTON,PRODUCTION,480 LB BALES,20800
37093,Hoke County,35.0172328,-79.2419635,1996,NORTH CAROLINA,HAY,PRODUCTION,TONS,6700
37093,Hoke County,35.0172328,-79.2419635,1996,NORTH CAROLINA,OATS,PRODUCTION,BU,4200
37093,Hoke County,35.0172328,-79.2419635,1996,NORTH CAROLINA,SOYBEANS,PRODUCTION,BU,201000
37093,Hoke County,35.0172328,-79.2419635,1996,NORTH CAROLINA,SWEET POTATOES,PRODUCTION,CWT,11100
37093,Hoke County,35.0172328,-79.2419635,1996,NORTH CAROLINA,TOBACCO,PRODUCTION,LB,2918000
37093,Hoke County,35.0172328,-79.2419635,1996,NORTH CAROLINA,WHEAT,PRODUCTION,BU,136000
37093,Hoke County,35.0172328,-79.2419635,1996,NORTH CAROLINA,WHEAT,PRODUCTION,BU,136000
37093,Hoke County,35.0172328,-79.2419635,1997,NORTH CAROLINA,CORN,PRODUCTION,BU,154494
37093,Hoke County,35.0172328,-79.2419635,1997,NORTH CAROLINA,CORN,PRODUCTION,BU,200000
37093,Hoke County,35.0172328,-79.2419635,1997,NORTH CAROLINA,COTTON,PRODUCTION,BALES,26087
37093,Hoke County,35.0172328,-79.2419635,1997,NORTH CAROLINA,COTTON,PRODUCTION,480 LB BALES,23200
37093,Hoke County,35.0172328,-79.2419635,1997,NORTH CAROLINA,HAY,PRODUCTION,TONS,NA
37093,Hoke County,35.0172328,-79.2419635,1997,NORTH CAROLINA,HAY,PRODUCTION,TONS,6850
37093,Hoke County,35.0172328,-79.2419635,1997,NORTH CAROLINA,HAY,PRODUCTION,TONS,6900
37093,Hoke County,35.0172328,-79.2419635,1997,NORTH CAROLINA,OATS,PRODUCTION,BU,14850
37093,Hoke County,35.0172328,-79.2419635,1997,NORTH CAROLINA,OATS,PRODUCTION,BU,17000
37093,Hoke County,35.0172328,-79.2419635,1997,NORTH CAROLINA,RYE,PRODUCTION,BU,15585
37093,Hoke County,35.0172328,-79.2419635,1997,NORTH CAROLINA,SOYBEANS,PRODUCTION,BU,195991
37093,Hoke County,35.0172328,-79.2419635,1997,NORTH CAROLINA,SOYBEANS,PRODUCTION,BU,258000
37093,Hoke County,35.0172328,-79.2419635,1997,NORTH CAROLINA,TOBACCO,PRODUCTION,LB,3884960
37093,Hoke County,35.0172328,-79.2419635,1997,NORTH CAROLINA,TOBACCO,PRODUCTION,LB,3850000
37093,Hoke County,35.0172328,-79.2419635,1997,NORTH CAROLINA,WHEAT,PRODUCTION,BU,194073
37093,Hoke County,35.0172328,-79.2419635,1997,NORTH CAROLINA,WHEAT,PRODUCTION,BU,245000
37093,Hoke County,35.0172328,-79.2419635,1997,NORTH CAROLINA,WHEAT,PRODUCTION,BU,245000
37093,Hoke County,35.0172328,-79.2419635,1998,NORTH CAROLINA,CORN,PRODUCTION,BU,67000
37093,Hoke County,35.0172328,-79.2419635,1998,NORTH CAROLINA,COTTON,PRODUCTION,480 LB BALES,21000
37093,Hoke County,35.0172328,-79.2419635,1998,NORTH CAROLINA,HAY,PRODUCTION,TONS,5700
37093,Hoke County,35.0172328,-79.2419635,1998,NORTH CAROLINA,SOYBEANS,PRODUCTION,BU,214000
37093,Hoke County,35.0172328,-79.2419635,1998,NORTH CAROLINA,TOBACCO,PRODUCTION,LB,2718000
37093,Hoke County,35.0172328,-79.2419635,1998,NORTH CAROLINA,WHEAT,PRODUCTION,BU,191000
37093,Hoke County,35.0172328,-79.2419635,1998,NORTH CAROLINA,WHEAT,PRODUCTION,BU,191000
37093,Hoke County,35.0172328,-79.2419635,1999,NORTH CAROLINA,CORN,PRODUCTION,BU,78000
37093,Hoke County,35.0172328,-79.2419635,1999,NORTH CAROLINA,COTTON,PRODUCTION,480 LB BALES,20500
37093,Hoke County,35.0172328,-79.2419635,1999,NORTH CAROLINA,HAY,PRODUCTION,TONS,5600
37093,Hoke County,35.0172328,-79.2419635,1999,NORTH CAROLINA,OATS,PRODUCTION,BU,16000
37093,Hoke County,35.0172328,-79.2419635,1999,NORTH CAROLINA,SOYBEANS,PRODUCTION,BU,160000
37093,Hoke County,35.0172328,-79.2419635,1999,NORTH CAROLINA,TOBACCO,PRODUCTION,LB,2402000
37093,Hoke County,35.0172328,-79.2419635,1999,NORTH CAROLINA,WHEAT,PRODUCTION,BU,205000
37093,Hoke County,35.0172328,-79.2419635,1999,NORTH CAROLINA,WHEAT,PRODUCTION,BU,205000
37093,Hoke County,35.0172328,-79.2419635,2000,NORTH CAROLINA,CORN,PRODUCTION,BU,137000
37093,Hoke County,35.0172328,-79.2419635,2000,NORTH CAROLINA,COTTON,PRODUCTION,480 LB BALES,30500
37093,Hoke County,35.0172328,-79.2419635,2000,NORTH CAROLINA,HAY,PRODUCTION,TONS,4400
37093,Hoke County,35.0172328,-79.2419635,2000,NORTH CAROLINA,OATS,PRODUCTION,BU,18000
37093,Hoke County,35.0172328,-79.2419635,2000,NORTH CAROLINA,SOYBEANS,PRODUCTION,BU,204000
37093,Hoke County,35.0172328,-79.2419635,2000,NORTH CAROLINA,TOBACCO,PRODUCTION,LB,2061000
37093,Hoke County,35.0172328,-79.2419635,2000,NORTH CAROLINA,WHEAT,PRODUCTION,BU,155000
37093,Hoke County,35.0172328,-79.2419635,2000,NORTH CAROLINA,WHEAT,PRODUCTION,BU,155000
37025,Cabarrus County,35.3883455,-80.5527284,1996,NORTH CAROLINA,BARLEY,PRODUCTION,BU,68000
37025,Cabarrus County,35.3883455,-80.5527284,1996,NORTH CAROLINA,CORN,PRODUCTION,BU,315000
37025,Cabarrus County,35.3883455,-80.5527284,1996,NORTH CAROLINA,CORN,PRODUCTION,TONS,4000
37025,Cabarrus County,35.3883455,-80.5527284,1996,NORTH CAROLINA,COTTON,PRODUCTION,480 LB BALES,350
37025,Cabarrus County,35.3883455,-80.5527284,1996,NORTH CAROLINA,HAY,PRODUCTION,TONS,25300
37025,Cabarrus County,35.3883455,-80.5527284,1996,NORTH CAROLINA,OATS,PRODUCTION,BU,25000
37025,Cabarrus County,35.3883455,-80.5527284,1996,NORTH CAROLINA,SORGHUM,PRODUCTION,BU,30000
37025,Cabarrus County,35.3883455,-80.5527284,1996,NORTH CAROLINA,SOYBEANS,PRODUCTION,BU,223000
37025,Cabarrus County,35.3883455,-80.5527284,1996,NORTH CAROLINA,WHEAT,PRODUCTION,BU,98000
37025,Cabarrus County,35.3883455,-80.5527284,1996,NORTH CAROLINA,WHEAT,PRODUCTION,BU,98000
37025,Cabarrus County,35.3883455,-80.5527284,1997,NORTH CAROLINA,BARLEY,PRODUCTION,BU,51468
37025,Cabarrus County,35.3883455,-80.5527284,1997,NORTH CAROLINA,BARLEY,PRODUCTION,BU,72700
37025,Cabarrus County,35.3883455,-80.5527284,1997,NORTH CAROLINA,CORN,PRODUCTION,BU,242601
37025,Cabarrus County,35.3883455,-80.5527284,1997,NORTH CAROLINA,CORN,PRODUCTION,TONS,4974
37025,Cabarrus County,35.3883455,-80.5527284,1997,NORTH CAROLINA,CORN,PRODUCTION,BU,255000
37025,Cabarrus County,35.3883455,-80.5527284,1997,NORTH CAROLINA,CORN,PRODUCTION,TONS,5500
37025,Cabarrus County,35.3883455,-80.5527284,1997,NORTH CAROLINA,HAY,PRODUCTION,TONS,452
37025,Cabarrus County,35.3883455,-80.5527284,1997,NORTH CAROLINA,HAY,PRODUCTION,TONS,2204
37025,Cabarrus County,35.3883455,-80.5527284,1997,NORTH CAROLINA,HAY,PRODUCTION,TONS,16941
37025,Cabarrus County,35.3883455,-80.5527284,1997,NORTH CAROLINA,HAY,PRODUCTION,TONS,1867
37025,Cabarrus County,35.3883455,-80.5527284,1997,NORTH CAROLINA,HAY,PRODUCTION,TONS,23500
37025,Cabarrus County,35.3883455,-80.5527284,1997,NORTH CAROLINA,HAYLAGE,PRODUCTION,TONS,1196
37025,Cabarrus County,35.3883455,-80.5527284,1997,NORTH CAROLINA,OATS,PRODUCTION,BU,26130
37025,Cabarrus County,35.3883455,-80.5527284,1997,NORTH CAROLINA,OATS,PRODUCTION,BU,32000
37025,Cabarrus County,35.3883455,-80.5527284,1997,NORTH CAROLINA,SORGHUM,PRODUCTION,BU,28003
37025,Cabarrus County,35.3883455,-80.5527284,1997,NORTH CAROLINA,SORGHUM,PRODUCTION,BU,38400
37025,Cabarrus County,35.3883455,-80.5527284,1997,NORTH CAROLINA,SOYBEANS,PRODUCTION,BU,144887
37025,Cabarrus County,35.3883455,-80.5527284,1997,NORTH CAROLINA,SOYBEANS,PRODUCTION,BU,153000
37025,Cabarrus County,35.3883455,-80.5527284,1997,NORTH CAROLINA,WHEAT,PRODUCTION,BU,144212
37025,Cabarrus County,35.3883455,-80.5527284,1997,NORTH CAROLINA,WHEAT,PRODUCTION,BU,180000
37025,Cabarrus County,35.3883455,-80.5527284,1997,NORTH CAROLINA,WHEAT,PRODUCTION,BU,180000
37025,Cabarrus County,35.3883455,-80.5527284,1997,NORTH CAROLINA,WOOL,PRODUCTION,LB,1566
37025,Cabarrus County,35.3883455,-80.5527284,1997,NORTH CAROLINA,WOOL,PRODUCTION,OPERATIONS,11
37025,Cabarrus County,35.3883455,-80.5527284,1998,NORTH CAROLINA,BARLEY,PRODUCTION,BU,38700
37025,Cabarrus County,35.3883455,-80.5527284,1998,NORTH CAROLINA,CORN,PRODUCTION,BU,85000
37025,Cabarrus County,35.3883455,-80.5527284,1998,NORTH CAROLINA,CORN,PRODUCTION,TONS,3400
37025,Cabarrus County,35.3883455,-80.5527284,1998,NORTH CAROLINA,COTTON,PRODUCTION,480 LB BALES,500
37025,Cabarrus County,35.3883455,-80.5527284,1998,NORTH CAROLINA,HAY,PRODUCTION,TONS,28200
37025,Cabarrus County,35.3883455,-80.5527284,1998,NORTH CAROLINA,OATS,PRODUCTION,BU,18000
37025,Cabarrus County,35.3883455,-80.5527284,1998,NORTH CAROLINA,SORGHUM,PRODUCTION,BU,25000
37025,Cabarrus County,35.3883455,-80.5527284,1998,NORTH CAROLINA,SOYBEANS,PRODUCTION,BU,137000
37025,Cabarrus County,35.3883455,-80.5527284,1998,NORTH CAROLINA,WHEAT,PRODUCTION,BU,127000
37025,Cabarrus County,35.3883455,-80.5527284,1998,NORTH CAROLINA,WHEAT,PRODUCTION,BU,127000
37025,Cabarrus County,35.3883455,-80.5527284,1999,NORTH CAROLINA,BARLEY,PRODUCTION,BU,80300
37025,Cabarrus County,35.3883455,-80.5527284,1999,NORTH CAROLINA,CORN,PRODUCTION,BU,216000
37025,Cabarrus County,35.3883455,-80.5527284,1999,NORTH CAROLINA,CORN,PRODUCTION,TONS,7400
37025,Cabarrus County,35.3883455,-80.5527284,1999,NORTH CAROLINA,COTTON,PRODUCTION,480 LB BALES,2000
37025,Cabarrus County,35.3883455,-80.5527284,1999,NORTH CAROLINA,HAY,PRODUCTION,TONS,23800
37025,Cabarrus County,35.3883455,-80.5527284,1999,NORTH CAROLINA,OATS,PRODUCTION,BU,40000
37025,Cabarrus County,35.3883455,-80.5527284,1999,NORTH CAROLINA,SORGHUM,PRODUCTION,BU,27500
37025,Cabarrus County,35.3883455,-80.5527284,1999,NORTH CAROLINA,SOYBEANS,PRODUCTION,BU,124000
37025,Cabarrus County,35.3883455,-80.5527284,1999,NORTH CAROLINA,WHEAT,PRODUCTION,BU,124000
37025,Cabarrus County,35.3883455,-80.5527284,1999,NORTH CAROLINA,WHEAT,PRODUCTION,BU,124000
37025,Cabarrus County,35.3883455,-80.5527284,2000,NORTH CAROLINA,BARLEY,PRODUCTION,BU,65800
37025,Cabarrus County,35.3883455,-80.5527284,2000,NORTH CAROLINA,CORN,PRODUCTION,BU,234000
37025,Cabarrus County,35.3883455,-80.5527284,2000,NORTH CAROLINA,CORN,PRODUCTION,TONS,14100
37025,Cabarrus County,35.3883455,-80.5527284,2000,NORTH CAROLINA,COTTON,PRODUCTION,480 LB BALES,800
37025,Cabarrus County,35.3883455,-80.5527284,2000,NORTH CAROLINA,HAY,PRODUCTION,TONS,25100
37025,Cabarrus County,35.3883455,-80.5527284,2000,NORTH CAROLINA,OATS,PRODUCTION,BU,66000
37025,Cabarrus County,35.3883455,-80.5527284,2000,NORTH CAROLINA,SORGHUM,PRODUCTION,BU,11000
37025,Cabarrus County,35.3883455,-80.5527284,2000,NORTH CAROLINA,SOYBEANS,PRODUCTION,BU,169000
37025,Cabarrus County,35.3883455,-80.5527284,2000,NORTH CAROLINA,WHEAT,PRODUCTION,BU,116000
37025,Cabarrus County,35.3883455,-80.5527284,2000,NORTH CAROLINA,WHEAT,PRODUCTION,BU,116000
37029,Camden County,36.3423438,-76.1624876,1996,NORTH CAROLINA,BARLEY,PRODUCTION,BU,19000
37029,Camden County,36.3423438,-76.1624876,1996,NORTH CAROLINA,CORN,PRODUCTION,BU,1745000
37029,Camden County,36.3423438,-76.1624876,1996,NORTH CAROLINA,COTTON,PRODUCTION,480 LB BALES,1300
37029,Camden County,36.3423438,-76.1624876,1996,NORTH CAROLINA,OATS,PRODUCTION,BU,2400
37029,Camden County,36.3423438,-76.1624876,1996,NORTH CAROLINA,POTATOES,PRODUCTION,CWT,441000
37029,Camden County,36.3423438,-76.1624876,1996,NORTH CAROLINA,SOYBEANS,PRODUCTION,BU,805000
37029,Camden County,36.3423438,-76.1624876,1996,NORTH CAROLINA,WHEAT,PRODUCTION,BU,609000
37029,Camden County,36.3423438,-76.1624876,1996,NORTH CAROLINA,WHEAT,PRODUCTION,BU,609000
37029,Camden County,36.3423438,-76.1624876,1997,NORTH CAROLINA,BARLEY,PRODUCTION,BU,17600
37029,Camden County,36.3423438,-76.1624876,1997,NORTH CAROLINA,CORN,PRODUCTION,BU,1976144
37029,Camden County,36.3423438,-76.1624876,1997,NORTH CAROLINA,CORN,PRODUCTION,BU,1820000
37029,Camden County,36.3423438,-76.1624876,1997,NORTH CAROLINA,COTTON,PRODUCTION,BALES,1388
37029,Camden County,36.3423438,-76.1624876,1997,NORTH CAROLINA,COTTON,PRODUCTION,480 LB BALES,1500
37029,Camden County,36.3423438,-76.1624876,1997,NORTH CAROLINA,HAY,PRODUCTION,TONS,NA
37029,Camden County,36.3423438,-76.1624876,1997,NORTH CAROLINA,OATS,PRODUCTION,BU,6000
37029,Camden County,36.3423438,-76.1624876,1997,NORTH CAROLINA,POTATOES,PRODUCTION,CWT,433220
37029,Camden County,36.3423438,-76.1624876,1997,NORTH CAROLINA,POTATOES,PRODUCTION,CWT,403800
37029,Camden County,36.3423438,-76.1624876,1997,NORTH CAROLINA,SOYBEANS,PRODUCTION,BU,928296
37029,Camden County,36.3423438,-76.1624876,1997,NORTH CAROLINA,SOYBEANS,PRODUCTION,BU,928000
37029,Camden County,36.3423438,-76.1624876,1997,NORTH CAROLINA,WHEAT,PRODUCTION,BU,849819
37029,Camden County,36.3423438,-76.1624876,1997,NORTH CAROLINA,WHEAT,PRODUCTION,BU,769000
37029,Camden County,36.3423438,-76.1624876,1997,NORTH CAROLINA,WHEAT,PRODUCTION,BU,769000
37029,Camden County,36.3423438,-76.1624876,1997,NORTH CAROLINA,WOOL,PRODUCTION,LB,296
37029,Camden County,36.3423438,-76.1624876,1997,NORTH CAROLINA,WOOL,PRODUCTION,OPERATIONS,3
37029,Camden County,36.3423438,-76.1624876,1998,NORTH CAROLINA,BARLEY,PRODUCTION,BU,11200
37029,Camden County,36.3423438,-76.1624876,1998,NORTH CAROLINA,CORN,PRODUCTION,BU,1680000
37029,Camden County,36.3423438,-76.1624876,1998,NORTH CAROLINA,COTTON,PRODUCTION,480 LB BALES,1500
37029,Camden County,36.3423438,-76.1624876,1998,NORTH CAROLINA,POTATOES,PRODUCTION,CWT,536800
37029,Camden County,36.3423438,-76.1624876,1998,NORTH CAROLINA,SOYBEANS,PRODUCTION,BU,910000
37029,Camden County,36.3423438,-76.1624876,1998,NORTH CAROLINA,WHEAT,PRODUCTION,BU,565000
37029,Camden County,36.3423438,-76.1624876,1998,NORTH CAROLINA,WHEAT,PRODUCTION,BU,565000
37029,Camden County,36.3423438,-76.1624876,1999,NORTH CAROLINA,CORN,PRODUCTION,BU,1646000
37029,Camden County,36.3423438,-76.1624876,1999,NORTH CAROLINA,COTTON,PRODUCTION,480 LB BALES,2200
37029,Camden County,36.3423438,-76.1624876,1999,NORTH CAROLINA,OATS,PRODUCTION,BU,21000
37029,Camden County,36.3423438,-76.1624876,1999,NORTH CAROLINA,POTATOES,PRODUCTION,CWT,580900
37029,Camden County,36.3423438,-76.1624876,1999,NORTH CAROLINA,SOYBEANS,PRODUCTION,BU,469000
37029,Camden County,36.3423438,-76.1624876,1999,NORTH CAROLINA,WHEAT,PRODUCTION,BU,667000
37029,Camden County,36.3423438,-76.1624876,1999,NORTH CAROLINA,WHEAT,PRODUCTION,BU,667000
37029,Camden County,36.3423438,-76.1624876,2000,NORTH CAROLINA,CORN,PRODUCTION,BU,2030000
37029,Camden County,36.3423438,-76.1624876,2000,NORTH CAROLINA,COTTON,PRODUCTION,480 LB BALES,2300
37029,Camden County,36.3423438,-76.1624876,2000,NORTH CAROLINA,POTATOES,PRODUCTION,CWT,619300
37029,Camden County,36.3423438,-76.1624876,2000,NORTH CAROLINA,SORGHUM,PRODUCTION,BU,9600
37029,Camden County,36.3423438,-76.1624876,2000,NORTH CAROLINA,SOYBEANS,PRODUCTION,BU,966000
37029,Camden County,36.3423438,-76.1624876,2000,NORTH CAROLINA,WHEAT,PRODUCTION,BU,594000
37029,Camden County,36.3423438,-76.1624876,2000,NORTH CAROLINA,WHEAT,PRODUCTION,BU,594000
37169,Stokes County,36.3937966,-80.2699209,1996,NORTH CAROLINA,CORN,PRODUCTION,BU,117000
37169,Stokes County,36.3937966,-80.2699209,1996,NORTH CAROLINA,CORN,PRODUCTION,TONS,6600
37169,Stokes County,36.3937966,-80.2699209,1996,NORTH CAROLINA,HAY,PRODUCTION,TONS,18400
37169,Stokes County,36.3937966,-80.2699209,1996,NORTH CAROLINA,OATS,PRODUCTION,BU,20000
37169,Stokes County,36.3937966,-80.2699209,1996,NORTH CAROLINA,POTATOES,PRODUCTION,CWT,900
37169,Stokes County,36.3937966,-80.2699209,1996,NORTH CAROLINA,SORGHUM,PRODUCTION,BU,19100
37169,Stokes County,36.3937966,-80.2699209,1996,NORTH CAROLINA,SOYBEANS,PRODUCTION,BU,33000
37169,Stokes County,36.3937966,-80.2699209,1996,NORTH CAROLINA,TOBACCO,PRODUCTION,LB,13317000
37169,Stokes County,36.3937966,-80.2699209,1996,NORTH CAROLINA,WHEAT,PRODUCTION,BU,20000
37169,Stokes County,36.3937966,-80.2699209,1996,NORTH CAROLINA,WHEAT,PRODUCTION,BU,20000
37169,Stokes County,36.3937966,-80.2699209,1997,NORTH CAROLINA,BARLEY,PRODUCTION,BU,1240
37169,Stokes County,36.3937966,-80.2699209,1997,NORTH CAROLINA,BARLEY,PRODUCTION,BU,2100
37169,Stokes County,36.3937966,-80.2699209,1997,NORTH CAROLINA,CORN,PRODUCTION,BU,61437
37169,Stokes County,36.3937966,-80.2699209,1997,NORTH CAROLINA,CORN,PRODUCTION,TONS,9567
37169,Stokes County,36.3937966,-80.2699209,1997,NORTH CAROLINA,CORN,PRODUCTION,BU,80000
37169,Stokes County,36.3937966,-80.2699209,1997,NORTH CAROLINA,CORN,PRODUCTION,TONS,9000
37169,Stokes County,36.3937966,-80.2699209,1997,NORTH CAROLINA,HAY,PRODUCTION,TONS,628
37169,Stokes County,36.3937966,-80.2699209,1997,NORTH CAROLINA,HAY,PRODUCTION,TONS,1250
37169,Stokes County,36.3937966,-80.2699209,1997,NORTH CAROLINA,HAY,PRODUCTION,TONS,13714
37169,Stokes County,36.3937966,-80.2699209,1997,NORTH CAROLINA,HAY,PRODUCTION,TONS,766
37169,Stokes County,36.3937966,-80.2699209,1997,NORTH CAROLINA,HAY,PRODUCTION,TONS,17500
37169,Stokes County,36.3937966,-80.2699209,1997,NORTH CAROLINA,HAYLAGE,PRODUCTION,TONS,318
37169,Stokes County,36.3937966,-80.2699209,1997,NORTH CAROLINA,OATS,PRODUCTION,BU,7156
37169,Stokes County,36.3937966,-80.2699209,1997,NORTH CAROLINA,OATS,PRODUCTION,BU,9000
37169,Stokes County,36.3937966,-80.2699209,1997,NORTH CAROLINA,POTATOES,PRODUCTION,CWT,1837
37169,Stokes County,36.3937966,-80.2699209,1997,NORTH CAROLINA,RYE,PRODUCTION,BU,478
37169,Stokes County,36.3937966,-80.2699209,1997,NORTH CAROLINA,SORGHUM,PRODUCTION,BU,17200
37169,Stokes County,36.3937966,-80.2699209,1997,NORTH CAROLINA,SOYBEANS,PRODUCTION,BU,20610
37169,Stokes County,36.3937966,-80.2699209,1997,NORTH CAROLINA,SOYBEANS,PRODUCTION,BU,24000
37169,Stokes County,36.3937966,-80.2699209,1997,NORTH CAROLINA,SWEET POTATOES,PRODUCTION,CWT,1267
37169,Stokes County,36.3937966,-80.2699209,1997,NORTH CAROLINA,TOBACCO,PRODUCTION,LB,14005978
37169,Stokes County,36.3937966,-80.2699209,1997,NORTH CAROLINA,TOBACCO,PRODUCTION,LB,14100000
37169,Stokes County,36.3937966,-80.2699209,1997,NORTH CAROLINA,WHEAT,PRODUCTION,BU,33077
37169,Stokes County,36.3937966,-80.2699209,1997,NORTH CAROLINA,WHEAT,PRODUCTION,BU,58000
37169,Stokes County,36.3937966,-80.2699209,1997,NORTH CAROLINA,WHEAT,PRODUCTION,BU,58000
37169,Stokes County,36.3937966,-80.2699209,1997,NORTH CAROLINA,WOOL,PRODUCTION,LB,1700
37169,Stokes County,36.3937966,-80.2699209,1997,NORTH CAROLINA,WOOL,PRODUCTION,OPERATIONS,11
37169,Stokes County,36.3937966,-80.2699209,1998,NORTH CAROLINA,CORN,PRODUCTION,BU,42300
37169,Stokes County,36.3937966,-80.2699209,1998,NORTH CAROLINA,CORN,PRODUCTION,TONS,4400
37169,Stokes County,36.3937966,-80.2699209,1998,NORTH CAROLINA,HAY,PRODUCTION,TONS,17400
37169,Stokes County,36.3937966,-80.2699209,1998,NORTH CAROLINA,SORGHUM,PRODUCTION,BU,10900
37169,Stokes County,36.3937966,-80.2699209,1998,NORTH CAROLINA,SOYBEANS,PRODUCTION,BU,17600
37169,Stokes County,36.3937966,-80.2699209,1998,NORTH CAROLINA,TOBACCO,PRODUCTION,LB,11762000
37169,Stokes County,36.3937966,-80.2699209,1998,NORTH CAROLINA,WHEAT,PRODUCTION,BU,33000
37169,Stokes County,36.3937966,-80.2699209,1998,NORTH CAROLINA,WHEAT,PRODUCTION,BU,33000
37169,Stokes County,36.3937966,-80.2699209,1999,NORTH CAROLINA,CORN,PRODUCTION,BU,52000
37169,Stokes County,36.3937966,-80.2699209,1999,NORTH CAROLINA,CORN,PRODUCTION,TONS,3800
37169,Stokes County,36.3937966,-80.2699209,1999,NORTH CAROLINA,HAY,PRODUCTION,TONS,21300
37169,Stokes County,36.3937966,-80.2699209,1999,NORTH CAROLINA,SOYBEANS,PRODUCTION,BU,33000
37169,Stokes County,36.3937966,-80.2699209,1999,NORTH CAROLINA,TOBACCO,PRODUCTION,LB,10621000
37169,Stokes County,36.3937966,-80.2699209,1999,NORTH CAROLINA,WHEAT,PRODUCTION,BU,43000
37169,Stokes County,36.3937966,-80.2699209,1999,NORTH CAROLINA,WHEAT,PRODUCTION,BU,43000
37169,Stokes County,36.3937966,-80.2699209,2000,NORTH CAROLINA,CORN,PRODUCTION,BU,65000
37169,Stokes County,36.3937966,-80.2699209,2000,NORTH CAROLINA,CORN,PRODUCTION,TONS,8200
37169,Stokes County,36.3937966,-80.2699209,2000,NORTH CAROLINA,HAY,PRODUCTION,TONS,22200
37169,Stokes County,36.3937966,-80.2699209,2000,NORTH CAROLINA,SOYBEANS,PRODUCTION,BU,57000
37169,Stokes County,36.3937966,-80.2699209,2000,NORTH CAROLINA,TOBACCO,PRODUCTION,LB,7156000
37169,Stokes County,36.3937966,-80.2699209,2000,NORTH CAROLINA,WHEAT,PRODUCTION,BU,49000
37169,Stokes County,36.3937966,-80.2699209,2000,NORTH CAROLINA,WHEAT,PRODUCTION,BU,49000
37031,Carteret County,34.8583428,-76.5358602,1996,NORTH CAROLINA,CORN,PRODUCTION,BU,1895000
37031,Carteret County,34.8583428,-76.5358602,1996,NORTH CAROLINA,COTTON,PRODUCTION,480 LB BALES,2000
37031,Carteret County,34.8583428,-76.5358602,1996,NORTH CAROLINA,POTATOES,PRODUCTION,CWT,91200
37031,Carteret County,34.8583428,-76.5358602,1996,NORTH CAROLINA,SORGHUM,PRODUCTION,BU,2700
37031,Carteret County,34.8583428,-76.5358602,1996,NORTH CAROLINA,SOYBEANS,PRODUCTION,BU,456000
37031,Carteret County,34.8583428,-76.5358602,1996,NORTH CAROLINA,TOBACCO,PRODUCTION,LB,1055000
37031,Carteret County,34.8583428,-76.5358602,1996,NORTH CAROLINA,WHEAT,PRODUCTION,BU,216000
37031,Carteret County,34.8583428,-76.5358602,1996,NORTH CAROLINA,WHEAT,PRODUCTION,BU,216000
37031,Carteret County,34.8583428,-76.5358602,1997,NORTH CAROLINA,CORN,PRODUCTION,BU,NA
37031,Carteret County,34.8583428,-76.5358602,1997,NORTH CAROLINA,CORN,PRODUCTION,BU,2300000
37031,Carteret County,34.8583428,-76.5358602,1997,NORTH CAROLINA,COTTON,PRODUCTION,480 LB BALES,3000
37031,Carteret County,34.8583428,-76.5358602,1997,NORTH CAROLINA,HAY,PRODUCTION,TONS,NA
37031,Carteret County,34.8583428,-76.5358602,1997,NORTH CAROLINA,POTATOES,PRODUCTION,CWT,103280
37031,Carteret County,34.8583428,-76.5358602,1997,NORTH CAROLINA,POTATOES,PRODUCTION,CWT,100500
37031,Carteret County,34.8583428,-76.5358602,1997,NORTH CAROLINA,SOYBEANS,PRODUCTION,BU,666974
37031,Carteret County,34.8583428,-76.5358602,1997,NORTH CAROLINA,SOYBEANS,PRODUCTION,BU,670000
37031,Carteret County,34.8583428,-76.5358602,1997,NORTH CAROLINA,TOBACCO,PRODUCTION,LB,1992127
37031,Carteret County,34.8583428,-76.5358602,1997,NORTH CAROLINA,TOBACCO,PRODUCTION,LB,1993000
37031,Carteret County,34.8583428,-76.5358602,1997,NORTH CAROLINA,WHEAT,PRODUCTION,BU,225318
37031,Carteret County,34.8583428,-76.5358602,1997,NORTH CAROLINA,WHEAT,PRODUCTION,BU,315000
37031,Carteret County,34.8583428,-76.5358602,1997,NORTH CAROLINA,WHEAT,PRODUCTION,BU,315000
37031,Carteret County,34.8583428,-76.5358602,1998,NORTH CAROLINA,CORN,PRODUCTION,BU,1100000
37031,Carteret County,34.8583428,-76.5358602,1998,NORTH CAROLINA,COTTON,PRODUCTION,480 LB BALES,4000
37031,Carteret County,34.8583428,-76.5358602,1998,NORTH CAROLINA,POTATOES,PRODUCTION,CWT,109300
37031,Carteret County,34.8583428,-76.5358602,1998,NORTH CAROLINA,SORGHUM,PRODUCTION,BU,7700
37031,Carteret County,34.8583428,-76.5358602,1998,NORTH CAROLINA,SOYBEANS,PRODUCTION,BU,483000
37031,Carteret County,34.8583428,-76.5358602,1998,NORTH CAROLINA,TOBACCO,PRODUCTION,LB,698000
37031,Carteret County,34.8583428,-76.5358602,1998,NORTH CAROLINA,WHEAT,PRODUCTION,BU,259000
37031,Carteret County,34.8583428,-76.5358602,1998,NORTH CAROLINA,WHEAT,PRODUCTION,BU,259000
37031,Carteret County,34.8583428,-76.5358602,1999,NORTH CAROLINA,CORN,PRODUCTION,BU,2102000
37031,Carteret County,34.8583428,-76.5358602,1999,NORTH CAROLINA,COTTON,PRODUCTION,480 LB BALES,4300
37031,Carteret County,34.8583428,-76.5358602,1999,NORTH CAROLINA,HAY,PRODUCTION,TONS,400
37031,Carteret County,34.8583428,-76.5358602,1999,NORTH CAROLINA,POTATOES,PRODUCTION,CWT,93300
37031,Carteret County,34.8583428,-76.5358602,1999,NORTH CAROLINA,SORGHUM,PRODUCTION,BU,10000
37031,Carteret County,34.8583428,-76.5358602,1999,NORTH CAROLINA,SOYBEANS,PRODUCTION,BU,265000
37031,Carteret County,34.8583428,-76.5358602,1999,NORTH CAROLINA,TOBACCO,PRODUCTION,LB,728000
37031,Carteret County,34.8583428,-76.5358602,1999,NORTH CAROLINA,WHEAT,PRODUCTION,BU,177000
37031,Carteret County,34.8583428,-76.5358602,1999,NORTH CAROLINA,WHEAT,PRODUCTION,BU,177000
37031,Carteret County,34.8583428,-76.5358602,2000,NORTH CAROLINA,CORN,PRODUCTION,BU,2371000
37031,Carteret County,34.8583428,-76.5358602,2000,NORTH CAROLINA,COTTON,PRODUCTION,480 LB BALES,7500
37031,Carteret County,34.8583428,-76.5358602,2000,NORTH CAROLINA,HAY,PRODUCTION,TONS,600
37031,Carteret County,34.8583428,-76.5358602,2000,NORTH CAROLINA,POTATOES,PRODUCTION,CWT,89500
37031,Carteret County,34.8583428,-76.5358602,2000,NORTH CAROLINA,SORGHUM,PRODUCTION,BU,20400
37031,Carteret County,34.8583428,-76.5358602,2000,NORTH CAROLINA,SOYBEANS,PRODUCTION,BU,616000
37031,Carteret County,34.8583428,-76.5358602,2000,NORTH CAROLINA,TOBACCO,PRODUCTION,LB,981000
37031,Carteret County,34.8583428,-76.5358602,2000,NORTH CAROLINA,WHEAT,PRODUCTION,BU,281000
37031,Carteret County,34.8583428,-76.5358602,2000,NORTH CAROLINA,WHEAT,PRODUCTION,BU,281000
37005,Alleghany County,36.4893563,-81.1322987,1996,NORTH CAROLINA,CORN,PRODUCTION,TONS,42200
37005,Alleghany County,36.4893563,-81.1322987,1996,NORTH CAROLINA,HAY,PRODUCTION,TONS,24400
37005,Alleghany County,36.4893563,-81.1322987,1996,NORTH CAROLINA,POTATOES,PRODUCTION,CWT,600
37005,Alleghany County,36.4893563,-81.1322987,1996,NORTH CAROLINA,TOBACCO,PRODUCTION,LB,568000
37005,Alleghany County,36.4893563,-81.1322987,1997,NORTH CAROLINA,CORN,PRODUCTION,BU,17220
37005,Alleghany County,36.4893563,-81.1322987,1997,NORTH CAROLINA,CORN,PRODUCTION,TONS,30352
37005,Alleghany County,36.4893563,-81.1322987,1997,NORTH CAROLINA,CORN,PRODUCTION,BU,16000
37005,Alleghany County,36.4893563,-81.1322987,1997,NORTH CAROLINA,CORN,PRODUCTION,TONS,40000
37005,Alleghany County,36.4893563,-81.1322987,1997,NORTH CAROLINA,HAY,PRODUCTION,TONS,1271
37005,Alleghany County,36.4893563,-81.1322987,1997,NORTH CAROLINA,HAY,PRODUCTION,TONS,240
37005,Alleghany County,36.4893563,-81.1322987,1997,NORTH CAROLINA,HAY,PRODUCTION,TONS,17347
37005,Alleghany County,36.4893563,-81.1322987,1997,NORTH CAROLINA,HAY,PRODUCTION,TONS,1023
37005,Alleghany County,36.4893563,-81.1322987,1997,NORTH CAROLINA,HAY,PRODUCTION,TONS,21600
37005,Alleghany County,36.4893563,-81.1322987,1997,NORTH CAROLINA,HAYLAGE,PRODUCTION,TONS,1205
37005,Alleghany County,36.4893563,-81.1322987,1997,NORTH CAROLINA,POTATOES,PRODUCTION,CWT,1036
37005,Alleghany County,36.4893563,-81.1322987,1997,NORTH CAROLINA,TOBACCO,PRODUCTION,LB,680323
37005,Alleghany County,36.4893563,-81.1322987,1997,NORTH CAROLINA,TOBACCO,PRODUCTION,LB,613000
37005,Alleghany County,36.4893563,-81.1322987,1997,NORTH CAROLINA,WHEAT,PRODUCTION,BU,8000
37005,Alleghany County,36.4893563,-81.1322987,1997,NORTH CAROLINA,WHEAT,PRODUCTION,BU,8000
37005,Alleghany County,36.4893563,-81.1322987,1997,NORTH CAROLINA,WOOL,PRODUCTION,LB,3715
37005,Alleghany County,36.4893563,-81.1322987,1997,NORTH CAROLINA,WOOL,PRODUCTION,OPERATIONS,13
37005,Alleghany County,36.4893563,-81.1322987,1998,NORTH CAROLINA,CORN,PRODUCTION,BU,37000
37005,Alleghany County,36.4893563,-81.1322987,1998,NORTH CAROLINA,CORN,PRODUCTION,TONS,35000
37005,Alleghany County,36.4893563,-81.1322987,1998,NORTH CAROLINA,HAY,PRODUCTION,TONS,37000
37005,Alleghany County,36.4893563,-81.1322987,1998,NORTH CAROLINA,TOBACCO,PRODUCTION,LB,651000
37005,Alleghany County,36.4893563,-81.1322987,1998,NORTH CAROLINA,WHEAT,PRODUCTION,BU,8000
37005,Alleghany County,36.4893563,-81.1322987,1998,NORTH CAROLINA,WHEAT,PRODUCTION,BU,8000
37005,Alleghany County,36.4893563,-81.1322987,1999,NORTH CAROLINA,CORN,PRODUCTION,BU,14000
37005,Alleghany County,36.4893563,-81.1322987,1999,NORTH CAROLINA,CORN,PRODUCTION,TONS,64500
37005,Alleghany County,36.4893563,-81.1322987,1999,NORTH CAROLINA,HAY,PRODUCTION,TONS,35200
37005,Alleghany County,36.4893563,-81.1322987,1999,NORTH CAROLINA,TOBACCO,PRODUCTION,LB,733000
37005,Alleghany County,36.4893563,-81.1322987,2000,NORTH CAROLINA,CORN,PRODUCTION,TONS,57800
37005,Alleghany County,36.4893563,-81.1322987,2000,NORTH CAROLINA,HAY,PRODUCTION,TONS,31800
37005,Alleghany County,36.4893563,-81.1322987,2000,NORTH CAROLINA,TOBACCO,PRODUCTION,LB,421000
37139,Pasquotank County,36.2651986,-76.2606907,1996,NORTH CAROLINA,CORN,PRODUCTION,BU,2515000
37139,Pasquotank County,36.2651986,-76.2606907,1996,NORTH CAROLINA,COTTON,PRODUCTION,480 LB BALES,3500
37139,Pasquotank County,36.2651986,-76.2606907,1996,NORTH CAROLINA,OATS,PRODUCTION,BU,7000
37139,Pasquotank County,36.2651986,-76.2606907,1996,NORTH CAROLINA,PEANUTS,PRODUCTION,LB,205000
37139,Pasquotank County,36.2651986,-76.2606907,1996,NORTH CAROLINA,POTATOES,PRODUCTION,CWT,940000
37139,Pasquotank County,36.2651986,-76.2606907,1996,NORTH CAROLINA,SORGHUM,PRODUCTION,BU,102000
37139,Pasquotank County,36.2651986,-76.2606907,1996,NORTH CAROLINA,SOYBEANS,PRODUCTION,BU,1406000
37139,Pasquotank County,36.2651986,-76.2606907,1996,NORTH CAROLINA,WHEAT,PRODUCTION,BU,1156000
37139,Pasquotank County,36.2651986,-76.2606907,1996,NORTH CAROLINA,WHEAT,PRODUCTION,BU,1156000
37139,Pasquotank County,36.2651986,-76.2606907,1997,NORTH CAROLINA,CORN,PRODUCTION,BU,2394621
37139,Pasquotank County,36.2651986,-76.2606907,1997,NORTH CAROLINA,CORN,PRODUCTION,BU,2295000
37139,Pasquotank County,36.2651986,-76.2606907,1997,NORTH CAROLINA,COTTON,PRODUCTION,BALES,4766
37139,Pasquotank County,36.2651986,-76.2606907,1997,NORTH CAROLINA,COTTON,PRODUCTION,480 LB BALES,4200
37139,Pasquotank County,36.2651986,-76.2606907,1997,NORTH CAROLINA,HAY,PRODUCTION,TONS,NA
37139,Pasquotank County,36.2651986,-76.2606907,1997,NORTH CAROLINA,OATS,PRODUCTION,BU,NA
37139,Pasquotank County,36.2651986,-76.2606907,1997,NORTH CAROLINA,OATS,PRODUCTION,BU,8000
37139,Pasquotank County,36.2651986,-76.2606907,1997,NORTH CAROLINA,PEANUTS,PRODUCTION,LB,332172
37139,Pasquotank County,36.2651986,-76.2606907,1997,NORTH CAROLINA,PEANUTS,PRODUCTION,LB,248000
37139,Pasquotank County,36.2651986,-76.2606907,1997,NORTH CAROLINA,POTATOES,PRODUCTION,CWT,862141
37139,Pasquotank County,36.2651986,-76.2606907,1997,NORTH CAROLINA,POTATOES,PRODUCTION,CWT,844000
37139,Pasquotank County,36.2651986,-76.2606907,1997,NORTH CAROLINA,SORGHUM,PRODUCTION,BU,69065
37139,Pasquotank County,36.2651986,-76.2606907,1997,NORTH CAROLINA,SORGHUM,PRODUCTION,BU,73000
37139,Pasquotank County,36.2651986,-76.2606907,1997,NORTH CAROLINA,SOYBEANS,PRODUCTION,BU,1354164
37139,Pasquotank County,36.2651986,-76.2606907,1997,NORTH CAROLINA,SOYBEANS,PRODUCTION,BU,1457000
37139,Pasquotank County,36.2651986,-76.2606907,1997,NORTH CAROLINA,SWEET POTATOES,PRODUCTION,CWT,1078
37139,Pasquotank County,36.2651986,-76.2606907,1997,NORTH CAROLINA,WHEAT,PRODUCTION,BU,1196782
37139,Pasquotank County,36.2651986,-76.2606907,1997,NORTH CAROLINA,WHEAT,PRODUCTION,BU,1200000
37139,Pasquotank County,36.2651986,-76.2606907,1997,NORTH CAROLINA,WHEAT,PRODUCTION,BU,1200000
37139,Pasquotank County,36.2651986,-76.2606907,1997,NORTH CAROLINA,WOOL,PRODUCTION,LB,NA
37139,Pasquotank County,36.2651986,-76.2606907,1997,NORTH CAROLINA,WOOL,PRODUCTION,OPERATIONS,3
37139,Pasquotank County,36.2651986,-76.2606907,1998,NORTH CAROLINA,CORN,PRODUCTION,BU,2315000
37139,Pasquotank County,36.2651986,-76.2606907,1998,NORTH CAROLINA,COTTON,PRODUCTION,480 LB BALES,4500
37139,Pasquotank County,36.2651986,-76.2606907,1998,NORTH CAROLINA,PEANUTS,PRODUCTION,LB,325000
37139,Pasquotank County,36.2651986,-76.2606907,1998,NORTH CAROLINA,POTATOES,PRODUCTION,CWT,815900
37139,Pasquotank County,36.2651986,-76.2606907,1998,NORTH CAROLINA,SORGHUM,PRODUCTION,BU,128900
37139,Pasquotank County,36.2651986,-76.2606907,1998,NORTH CAROLINA,SOYBEANS,PRODUCTION,BU,1376000
37139,Pasquotank County,36.2651986,-76.2606907,1998,NORTH CAROLINA,WHEAT,PRODUCTION,BU,1090000
37139,Pasquotank County,36.2651986,-76.2606907,1998,NORTH CAROLINA,WHEAT,PRODUCTION,BU,1090000
37139,Pasquotank County,36.2651986,-76.2606907,1999,NORTH CAROLINA,CORN,PRODUCTION,BU,1979000
37139,Pasquotank County,36.2651986,-76.2606907,1999,NORTH CAROLINA,COTTON,PRODUCTION,480 LB BALES,4800
37139,Pasquotank County,36.2651986,-76.2606907,1999,NORTH CAROLINA,OATS,PRODUCTION,BU,15000
37139,Pasquotank County,36.2651986,-76.2606907,1999,NORTH CAROLINA,PEANUTS,PRODUCTION,LB,302000
37139,Pasquotank County,36.2651986,-76.2606907,1999,NORTH CAROLINA,POTATOES,PRODUCTION,CWT,820300
37139,Pasquotank County,36.2651986,-76.2606907,1999,NORTH CAROLINA,SORGHUM,PRODUCTION,BU,140000
37139,Pasquotank County,36.2651986,-76.2606907,1999,NORTH CAROLINA,SOYBEANS,PRODUCTION,BU,1054000
37139,Pasquotank County,36.2651986,-76.2606907,1999,NORTH CAROLINA,WHEAT,PRODUCTION,BU,1364000
37139,Pasquotank County,36.2651986,-76.2606907,1999,NORTH CAROLINA,WHEAT,PRODUCTION,BU,1364000
37139,Pasquotank County,36.2651986,-76.2606907,2000,NORTH CAROLINA,CORN,PRODUCTION,BU,2536000
37139,Pasquotank County,36.2651986,-76.2606907,2000,NORTH CAROLINA,COTTON,PRODUCTION,480 LB BALES,8600
37139,Pasquotank County,36.2651986,-76.2606907,2000,NORTH CAROLINA,OATS,PRODUCTION,BU,27000
37139,Pasquotank County,36.2651986,-76.2606907,2000,NORTH CAROLINA,PEANUTS,PRODUCTION,LB,294000
37139,Pasquotank County,36.2651986,-76.2606907,2000,NORTH CAROLINA,POTATOES,PRODUCTION,CWT,801800
37139,Pasquotank County,36.2651986,-76.2606907,2000,NORTH CAROLINA,SORGHUM,PRODUCTION,BU,161000
37139,Pasquotank County,36.2651986,-76.2606907,2000,NORTH CAROLINA,SOYBEANS,PRODUCTION,BU,1655000
37139,Pasquotank County,36.2651986,-76.2606907,2000,NORTH CAROLINA,WHEAT,PRODUCTION,BU,1008000
37139,Pasquotank County,36.2651986,-76.2606907,2000,NORTH CAROLINA,WHEAT,PRODUCTION,BU,1008000
37193,Wilkes County,36.2088833,-81.1660949,1996,NORTH CAROLINA,BARLEY,PRODUCTION,BU,28000
37193,Wilkes County,36.2088833,-81.1660949,1996,NORTH CAROLINA,CORN,PRODUCTION,BU,221000
37193,Wilkes County,36.2088833,-81.1660949,1996,NORTH CAROLINA,CORN,PRODUCTION,TONS,52600
37193,Wilkes County,36.2088833,-81.1660949,1996,NORTH CAROLINA,HAY,PRODUCTION,TONS,48100
37193,Wilkes County,36.2088833,-81.1660949,1996,NORTH CAROLINA,OATS,PRODUCTION,BU,3900
37193,Wilkes County,36.2088833,-81.1660949,1996,NORTH CAROLINA,POTATOES,PRODUCTION,CWT,2600
37193,Wilkes County,36.2088833,-81.1660949,1996,NORTH CAROLINA,SOYBEANS,PRODUCTION,BU,26000
37193,Wilkes County,36.2088833,-81.1660949,1996,NORTH CAROLINA,TOBACCO,PRODUCTION,LB,1906000
37193,Wilkes County,36.2088833,-81.1660949,1996,NORTH CAROLINA,WHEAT,PRODUCTION,BU,16000
37193,Wilkes County,36.2088833,-81.1660949,1996,NORTH CAROLINA,WHEAT,PRODUCTION,BU,16000
37193,Wilkes County,36.2088833,-81.1660949,1997,NORTH CAROLINA,BARLEY,PRODUCTION,BU,30810
37193,Wilkes County,36.2088833,-81.1660949,1997,NORTH CAROLINA,BARLEY,PRODUCTION,BU,30700
37193,Wilkes County,36.2088833,-81.1660949,1997,NORTH CAROLINA,CORN,PRODUCTION,BU,239229
37193,Wilkes County,36.2088833,-81.1660949,1997,NORTH CAROLINA,CORN,PRODUCTION,TONS,107804
37193,Wilkes County,36.2088833,-81.1660949,1997,NORTH CAROLINA,CORN,PRODUCTION,BU,216000
37193,Wilkes County,36.2088833,-81.1660949,1997,NORTH CAROLINA,CORN,PRODUCTION,TONS,68000
37193,Wilkes County,36.2088833,-81.1660949,1997,NORTH CAROLINA,HAY,PRODUCTION,TONS,2168
37193,Wilkes County,36.2088833,-81.1660949,1997,NORTH CAROLINA,HAY,PRODUCTION,TONS,889
37193,Wilkes County,36.2088833,-81.1660949,1997,NORTH CAROLINA,HAY,PRODUCTION,TONS,43008
37193,Wilkes County,36.2088833,-81.1660949,1997,NORTH CAROLINA,HAY,PRODUCTION,TONS,2324
37193,Wilkes County,36.2088833,-81.1660949,1997,NORTH CAROLINA,HAY,PRODUCTION,TONS,52900
37193,Wilkes County,36.2088833,-81.1660949,1997,NORTH CAROLINA,HAYLAGE,PRODUCTION,TONS,4493
37193,Wilkes County,36.2088833,-81.1660949,1997,NORTH CAROLINA,POTATOES,PRODUCTION,CWT,1169
37193,Wilkes County,36.2088833,-81.1660949,1997,NORTH CAROLINA,SOYBEANS,PRODUCTION,BU,17042
37193,Wilkes County,36.2088833,-81.1660949,1997,NORTH CAROLINA,SOYBEANS,PRODUCTION,BU,16000
37193,Wilkes County,36.2088833,-81.1660949,1997,NORTH CAROLINA,TOBACCO,PRODUCTION,LB,2299020
37193,Wilkes County,36.2088833,-81.1660949,1997,NORTH CAROLINA,TOBACCO,PRODUCTION,LB,1984000
37193,Wilkes County,36.2088833,-81.1660949,1997,NORTH CAROLINA,WHEAT,PRODUCTION,BU,12078
37193,Wilkes County,36.2088833,-81.1660949,1997,NORTH CAROLINA,WHEAT,PRODUCTION,BU,15000
37193,Wilkes County,36.2088833,-81.1660949,1997,NORTH CAROLINA,WHEAT,PRODUCTION,BU,15000
37193,Wilkes County,36.2088833,-81.1660949,1997,NORTH CAROLINA,WOOL,PRODUCTION,LB,NA
37193,Wilkes County,36.2088833,-81.1660949,1997,NORTH CAROLINA,WOOL,PRODUCTION,OPERATIONS,4
37193,Wilkes County,36.2088833,-81.1660949,1998,NORTH CAROLINA,BARLEY,PRODUCTION,BU,21900
37193,Wilkes County,36.2088833,-81.1660949,1998,NORTH CAROLINA,CORN,PRODUCTION,BU,164000
37193,Wilkes County,36.2088833,-81.1660949,1998,NORTH CAROLINA,CORN,PRODUCTION,TONS,29200
37193,Wilkes County,36.2088833,-81.1660949,1998,NORTH CAROLINA,HAY,PRODUCTION,TONS,53300
37193,Wilkes County,36.2088833,-81.1660949,1998,NORTH CAROLINA,SOYBEANS,PRODUCTION,BU,10000
37193,Wilkes County,36.2088833,-81.1660949,1998,NORTH CAROLINA,TOBACCO,PRODUCTION,LB,1747000
37193,Wilkes County,36.2088833,-81.1660949,1998,NORTH CAROLINA,WHEAT,PRODUCTION,BU,7600
37193,Wilkes County,36.2088833,-81.1660949,1998,NORTH CAROLINA,WHEAT,PRODUCTION,BU,7600
37193,Wilkes County,36.2088833,-81.1660949,1999,NORTH CAROLINA,CORN,PRODUCTION,BU,99000
37193,Wilkes County,36.2088833,-81.1660949,1999,NORTH CAROLINA,CORN,PRODUCTION,TONS,52000
37193,Wilkes County,36.2088833,-81.1660949,1999,NORTH CAROLINA,HAY,PRODUCTION,TONS,62200
37193,Wilkes County,36.2088833,-81.1660949,1999,NORTH CAROLINA,SOYBEANS,PRODUCTION,BU,14000
37193,Wilkes County,36.2088833,-81.1660949,1999,NORTH CAROLINA,TOBACCO,PRODUCTION,LB,1564000
37193,Wilkes County,36.2088833,-81.1660949,1999,NORTH CAROLINA,WHEAT,PRODUCTION,BU,31000
37193,Wilkes County,36.2088833,-81.1660949,1999,NORTH CAROLINA,WHEAT,PRODUCTION,BU,31000
37193,Wilkes County,36.2088833,-81.1660949,2000,NORTH CAROLINA,CORN,PRODUCTION,BU,224000
37193,Wilkes County,36.2088833,-81.1660949,2000,NORTH CAROLINA,CORN,PRODUCTION,TONS,115000
37193,Wilkes County,36.2088833,-81.1660949,2000,NORTH CAROLINA,HAY,PRODUCTION,TONS,73300
37193,Wilkes County,36.2088833,-81.1660949,2000,NORTH CAROLINA,SOYBEANS,PRODUCTION,BU,12000
37193,Wilkes County,36.2088833,-81.1660949,2000,NORTH CAROLINA,TOBACCO,PRODUCTION,LB,1003000
37193,Wilkes County,36.2088833,-81.1660949,2000,NORTH CAROLINA,WHEAT,PRODUCTION,BU,12000
37193,Wilkes County,36.2088833,-81.1660949,2000,NORTH CAROLINA,WHEAT,PRODUCTION,BU,12000
37003,Alexander County,35.9209506,-81.1774668,1996,NORTH CAROLINA,BARLEY,PRODUCTION,BU,36000
37003,Alexander County,35.9209506,-81.1774668,1996,NORTH CAROLINA,CORN,PRODUCTION,BU,68000
37003,Alexander County,35.9209506,-81.1774668,1996,NORTH CAROLINA,CORN,PRODUCTION,TONS,26600
37003,Alexander County,35.9209506,-81.1774668,1996,NORTH CAROLINA,HAY,PRODUCTION,TONS,24000
37003,Alexander County,35.9209506,-81.1774668,1996,NORTH CAROLINA,OATS,PRODUCTION,BU,13000
37003,Alexander County,35.9209506,-81.1774668,1996,NORTH CAROLINA,POTATOES,PRODUCTION,CWT,800
37003,Alexander County,35.9209506,-81.1774668,1996,NORTH CAROLINA,SORGHUM,PRODUCTION,BU,10200
37003,Alexander County,35.9209506,-81.1774668,1996,NORTH CAROLINA,SOYBEANS,PRODUCTION,BU,30000
37003,Alexander County,35.9209506,-81.1774668,1996,NORTH CAROLINA,TOBACCO,PRODUCTION,LB,1372000
37003,Alexander County,35.9209506,-81.1774668,1996,NORTH CAROLINA,WHEAT,PRODUCTION,BU,13000
37003,Alexander County,35.9209506,-81.1774668,1996,NORTH CAROLINA,WHEAT,PRODUCTION,BU,13000
37003,Alexander County,35.9209506,-81.1774668,1997,NORTH CAROLINA,BARLEY,PRODUCTION,BU,29300
37003,Alexander County,35.9209506,-81.1774668,1997,NORTH CAROLINA,BARLEY,PRODUCTION,BU,42000
37003,Alexander County,35.9209506,-81.1774668,1997,NORTH CAROLINA,CORN,PRODUCTION,BU,77669
37003,Alexander County,35.9209506,-81.1774668,1997,NORTH CAROLINA,CORN,PRODUCTION,TONS,46960
37003,Alexander County,35.9209506,-81.1774668,1997,NORTH CAROLINA,CORN,PRODUCTION,BU,84000
37003,Alexander County,35.9209506,-81.1774668,1997,NORTH CAROLINA,CORN,PRODUCTION,TONS,50000
37003,Alexander County,35.9209506,-81.1774668,1997,NORTH CAROLINA,HAY,PRODUCTION,TONS,748
37003,Alexander County,35.9209506,-81.1774668,1997,NORTH CAROLINA,HAY,PRODUCTION,TONS,721
37003,Alexander County,35.9209506,-81.1774668,1997,NORTH CAROLINA,HAY,PRODUCTION,TONS,22604
37003,Alexander County,35.9209506,-81.1774668,1997,NORTH CAROLINA,HAY,PRODUCTION,TONS,751
37003,Alexander County,35.9209506,-81.1774668,1997,NORTH CAROLINA,HAY,PRODUCTION,TONS,28700
37003,Alexander County,35.9209506,-81.1774668,1997,NORTH CAROLINA,HAYLAGE,PRODUCTION,TONS,3068
37003,Alexander County,35.9209506,-81.1774668,1997,NORTH CAROLINA,OATS,PRODUCTION,BU,1120
37003,Alexander County,35.9209506,-81.1774668,1997,NORTH CAROLINA,OATS,PRODUCTION,BU,3000
37003,Alexander County,35.9209506,-81.1774668,1997,NORTH CAROLINA,SORGHUM,PRODUCTION,BU,5100
37003,Alexander County,35.9209506,-81.1774668,1997,NORTH CAROLINA,SOYBEANS,PRODUCTION,BU,27708
37003,Alexander County,35.9209506,-81.1774668,1997,NORTH CAROLINA,SOYBEANS,PRODUCTION,BU,30000
37003,Alexander County,35.9209506,-81.1774668,1997,NORTH CAROLINA,TOBACCO,PRODUCTION,LB,1705886
37003,Alexander County,35.9209506,-81.1774668,1997,NORTH CAROLINA,TOBACCO,PRODUCTION,LB,1633000
37003,Alexander County,35.9209506,-81.1774668,1997,NORTH CAROLINA,WHEAT,PRODUCTION,BU,40970
37003,Alexander County,35.9209506,-81.1774668,1997,NORTH CAROLINA,WHEAT,PRODUCTION,BU,40000
37003,Alexander County,35.9209506,-81.1774668,1997,NORTH CAROLINA,WHEAT,PRODUCTION,BU,40000
37003,Alexander County,35.9209506,-81.1774668,1997,NORTH CAROLINA,WOOL,PRODUCTION,LB,218
37003,Alexander County,35.9209506,-81.1774668,1997,NORTH CAROLINA,WOOL,PRODUCTION,OPERATIONS,4
37003,Alexander County,35.9209506,-81.1774668,1998,NORTH CAROLINA,BARLEY,PRODUCTION,BU,34600
37003,Alexander County,35.9209506,-81.1774668,1998,NORTH CAROLINA,CORN,PRODUCTION,BU,62000
37003,Alexander County,35.9209506,-81.1774668,1998,NORTH CAROLINA,CORN,PRODUCTION,TONS,20400
37003,Alexander County,35.9209506,-81.1774668,1998,NORTH CAROLINA,HAY,PRODUCTION,TONS,28000
37003,Alexander County,35.9209506,-81.1774668,1998,NORTH CAROLINA,SOYBEANS,PRODUCTION,BU,26500
37003,Alexander County,35.9209506,-81.1774668,1998,NORTH CAROLINA,TOBACCO,PRODUCTION,LB,1402000
37003,Alexander County,35.9209506,-81.1774668,1998,NORTH CAROLINA,WHEAT,PRODUCTION,BU,21000
37003,Alexander County,35.9209506,-81.1774668,1998,NORTH CAROLINA,WHEAT,PRODUCTION,BU,21000
37003,Alexander County,35.9209506,-81.1774668,1999,NORTH CAROLINA,BARLEY,PRODUCTION,BU,30000
37003,Alexander County,35.9209506,-81.1774668,1999,NORTH CAROLINA,CORN,PRODUCTION,BU,34000
37003,Alexander County,35.9209506,-81.1774668,1999,NORTH CAROLINA,CORN,PRODUCTION,TONS,41800
37003,Alexander County,35.9209506,-81.1774668,1999,NORTH CAROLINA,HAY,PRODUCTION,TONS,30300
37003,Alexander County,35.9209506,-81.1774668,1999,NORTH CAROLINA,SOYBEANS,PRODUCTION,BU,19000
37003,Alexander County,35.9209506,-81.1774668,1999,NORTH CAROLINA,TOBACCO,PRODUCTION,LB,1246000
37003,Alexander County,35.9209506,-81.1774668,1999,NORTH CAROLINA,WHEAT,PRODUCTION,BU,25000
37003,Alexander County,35.9209506,-81.1774668,1999,NORTH CAROLINA,WHEAT,PRODUCTION,BU,25000
37003,Alexander County,35.9209506,-81.1774668,2000,NORTH CAROLINA,BARLEY,PRODUCTION,BU,23600
37003,Alexander County,35.9209506,-81.1774668,2000,NORTH CAROLINA,CORN,PRODUCTION,BU,20000
37003,Alexander County,35.9209506,-81.1774668,2000,NORTH CAROLINA,CORN,PRODUCTION,TONS,50500
37003,Alexander County,35.9209506,-81.1774668,2000,NORTH CAROLINA,HAY,PRODUCTION,TONS,33300
37003,Alexander County,35.9209506,-81.1774668,2000,NORTH CAROLINA,SOYBEANS,PRODUCTION,BU,30000
37003,Alexander County,35.9209506,-81.1774668,2000,NORTH CAROLINA,TOBACCO,PRODUCTION,LB,625000
37003,Alexander County,35.9209506,-81.1774668,2000,NORTH CAROLINA,WHEAT,PRODUCTION,BU,38000
37003,Alexander County,35.9209506,-81.1774668,2000,NORTH CAROLINA,WHEAT,PRODUCTION,BU,38000
37083,Halifax County,36.2514375,-77.6448423,1996,NORTH CAROLINA,CORN,PRODUCTION,BU,915000
37083,Halifax County,36.2514375,-77.6448423,1996,NORTH CAROLINA,CORN,PRODUCTION,TONS,10000
37083,Halifax County,36.2514375,-77.6448423,1996,NORTH CAROLINA,COTTON,PRODUCTION,480 LB BALES,91500
37083,Halifax County,36.2514375,-77.6448423,1996,NORTH CAROLINA,HAY,PRODUCTION,TONS,7300
37083,Halifax County,36.2514375,-77.6448423,1996,NORTH CAROLINA,OATS,PRODUCTION,BU,2400
37083,Halifax County,36.2514375,-77.6448423,1996,NORTH CAROLINA,PEANUTS,PRODUCTION,LB,54480000
37083,Halifax County,36.2514375,-77.6448423,1996,NORTH CAROLINA,POTATOES,PRODUCTION,CWT,23700
37083,Halifax County,36.2514375,-77.6448423,1996,NORTH CAROLINA,SORGHUM,PRODUCTION,BU,7800
37083,Halifax County,36.2514375,-77.6448423,1996,NORTH CAROLINA,SOYBEANS,PRODUCTION,BU,214000
37083,Halifax County,36.2514375,-77.6448423,1996,NORTH CAROLINA,SWEET POTATOES,PRODUCTION,CWT,16300
37083,Halifax County,36.2514375,-77.6448423,1996,NORTH CAROLINA,TOBACCO,PRODUCTION,LB,7214000
37083,Halifax County,36.2514375,-77.6448423,1996,NORTH CAROLINA,WHEAT,PRODUCTION,BU,176000
37083,Halifax County,36.2514375,-77.6448423,1996,NORTH CAROLINA,WHEAT,PRODUCTION,BU,176000
37083,Halifax County,36.2514375,-77.6448423,1997,NORTH CAROLINA,CORN,PRODUCTION,BU,531439
37083,Halifax County,36.2514375,-77.6448423,1997,NORTH CAROLINA,CORN,PRODUCTION,TONS,10213
37083,Halifax County,36.2514375,-77.6448423,1997,NORTH CAROLINA,CORN,PRODUCTION,BU,675000
37083,Halifax County,36.2514375,-77.6448423,1997,NORTH CAROLINA,CORN,PRODUCTION,TONS,6000
37083,Halifax County,36.2514375,-77.6448423,1997,NORTH CAROLINA,COTTON,PRODUCTION,BALES,67437
37083,Halifax County,36.2514375,-77.6448423,1997,NORTH CAROLINA,COTTON,PRODUCTION,480 LB BALES,65800
37083,Halifax County,36.2514375,-77.6448423,1997,NORTH CAROLINA,HAY,PRODUCTION,TONS,448
37083,Halifax County,36.2514375,-77.6448423,1997,NORTH CAROLINA,HAY,PRODUCTION,TONS,2745
37083,Halifax County,36.2514375,-77.6448423,1997,NORTH CAROLINA,HAY,PRODUCTION,TONS,58
37083,Halifax County,36.2514375,-77.6448423,1997,NORTH CAROLINA,HAY,PRODUCTION,TONS,4700
37083,Halifax County,36.2514375,-77.6448423,1997,NORTH CAROLINA,HAYLAGE,PRODUCTION,TONS,792
37083,Halifax County,36.2514375,-77.6448423,1997,NORTH CAROLINA,OATS,PRODUCTION,BU,NA
37083,Halifax County,36.2514375,-77.6448423,1997,NORTH CAROLINA,OATS,PRODUCTION,BU,11000
37083,Halifax County,36.2514375,-77.6448423,1997,NORTH CAROLINA,PEANUTS,PRODUCTION,LB,44440470
37083,Halifax County,36.2514375,-77.6448423,1997,NORTH CAROLINA,PEANUTS,PRODUCTION,LB,44538000
37083,Halifax County,36.2514375,-77.6448423,1997,NORTH CAROLINA,RYE,PRODUCTION,BU,4680
37083,Halifax County,36.2514375,-77.6448423,1997,NORTH CAROLINA,SORGHUM,PRODUCTION,BU,7100
37083,Halifax County,36.2514375,-77.6448423,1997,NORTH CAROLINA,SOYBEANS,PRODUCTION,BU,213384
37083,Halifax County,36.2514375,-77.6448423,1997,NORTH CAROLINA,SOYBEANS,PRODUCTION,BU,239000
37083,Halifax County,36.2514375,-77.6448423,1997,NORTH CAROLINA,SWEET POTATOES,PRODUCTION,CWT,34925
37083,Halifax County,36.2514375,-77.6448423,1997,NORTH CAROLINA,SWEET POTATOES,PRODUCTION,CWT,52300
37083,Halifax County,36.2514375,-77.6448423,1997,NORTH CAROLINA,TOBACCO,PRODUCTION,LB,8405079
37083,Halifax County,36.2514375,-77.6448423,1997,NORTH CAROLINA,TOBACCO,PRODUCTION,LB,8783000
37083,Halifax County,36.2514375,-77.6448423,1997,NORTH CAROLINA,WHEAT,PRODUCTION,BU,149115
37083,Halifax County,36.2514375,-77.6448423,1997,NORTH CAROLINA,WHEAT,PRODUCTION,BU,161000
37083,Halifax County,36.2514375,-77.6448423,1997,NORTH CAROLINA,WHEAT,PRODUCTION,BU,161000
37083,Halifax County,36.2514375,-77.6448423,1997,NORTH CAROLINA,WOOL,PRODUCTION,LB,NA
37083,Halifax County,36.2514375,-77.6448423,1997,NORTH CAROLINA,WOOL,PRODUCTION,OPERATIONS,3
37083,Halifax County,36.2514375,-77.6448423,1998,NORTH CAROLINA,CORN,PRODUCTION,BU,578000
37083,Halifax County,36.2514375,-77.6448423,1998,NORTH CAROLINA,CORN,PRODUCTION,TONS,5700
37083,Halifax County,36.2514375,-77.6448423,1998,NORTH CAROLINA,COTTON,PRODUCTION,480 LB BALES,90000
37083,Halifax County,36.2514375,-77.6448423,1998,NORTH CAROLINA,HAY,PRODUCTION,TONS,5900
37083,Halifax County,36.2514375,-77.6448423,1998,NORTH CAROLINA,PEANUTS,PRODUCTION,LB,62840000
37083,Halifax County,36.2514375,-77.6448423,1998,NORTH CAROLINA,SOYBEANS,PRODUCTION,BU,325000
37083,Halifax County,36.2514375,-77.6448423,1998,NORTH CAROLINA,SWEET POTATOES,PRODUCTION,CWT,59500
37083,Halifax County,36.2514375,-77.6448423,1998,NORTH CAROLINA,TOBACCO,PRODUCTION,LB,7836000
37083,Halifax County,36.2514375,-77.6448423,1998,NORTH CAROLINA,WHEAT,PRODUCTION,BU,188000
37083,Halifax County,36.2514375,-77.6448423,1998,NORTH CAROLINA,WHEAT,PRODUCTION,BU,188000
37083,Halifax County,36.2514375,-77.6448423,1999,NORTH CAROLINA,CORN,PRODUCTION,BU,376000
37083,Halifax County,36.2514375,-77.6448423,1999,NORTH CAROLINA,CORN,PRODUCTION,TONS,4700
37083,Halifax County,36.2514375,-77.6448423,1999,NORTH CAROLINA,COTTON,PRODUCTION,480 LB BALES,51000
37083,Halifax County,36.2514375,-77.6448423,1999,NORTH CAROLINA,HAY,PRODUCTION,TONS,7400
37083,Halifax County,36.2514375,-77.6448423,1999,NORTH CAROLINA,PEANUTS,PRODUCTION,LB,43606000
37083,Halifax County,36.2514375,-77.6448423,1999,NORTH CAROLINA,SOYBEANS,PRODUCTION,BU,241000
37083,Halifax County,36.2514375,-77.6448423,1999,NORTH CAROLINA,SWEET POTATOES,PRODUCTION,CWT,45000
37083,Halifax County,36.2514375,-77.6448423,1999,NORTH CAROLINA,TOBACCO,PRODUCTION,LB,5006000
37083,Halifax County,36.2514375,-77.6448423,1999,NORTH CAROLINA,WHEAT,PRODUCTION,BU,140000
37083,Halifax County,36.2514375,-77.6448423,1999,NORTH CAROLINA,WHEAT,PRODUCTION,BU,140000
37083,Halifax County,36.2514375,-77.6448423,2000,NORTH CAROLINA,CORN,PRODUCTION,BU,332000
37083,Halifax County,36.2514375,-77.6448423,2000,NORTH CAROLINA,CORN,PRODUCTION,TONS,4700
37083,Halifax County,36.2514375,-77.6448423,2000,NORTH CAROLINA,COTTON,PRODUCTION,480 LB BALES,89300
37083,Halifax County,36.2514375,-77.6448423,2000,NORTH CAROLINA,HAY,PRODUCTION,TONS,7600
37083,Halifax County,36.2514375,-77.6448423,2000,NORTH CAROLINA,PEANUTS,PRODUCTION,LB,50613000
37083,Halifax County,36.2514375,-77.6448423,2000,NORTH CAROLINA,SORGHUM,PRODUCTION,BU,8000
37083,Halifax County,36.2514375,-77.6448423,2000,NORTH CAROLINA,SOYBEANS,PRODUCTION,BU,391000
37083,Halifax County,36.2514375,-77.6448423,2000,NORTH CAROLINA,SWEET POTATOES,PRODUCTION,CWT,75000
37083,Halifax County,36.2514375,-77.6448423,2000,NORTH CAROLINA,TOBACCO,PRODUCTION,LB,4747000
37083,Halifax County,36.2514375,-77.6448423,2000,NORTH CAROLINA,WHEAT,PRODUCTION,BU,125000
37083,Halifax County,36.2514375,-77.6448423,2000,NORTH CAROLINA,WHEAT,PRODUCTION,BU,125000
37163,Sampson County,34.9892978,-78.3712605,1996,NORTH CAROLINA,CORN,PRODUCTION,BU,2868000
37163,Sampson County,34.9892978,-78.3712605,1996,NORTH CAROLINA,CORN,PRODUCTION,TONS,13500
37163,Sampson County,34.9892978,-78.3712605,1996,NORTH CAROLINA,COTTON,PRODUCTION,480 LB BALES,67100
37163,Sampson County,34.9892978,-78.3712605,1996,NORTH CAROLINA,HAY,PRODUCTION,TONS,38200
37163,Sampson County,34.9892978,-78.3712605,1996,NORTH CAROLINA,OATS,PRODUCTION,BU,12000
37163,Sampson County,34.9892978,-78.3712605,1996,NORTH CAROLINA,PEANUTS,PRODUCTION,LB,371000
37163,Sampson County,34.9892978,-78.3712605,1996,NORTH CAROLINA,POTATOES,PRODUCTION,CWT,24400
37163,Sampson County,34.9892978,-78.3712605,1996,NORTH CAROLINA,SORGHUM,PRODUCTION,BU,19200
37163,Sampson County,34.9892978,-78.3712605,1996,NORTH CAROLINA,SOYBEANS,PRODUCTION,BU,972000
37163,Sampson County,34.9892978,-78.3712605,1996,NORTH CAROLINA,SWEET POTATOES,PRODUCTION,CWT,332700
37163,Sampson County,34.9892978,-78.3712605,1996,NORTH CAROLINA,TOBACCO,PRODUCTION,LB,21267000
37163,Sampson County,34.9892978,-78.3712605,1996,NORTH CAROLINA,WHEAT,PRODUCTION,BU,675000
37163,Sampson County,34.9892978,-78.3712605,1996,NORTH CAROLINA,WHEAT,PRODUCTION,BU,675000
37163,Sampson County,34.9892978,-78.3712605,1997,NORTH CAROLINA,BARLEY,PRODUCTION,BU,5425
37163,Sampson County,34.9892978,-78.3712605,1997,NORTH CAROLINA,BARLEY,PRODUCTION,BU,7000
37163,Sampson County,34.9892978,-78.3712605,1997,NORTH CAROLINA,CORN,PRODUCTION,BU,2210806
37163,Sampson County,34.9892978,-78.3712605,1997,NORTH CAROLINA,CORN,PRODUCTION,TONS,11210
37163,Sampson County,34.9892978,-78.3712605,1997,NORTH CAROLINA,CORN,PRODUCTION,BU,2445000
37163,Sampson County,34.9892978,-78.3712605,1997,NORTH CAROLINA,CORN,PRODUCTION,TONS,10000
37163,Sampson County,34.9892978,-78.3712605,1997,NORTH CAROLINA,COTTON,PRODUCTION,BALES,66511
37163,Sampson County,34.9892978,-78.3712605,1997,NORTH CAROLINA,COTTON,PRODUCTION,480 LB BALES,71000
37163,Sampson County,34.9892978,-78.3712605,1997,NORTH CAROLINA,HAY,PRODUCTION,TONS,932
37163,Sampson County,34.9892978,-78.3712605,1997,NORTH CAROLINA,HAY,PRODUCTION,TONS,2094
37163,Sampson County,34.9892978,-78.3712605,1997,NORTH CAROLINA,HAY,PRODUCTION,TONS,29036
37163,Sampson County,34.9892978,-78.3712605,1997,NORTH CAROLINA,HAY,PRODUCTION,TONS,497
37163,Sampson County,34.9892978,-78.3712605,1997,NORTH CAROLINA,HAY,PRODUCTION,TONS,50600
37163,Sampson County,34.9892978,-78.3712605,1997,NORTH CAROLINA,HAYLAGE,PRODUCTION,TONS,2575
37163,Sampson County,34.9892978,-78.3712605,1997,NORTH CAROLINA,OATS,PRODUCTION,BU,12300
37163,Sampson County,34.9892978,-78.3712605,1997,NORTH CAROLINA,OATS,PRODUCTION,BU,16000
37163,Sampson County,34.9892978,-78.3712605,1997,NORTH CAROLINA,PEANUTS,PRODUCTION,LB,405766
37163,Sampson County,34.9892978,-78.3712605,1997,NORTH CAROLINA,PEANUTS,PRODUCTION,LB,468000
37163,Sampson County,34.9892978,-78.3712605,1997,NORTH CAROLINA,POTATOES,PRODUCTION,CWT,NA
37163,Sampson County,34.9892978,-78.3712605,1997,NORTH CAROLINA,RYE,PRODUCTION,BU,19728
37163,Sampson County,34.9892978,-78.3712605,1997,NORTH CAROLINA,SORGHUM,PRODUCTION,BU,3000
37163,Sampson County,34.9892978,-78.3712605,1997,NORTH CAROLINA,SOYBEANS,PRODUCTION,BU,1402809
37163,Sampson County,34.9892978,-78.3712605,1997,NORTH CAROLINA,SOYBEANS,PRODUCTION,BU,1420000
37163,Sampson County,34.9892978,-78.3712605,1997,NORTH CAROLINA,SWEET POTATOES,PRODUCTION,CWT,556839
37163,Sampson County,34.9892978,-78.3712605,1997,NORTH CAROLINA,SWEET POTATOES,PRODUCTION,CWT,605000
37163,Sampson County,34.9892978,-78.3712605,1997,NORTH CAROLINA,TOBACCO,PRODUCTION,LB,23132468
37163,Sampson County,34.9892978,-78.3712605,1997,NORTH CAROLINA,TOBACCO,PRODUCTION,LB,25128000
37163,Sampson County,34.9892978,-78.3712605,1997,NORTH CAROLINA,WHEAT,PRODUCTION,BU,806206
37163,Sampson County,34.9892978,-78.3712605,1997,NORTH CAROLINA,WHEAT,PRODUCTION,BU,908000
37163,Sampson County,34.9892978,-78.3712605,1997,NORTH CAROLINA,WHEAT,PRODUCTION,BU,908000
37163,Sampson County,34.9892978,-78.3712605,1998,NORTH CAROLINA,CORN,PRODUCTION,BU,794000
37163,Sampson County,34.9892978,-78.3712605,1998,NORTH CAROLINA,CORN,PRODUCTION,TONS,8700
37163,Sampson County,34.9892978,-78.3712605,1998,NORTH CAROLINA,COTTON,PRODUCTION,480 LB BALES,59000
37163,Sampson County,34.9892978,-78.3712605,1998,NORTH CAROLINA,HAY,PRODUCTION,TONS,45000
37163,Sampson County,34.9892978,-78.3712605,1998,NORTH CAROLINA,OATS,PRODUCTION,BU,19000
37163,Sampson County,34.9892978,-78.3712605,1998,NORTH CAROLINA,PEANUTS,PRODUCTION,LB,607000
37163,Sampson County,34.9892978,-78.3712605,1998,NORTH CAROLINA,SOYBEANS,PRODUCTION,BU,1398000
37163,Sampson County,34.9892978,-78.3712605,1998,NORTH CAROLINA,SWEET POTATOES,PRODUCTION,CWT,669000
37163,Sampson County,34.9892978,-78.3712605,1998,NORTH CAROLINA,TOBACCO,PRODUCTION,LB,16819000
37163,Sampson County,34.9892978,-78.3712605,1998,NORTH CAROLINA,WHEAT,PRODUCTION,BU,896000
37163,Sampson County,34.9892978,-78.3712605,1998,NORTH CAROLINA,WHEAT,PRODUCTION,BU,896000
37163,Sampson County,34.9892978,-78.3712605,1999,NORTH CAROLINA,CORN,PRODUCTION,BU,1204000
37163,Sampson County,34.9892978,-78.3712605,1999,NORTH CAROLINA,CORN,PRODUCTION,TONS,10900
37163,Sampson County,34.9892978,-78.3712605,1999,NORTH CAROLINA,COTTON,PRODUCTION,480 LB BALES,40000
37163,Sampson County,34.9892978,-78.3712605,1999,NORTH CAROLINA,HAY,PRODUCTION,TONS,53600
37163,Sampson County,34.9892978,-78.3712605,1999,NORTH CAROLINA,OATS,PRODUCTION,BU,40000
37163,Sampson County,34.9892978,-78.3712605,1999,NORTH CAROLINA,PEANUTS,PRODUCTION,LB,581000
37163,Sampson County,34.9892978,-78.3712605,1999,NORTH CAROLINA,SOYBEANS,PRODUCTION,BU,1119000
37163,Sampson County,34.9892978,-78.3712605,1999,NORTH CAROLINA,SWEET POTATOES,PRODUCTION,CWT,528300
37163,Sampson County,34.9892978,-78.3712605,1999,NORTH CAROLINA,TOBACCO,PRODUCTION,LB,15628000
37163,Sampson County,34.9892978,-78.3712605,1999,NORTH CAROLINA,WHEAT,PRODUCTION,BU,1124000
37163,Sampson County,34.9892978,-78.3712605,1999,NORTH CAROLINA,WHEAT,PRODUCTION,BU,1124000
37163,Sampson County,34.9892978,-78.3712605,2000,NORTH CAROLINA,BARLEY,PRODUCTION,BU,25000
37163,Sampson County,34.9892978,-78.3712605,2000,NORTH CAROLINA,CORN,PRODUCTION,BU,2531000
37163,Sampson County,34.9892978,-78.3712605,2000,NORTH CAROLINA,CORN,PRODUCTION,TONS,14900
37163,Sampson County,34.9892978,-78.3712605,2000,NORTH CAROLINA,COTTON,PRODUCTION,480 LB BALES,91000
37163,Sampson County,34.9892978,-78.3712605,2000,NORTH CAROLINA,HAY,PRODUCTION,TONS,70000
37163,Sampson County,34.9892978,-78.3712605,2000,NORTH CAROLINA,OATS,PRODUCTION,BU,36000
37163,Sampson County,34.9892978,-78.3712605,2000,NORTH CAROLINA,PEANUTS,PRODUCTION,LB,561000
37163,Sampson County,34.9892978,-78.3712605,2000,NORTH CAROLINA,SOYBEANS,PRODUCTION,BU,1874000
37163,Sampson County,34.9892978,-78.3712605,2000,NORTH CAROLINA,SWEET POTATOES,PRODUCTION,CWT,766000
37163,Sampson County,34.9892978,-78.3712605,2000,NORTH CAROLINA,TOBACCO,PRODUCTION,LB,14928000
37163,Sampson County,34.9892978,-78.3712605,2000,NORTH CAROLINA,WHEAT,PRODUCTION,BU,1149000
37163,Sampson County,34.9892978,-78.3712605,2000,NORTH CAROLINA,WHEAT,PRODUCTION,BU,1149000
37189,Watauga County,36.2353679,-81.7098875,1996,NORTH CAROLINA,HAY,PRODUCTION,TONS,12500
37189,Watauga County,36.2353679,-81.7098875,1996,NORTH CAROLINA,POTATOES,PRODUCTION,CWT,6700
37189,Watauga County,36.2353679,-81.7098875,1996,NORTH CAROLINA,TOBACCO,PRODUCTION,LB,985000
37189,Watauga County,36.2353679,-81.7098875,1997,NORTH CAROLINA,BARLEY,PRODUCTION,BU,1200
37189,Watauga County,36.2353679,-81.7098875,1997,NORTH CAROLINA,CORN,PRODUCTION,TONS,2897
37189,Watauga County,36.2353679,-81.7098875,1997,NORTH CAROLINA,CORN,PRODUCTION,TONS,3000
37189,Watauga County,36.2353679,-81.7098875,1997,NORTH CAROLINA,HAY,PRODUCTION,TONS,720
37189,Watauga County,36.2353679,-81.7098875,1997,NORTH CAROLINA,HAY,PRODUCTION,TONS,NA
37189,Watauga County,36.2353679,-81.7098875,1997,NORTH CAROLINA,HAY,PRODUCTION,TONS,8929
37189,Watauga County,36.2353679,-81.7098875,1997,NORTH CAROLINA,HAY,PRODUCTION,TONS,1735
37189,Watauga County,36.2353679,-81.7098875,1997,NORTH CAROLINA,HAY,PRODUCTION,TONS,10900
37189,Watauga County,36.2353679,-81.7098875,1997,NORTH CAROLINA,POTATOES,PRODUCTION,CWT,4258
37189,Watauga County,36.2353679,-81.7098875,1997,NORTH CAROLINA,TOBACCO,PRODUCTION,LB,1422908
37189,Watauga County,36.2353679,-81.7098875,1997,NORTH CAROLINA,TOBACCO,PRODUCTION,LB,1187000
37189,Watauga County,36.2353679,-81.7098875,1997,NORTH CAROLINA,WOOL,PRODUCTION,LB,961
37189,Watauga County,36.2353679,-81.7098875,1997,NORTH CAROLINA,WOOL,PRODUCTION,OPERATIONS,12
37189,Watauga County,36.2353679,-81.7098875,1998,NORTH CAROLINA,CORN,PRODUCTION,TONS,2600
37189,Watauga County,36.2353679,-81.7098875,1998,NORTH CAROLINA,HAY,PRODUCTION,TONS,15200
37189,Watauga County,36.2353679,-81.7098875,1998,NORTH CAROLINA,TOBACCO,PRODUCTION,LB,962000
37189,Watauga County,36.2353679,-81.7098875,1999,NORTH CAROLINA,HAY,PRODUCTION,TONS,16200
37189,Watauga County,36.2353679,-81.7098875,1999,NORTH CAROLINA,TOBACCO,PRODUCTION,LB,1256000
37189,Watauga County,36.2353679,-81.7098875,2000,NORTH CAROLINA,HAY,PRODUCTION,TONS,15500
37189,Watauga County,36.2353679,-81.7098875,2000,NORTH CAROLINA,TOBACCO,PRODUCTION,LB,900000
37173,Swain County,35.5688491,-83.4656136,1996,NORTH CAROLINA,HAY,PRODUCTION,TONS,900
37173,Swain County,35.5688491,-83.4656136,1996,NORTH CAROLINA,POTATOES,PRODUCTION,CWT,500
37173,Swain County,35.5688491,-83.4656136,1996,NORTH CAROLINA,TOBACCO,PRODUCTION,LB,50000
37173,Swain County,35.5688491,-83.4656136,1997,NORTH CAROLINA,CORN,PRODUCTION,BU,1870
37173,Swain County,35.5688491,-83.4656136,1997,NORTH CAROLINA,HAY,PRODUCTION,TONS,NA
37173,Swain County,35.5688491,-83.4656136,1997,NORTH CAROLINA,HAY,PRODUCTION,TONS,1705
37173,Swain County,35.5688491,-83.4656136,1997,NORTH CAROLINA,HAY,PRODUCTION,TONS,1400
37173,Swain County,35.5688491,-83.4656136,1997,NORTH CAROLINA,POTATOES,PRODUCTION,CWT,677
37173,Swain County,35.5688491,-83.4656136,1997,NORTH CAROLINA,TOBACCO,PRODUCTION,LB,NA
37173,Swain County,35.5688491,-83.4656136,1997,NORTH CAROLINA,TOBACCO,PRODUCTION,LB,72000
37173,Swain County,35.5688491,-83.4656136,1997,NORTH CAROLINA,WOOL,PRODUCTION,LB,NA
37173,Swain County,35.5688491,-83.4656136,1997,NORTH CAROLINA,WOOL,PRODUCTION,OPERATIONS,2
37173,Swain County,35.5688491,-83.4656136,1998,NORTH CAROLINA,HAY,PRODUCTION,TONS,1400
37173,Swain County,35.5688491,-83.4656136,1998,NORTH CAROLINA,TOBACCO,PRODUCTION,LB,33000
37173,Swain County,35.5688491,-83.4656136,1999,NORTH CAROLINA,HAY,PRODUCTION,TONS,1600
37173,Swain County,35.5688491,-83.4656136,1999,NORTH CAROLINA,TOBACCO,PRODUCTION,LB,30000
37173,Swain County,35.5688491,-83.4656136,2000,NORTH CAROLINA,HAY,PRODUCTION,TONS,1700
37173,Swain County,35.5688491,-83.4656136,2000,NORTH CAROLINA,TOBACCO,PRODUCTION,LB,55000
37011,Avery County,36.07209,-81.9202847,1996,NORTH CAROLINA,HAY,PRODUCTION,TONS,2400
37011,Avery County,36.07209,-81.9202847,1996,NORTH CAROLINA,POTATOES,PRODUCTION,CWT,4900
37011,Avery County,36.07209,-81.9202847,1996,NORTH CAROLINA,TOBACCO,PRODUCTION,LB,225000
37011,Avery County,36.07209,-81.9202847,1997,NORTH CAROLINA,HAY,PRODUCTION,TONS,88
37011,Avery County,36.07209,-81.9202847,1997,NORTH CAROLINA,HAY,PRODUCTION,TONS,1519
37011,Avery County,36.07209,-81.9202847,1997,NORTH CAROLINA,HAY,PRODUCTION,TONS,331
37011,Avery County,36.07209,-81.9202847,1997,NORTH CAROLINA,HAY,PRODUCTION,TONS,1700
37011,Avery County,36.07209,-81.9202847,1997,NORTH CAROLINA,POTATOES,PRODUCTION,CWT,2570
37011,Avery County,36.07209,-81.9202847,1997,NORTH CAROLINA,TOBACCO,PRODUCTION,LB,276772
37011,Avery County,36.07209,-81.9202847,1997,NORTH CAROLINA,TOBACCO,PRODUCTION,LB,223000
37011,Avery County,36.07209,-81.9202847,1998,NORTH CAROLINA,HAY,PRODUCTION,TONS,2400
37011,Avery County,36.07209,-81.9202847,1998,NORTH CAROLINA,TOBACCO,PRODUCTION,LB,212000
37011,Avery County,36.07209,-81.9202847,1999,NORTH CAROLINA,HAY,PRODUCTION,TONS,2500
37011,Avery County,36.07209,-81.9202847,1999,NORTH CAROLINA,TOBACCO,PRODUCTION,LB,229000
37011,Avery County,36.07209,-81.9202847,2000,NORTH CAROLINA,HAY,PRODUCTION,TONS,3600
37011,Avery County,36.07209,-81.9202847,2000,NORTH CAROLINA,TOBACCO,PRODUCTION,LB,207000
37045,Cleveland County,35.3346302,-81.5571145,1996,NORTH CAROLINA,BARLEY,PRODUCTION,BU,82000
37045,Cleveland County,35.3346302,-81.5571145,1996,NORTH CAROLINA,CORN,PRODUCTION,BU,104000
37045,Cleveland County,35.3346302,-81.5571145,1996,NORTH CAROLINA,CORN,PRODUCTION,TONS,11800
37045,Cleveland County,35.3346302,-81.5571145,1996,NORTH CAROLINA,COTTON,PRODUCTION,480 LB BALES,6300
37045,Cleveland County,35.3346302,-81.5571145,1996,NORTH CAROLINA,HAY,PRODUCTION,TONS,31500
37045,Cleveland County,35.3346302,-81.5571145,1996,NORTH CAROLINA,OATS,PRODUCTION,BU,67000
37045,Cleveland County,35.3346302,-81.5571145,1996,NORTH CAROLINA,POTATOES,PRODUCTION,CWT,2700
37045,Cleveland County,35.3346302,-81.5571145,1996,NORTH CAROLINA,SORGHUM,PRODUCTION,BU,8100
37045,Cleveland County,35.3346302,-81.5571145,1996,NORTH CAROLINA,SOYBEANS,PRODUCTION,BU,316000
37045,Cleveland County,35.3346302,-81.5571145,1996,NORTH CAROLINA,WHEAT,PRODUCTION,BU,151000
37045,Cleveland County,35.3346302,-81.5571145,1996,NORTH CAROLINA,WHEAT,PRODUCTION,BU,151000
37045,Cleveland County,35.3346302,-81.5571145,1997,NORTH CAROLINA,BARLEY,PRODUCTION,BU,49145
37045,Cleveland County,35.3346302,-81.5571145,1997,NORTH CAROLINA,BARLEY,PRODUCTION,BU,62700
37045,Cleveland County,35.3346302,-81.5571145,1997,NORTH CAROLINA,CORN,PRODUCTION,BU,110921
37045,Cleveland County,35.3346302,-81.5571145,1997,NORTH CAROLINA,CORN,PRODUCTION,TONS,9769
37045,Cleveland County,35.3346302,-81.5571145,1997,NORTH CAROLINA,CORN,PRODUCTION,BU,120000
37045,Cleveland County,35.3346302,-81.5571145,1997,NORTH CAROLINA,CORN,PRODUCTION,TONS,12000
37045,Cleveland County,35.3346302,-81.5571145,1997,NORTH CAROLINA,COTTON,PRODUCTION,BALES,2866
37045,Cleveland County,35.3346302,-81.5571145,1997,NORTH CAROLINA,COTTON,PRODUCTION,480 LB BALES,3000
37045,Cleveland County,35.3346302,-81.5571145,1997,NORTH CAROLINA,GRASSES,PRODUCTION,LB,14650
37045,Cleveland County,35.3346302,-81.5571145,1997,NORTH CAROLINA,HAY,PRODUCTION,TONS,1185
37045,Cleveland County,35.3346302,-81.5571145,1997,NORTH CAROLINA,HAY,PRODUCTION,TONS,3207
37045,Cleveland County,35.3346302,-81.5571145,1997,NORTH CAROLINA,HAY,PRODUCTION,TONS,18076
37045,Cleveland County,35.3346302,-81.5571145,1997,NORTH CAROLINA,HAY,PRODUCTION,TONS,1152
37045,Cleveland County,35.3346302,-81.5571145,1997,NORTH CAROLINA,HAY,PRODUCTION,TONS,27700
37045,Cleveland County,35.3346302,-81.5571145,1997,NORTH CAROLINA,HAYLAGE,PRODUCTION,TONS,2831
37045,Cleveland County,35.3346302,-81.5571145,1997,NORTH CAROLINA,OATS,PRODUCTION,BU,11017
37045,Cleveland County,35.3346302,-81.5571145,1997,NORTH CAROLINA,OATS,PRODUCTION,BU,24000
37045,Cleveland County,35.3346302,-81.5571145,1997,NORTH CAROLINA,SORGHUM,PRODUCTION,BU,2404
37045,Cleveland County,35.3346302,-81.5571145,1997,NORTH CAROLINA,SORGHUM,PRODUCTION,BU,7500
37045,Cleveland County,35.3346302,-81.5571145,1997,NORTH CAROLINA,SOYBEANS,PRODUCTION,BU,162967
37045,Cleveland County,35.3346302,-81.5571145,1997,NORTH CAROLINA,SOYBEANS,PRODUCTION,BU,200000
37045,Cleveland County,35.3346302,-81.5571145,1997,NORTH CAROLINA,WHEAT,PRODUCTION,BU,203798
37045,Cleveland County,35.3346302,-81.5571145,1997,NORTH CAROLINA,WHEAT,PRODUCTION,BU,257000
37045,Cleveland County,35.3346302,-81.5571145,1997,NORTH CAROLINA,WHEAT,PRODUCTION,BU,257000
37045,Cleveland County,35.3346302,-81.5571145,1997,NORTH CAROLINA,WOOL,PRODUCTION,LB,1562
37045,Cleveland County,35.3346302,-81.5571145,1997,NORTH CAROLINA,WOOL,PRODUCTION,OPERATIONS,13
37045,Cleveland County,35.3346302,-81.5571145,1998,NORTH CAROLINA,BARLEY,PRODUCTION,BU,52900
37045,Cleveland County,35.3346302,-81.5571145,1998,NORTH CAROLINA,CORN,PRODUCTION,BU,83500
37045,Cleveland County,35.3346302,-81.5571145,1998,NORTH CAROLINA,CORN,PRODUCTION,TONS,15800
37045,Cleveland County,35.3346302,-81.5571145,1998,NORTH CAROLINA,COTTON,PRODUCTION,480 LB BALES,4000
37045,Cleveland County,35.3346302,-81.5571145,1998,NORTH CAROLINA,HAY,PRODUCTION,TONS,29200
37045,Cleveland County,35.3346302,-81.5571145,1998,NORTH CAROLINA,OATS,PRODUCTION,BU,19000
37045,Cleveland County,35.3346302,-81.5571145,1998,NORTH CAROLINA,SORGHUM,PRODUCTION,BU,7900
37045,Cleveland County,35.3346302,-81.5571145,1998,NORTH CAROLINA,SOYBEANS,PRODUCTION,BU,224000
37045,Cleveland County,35.3346302,-81.5571145,1998,NORTH CAROLINA,WHEAT,PRODUCTION,BU,312500
37045,Cleveland County,35.3346302,-81.5571145,1998,NORTH CAROLINA,WHEAT,PRODUCTION,BU,312500
37045,Cleveland County,35.3346302,-81.5571145,1999,NORTH CAROLINA,BARLEY,PRODUCTION,BU,47600
37045,Cleveland County,35.3346302,-81.5571145,1999,NORTH CAROLINA,CORN,PRODUCTION,BU,84000
37045,Cleveland County,35.3346302,-81.5571145,1999,NORTH CAROLINA,CORN,PRODUCTION,TONS,8500
37045,Cleveland County,35.3346302,-81.5571145,1999,NORTH CAROLINA,COTTON,PRODUCTION,480 LB BALES,2650
37045,Cleveland County,35.3346302,-81.5571145,1999,NORTH CAROLINA,HAY,PRODUCTION,TONS,26500
37045,Cleveland County,35.3346302,-81.5571145,1999,NORTH CAROLINA,OATS,PRODUCTION,BU,32000
37045,Cleveland County,35.3346302,-81.5571145,1999,NORTH CAROLINA,SOYBEANS,PRODUCTION,BU,145000
37045,Cleveland County,35.3346302,-81.5571145,1999,NORTH CAROLINA,WHEAT,PRODUCTION,BU,225000
37045,Cleveland County,35.3346302,-81.5571145,1999,NORTH CAROLINA,WHEAT,PRODUCTION,BU,225000
37045,Cleveland County,35.3346302,-81.5571145,2000,NORTH CAROLINA,BARLEY,PRODUCTION,BU,53800
37045,Cleveland County,35.3346302,-81.5571145,2000,NORTH CAROLINA,CORN,PRODUCTION,BU,28000
37045,Cleveland County,35.3346302,-81.5571145,2000,NORTH CAROLINA,CORN,PRODUCTION,TONS,15200
37045,Cleveland County,35.3346302,-81.5571145,2000,NORTH CAROLINA,COTTON,PRODUCTION,480 LB BALES,3700
37045,Cleveland County,35.3346302,-81.5571145,2000,NORTH CAROLINA,HAY,PRODUCTION,TONS,33700
37045,Cleveland County,35.3346302,-81.5571145,2000,NORTH CAROLINA,OATS,PRODUCTION,BU,55000
37045,Cleveland County,35.3346302,-81.5571145,2000,NORTH CAROLINA,SOYBEANS,PRODUCTION,BU,161000
37045,Cleveland County,35.3346302,-81.5571145,2000,NORTH CAROLINA,WHEAT,PRODUCTION,BU,275000
37045,Cleveland County,35.3346302,-81.5571145,2000,NORTH CAROLINA,WHEAT,PRODUCTION,BU,275000
37125,Moore County,35.3082734,-79.4927233,1996,NORTH CAROLINA,CORN,PRODUCTION,BU,154000
37125,Moore County,35.3082734,-79.4927233,1996,NORTH CAROLINA,HAY,PRODUCTION,TONS,10600
37125,Moore County,35.3082734,-79.4927233,1996,NORTH CAROLINA,OATS,PRODUCTION,BU,18000
37125,Moore County,35.3082734,-79.4927233,1996,NORTH CAROLINA,POTATOES,PRODUCTION,CWT,900
37125,Moore County,35.3082734,-79.4927233,1996,NORTH CAROLINA,SORGHUM,PRODUCTION,BU,7500
37125,Moore County,35.3082734,-79.4927233,1996,NORTH CAROLINA,SOYBEANS,PRODUCTION,BU,49000
37125,Moore County,35.3082734,-79.4927233,1996,NORTH CAROLINA,SWEET POTATOES,PRODUCTION,CWT,12000
37125,Moore County,35.3082734,-79.4927233,1996,NORTH CAROLINA,TOBACCO,PRODUCTION,LB,6454000
37125,Moore County,35.3082734,-79.4927233,1996,NORTH CAROLINA,WHEAT,PRODUCTION,BU,130000
37125,Moore County,35.3082734,-79.4927233,1996,NORTH CAROLINA,WHEAT,PRODUCTION,BU,130000
37125,Moore County,35.3082734,-79.4927233,1997,NORTH CAROLINA,BARLEY,PRODUCTION,BU,3200
37125,Moore County,35.3082734,-79.4927233,1997,NORTH CAROLINA,CORN,PRODUCTION,BU,137408
37125,Moore County,35.3082734,-79.4927233,1997,NORTH CAROLINA,CORN,PRODUCTION,BU,135000
37125,Moore County,35.3082734,-79.4927233,1997,NORTH CAROLINA,COTTON,PRODUCTION,BALES,NA
37125,Moore County,35.3082734,-79.4927233,1997,NORTH CAROLINA,COTTON,PRODUCTION,480 LB BALES,350
37125,Moore County,35.3082734,-79.4927233,1997,NORTH CAROLINA,HAY,PRODUCTION,TONS,1726
37125,Moore County,35.3082734,-79.4927233,1997,NORTH CAROLINA,HAY,PRODUCTION,TONS,10105
37125,Moore County,35.3082734,-79.4927233,1997,NORTH CAROLINA,HAY,PRODUCTION,TONS,325
37125,Moore County,35.3082734,-79.4927233,1997,NORTH CAROLINA,HAY,PRODUCTION,TONS,12500
37125,Moore County,35.3082734,-79.4927233,1997,NORTH CAROLINA,HAYLAGE,PRODUCTION,TONS,NA
37125,Moore County,35.3082734,-79.4927233,1997,NORTH CAROLINA,OATS,PRODUCTION,BU,14739
37125,Moore County,35.3082734,-79.4927233,1997,NORTH CAROLINA,OATS,PRODUCTION,BU,16000
37125,Moore County,35.3082734,-79.4927233,1997,NORTH CAROLINA,RYE,PRODUCTION,BU,16908
37125,Moore County,35.3082734,-79.4927233,1997,NORTH CAROLINA,SORGHUM,PRODUCTION,BU,NA
37125,Moore County,35.3082734,-79.4927233,1997,NORTH CAROLINA,SORGHUM,PRODUCTION,BU,7600
37125,Moore County,35.3082734,-79.4927233,1997,NORTH CAROLINA,SOYBEANS,PRODUCTION,BU,60991
37125,Moore County,35.3082734,-79.4927233,1997,NORTH CAROLINA,SOYBEANS,PRODUCTION,BU,68000
37125,Moore County,35.3082734,-79.4927233,1997,NORTH CAROLINA,SWEET POTATOES,PRODUCTION,CWT,12641
37125,Moore County,35.3082734,-79.4927233,1997,NORTH CAROLINA,TOBACCO,PRODUCTION,LB,8054343
37125,Moore County,35.3082734,-79.4927233,1997,NORTH CAROLINA,TOBACCO,PRODUCTION,LB,7683000
37125,Moore County,35.3082734,-79.4927233,1997,NORTH CAROLINA,WHEAT,PRODUCTION,BU,114035
37125,Moore County,35.3082734,-79.4927233,1997,NORTH CAROLINA,WHEAT,PRODUCTION,BU,130000
37125,Moore County,35.3082734,-79.4927233,1997,NORTH CAROLINA,WHEAT,PRODUCTION,BU,130000
37125,Moore County,35.3082734,-79.4927233,1997,NORTH CAROLINA,WOOL,PRODUCTION,LB,1497
37125,Moore County,35.3082734,-79.4927233,1997,NORTH CAROLINA,WOOL,PRODUCTION,OPERATIONS,7
37125,Moore County,35.3082734,-79.4927233,1998,NORTH CAROLINA,CORN,PRODUCTION,BU,39000
37125,Moore County,35.3082734,-79.4927233,1998,NORTH CAROLINA,COTTON,PRODUCTION,480 LB BALES,400
37125,Moore County,35.3082734,-79.4927233,1998,NORTH CAROLINA,HAY,PRODUCTION,TONS,15300
37125,Moore County,35.3082734,-79.4927233,1998,NORTH CAROLINA,SOYBEANS,PRODUCTION,BU,55000
37125,Moore County,35.3082734,-79.4927233,1998,NORTH CAROLINA,TOBACCO,PRODUCTION,LB,5582000
37125,Moore County,35.3082734,-79.4927233,1998,NORTH CAROLINA,WHEAT,PRODUCTION,BU,128500
37125,Moore County,35.3082734,-79.4927233,1998,NORTH CAROLINA,WHEAT,PRODUCTION,BU,128500
37125,Moore County,35.3082734,-79.4927233,1999,NORTH CAROLINA,CORN,PRODUCTION,BU,45000
37125,Moore County,35.3082734,-79.4927233,1999,NORTH CAROLINA,COTTON,PRODUCTION,480 LB BALES,500
37125,Moore County,35.3082734,-79.4927233,1999,NORTH CAROLINA,HAY,PRODUCTION,TONS,17100
37125,Moore County,35.3082734,-79.4927233,1999,NORTH CAROLINA,SOYBEANS,PRODUCTION,BU,56000
37125,Moore County,35.3082734,-79.4927233,1999,NORTH CAROLINA,TOBACCO,PRODUCTION,LB,4321000
37125,Moore County,35.3082734,-79.4927233,1999,NORTH CAROLINA,WHEAT,PRODUCTION,BU,73000
37125,Moore County,35.3082734,-79.4927233,1999,NORTH CAROLINA,WHEAT,PRODUCTION,BU,73000
37125,Moore County,35.3082734,-79.4927233,2000,NORTH CAROLINA,CORN,PRODUCTION,BU,58000
37125,Moore County,35.3082734,-79.4927233,2000,NORTH CAROLINA,COTTON,PRODUCTION,480 LB BALES,1100
37125,Moore County,35.3082734,-79.4927233,2000,NORTH CAROLINA,HAY,PRODUCTION,TONS,19200
37125,Moore County,35.3082734,-79.4927233,2000,NORTH CAROLINA,OATS,PRODUCTION,BU,12000
37125,Moore County,35.3082734,-79.4927233,2000,NORTH CAROLINA,SOYBEANS,PRODUCTION,BU,83000
37125,Moore County,35.3082734,-79.4927233,2000,NORTH CAROLINA,TOBACCO,PRODUCTION,LB,3795000
37125,Moore County,35.3082734,-79.4927233,2000,NORTH CAROLINA,WHEAT,PRODUCTION,BU,34000
37125,Moore County,35.3082734,-79.4927233,2000,NORTH CAROLINA,WHEAT,PRODUCTION,BU,34000
37067,Forsyth County,36.1324661,-80.2569608,1996,NORTH CAROLINA,BARLEY,PRODUCTION,BU,14000
37067,Forsyth County,36.1324661,-80.2569608,1996,NORTH CAROLINA,CORN,PRODUCTION,BU,176000
37067,Forsyth County,36.1324661,-80.2569608,1996,NORTH CAROLINA,CORN,PRODUCTION,TONS,8600
37067,Forsyth County,36.1324661,-80.2569608,1996,NORTH CAROLINA,HAY,PRODUCTION,TONS,12600
37067,Forsyth County,36.1324661,-80.2569608,1996,NORTH CAROLINA,OATS,PRODUCTION,BU,28000
37067,Forsyth County,36.1324661,-80.2569608,1996,NORTH CAROLINA,SOYBEANS,PRODUCTION,BU,87000
37067,Forsyth County,36.1324661,-80.2569608,1996,NORTH CAROLINA,TOBACCO,PRODUCTION,LB,5020000
37067,Forsyth County,36.1324661,-80.2569608,1996,NORTH CAROLINA,WHEAT,PRODUCTION,BU,46000
37067,Forsyth County,36.1324661,-80.2569608,1996,NORTH CAROLINA,WHEAT,PRODUCTION,BU,46000
37067,Forsyth County,36.1324661,-80.2569608,1997,NORTH CAROLINA,BARLEY,PRODUCTION,BU,7710
37067,Forsyth County,36.1324661,-80.2569608,1997,NORTH CAROLINA,BARLEY,PRODUCTION,BU,11400
37067,Forsyth County,36.1324661,-80.2569608,1997,NORTH CAROLINA,CORN,PRODUCTION,BU,137378
37067,Forsyth County,36.1324661,-80.2569608,1997,NORTH CAROLINA,CORN,PRODUCTION,TONS,10234
37067,Forsyth County,36.1324661,-80.2569608,1997,NORTH CAROLINA,CORN,PRODUCTION,BU,165000
37067,Forsyth County,36.1324661,-80.2569608,1997,NORTH CAROLINA,CORN,PRODUCTION,TONS,9000
37067,Forsyth County,36.1324661,-80.2569608,1997,NORTH CAROLINA,HAY,PRODUCTION,TONS,1010
37067,Forsyth County,36.1324661,-80.2569608,1997,NORTH CAROLINA,HAY,PRODUCTION,TONS,873
37067,Forsyth County,36.1324661,-80.2569608,1997,NORTH CAROLINA,HAY,PRODUCTION,TONS,11147
37067,Forsyth County,36.1324661,-80.2569608,1997,NORTH CAROLINA,HAY,PRODUCTION,TONS,731
37067,Forsyth County,36.1324661,-80.2569608,1997,NORTH CAROLINA,HAY,PRODUCTION,TONS,13600
37067,Forsyth County,36.1324661,-80.2569608,1997,NORTH CAROLINA,HAYLAGE,PRODUCTION,TONS,546
37067,Forsyth County,36.1324661,-80.2569608,1997,NORTH CAROLINA,OATS,PRODUCTION,BU,16165
37067,Forsyth County,36.1324661,-80.2569608,1997,NORTH CAROLINA,OATS,PRODUCTION,BU,24000
37067,Forsyth County,36.1324661,-80.2569608,1997,NORTH CAROLINA,POTATOES,PRODUCTION,CWT,4545
37067,Forsyth County,36.1324661,-80.2569608,1997,NORTH CAROLINA,RYE,PRODUCTION,BU,3090
37067,Forsyth County,36.1324661,-80.2569608,1997,NORTH CAROLINA,SOYBEANS,PRODUCTION,BU,95386
37067,Forsyth County,36.1324661,-80.2569608,1997,NORTH CAROLINA,SOYBEANS,PRODUCTION,BU,84000
37067,Forsyth County,36.1324661,-80.2569608,1997,NORTH CAROLINA,SWEET POTATOES,PRODUCTION,CWT,698
37067,Forsyth County,36.1324661,-80.2569608,1997,NORTH CAROLINA,TOBACCO,PRODUCTION,LB,5265782
37067,Forsyth County,36.1324661,-80.2569608,1997,NORTH CAROLINA,TOBACCO,PRODUCTION,LB,5300000
37067,Forsyth County,36.1324661,-80.2569608,1997,NORTH CAROLINA,WHEAT,PRODUCTION,BU,112244
37067,Forsyth County,36.1324661,-80.2569608,1997,NORTH CAROLINA,WHEAT,PRODUCTION,BU,106000
37067,Forsyth County,36.1324661,-80.2569608,1997,NORTH CAROLINA,WHEAT,PRODUCTION,BU,106000
37067,Forsyth County,36.1324661,-80.2569608,1997,NORTH CAROLINA,WOOL,PRODUCTION,LB,450
37067,Forsyth County,36.1324661,-80.2569608,1997,NORTH CAROLINA,WOOL,PRODUCTION,OPERATIONS,7
37067,Forsyth County,36.1324661,-80.2569608,1998,NORTH CAROLINA,BARLEY,PRODUCTION,BU,9200
37067,Forsyth County,36.1324661,-80.2569608,1998,NORTH CAROLINA,CORN,PRODUCTION,BU,98500
37067,Forsyth County,36.1324661,-80.2569608,1998,NORTH CAROLINA,CORN,PRODUCTION,TONS,4700
37067,Forsyth County,36.1324661,-80.2569608,1998,NORTH CAROLINA,HAY,PRODUCTION,TONS,18400
37067,Forsyth County,36.1324661,-80.2569608,1998,NORTH CAROLINA,OATS,PRODUCTION,BU,12000
37067,Forsyth County,36.1324661,-80.2569608,1998,NORTH CAROLINA,SOYBEANS,PRODUCTION,BU,47500
37067,Forsyth County,36.1324661,-80.2569608,1998,NORTH CAROLINA,TOBACCO,PRODUCTION,LB,4765000
37067,Forsyth County,36.1324661,-80.2569608,1998,NORTH CAROLINA,WHEAT,PRODUCTION,BU,86500
37067,Forsyth County,36.1324661,-80.2569608,1998,NORTH CAROLINA,WHEAT,PRODUCTION,BU,86500
37067,Forsyth County,36.1324661,-80.2569608,1999,NORTH CAROLINA,CORN,PRODUCTION,BU,71000
37067,Forsyth County,36.1324661,-80.2569608,1999,NORTH CAROLINA,CORN,PRODUCTION,TONS,7000
37067,Forsyth County,36.1324661,-80.2569608,1999,NORTH CAROLINA,HAY,PRODUCTION,TONS,16700
37067,Forsyth County,36.1324661,-80.2569608,1999,NORTH CAROLINA,OATS,PRODUCTION,BU,15000
37067,Forsyth County,36.1324661,-80.2569608,1999,NORTH CAROLINA,SOYBEANS,PRODUCTION,BU,67000
37067,Forsyth County,36.1324661,-80.2569608,1999,NORTH CAROLINA,TOBACCO,PRODUCTION,LB,4085000
37067,Forsyth County,36.1324661,-80.2569608,1999,NORTH CAROLINA,WHEAT,PRODUCTION,BU,54000
37067,Forsyth County,36.1324661,-80.2569608,1999,NORTH CAROLINA,WHEAT,PRODUCTION,BU,54000
37067,Forsyth County,36.1324661,-80.2569608,2000,NORTH CAROLINA,CORN,PRODUCTION,BU,58000
37067,Forsyth County,36.1324661,-80.2569608,2000,NORTH CAROLINA,CORN,PRODUCTION,TONS,7000
37067,Forsyth County,36.1324661,-80.2569608,2000,NORTH CAROLINA,HAY,PRODUCTION,TONS,13300
37067,Forsyth County,36.1324661,-80.2569608,2000,NORTH CAROLINA,OATS,PRODUCTION,BU,10000
37067,Forsyth County,36.1324661,-80.2569608,2000,NORTH CAROLINA,SOYBEANS,PRODUCTION,BU,118000
37067,Forsyth County,36.1324661,-80.2569608,2000,NORTH CAROLINA,TOBACCO,PRODUCTION,LB,2769000
37067,Forsyth County,36.1324661,-80.2569608,2000,NORTH CAROLINA,WHEAT,PRODUCTION,BU,62000
37067,Forsyth County,36.1324661,-80.2569608,2000,NORTH CAROLINA,WHEAT,PRODUCTION,BU,62000
37077,Granville County,36.299884,-78.6576338,1996,NORTH CAROLINA,CORN,PRODUCTION,BU,105000
37077,Granville County,36.299884,-78.6576338,1996,NORTH CAROLINA,CORN,PRODUCTION,TONS,16500
37077,Granville County,36.299884,-78.6576338,1996,NORTH CAROLINA,HAY,PRODUCTION,TONS,19200
37077,Granville County,36.299884,-78.6576338,1996,NORTH CAROLINA,OATS,PRODUCTION,BU,12000
37077,Granville County,36.299884,-78.6576338,1996,NORTH CAROLINA,SORGHUM,PRODUCTION,BU,5200
37077,Granville County,36.299884,-78.6576338,1996,NORTH CAROLINA,SOYBEANS,PRODUCTION,BU,75000
37077,Granville County,36.299884,-78.6576338,1996,NORTH CAROLINA,TOBACCO,PRODUCTION,LB,13573000
37077,Granville County,36.299884,-78.6576338,1996,NORTH CAROLINA,WHEAT,PRODUCTION,BU,203000
37077,Granville County,36.299884,-78.6576338,1996,NORTH CAROLINA,WHEAT,PRODUCTION,BU,203000
37077,Granville County,36.299884,-78.6576338,1997,NORTH CAROLINA,BARLEY,PRODUCTION,BU,7000
37077,Granville County,36.299884,-78.6576338,1997,NORTH CAROLINA,CORN,PRODUCTION,BU,99124
37077,Granville County,36.299884,-78.6576338,1997,NORTH CAROLINA,CORN,PRODUCTION,TONS,10571
37077,Granville County,36.299884,-78.6576338,1997,NORTH CAROLINA,CORN,PRODUCTION,BU,103000
37077,Granville County,36.299884,-78.6576338,1997,NORTH CAROLINA,CORN,PRODUCTION,TONS,15000
37077,Granville County,36.299884,-78.6576338,1997,NORTH CAROLINA,HAY,PRODUCTION,TONS,1656
37077,Granville County,36.299884,-78.6576338,1997,NORTH CAROLINA,HAY,PRODUCTION,TONS,4409
37077,Granville County,36.299884,-78.6576338,1997,NORTH CAROLINA,HAY,PRODUCTION,TONS,11891
37077,Granville County,36.299884,-78.6576338,1997,NORTH CAROLINA,HAY,PRODUCTION,TONS,368
37077,Granville County,36.299884,-78.6576338,1997,NORTH CAROLINA,HAY,PRODUCTION,TONS,20500
37077,Granville County,36.299884,-78.6576338,1997,NORTH CAROLINA,HAYLAGE,PRODUCTION,TONS,351
37077,Granville County,36.299884,-78.6576338,1997,NORTH CAROLINA,OATS,PRODUCTION,BU,9505
37077,Granville County,36.299884,-78.6576338,1997,NORTH CAROLINA,OATS,PRODUCTION,BU,11000
37077,Granville County,36.299884,-78.6576338,1997,NORTH CAROLINA,SORGHUM,PRODUCTION,BU,3000
37077,Granville County,36.299884,-78.6576338,1997,NORTH CAROLINA,SOYBEANS,PRODUCTION,BU,50584
37077,Granville County,36.299884,-78.6576338,1997,NORTH CAROLINA,SOYBEANS,PRODUCTION,BU,55000
37077,Granville County,36.299884,-78.6576338,1997,NORTH CAROLINA,TOBACCO,PRODUCTION,LB,18366712
37077,Granville County,36.299884,-78.6576338,1997,NORTH CAROLINA,TOBACCO,PRODUCTION,LB,18475000
37077,Granville County,36.299884,-78.6576338,1997,NORTH CAROLINA,WHEAT,PRODUCTION,BU,162587
37077,Granville County,36.299884,-78.6576338,1997,NORTH CAROLINA,WHEAT,PRODUCTION,BU,195000
37077,Granville County,36.299884,-78.6576338,1997,NORTH CAROLINA,WHEAT,PRODUCTION,BU,195000
37077,Granville County,36.299884,-78.6576338,1997,NORTH CAROLINA,WOOL,PRODUCTION,LB,402
37077,Granville County,36.299884,-78.6576338,1997,NORTH CAROLINA,WOOL,PRODUCTION,OPERATIONS,8
37077,Granville County,36.299884,-78.6576338,1998,NORTH CAROLINA,CORN,PRODUCTION,BU,66000
37077,Granville County,36.299884,-78.6576338,1998,NORTH CAROLINA,CORN,PRODUCTION,TONS,19000
37077,Granville County,36.299884,-78.6576338,1998,NORTH CAROLINA,HAY,PRODUCTION,TONS,15600
37077,Granville County,36.299884,-78.6576338,1998,NORTH CAROLINA,SOYBEANS,PRODUCTION,BU,57200
37077,Granville County,36.299884,-78.6576338,1998,NORTH CAROLINA,TOBACCO,PRODUCTION,LB,15090000
37077,Granville County,36.299884,-78.6576338,1998,NORTH CAROLINA,WHEAT,PRODUCTION,BU,142000
37077,Granville County,36.299884,-78.6576338,1998,NORTH CAROLINA,WHEAT,PRODUCTION,BU,142000
37077,Granville County,36.299884,-78.6576338,1999,NORTH CAROLINA,CORN,PRODUCTION,BU,51000
37077,Granville County,36.299884,-78.6576338,1999,NORTH CAROLINA,CORN,PRODUCTION,TONS,12500
37077,Granville County,36.299884,-78.6576338,1999,NORTH CAROLINA,HAY,PRODUCTION,TONS,21300
37077,Granville County,36.299884,-78.6576338,1999,NORTH CAROLINA,SOYBEANS,PRODUCTION,BU,71000
37077,Granville County,36.299884,-78.6576338,1999,NORTH CAROLINA,TOBACCO,PRODUCTION,LB,11924000
37077,Granville County,36.299884,-78.6576338,1999,NORTH CAROLINA,WHEAT,PRODUCTION,BU,200000
37077,Granville County,36.299884,-78.6576338,1999,NORTH CAROLINA,WHEAT,PRODUCTION,BU,200000
37077,Granville County,36.299884,-78.6576338,2000,NORTH CAROLINA,CORN,PRODUCTION,BU,92000
37077,Granville County,36.299884,-78.6576338,2000,NORTH CAROLINA,CORN,PRODUCTION,TONS,13500
37077,Granville County,36.299884,-78.6576338,2000,NORTH CAROLINA,HAY,PRODUCTION,TONS,29500
37077,Granville County,36.299884,-78.6576338,2000,NORTH CAROLINA,OATS,PRODUCTION,BU,38000
37077,Granville County,36.299884,-78.6576338,2000,NORTH CAROLINA,SOYBEANS,PRODUCTION,BU,86000
37077,Granville County,36.299884,-78.6576338,2000,NORTH CAROLINA,TOBACCO,PRODUCTION,LB,10661000
37077,Granville County,36.299884,-78.6576338,2000,NORTH CAROLINA,WHEAT,PRODUCTION,BU,155000
37077,Granville County,36.299884,-78.6576338,2000,NORTH CAROLINA,WHEAT,PRODUCTION,BU,155000
37185,Warren County,36.3981051,-78.0998993,1996,NORTH CAROLINA,BARLEY,PRODUCTION,BU,17000
37185,Warren County,36.3981051,-78.0998993,1996,NORTH CAROLINA,CORN,PRODUCTION,BU,94000
37185,Warren County,36.3981051,-78.0998993,1996,NORTH CAROLINA,CORN,PRODUCTION,TONS,7800
37185,Warren County,36.3981051,-78.0998993,1996,NORTH CAROLINA,COTTON,PRODUCTION,480 LB BALES,430
37185,Warren County,36.3981051,-78.0998993,1996,NORTH CAROLINA,HAY,PRODUCTION,TONS,8900
37185,Warren County,36.3981051,-78.0998993,1996,NORTH CAROLINA,OATS,PRODUCTION,BU,23000
37185,Warren County,36.3981051,-78.0998993,1996,NORTH CAROLINA,POTATOES,PRODUCTION,CWT,3200
37185,Warren County,36.3981051,-78.0998993,1996,NORTH CAROLINA,SORGHUM,PRODUCTION,BU,19100
37185,Warren County,36.3981051,-78.0998993,1996,NORTH CAROLINA,SOYBEANS,PRODUCTION,BU,257000
37185,Warren County,36.3981051,-78.0998993,1996,NORTH CAROLINA,TOBACCO,PRODUCTION,LB,6255000
37185,Warren County,36.3981051,-78.0998993,1996,NORTH CAROLINA,WHEAT,PRODUCTION,BU,106000
37185,Warren County,36.3981051,-78.0998993,1996,NORTH CAROLINA,WHEAT,PRODUCTION,BU,106000
37185,Warren County,36.3981051,-78.0998993,1997,NORTH CAROLINA,BARLEY,PRODUCTION,BU,17845
37185,Warren County,36.3981051,-78.0998993,1997,NORTH CAROLINA,BARLEY,PRODUCTION,BU,22500
37185,Warren County,36.3981051,-78.0998993,1997,NORTH CAROLINA,CORN,PRODUCTION,BU,51443
37185,Warren County,36.3981051,-78.0998993,1997,NORTH CAROLINA,CORN,PRODUCTION,TONS,10900
37185,Warren County,36.3981051,-78.0998993,1997,NORTH CAROLINA,CORN,PRODUCTION,BU,62000
37185,Warren County,36.3981051,-78.0998993,1997,NORTH CAROLINA,CORN,PRODUCTION,TONS,10000
37185,Warren County,36.3981051,-78.0998993,1997,NORTH CAROLINA,HAY,PRODUCTION,TONS,471
37185,Warren County,36.3981051,-78.0998993,1997,NORTH CAROLINA,HAY,PRODUCTION,TONS,3938
37185,Warren County,36.3981051,-78.0998993,1997,NORTH CAROLINA,HAY,PRODUCTION,TONS,7119
37185,Warren County,36.3981051,-78.0998993,1997,NORTH CAROLINA,HAY,PRODUCTION,TONS,273
37185,Warren County,36.3981051,-78.0998993,1997,NORTH CAROLINA,HAY,PRODUCTION,TONS,13500
37185,Warren County,36.3981051,-78.0998993,1997,NORTH CAROLINA,HAYLAGE,PRODUCTION,TONS,1090
37185,Warren County,36.3981051,-78.0998993,1997,NORTH CAROLINA,OATS,PRODUCTION,BU,23884
37185,Warren County,36.3981051,-78.0998993,1997,NORTH CAROLINA,OATS,PRODUCTION,BU,29000
37185,Warren County,36.3981051,-78.0998993,1997,NORTH CAROLINA,SORGHUM,PRODUCTION,BU,9470
37185,Warren County,36.3981051,-78.0998993,1997,NORTH CAROLINA,SORGHUM,PRODUCTION,BU,17400
37185,Warren County,36.3981051,-78.0998993,1997,NORTH CAROLINA,SOYBEANS,PRODUCTION,BU,145166
37185,Warren County,36.3981051,-78.0998993,1997,NORTH CAROLINA,SOYBEANS,PRODUCTION,BU,152000
37185,Warren County,36.3981051,-78.0998993,1997,NORTH CAROLINA,TOBACCO,PRODUCTION,LB,6674752
37185,Warren County,36.3981051,-78.0998993,1997,NORTH CAROLINA,TOBACCO,PRODUCTION,LB,6700000
37185,Warren County,36.3981051,-78.0998993,1997,NORTH CAROLINA,WHEAT,PRODUCTION,BU,103896
37185,Warren County,36.3981051,-78.0998993,1997,NORTH CAROLINA,WHEAT,PRODUCTION,BU,139000
37185,Warren County,36.3981051,-78.0998993,1997,NORTH CAROLINA,WHEAT,PRODUCTION,BU,139000
37185,Warren County,36.3981051,-78.0998993,1997,NORTH CAROLINA,WOOL,PRODUCTION,LB,NA
37185,Warren County,36.3981051,-78.0998993,1997,NORTH CAROLINA,WOOL,PRODUCTION,OPERATIONS,2
37185,Warren County,36.3981051,-78.0998993,1998,NORTH CAROLINA,BARLEY,PRODUCTION,BU,13900
37185,Warren County,36.3981051,-78.0998993,1998,NORTH CAROLINA,CORN,PRODUCTION,BU,59200
37185,Warren County,36.3981051,-78.0998993,1998,NORTH CAROLINA,CORN,PRODUCTION,TONS,9500
37185,Warren County,36.3981051,-78.0998993,1998,NORTH CAROLINA,COTTON,PRODUCTION,480 LB BALES,600
37185,Warren County,36.3981051,-78.0998993,1998,NORTH CAROLINA,HAY,PRODUCTION,TONS,14300
37185,Warren County,36.3981051,-78.0998993,1998,NORTH CAROLINA,OATS,PRODUCTION,BU,22000
37185,Warren County,36.3981051,-78.0998993,1998,NORTH CAROLINA,SORGHUM,PRODUCTION,BU,18700
37185,Warren County,36.3981051,-78.0998993,1998,NORTH CAROLINA,SOYBEANS,PRODUCTION,BU,146600
37185,Warren County,36.3981051,-78.0998993,1998,NORTH CAROLINA,TOBACCO,PRODUCTION,LB,7720000
37185,Warren County,36.3981051,-78.0998993,1998,NORTH CAROLINA,WHEAT,PRODUCTION,BU,181500
37185,Warren County,36.3981051,-78.0998993,1998,NORTH CAROLINA,WHEAT,PRODUCTION,BU,181500
37185,Warren County,36.3981051,-78.0998993,1999,NORTH CAROLINA,BARLEY,PRODUCTION,BU,18900
37185,Warren County,36.3981051,-78.0998993,1999,NORTH CAROLINA,CORN,PRODUCTION,BU,32000
37185,Warren County,36.3981051,-78.0998993,1999,NORTH CAROLINA,CORN,PRODUCTION,TONS,9500
37185,Warren County,36.3981051,-78.0998993,1999,NORTH CAROLINA,COTTON,PRODUCTION,480 LB BALES,500
37185,Warren County,36.3981051,-78.0998993,1999,NORTH CAROLINA,HAY,PRODUCTION,TONS,13000
37185,Warren County,36.3981051,-78.0998993,1999,NORTH CAROLINA,OATS,PRODUCTION,BU,22000
37185,Warren County,36.3981051,-78.0998993,1999,NORTH CAROLINA,SORGHUM,PRODUCTION,BU,8000
37185,Warren County,36.3981051,-78.0998993,1999,NORTH CAROLINA,SOYBEANS,PRODUCTION,BU,188000
37185,Warren County,36.3981051,-78.0998993,1999,NORTH CAROLINA,TOBACCO,PRODUCTION,LB,4445000
37185,Warren County,36.3981051,-78.0998993,1999,NORTH CAROLINA,WHEAT,PRODUCTION,BU,132000
37185,Warren County,36.3981051,-78.0998993,1999,NORTH CAROLINA,WHEAT,PRODUCTION,BU,132000
37185,Warren County,36.3981051,-78.0998993,2000,NORTH CAROLINA,BARLEY,PRODUCTION,BU,17400
37185,Warren County,36.3981051,-78.0998993,2000,NORTH CAROLINA,CORN,PRODUCTION,BU,43000
37185,Warren County,36.3981051,-78.0998993,2000,NORTH CAROLINA,CORN,PRODUCTION,TONS,12300
37185,Warren County,36.3981051,-78.0998993,2000,NORTH CAROLINA,COTTON,PRODUCTION,480 LB BALES,650
37185,Warren County,36.3981051,-78.0998993,2000,NORTH CAROLINA,HAY,PRODUCTION,TONS,15400
37185,Warren County,36.3981051,-78.0998993,2000,NORTH CAROLINA,OATS,PRODUCTION,BU,46000
37185,Warren County,36.3981051,-78.0998993,2000,NORTH CAROLINA,SORGHUM,PRODUCTION,BU,10100
37185,Warren County,36.3981051,-78.0998993,2000,NORTH CAROLINA,SOYBEANS,PRODUCTION,BU,230000
37185,Warren County,36.3981051,-78.0998993,2000,NORTH CAROLINA,TOBACCO,PRODUCTION,LB,3968000
37185,Warren County,36.3981051,-78.0998993,2000,NORTH CAROLINA,WHEAT,PRODUCTION,BU,150000
37185,Warren County,36.3981051,-78.0998993,2000,NORTH CAROLINA,WHEAT,PRODUCTION,BU,150000
37137,Pamlico County,35.1475747,-76.6652684,1996,NORTH CAROLINA,CORN,PRODUCTION,BU,1272000
37137,Pamlico County,35.1475747,-76.6652684,1996,NORTH CAROLINA,COTTON,PRODUCTION,480 LB BALES,4800
37137,Pamlico County,35.1475747,-76.6652684,1996,NORTH CAROLINA,HAY,PRODUCTION,TONS,600
37137,Pamlico County,35.1475747,-76.6652684,1996,NORTH CAROLINA,POTATOES,PRODUCTION,CWT,379400
37137,Pamlico County,35.1475747,-76.6652684,1996,NORTH CAROLINA,SOYBEANS,PRODUCTION,BU,627000
37137,Pamlico County,35.1475747,-76.6652684,1996,NORTH CAROLINA,TOBACCO,PRODUCTION,LB,732000
37137,Pamlico County,35.1475747,-76.6652684,1996,NORTH CAROLINA,WHEAT,PRODUCTION,BU,599000
37137,Pamlico County,35.1475747,-76.6652684,1996,NORTH CAROLINA,WHEAT,PRODUCTION,BU,599000
37137,Pamlico County,35.1475747,-76.6652684,1997,NORTH CAROLINA,CORN,PRODUCTION,BU,1330639
37137,Pamlico County,35.1475747,-76.6652684,1997,NORTH CAROLINA,CORN,PRODUCTION,BU,1240000
37137,Pamlico County,35.1475747,-76.6652684,1997,NORTH CAROLINA,COTTON,PRODUCTION,BALES,10356
37137,Pamlico County,35.1475747,-76.6652684,1997,NORTH CAROLINA,COTTON,PRODUCTION,480 LB BALES,7000
37137,Pamlico County,35.1475747,-76.6652684,1997,NORTH CAROLINA,HAY,PRODUCTION,TONS,NA
37137,Pamlico County,35.1475747,-76.6652684,1997,NORTH CAROLINA,HAY,PRODUCTION,TONS,800
37137,Pamlico County,35.1475747,-76.6652684,1997,NORTH CAROLINA,POTATOES,PRODUCTION,CWT,516524
37137,Pamlico County,35.1475747,-76.6652684,1997,NORTH CAROLINA,POTATOES,PRODUCTION,CWT,503500
37137,Pamlico County,35.1475747,-76.6652684,1997,NORTH CAROLINA,SOYBEANS,PRODUCTION,BU,769470
37137,Pamlico County,35.1475747,-76.6652684,1997,NORTH CAROLINA,SOYBEANS,PRODUCTION,BU,750000
37137,Pamlico County,35.1475747,-76.6652684,1997,NORTH CAROLINA,TOBACCO,PRODUCTION,LB,1037278
37137,Pamlico County,35.1475747,-76.6652684,1997,NORTH CAROLINA,TOBACCO,PRODUCTION,LB,1146000
37137,Pamlico County,35.1475747,-76.6652684,1997,NORTH CAROLINA,WHEAT,PRODUCTION,BU,634955
37137,Pamlico County,35.1475747,-76.6652684,1997,NORTH CAROLINA,WHEAT,PRODUCTION,BU,664000
37137,Pamlico County,35.1475747,-76.6652684,1997,NORTH CAROLINA,WHEAT,PRODUCTION,BU,664000
37137,Pamlico County,35.1475747,-76.6652684,1998,NORTH CAROLINA,CORN,PRODUCTION,BU,783000
37137,Pamlico County,35.1475747,-76.6652684,1998,NORTH CAROLINA,COTTON,PRODUCTION,480 LB BALES,5000
37137,Pamlico County,35.1475747,-76.6652684,1998,NORTH CAROLINA,HAY,PRODUCTION,TONS,600
37137,Pamlico County,35.1475747,-76.6652684,1998,NORTH CAROLINA,POTATOES,PRODUCTION,CWT,429100
37137,Pamlico County,35.1475747,-76.6652684,1998,NORTH CAROLINA,SOYBEANS,PRODUCTION,BU,546000
37137,Pamlico County,35.1475747,-76.6652684,1998,NORTH CAROLINA,TOBACCO,PRODUCTION,LB,621000
37137,Pamlico County,35.1475747,-76.6652684,1998,NORTH CAROLINA,WHEAT,PRODUCTION,BU,427000
37137,Pamlico County,35.1475747,-76.6652684,1998,NORTH CAROLINA,WHEAT,PRODUCTION,BU,427000
37137,Pamlico County,35.1475747,-76.6652684,1999,NORTH CAROLINA,CORN,PRODUCTION,BU,848000
37137,Pamlico County,35.1475747,-76.6652684,1999,NORTH CAROLINA,COTTON,PRODUCTION,480 LB BALES,4600
37137,Pamlico County,35.1475747,-76.6652684,1999,NORTH CAROLINA,HAY,PRODUCTION,TONS,600
37137,Pamlico County,35.1475747,-76.6652684,1999,NORTH CAROLINA,POTATOES,PRODUCTION,CWT,469000
37137,Pamlico County,35.1475747,-76.6652684,1999,NORTH CAROLINA,SOYBEANS,PRODUCTION,BU,420000
37137,Pamlico County,35.1475747,-76.6652684,1999,NORTH CAROLINA,TOBACCO,PRODUCTION,LB,714000
37137,Pamlico County,35.1475747,-76.6652684,1999,NORTH CAROLINA,WHEAT,PRODUCTION,BU,436000
37137,Pamlico County,35.1475747,-76.6652684,1999,NORTH CAROLINA,WHEAT,PRODUCTION,BU,436000
37137,Pamlico County,35.1475747,-76.6652684,2000,NORTH CAROLINA,CORN,PRODUCTION,BU,1070000
37137,Pamlico County,35.1475747,-76.6652684,2000,NORTH CAROLINA,COTTON,PRODUCTION,480 LB BALES,7700
37137,Pamlico County,35.1475747,-76.6652684,2000,NORTH CAROLINA,HAY,PRODUCTION,TONS,800
37137,Pamlico County,35.1475747,-76.6652684,2000,NORTH CAROLINA,POTATOES,PRODUCTION,CWT,477700
37137,Pamlico County,35.1475747,-76.6652684,2000,NORTH CAROLINA,SOYBEANS,PRODUCTION,BU,699000
37137,Pamlico County,35.1475747,-76.6652684,2000,NORTH CAROLINA,TOBACCO,PRODUCTION,LB,682000
37137,Pamlico County,35.1475747,-76.6652684,2000,NORTH CAROLINA,WHEAT,PRODUCTION,BU,441000
37137,Pamlico County,35.1475747,-76.6652684,2000,NORTH CAROLINA,WHEAT,PRODUCTION,BU,441000
37033,Caswell County,36.3942984,-79.339609,1996,NORTH CAROLINA,CORN,PRODUCTION,BU,120000
37033,Caswell County,36.3942984,-79.339609,1996,NORTH CAROLINA,CORN,PRODUCTION,TONS,5000
37033,Caswell County,36.3942984,-79.339609,1996,NORTH CAROLINA,HAY,PRODUCTION,TONS,19300
37033,Caswell County,36.3942984,-79.339609,1996,NORTH CAROLINA,OATS,PRODUCTION,BU,8800
37033,Caswell County,36.3942984,-79.339609,1996,NORTH CAROLINA,POTATOES,PRODUCTION,CWT,5400
37033,Caswell County,36.3942984,-79.339609,1996,NORTH CAROLINA,SORGHUM,PRODUCTION,BU,4200
37033,Caswell County,36.3942984,-79.339609,1996,NORTH CAROLINA,SOYBEANS,PRODUCTION,BU,26000
37033,Caswell County,36.3942984,-79.339609,1996,NORTH CAROLINA,SWEET POTATOES,PRODUCTION,CWT,6300
37033,Caswell County,36.3942984,-79.339609,1996,NORTH CAROLINA,TOBACCO,PRODUCTION,LB,10877000
37033,Caswell County,36.3942984,-79.339609,1996,NORTH CAROLINA,WHEAT,PRODUCTION,BU,93000
37033,Caswell County,36.3942984,-79.339609,1996,NORTH CAROLINA,WHEAT,PRODUCTION,BU,93000
37033,Caswell County,36.3942984,-79.339609,1997,NORTH CAROLINA,BARLEY,PRODUCTION,BU,700
37033,Caswell County,36.3942984,-79.339609,1997,NORTH CAROLINA,CORN,PRODUCTION,BU,71028
37033,Caswell County,36.3942984,-79.339609,1997,NORTH CAROLINA,CORN,PRODUCTION,TONS,2048
37033,Caswell County,36.3942984,-79.339609,1997,NORTH CAROLINA,CORN,PRODUCTION,BU,90000
37033,Caswell County,36.3942984,-79.339609,1997,NORTH CAROLINA,CORN,PRODUCTION,TONS,7000
37033,Caswell County,36.3942984,-79.339609,1997,NORTH CAROLINA,HAY,PRODUCTION,TONS,2778
37033,Caswell County,36.3942984,-79.339609,1997,NORTH CAROLINA,HAY,PRODUCTION,TONS,2443
37033,Caswell County,36.3942984,-79.339609,1997,NORTH CAROLINA,HAY,PRODUCTION,TONS,13478
37033,Caswell County,36.3942984,-79.339609,1997,NORTH CAROLINA,HAY,PRODUCTION,TONS,1092
37033,Caswell County,36.3942984,-79.339609,1997,NORTH CAROLINA,HAY,PRODUCTION,TONS,21400
37033,Caswell County,36.3942984,-79.339609,1997,NORTH CAROLINA,HAYLAGE,PRODUCTION,TONS,745
37033,Caswell County,36.3942984,-79.339609,1997,NORTH CAROLINA,OATS,PRODUCTION,BU,15304
37033,Caswell County,36.3942984,-79.339609,1997,NORTH CAROLINA,OATS,PRODUCTION,BU,19000
37033,Caswell County,36.3942984,-79.339609,1997,NORTH CAROLINA,POTATOES,PRODUCTION,CWT,NA
37033,Caswell County,36.3942984,-79.339609,1997,NORTH CAROLINA,SORGHUM,PRODUCTION,BU,4626
37033,Caswell County,36.3942984,-79.339609,1997,NORTH CAROLINA,SORGHUM,PRODUCTION,BU,7500
37033,Caswell County,36.3942984,-79.339609,1997,NORTH CAROLINA,SOYBEANS,PRODUCTION,BU,21288
37033,Caswell County,36.3942984,-79.339609,1997,NORTH CAROLINA,SOYBEANS,PRODUCTION,BU,24000
37033,Caswell County,36.3942984,-79.339609,1997,NORTH CAROLINA,TOBACCO,PRODUCTION,LB,12650982
37033,Caswell County,36.3942984,-79.339609,1997,NORTH CAROLINA,TOBACCO,PRODUCTION,LB,12556000
37033,Caswell County,36.3942984,-79.339609,1997,NORTH CAROLINA,WHEAT,PRODUCTION,BU,94599
37033,Caswell County,36.3942984,-79.339609,1997,NORTH CAROLINA,WHEAT,PRODUCTION,BU,141000
37033,Caswell County,36.3942984,-79.339609,1997,NORTH CAROLINA,WHEAT,PRODUCTION,BU,141000
37033,Caswell County,36.3942984,-79.339609,1997,NORTH CAROLINA,WOOL,PRODUCTION,LB,268
37033,Caswell County,36.3942984,-79.339609,1997,NORTH CAROLINA,WOOL,PRODUCTION,OPERATIONS,3
37033,Caswell County,36.3942984,-79.339609,1998,NORTH CAROLINA,CORN,PRODUCTION,BU,73200
37033,Caswell County,36.3942984,-79.339609,1998,NORTH CAROLINA,CORN,PRODUCTION,TONS,3600
37033,Caswell County,36.3942984,-79.339609,1998,NORTH CAROLINA,HAY,PRODUCTION,TONS,31000
37033,Caswell County,36.3942984,-79.339609,1998,NORTH CAROLINA,OATS,PRODUCTION,BU,16000
37033,Caswell County,36.3942984,-79.339609,1998,NORTH CAROLINA,SORGHUM,PRODUCTION,BU,9300
37033,Caswell County,36.3942984,-79.339609,1998,NORTH CAROLINA,SOYBEANS,PRODUCTION,BU,18000
37033,Caswell County,36.3942984,-79.339609,1998,NORTH CAROLINA,TOBACCO,PRODUCTION,LB,10401000
37033,Caswell County,36.3942984,-79.339609,1998,NORTH CAROLINA,WHEAT,PRODUCTION,BU,108000
37033,Caswell County,36.3942984,-79.339609,1998,NORTH CAROLINA,WHEAT,PRODUCTION,BU,108000
37033,Caswell County,36.3942984,-79.339609,1999,NORTH CAROLINA,CORN,PRODUCTION,BU,78000
37033,Caswell County,36.3942984,-79.339609,1999,NORTH CAROLINA,CORN,PRODUCTION,TONS,4000
37033,Caswell County,36.3942984,-79.339609,1999,NORTH CAROLINA,HAY,PRODUCTION,TONS,27600
37033,Caswell County,36.3942984,-79.339609,1999,NORTH CAROLINA,OATS,PRODUCTION,BU,14000
37033,Caswell County,36.3942984,-79.339609,1999,NORTH CAROLINA,SORGHUM,PRODUCTION,BU,9500
37033,Caswell County,36.3942984,-79.339609,1999,NORTH CAROLINA,SOYBEANS,PRODUCTION,BU,32000
37033,Caswell County,36.3942984,-79.339609,1999,NORTH CAROLINA,TOBACCO,PRODUCTION,LB,8616000
37033,Caswell County,36.3942984,-79.339609,1999,NORTH CAROLINA,WHEAT,PRODUCTION,BU,91000
37033,Caswell County,36.3942984,-79.339609,1999,NORTH CAROLINA,WHEAT,PRODUCTION,BU,91000
37033,Caswell County,36.3942984,-79.339609,2000,NORTH CAROLINA,CORN,PRODUCTION,BU,68000
37033,Caswell County,36.3942984,-79.339609,2000,NORTH CAROLINA,CORN,PRODUCTION,TONS,4200
37033,Caswell County,36.3942984,-79.339609,2000,NORTH CAROLINA,HAY,PRODUCTION,TONS,33800
37033,Caswell County,36.3942984,-79.339609,2000,NORTH CAROLINA,OATS,PRODUCTION,BU,19000
37033,Caswell County,36.3942984,-79.339609,2000,NORTH CAROLINA,SORGHUM,PRODUCTION,BU,11600
37033,Caswell County,36.3942984,-79.339609,2000,NORTH CAROLINA,SOYBEANS,PRODUCTION,BU,44000
37033,Caswell County,36.3942984,-79.339609,2000,NORTH CAROLINA,TOBACCO,PRODUCTION,LB,6535000
37033,Caswell County,36.3942984,-79.339609,2000,NORTH CAROLINA,WHEAT,PRODUCTION,BU,94000
37033,Caswell County,36.3942984,-79.339609,2000,NORTH CAROLINA,WHEAT,PRODUCTION,BU,94000
37107,Lenoir County,35.2400662,-77.6355141,1996,NORTH CAROLINA,CORN,PRODUCTION,BU,2135000
37107,Lenoir County,35.2400662,-77.6355141,1996,NORTH CAROLINA,CORN,PRODUCTION,TONS,3000
37107,Lenoir County,35.2400662,-77.6355141,1996,NORTH CAROLINA,COTTON,PRODUCTION,480 LB BALES,34400
37107,Lenoir County,35.2400662,-77.6355141,1996,NORTH CAROLINA,HAY,PRODUCTION,TONS,5700
37107,Lenoir County,35.2400662,-77.6355141,1996,NORTH CAROLINA,OATS,PRODUCTION,BU,1800
37107,Lenoir County,35.2400662,-77.6355141,1996,NORTH CAROLINA,POTATOES,PRODUCTION,CWT,17600
37107,Lenoir County,35.2400662,-77.6355141,1996,NORTH CAROLINA,SORGHUM,PRODUCTION,BU,5300
37107,Lenoir County,35.2400662,-77.6355141,1996,NORTH CAROLINA,SOYBEANS,PRODUCTION,BU,498000
37107,Lenoir County,35.2400662,-77.6355141,1996,NORTH CAROLINA,SWEET POTATOES,PRODUCTION,CWT,61500
37107,Lenoir County,35.2400662,-77.6355141,1996,NORTH CAROLINA,TOBACCO,PRODUCTION,LB,19773000
37107,Lenoir County,35.2400662,-77.6355141,1996,NORTH CAROLINA,WHEAT,PRODUCTION,BU,604000
37107,Lenoir County,35.2400662,-77.6355141,1996,NORTH CAROLINA,WHEAT,PRODUCTION,BU,604000
37107,Lenoir County,35.2400662,-77.6355141,1997,NORTH CAROLINA,BARLEY,PRODUCTION,BU,13500
37107,Lenoir County,35.2400662,-77.6355141,1997,NORTH CAROLINA,CORN,PRODUCTION,BU,2010111
37107,Lenoir County,35.2400662,-77.6355141,1997,NORTH CAROLINA,CORN,PRODUCTION,TONS,4540
37107,Lenoir County,35.2400662,-77.6355141,1997,NORTH CAROLINA,CORN,PRODUCTION,BU,2080000
37107,Lenoir County,35.2400662,-77.6355141,1997,NORTH CAROLINA,CORN,PRODUCTION,TONS,4400
37107,Lenoir County,35.2400662,-77.6355141,1997,NORTH CAROLINA,COTTON,PRODUCTION,BALES,47550
37107,Lenoir County,35.2400662,-77.6355141,1997,NORTH CAROLINA,COTTON,PRODUCTION,480 LB BALES,39500
37107,Lenoir County,35.2400662,-77.6355141,1997,NORTH CAROLINA,HAY,PRODUCTION,TONS,306
37107,Lenoir County,35.2400662,-77.6355141,1997,NORTH CAROLINA,HAY,PRODUCTION,TONS,2980
37107,Lenoir County,35.2400662,-77.6355141,1997,NORTH CAROLINA,HAY,PRODUCTION,TONS,5900
37107,Lenoir County,35.2400662,-77.6355141,1997,NORTH CAROLINA,HAYLAGE,PRODUCTION,TONS,719
37107,Lenoir County,35.2400662,-77.6355141,1997,NORTH CAROLINA,OATS,PRODUCTION,BU,10470
37107,Lenoir County,35.2400662,-77.6355141,1997,NORTH CAROLINA,OATS,PRODUCTION,BU,9500
37107,Lenoir County,35.2400662,-77.6355141,1997,NORTH CAROLINA,PEANUTS,PRODUCTION,LB,60000
37107,Lenoir County,35.2400662,-77.6355141,1997,NORTH CAROLINA,RYE,PRODUCTION,BU,8730
37107,Lenoir County,35.2400662,-77.6355141,1997,NORTH CAROLINA,SOYBEANS,PRODUCTION,BU,693843
37107,Lenoir County,35.2400662,-77.6355141,1997,NORTH CAROLINA,SOYBEANS,PRODUCTION,BU,750000
37107,Lenoir County,35.2400662,-77.6355141,1997,NORTH CAROLINA,SWEET POTATOES,PRODUCTION,CWT,NA
37107,Lenoir County,35.2400662,-77.6355141,1997,NORTH CAROLINA,SWEET POTATOES,PRODUCTION,CWT,67500
37107,Lenoir County,35.2400662,-77.6355141,1997,NORTH CAROLINA,TOBACCO,PRODUCTION,LB,25609384
37107,Lenoir County,35.2400662,-77.6355141,1997,NORTH CAROLINA,TOBACCO,PRODUCTION,LB,25550000
37107,Lenoir County,35.2400662,-77.6355141,1997,NORTH CAROLINA,WHEAT,PRODUCTION,BU,705889
37107,Lenoir County,35.2400662,-77.6355141,1997,NORTH CAROLINA,WHEAT,PRODUCTION,BU,775000
37107,Lenoir County,35.2400662,-77.6355141,1997,NORTH CAROLINA,WHEAT,PRODUCTION,BU,775000
37107,Lenoir County,35.2400662,-77.6355141,1998,NORTH CAROLINA,BARLEY,PRODUCTION,BU,9400
37107,Lenoir County,35.2400662,-77.6355141,1998,NORTH CAROLINA,CORN,PRODUCTION,BU,1705000
37107,Lenoir County,35.2400662,-77.6355141,1998,NORTH CAROLINA,CORN,PRODUCTION,TONS,2600
37107,Lenoir County,35.2400662,-77.6355141,1998,NORTH CAROLINA,COTTON,PRODUCTION,480 LB BALES,37000
37107,Lenoir County,35.2400662,-77.6355141,1998,NORTH CAROLINA,HAY,PRODUCTION,TONS,5000
37107,Lenoir County,35.2400662,-77.6355141,1998,NORTH CAROLINA,SOYBEANS,PRODUCTION,BU,778000
37107,Lenoir County,35.2400662,-77.6355141,1998,NORTH CAROLINA,SWEET POTATOES,PRODUCTION,CWT,74200
37107,Lenoir County,35.2400662,-77.6355141,1998,NORTH CAROLINA,TOBACCO,PRODUCTION,LB,18552000
37107,Lenoir County,35.2400662,-77.6355141,1998,NORTH CAROLINA,WHEAT,PRODUCTION,BU,674000
37107,Lenoir County,35.2400662,-77.6355141,1998,NORTH CAROLINA,WHEAT,PRODUCTION,BU,674000
37107,Lenoir County,35.2400662,-77.6355141,1999,NORTH CAROLINA,CORN,PRODUCTION,BU,1288000
37107,Lenoir County,35.2400662,-77.6355141,1999,NORTH CAROLINA,CORN,PRODUCTION,TONS,3000
37107,Lenoir County,35.2400662,-77.6355141,1999,NORTH CAROLINA,COTTON,PRODUCTION,480 LB BALES,32700
37107,Lenoir County,35.2400662,-77.6355141,1999,NORTH CAROLINA,HAY,PRODUCTION,TONS,5900
37107,Lenoir County,35.2400662,-77.6355141,1999,NORTH CAROLINA,SOYBEANS,PRODUCTION,BU,581000
37107,Lenoir County,35.2400662,-77.6355141,1999,NORTH CAROLINA,SWEET POTATOES,PRODUCTION,CWT,37200
37107,Lenoir County,35.2400662,-77.6355141,1999,NORTH CAROLINA,TOBACCO,PRODUCTION,LB,13456000
37107,Lenoir County,35.2400662,-77.6355141,1999,NORTH CAROLINA,WHEAT,PRODUCTION,BU,600000
37107,Lenoir County,35.2400662,-77.6355141,1999,NORTH CAROLINA,WHEAT,PRODUCTION,BU,600000
37107,Lenoir County,35.2400662,-77.6355141,2000,NORTH CAROLINA,CORN,PRODUCTION,BU,2296000
37107,Lenoir County,35.2400662,-77.6355141,2000,NORTH CAROLINA,COTTON,PRODUCTION,480 LB BALES,57100
37107,Lenoir County,35.2400662,-77.6355141,2000,NORTH CAROLINA,HAY,PRODUCTION,TONS,8800
37107,Lenoir County,35.2400662,-77.6355141,2000,NORTH CAROLINA,SOYBEANS,PRODUCTION,BU,966000
37107,Lenoir County,35.2400662,-77.6355141,2000,NORTH CAROLINA,SWEET POTATOES,PRODUCTION,CWT,106000
37107,Lenoir County,35.2400662,-77.6355141,2000,NORTH CAROLINA,TOBACCO,PRODUCTION,LB,12955000
37107,Lenoir County,35.2400662,-77.6355141,2000,NORTH CAROLINA,WHEAT,PRODUCTION,BU,468000
37107,Lenoir County,35.2400662,-77.6355141,2000,NORTH CAROLINA,WHEAT,PRODUCTION,BU,468000
37075,Graham County,35.3483644,-83.8309147,1996,NORTH CAROLINA,HAY,PRODUCTION,TONS,1100
37075,Graham County,35.3483644,-83.8309147,1996,NORTH CAROLINA,POTATOES,PRODUCTION,CWT,500
37075,Graham County,35.3483644,-83.8309147,1996,NORTH CAROLINA,TOBACCO,PRODUCTION,LB,182000
37075,Graham County,35.3483644,-83.8309147,1997,NORTH CAROLINA,CORN,PRODUCTION,BU,232
37075,Graham County,35.3483644,-83.8309147,1997,NORTH CAROLINA,CORN,PRODUCTION,TONS,1718
37075,Graham County,35.3483644,-83.8309147,1997,NORTH CAROLINA,HAY,PRODUCTION,TONS,1257
37075,Graham County,35.3483644,-83.8309147,1997,NORTH CAROLINA,HAY,PRODUCTION,TONS,NA
37075,Graham County,35.3483644,-83.8309147,1997,NORTH CAROLINA,HAY,PRODUCTION,TONS,1300
37075,Graham County,35.3483644,-83.8309147,1997,NORTH CAROLINA,TOBACCO,PRODUCTION,LB,110569
37075,Graham County,35.3483644,-83.8309147,1997,NORTH CAROLINA,TOBACCO,PRODUCTION,LB,192000
37075,Graham County,35.3483644,-83.8309147,1998,NORTH CAROLINA,HAY,PRODUCTION,TONS,1400
37075,Graham County,35.3483644,-83.8309147,1998,NORTH CAROLINA,TOBACCO,PRODUCTION,LB,141000
37075,Graham County,35.3483644,-83.8309147,1999,NORTH CAROLINA,HAY,PRODUCTION,TONS,1700
37075,Graham County,35.3483644,-83.8309147,1999,NORTH CAROLINA,TOBACCO,PRODUCTION,LB,141000
37075,Graham County,35.3483644,-83.8309147,2000,NORTH CAROLINA,HAY,PRODUCTION,TONS,1700
37075,Graham County,35.3483644,-83.8309147,2000,NORTH CAROLINA,TOBACCO,PRODUCTION,LB,178000
37073,Gates County,36.4421353,-76.7023552,1996,NORTH CAROLINA,CORN,PRODUCTION,BU,995000
37073,Gates County,36.4421353,-76.7023552,1996,NORTH CAROLINA,COTTON,PRODUCTION,480 LB BALES,29100
37073,Gates County,36.4421353,-76.7023552,1996,NORTH CAROLINA,HAY,PRODUCTION,TONS,1000
37073,Gates County,36.4421353,-76.7023552,1996,NORTH CAROLINA,OATS,PRODUCTION,BU,2400
37073,Gates County,36.4421353,-76.7023552,1996,NORTH CAROLINA,PEANUTS,PRODUCTION,LB,23505000
37073,Gates County,36.4421353,-76.7023552,1996,NORTH CAROLINA,SORGHUM,PRODUCTION,BU,5400
37073,Gates County,36.4421353,-76.7023552,1996,NORTH CAROLINA,SOYBEANS,PRODUCTION,BU,411000
37073,Gates County,36.4421353,-76.7023552,1996,NORTH CAROLINA,TOBACCO,PRODUCTION,LB,268000
37073,Gates County,36.4421353,-76.7023552,1996,NORTH CAROLINA,WHEAT,PRODUCTION,BU,68000
37073,Gates County,36.4421353,-76.7023552,1996,NORTH CAROLINA,WHEAT,PRODUCTION,BU,68000
37073,Gates County,36.4421353,-76.7023552,1997,NORTH CAROLINA,CORN,PRODUCTION,BU,593636
37073,Gates County,36.4421353,-76.7023552,1997,NORTH CAROLINA,CORN,PRODUCTION,BU,755000
37073,Gates County,36.4421353,-76.7023552,1997,NORTH CAROLINA,COTTON,PRODUCTION,BALES,19536
37073,Gates County,36.4421353,-76.7023552,1997,NORTH CAROLINA,COTTON,PRODUCTION,480 LB BALES,19700
37073,Gates County,36.4421353,-76.7023552,1997,NORTH CAROLINA,HAY,PRODUCTION,TONS,NA
37073,Gates County,36.4421353,-76.7023552,1997,NORTH CAROLINA,HAY,PRODUCTION,TONS,1100
37073,Gates County,36.4421353,-76.7023552,1997,NORTH CAROLINA,OATS,PRODUCTION,BU,3790
37073,Gates County,36.4421353,-76.7023552,1997,NORTH CAROLINA,OATS,PRODUCTION,BU,4000
37073,Gates County,36.4421353,-76.7023552,1997,NORTH CAROLINA,PEANUTS,PRODUCTION,LB,20827013
37073,Gates County,36.4421353,-76.7023552,1997,NORTH CAROLINA,PEANUTS,PRODUCTION,LB,20457000
37073,Gates County,36.4421353,-76.7023552,1997,NORTH CAROLINA,SORGHUM,PRODUCTION,BU,4800
37073,Gates County,36.4421353,-76.7023552,1997,NORTH CAROLINA,SOYBEANS,PRODUCTION,BU,279188
37073,Gates County,36.4421353,-76.7023552,1997,NORTH CAROLINA,SOYBEANS,PRODUCTION,BU,354000
37073,Gates County,36.4421353,-76.7023552,1997,NORTH CAROLINA,TOBACCO,PRODUCTION,LB,379000
37073,Gates County,36.4421353,-76.7023552,1997,NORTH CAROLINA,WHEAT,PRODUCTION,BU,150657
37073,Gates County,36.4421353,-76.7023552,1997,NORTH CAROLINA,WHEAT,PRODUCTION,BU,138000
37073,Gates County,36.4421353,-76.7023552,1997,NORTH CAROLINA,WHEAT,PRODUCTION,BU,138000
37073,Gates County,36.4421353,-76.7023552,1997,NORTH CAROLINA,WOOL,PRODUCTION,LB,206
37073,Gates County,36.4421353,-76.7023552,1997,NORTH CAROLINA,WOOL,PRODUCTION,OPERATIONS,4
37073,Gates County,36.4421353,-76.7023552,1998,NORTH CAROLINA,CORN,PRODUCTION,BU,625000
37073,Gates County,36.4421353,-76.7023552,1998,NORTH CAROLINA,COTTON,PRODUCTION,480 LB BALES,26000
37073,Gates County,36.4421353,-76.7023552,1998,NORTH CAROLINA,HAY,PRODUCTION,TONS,1400
37073,Gates County,36.4421353,-76.7023552,1998,NORTH CAROLINA,PEANUTS,PRODUCTION,LB,25780000
37073,Gates County,36.4421353,-76.7023552,1998,NORTH CAROLINA,SOYBEANS,PRODUCTION,BU,374000
37073,Gates County,36.4421353,-76.7023552,1998,NORTH CAROLINA,TOBACCO,PRODUCTION,LB,257000
37073,Gates County,36.4421353,-76.7023552,1998,NORTH CAROLINA,WHEAT,PRODUCTION,BU,97500
37073,Gates County,36.4421353,-76.7023552,1998,NORTH CAROLINA,WHEAT,PRODUCTION,BU,97500
37073,Gates County,36.4421353,-76.7023552,1999,NORTH CAROLINA,CORN,PRODUCTION,BU,370000
37073,Gates County,36.4421353,-76.7023552,1999,NORTH CAROLINA,COTTON,PRODUCTION,480 LB BALES,23500
37073,Gates County,36.4421353,-76.7023552,1999,NORTH CAROLINA,HAY,PRODUCTION,TONS,1500
37073,Gates County,36.4421353,-76.7023552,1999,NORTH CAROLINA,PEANUTS,PRODUCTION,LB,19384000
37073,Gates County,36.4421353,-76.7023552,1999,NORTH CAROLINA,SOYBEANS,PRODUCTION,BU,224000
37073,Gates County,36.4421353,-76.7023552,1999,NORTH CAROLINA,TOBACCO,PRODUCTION,LB,227000
37073,Gates County,36.4421353,-76.7023552,1999,NORTH CAROLINA,WHEAT,PRODUCTION,BU,115000
37073,Gates County,36.4421353,-76.7023552,1999,NORTH CAROLINA,WHEAT,PRODUCTION,BU,115000
37073,Gates County,36.4421353,-76.7023552,2000,NORTH CAROLINA,CORN,PRODUCTION,BU,612000
37073,Gates County,36.4421353,-76.7023552,2000,NORTH CAROLINA,COTTON,PRODUCTION,480 LB BALES,30200
37073,Gates County,36.4421353,-76.7023552,2000,NORTH CAROLINA,HAY,PRODUCTION,TONS,1400
37073,Gates County,36.4421353,-76.7023552,2000,NORTH CAROLINA,PEANUTS,PRODUCTION,LB,20291000
37073,Gates County,36.4421353,-76.7023552,2000,NORTH CAROLINA,SORGHUM,PRODUCTION,BU,18000
37073,Gates County,36.4421353,-76.7023552,2000,NORTH CAROLINA,SOYBEANS,PRODUCTION,BU,303000
37073,Gates County,36.4421353,-76.7023552,2000,NORTH CAROLINA,TOBACCO,PRODUCTION,LB,143000
37073,Gates County,36.4421353,-76.7023552,2000,NORTH CAROLINA,WHEAT,PRODUCTION,BU,65000
37073,Gates County,36.4421353,-76.7023552,2000,NORTH CAROLINA,WHEAT,PRODUCTION,BU,65000
37161,Rutherford County,35.4027469,-81.9195825,1996,NORTH CAROLINA,BARLEY,PRODUCTION,BU,16000
37161,Rutherford County,35.4027469,-81.9195825,1996,NORTH CAROLINA,CORN,PRODUCTION,BU,85000
37161,Rutherford County,35.4027469,-81.9195825,1996,NORTH CAROLINA,CORN,PRODUCTION,TONS,7500
37161,Rutherford County,35.4027469,-81.9195825,1996,NORTH CAROLINA,COTTON,PRODUCTION,480 LB BALES,600
37161,Rutherford County,35.4027469,-81.9195825,1996,NORTH CAROLINA,HAY,PRODUCTION,TONS,20200
37161,Rutherford County,35.4027469,-81.9195825,1996,NORTH CAROLINA,OATS,PRODUCTION,BU,29000
37161,Rutherford County,35.4027469,-81.9195825,1996,NORTH CAROLINA,POTATOES,PRODUCTION,CWT,800
37161,Rutherford County,35.4027469,-81.9195825,1996,NORTH CAROLINA,SORGHUM,PRODUCTION,BU,10200
37161,Rutherford County,35.4027469,-81.9195825,1996,NORTH CAROLINA,SWEET POTATOES,PRODUCTION,CWT,5800
37161,Rutherford County,35.4027469,-81.9195825,1996,NORTH CAROLINA,WHEAT,PRODUCTION,BU,11000
37161,Rutherford County,35.4027469,-81.9195825,1996,NORTH CAROLINA,WHEAT,PRODUCTION,BU,11000
37161,Rutherford County,35.4027469,-81.9195825,1997,NORTH CAROLINA,BARLEY,PRODUCTION,BU,8520
37161,Rutherford County,35.4027469,-81.9195825,1997,NORTH CAROLINA,BARLEY,PRODUCTION,BU,12000
37161,Rutherford County,35.4027469,-81.9195825,1997,NORTH CAROLINA,CORN,PRODUCTION,BU,48667
37161,Rutherford County,35.4027469,-81.9195825,1997,NORTH CAROLINA,CORN,PRODUCTION,TONS,6285
37161,Rutherford County,35.4027469,-81.9195825,1997,NORTH CAROLINA,CORN,PRODUCTION,BU,49000
37161,Rutherford County,35.4027469,-81.9195825,1997,NORTH CAROLINA,CORN,PRODUCTION,TONS,6500
37161,Rutherford County,35.4027469,-81.9195825,1997,NORTH CAROLINA,COTTON,PRODUCTION,BALES,400
37161,Rutherford County,35.4027469,-81.9195825,1997,NORTH CAROLINA,COTTON,PRODUCTION,480 LB BALES,450
37161,Rutherford County,35.4027469,-81.9195825,1997,NORTH CAROLINA,HAY,PRODUCTION,TONS,596
37161,Rutherford County,35.4027469,-81.9195825,1997,NORTH CAROLINA,HAY,PRODUCTION,TONS,423
37161,Rutherford County,35.4027469,-81.9195825,1997,NORTH CAROLINA,HAY,PRODUCTION,TONS,15316
37161,Rutherford County,35.4027469,-81.9195825,1997,NORTH CAROLINA,HAY,PRODUCTION,TONS,1143
37161,Rutherford County,35.4027469,-81.9195825,1997,NORTH CAROLINA,HAY,PRODUCTION,TONS,19100
37161,Rutherford County,35.4027469,-81.9195825,1997,NORTH CAROLINA,HAYLAGE,PRODUCTION,TONS,779
37161,Rutherford County,35.4027469,-81.9195825,1997,NORTH CAROLINA,OATS,PRODUCTION,BU,2505
37161,Rutherford County,35.4027469,-81.9195825,1997,NORTH CAROLINA,OATS,PRODUCTION,BU,7600
37161,Rutherford County,35.4027469,-81.9195825,1997,NORTH CAROLINA,POTATOES,PRODUCTION,CWT,160
37161,Rutherford County,35.4027469,-81.9195825,1997,NORTH CAROLINA,SORGHUM,PRODUCTION,BU,6400
37161,Rutherford County,35.4027469,-81.9195825,1997,NORTH CAROLINA,SOYBEANS,PRODUCTION,BU,20166
37161,Rutherford County,35.4027469,-81.9195825,1997,NORTH CAROLINA,SOYBEANS,PRODUCTION,BU,17000
37161,Rutherford County,35.4027469,-81.9195825,1997,NORTH CAROLINA,SWEET POTATOES,PRODUCTION,CWT,1205
37161,Rutherford County,35.4027469,-81.9195825,1997,NORTH CAROLINA,TOBACCO,PRODUCTION,LB,39408
37161,Rutherford County,35.4027469,-81.9195825,1997,NORTH CAROLINA,WHEAT,PRODUCTION,BU,14099
37161,Rutherford County,35.4027469,-81.9195825,1997,NORTH CAROLINA,WOOL,PRODUCTION,LB,1103
37161,Rutherford County,35.4027469,-81.9195825,1997,NORTH CAROLINA,WOOL,PRODUCTION,OPERATIONS,8
37161,Rutherford County,35.4027469,-81.9195825,1998,NORTH CAROLINA,BARLEY,PRODUCTION,BU,13000
37161,Rutherford County,35.4027469,-81.9195825,1998,NORTH CAROLINA,CORN,PRODUCTION,BU,35800
37161,Rutherford County,35.4027469,-81.9195825,1998,NORTH CAROLINA,CORN,PRODUCTION,TONS,4600
37161,Rutherford County,35.4027469,-81.9195825,1998,NORTH CAROLINA,COTTON,PRODUCTION,480 LB BALES,400
37161,Rutherford County,35.4027469,-81.9195825,1998,NORTH CAROLINA,HAY,PRODUCTION,TONS,23400
37161,Rutherford County,35.4027469,-81.9195825,1998,NORTH CAROLINA,SOYBEANS,PRODUCTION,BU,6600
37161,Rutherford County,35.4027469,-81.9195825,1998,NORTH CAROLINA,WHEAT,PRODUCTION,BU,12400
37161,Rutherford County,35.4027469,-81.9195825,1998,NORTH CAROLINA,WHEAT,PRODUCTION,BU,12400
37161,Rutherford County,35.4027469,-81.9195825,1999,NORTH CAROLINA,CORN,PRODUCTION,TONS,3000
37161,Rutherford County,35.4027469,-81.9195825,1999,NORTH CAROLINA,COTTON,PRODUCTION,480 LB BALES,500
37161,Rutherford County,35.4027469,-81.9195825,1999,NORTH CAROLINA,HAY,PRODUCTION,TONS,26400
37161,Rutherford County,35.4027469,-81.9195825,1999,NORTH CAROLINA,SOYBEANS,PRODUCTION,BU,12200
37161,Rutherford County,35.4027469,-81.9195825,1999,NORTH CAROLINA,WHEAT,PRODUCTION,BU,26000
37161,Rutherford County,35.4027469,-81.9195825,1999,NORTH CAROLINA,WHEAT,PRODUCTION,BU,26000
37161,Rutherford County,35.4027469,-81.9195825,2000,NORTH CAROLINA,CORN,PRODUCTION,BU,19000
37161,Rutherford County,35.4027469,-81.9195825,2000,NORTH CAROLINA,COTTON,PRODUCTION,480 LB BALES,550
37161,Rutherford County,35.4027469,-81.9195825,2000,NORTH CAROLINA,HAY,PRODUCTION,TONS,35300
37161,Rutherford County,35.4027469,-81.9195825,2000,NORTH CAROLINA,SOYBEANS,PRODUCTION,BU,13000
37161,Rutherford County,35.4027469,-81.9195825,2000,NORTH CAROLINA,WHEAT,PRODUCTION,BU,28700
37161,Rutherford County,35.4027469,-81.9195825,2000,NORTH CAROLINA,WHEAT,PRODUCTION,BU,28700
37187,Washington County,35.844713,-76.5722906,1996,NORTH CAROLINA,CORN,PRODUCTION,BU,3007000
37187,Washington County,35.844713,-76.5722906,1996,NORTH CAROLINA,COTTON,PRODUCTION,480 LB BALES,7500
37187,Washington County,35.844713,-76.5722906,1996,NORTH CAROLINA,HAY,PRODUCTION,TONS,1300
37187,Washington County,35.844713,-76.5722906,1996,NORTH CAROLINA,OATS,PRODUCTION,BU,1200
37187,Washington County,35.844713,-76.5722906,1996,NORTH CAROLINA,PEANUTS,PRODUCTION,LB,6569000
37187,Washington County,35.844713,-76.5722906,1996,NORTH CAROLINA,POTATOES,PRODUCTION,CWT,437000
37187,Washington County,35.844713,-76.5722906,1996,NORTH CAROLINA,SORGHUM,PRODUCTION,BU,2800
37187,Washington County,35.844713,-76.5722906,1996,NORTH CAROLINA,SOYBEANS,PRODUCTION,BU,979000
37187,Washington County,35.844713,-76.5722906,1996,NORTH CAROLINA,TOBACCO,PRODUCTION,LB,1040000
37187,Washington County,35.844713,-76.5722906,1996,NORTH CAROLINA,WHEAT,PRODUCTION,BU,1198000
37187,Washington County,35.844713,-76.5722906,1996,NORTH CAROLINA,WHEAT,PRODUCTION,BU,1198000
37187,Washington County,35.844713,-76.5722906,1997,NORTH CAROLINA,CORN,PRODUCTION,BU,3516323
37187,Washington County,35.844713,-76.5722906,1997,NORTH CAROLINA,CORN,PRODUCTION,BU,3300000
37187,Washington County,35.844713,-76.5722906,1997,NORTH CAROLINA,COTTON,PRODUCTION,BALES,10023
37187,Washington County,35.844713,-76.5722906,1997,NORTH CAROLINA,COTTON,PRODUCTION,480 LB BALES,9200
37187,Washington County,35.844713,-76.5722906,1997,NORTH CAROLINA,HAY,PRODUCTION,TONS,NA
37187,Washington County,35.844713,-76.5722906,1997,NORTH CAROLINA,HAY,PRODUCTION,TONS,2100
37187,Washington County,35.844713,-76.5722906,1997,NORTH CAROLINA,PEANUTS,PRODUCTION,LB,8362544
37187,Washington County,35.844713,-76.5722906,1997,NORTH CAROLINA,PEANUTS,PRODUCTION,LB,8025000
37187,Washington County,35.844713,-76.5722906,1997,NORTH CAROLINA,POTATOES,PRODUCTION,CWT,581100
37187,Washington County,35.844713,-76.5722906,1997,NORTH CAROLINA,POTATOES,PRODUCTION,CWT,542000
37187,Washington County,35.844713,-76.5722906,1997,NORTH CAROLINA,SORGHUM,PRODUCTION,BU,18600
37187,Washington County,35.844713,-76.5722906,1997,NORTH CAROLINA,SOYBEANS,PRODUCTION,BU,1404132
37187,Washington County,35.844713,-76.5722906,1997,NORTH CAROLINA,SOYBEANS,PRODUCTION,BU,1496000
37187,Washington County,35.844713,-76.5722906,1997,NORTH CAROLINA,TOBACCO,PRODUCTION,LB,1090359
37187,Washington County,35.844713,-76.5722906,1997,NORTH CAROLINA,TOBACCO,PRODUCTION,LB,1193000
37187,Washington County,35.844713,-76.5722906,1997,NORTH CAROLINA,WHEAT,PRODUCTION,BU,1439604
37187,Washington County,35.844713,-76.5722906,1997,NORTH CAROLINA,WHEAT,PRODUCTION,BU,1655000
37187,Washington County,35.844713,-76.5722906,1997,NORTH CAROLINA,WHEAT,PRODUCTION,BU,1655000
37187,Washington County,35.844713,-76.5722906,1997,NORTH CAROLINA,WOOL,PRODUCTION,LB,84
37187,Washington County,35.844713,-76.5722906,1997,NORTH CAROLINA,WOOL,PRODUCTION,OPERATIONS,3
37187,Washington County,35.844713,-76.5722906,1998,NORTH CAROLINA,CORN,PRODUCTION,BU,2875000
37187,Washington County,35.844713,-76.5722906,1998,NORTH CAROLINA,CORN,PRODUCTION,TONS,1700
37187,Washington County,35.844713,-76.5722906,1998,NORTH CAROLINA,COTTON,PRODUCTION,480 LB BALES,11000
37187,Washington County,35.844713,-76.5722906,1998,NORTH CAROLINA,HAY,PRODUCTION,TONS,2200
37187,Washington County,35.844713,-76.5722906,1998,NORTH CAROLINA,PEANUTS,PRODUCTION,LB,7133000
37187,Washington County,35.844713,-76.5722906,1998,NORTH CAROLINA,POTATOES,PRODUCTION,CWT,556300
37187,Washington County,35.844713,-76.5722906,1998,NORTH CAROLINA,SOYBEANS,PRODUCTION,BU,1425000
37187,Washington County,35.844713,-76.5722906,1998,NORTH CAROLINA,TOBACCO,PRODUCTION,LB,1047000
37187,Washington County,35.844713,-76.5722906,1998,NORTH CAROLINA,WHEAT,PRODUCTION,BU,1100000
37187,Washington County,35.844713,-76.5722906,1998,NORTH CAROLINA,WHEAT,PRODUCTION,BU,1100000
37187,Washington County,35.844713,-76.5722906,1999,NORTH CAROLINA,CORN,PRODUCTION,BU,2319000
37187,Washington County,35.844713,-76.5722906,1999,NORTH CAROLINA,COTTON,PRODUCTION,480 LB BALES,8800
37187,Washington County,35.844713,-76.5722906,1999,NORTH CAROLINA,HAY,PRODUCTION,TONS,2500
37187,Washington County,35.844713,-76.5722906,1999,NORTH CAROLINA,PEANUTS,PRODUCTION,LB,6558000
37187,Washington County,35.844713,-76.5722906,1999,NORTH CAROLINA,POTATOES,PRODUCTION,CWT,463200
37187,Washington County,35.844713,-76.5722906,1999,NORTH CAROLINA,SORGHUM,PRODUCTION,BU,4000
37187,Washington County,35.844713,-76.5722906,1999,NORTH CAROLINA,SOYBEANS,PRODUCTION,BU,919000
37187,Washington County,35.844713,-76.5722906,1999,NORTH CAROLINA,TOBACCO,PRODUCTION,LB,743000
37187,Washington County,35.844713,-76.5722906,1999,NORTH CAROLINA,WHEAT,PRODUCTION,BU,1061000
37187,Washington County,35.844713,-76.5722906,1999,NORTH CAROLINA,WHEAT,PRODUCTION,BU,1061000
37187,Washington County,35.844713,-76.5722906,2000,NORTH CAROLINA,CORN,PRODUCTION,BU,3271000
37187,Washington County,35.844713,-76.5722906,2000,NORTH CAROLINA,COTTON,PRODUCTION,480 LB BALES,17400
37187,Washington County,35.844713,-76.5722906,2000,NORTH CAROLINA,HAY,PRODUCTION,TONS,2800
37187,Washington County,35.844713,-76.5722906,2000,NORTH CAROLINA,PEANUTS,PRODUCTION,LB,7143000
37187,Washington County,35.844713,-76.5722906,2000,NORTH CAROLINA,POTATOES,PRODUCTION,CWT,444900
37187,Washington County,35.844713,-76.5722906,2000,NORTH CAROLINA,SOYBEANS,PRODUCTION,BU,1182000
37187,Washington County,35.844713,-76.5722906,2000,NORTH CAROLINA,TOBACCO,PRODUCTION,LB,583000
37187,Washington County,35.844713,-76.5722906,2000,NORTH CAROLINA,WHEAT,PRODUCTION,BU,1084000
37187,Washington County,35.844713,-76.5722906,2000,NORTH CAROLINA,WHEAT,PRODUCTION,BU,1084000
37007,Anson County,34.9749722,-80.1097633,1996,NORTH CAROLINA,CORN,PRODUCTION,BU,602000
37007,Anson County,34.9749722,-80.1097633,1996,NORTH CAROLINA,CORN,PRODUCTION,TONS,3000
37007,Anson County,34.9749722,-80.1097633,1996,NORTH CAROLINA,COTTON,PRODUCTION,480 LB BALES,4000
37007,Anson County,34.9749722,-80.1097633,1996,NORTH CAROLINA,HAY,PRODUCTION,TONS,11000
37007,Anson County,34.9749722,-80.1097633,1996,NORTH CAROLINA,OATS,PRODUCTION,BU,10000
37007,Anson County,34.9749722,-80.1097633,1996,NORTH CAROLINA,POTATOES,PRODUCTION,CWT,900
37007,Anson County,34.9749722,-80.1097633,1996,NORTH CAROLINA,SORGHUM,PRODUCTION,BU,13600
37007,Anson County,34.9749722,-80.1097633,1996,NORTH CAROLINA,SOYBEANS,PRODUCTION,BU,282000
37007,Anson County,34.9749722,-80.1097633,1996,NORTH CAROLINA,TOBACCO,PRODUCTION,LB,499000
37007,Anson County,34.9749722,-80.1097633,1996,NORTH CAROLINA,WHEAT,PRODUCTION,BU,171000
37007,Anson County,34.9749722,-80.1097633,1996,NORTH CAROLINA,WHEAT,PRODUCTION,BU,171000
37007,Anson County,34.9749722,-80.1097633,1997,NORTH CAROLINA,BARLEY,PRODUCTION,BU,1544
37007,Anson County,34.9749722,-80.1097633,1997,NORTH CAROLINA,BARLEY,PRODUCTION,BU,1700
37007,Anson County,34.9749722,-80.1097633,1997,NORTH CAROLINA,CORN,PRODUCTION,BU,516212
37007,Anson County,34.9749722,-80.1097633,1997,NORTH CAROLINA,CORN,PRODUCTION,TONS,NA
37007,Anson County,34.9749722,-80.1097633,1997,NORTH CAROLINA,CORN,PRODUCTION,BU,530000
37007,Anson County,34.9749722,-80.1097633,1997,NORTH CAROLINA,CORN,PRODUCTION,TONS,2500
37007,Anson County,34.9749722,-80.1097633,1997,NORTH CAROLINA,COTTON,PRODUCTION,BALES,607
37007,Anson County,34.9749722,-80.1097633,1997,NORTH CAROLINA,COTTON,PRODUCTION,480 LB BALES,3500
37007,Anson County,34.9749722,-80.1097633,1997,NORTH CAROLINA,HAY,PRODUCTION,TONS,214
37007,Anson County,34.9749722,-80.1097633,1997,NORTH CAROLINA,HAY,PRODUCTION,TONS,989
37007,Anson County,34.9749722,-80.1097633,1997,NORTH CAROLINA,HAY,PRODUCTION,TONS,9697
37007,Anson County,34.9749722,-80.1097633,1997,NORTH CAROLINA,HAY,PRODUCTION,TONS,149
37007,Anson County,34.9749722,-80.1097633,1997,NORTH CAROLINA,HAY,PRODUCTION,TONS,12400
37007,Anson County,34.9749722,-80.1097633,1997,NORTH CAROLINA,HAYLAGE,PRODUCTION,TONS,533
37007,Anson County,34.9749722,-80.1097633,1997,NORTH CAROLINA,OATS,PRODUCTION,BU,11580
37007,Anson County,34.9749722,-80.1097633,1997,NORTH CAROLINA,OATS,PRODUCTION,BU,16000
37007,Anson County,34.9749722,-80.1097633,1997,NORTH CAROLINA,RYE,PRODUCTION,BU,385
37007,Anson County,34.9749722,-80.1097633,1997,NORTH CAROLINA,SORGHUM,PRODUCTION,BU,7200
37007,Anson County,34.9749722,-80.1097633,1997,NORTH CAROLINA,SOYBEANS,PRODUCTION,BU,182238
37007,Anson County,34.9749722,-80.1097633,1997,NORTH CAROLINA,SOYBEANS,PRODUCTION,BU,187000
37007,Anson County,34.9749722,-80.1097633,1997,NORTH CAROLINA,TOBACCO,PRODUCTION,LB,174222
37007,Anson County,34.9749722,-80.1097633,1997,NORTH CAROLINA,TOBACCO,PRODUCTION,LB,420000
37007,Anson County,34.9749722,-80.1097633,1997,NORTH CAROLINA,WHEAT,PRODUCTION,BU,181423
37007,Anson County,34.9749722,-80.1097633,1997,NORTH CAROLINA,WHEAT,PRODUCTION,BU,219000
37007,Anson County,34.9749722,-80.1097633,1997,NORTH CAROLINA,WHEAT,PRODUCTION,BU,219000
37007,Anson County,34.9749722,-80.1097633,1998,NORTH CAROLINA,CORN,PRODUCTION,BU,360000
37007,Anson County,34.9749722,-80.1097633,1998,NORTH CAROLINA,COTTON,PRODUCTION,480 LB BALES,5000
37007,Anson County,34.9749722,-80.1097633,1998,NORTH CAROLINA,HAY,PRODUCTION,TONS,12200
37007,Anson County,34.9749722,-80.1097633,1998,NORTH CAROLINA,OATS,PRODUCTION,BU,14000
37007,Anson County,34.9749722,-80.1097633,1998,NORTH CAROLINA,SOYBEANS,PRODUCTION,BU,302000
37007,Anson County,34.9749722,-80.1097633,1998,NORTH CAROLINA,TOBACCO,PRODUCTION,LB,124000
37007,Anson County,34.9749722,-80.1097633,1998,NORTH CAROLINA,WHEAT,PRODUCTION,BU,114000
37007,Anson County,34.9749722,-80.1097633,1998,NORTH CAROLINA,WHEAT,PRODUCTION,BU,114000
37007,Anson County,34.9749722,-80.1097633,1999,NORTH CAROLINA,CORN,PRODUCTION,BU,462000
37007,Anson County,34.9749722,-80.1097633,1999,NORTH CAROLINA,COTTON,PRODUCTION,480 LB BALES,7700
37007,Anson County,34.9749722,-80.1097633,1999,NORTH CAROLINA,HAY,PRODUCTION,TONS,11300
37007,Anson County,34.9749722,-80.1097633,1999,NORTH CAROLINA,OATS,PRODUCTION,BU,19000
37007,Anson County,34.9749722,-80.1097633,1999,NORTH CAROLINA,SOYBEANS,PRODUCTION,BU,250000
37007,Anson County,34.9749722,-80.1097633,1999,NORTH CAROLINA,TOBACCO,PRODUCTION,LB,177000
37007,Anson County,34.9749722,-80.1097633,1999,NORTH CAROLINA,WHEAT,PRODUCTION,BU,149000
37007,Anson County,34.9749722,-80.1097633,1999,NORTH CAROLINA,WHEAT,PRODUCTION,BU,149000
37007,Anson County,34.9749722,-80.1097633,2000,NORTH CAROLINA,CORN,PRODUCTION,BU,583000
37007,Anson County,34.9749722,-80.1097633,2000,NORTH CAROLINA,COTTON,PRODUCTION,480 LB BALES,7800
37007,Anson County,34.9749722,-80.1097633,2000,NORTH CAROLINA,HAY,PRODUCTION,TONS,13700
37007,Anson County,34.9749722,-80.1097633,2000,NORTH CAROLINA,OATS,PRODUCTION,BU,36000
37007,Anson County,34.9749722,-80.1097633,2000,NORTH CAROLINA,SOYBEANS,PRODUCTION,BU,300000
37007,Anson County,34.9749722,-80.1097633,2000,NORTH CAROLINA,TOBACCO,PRODUCTION,LB,167000
37007,Anson County,34.9749722,-80.1097633,2000,NORTH CAROLINA,WHEAT,PRODUCTION,BU,158000
37007,Anson County,34.9749722,-80.1097633,2000,NORTH CAROLINA,WHEAT,PRODUCTION,BU,158000
37135,Orange County,36.0625255,-79.120033,1996,NORTH CAROLINA,BARLEY,PRODUCTION,BU,24000
37135,Orange County,36.0625255,-79.120033,1996,NORTH CAROLINA,CORN,PRODUCTION,BU,158000
37135,Orange County,36.0625255,-79.120033,1996,NORTH CAROLINA,CORN,PRODUCTION,TONS,32900
37135,Orange County,36.0625255,-79.120033,1996,NORTH CAROLINA,HAY,PRODUCTION,TONS,21400
37135,Orange County,36.0625255,-79.120033,1996,NORTH CAROLINA,OATS,PRODUCTION,BU,11000
37135,Orange County,36.0625255,-79.120033,1996,NORTH CAROLINA,SOYBEANS,PRODUCTION,BU,88000
37135,Orange County,36.0625255,-79.120033,1996,NORTH CAROLINA,TOBACCO,PRODUCTION,LB,4270000
37135,Orange County,36.0625255,-79.120033,1996,NORTH CAROLINA,WHEAT,PRODUCTION,BU,63000
37135,Orange County,36.0625255,-79.120033,1996,NORTH CAROLINA,WHEAT,PRODUCTION,BU,63000
37135,Orange County,36.0625255,-79.120033,1997,NORTH CAROLINA,BARLEY,PRODUCTION,BU,19755
37135,Orange County,36.0625255,-79.120033,1997,NORTH CAROLINA,BARLEY,PRODUCTION,BU,24900
37135,Orange County,36.0625255,-79.120033,1997,NORTH CAROLINA,CORN,PRODUCTION,BU,118711
37135,Orange County,36.0625255,-79.120033,1997,NORTH CAROLINA,CORN,PRODUCTION,TONS,25808
37135,Orange County,36.0625255,-79.120033,1997,NORTH CAROLINA,CORN,PRODUCTION,BU,140000
37135,Orange County,36.0625255,-79.120033,1997,NORTH CAROLINA,CORN,PRODUCTION,TONS,31000
37135,Orange County,36.0625255,-79.120033,1997,NORTH CAROLINA,HAY,PRODUCTION,TONS,316
37135,Orange County,36.0625255,-79.120033,1997,NORTH CAROLINA,HAY,PRODUCTION,TONS,3864
37135,Orange County,36.0625255,-79.120033,1997,NORTH CAROLINA,HAY,PRODUCTION,TONS,16109
37135,Orange County,36.0625255,-79.120033,1997,NORTH CAROLINA,HAY,PRODUCTION,TONS,500
37135,Orange County,36.0625255,-79.120033,1997,NORTH CAROLINA,HAY,PRODUCTION,TONS,24200
37135,Orange County,36.0625255,-79.120033,1997,NORTH CAROLINA,HAYLAGE,PRODUCTION,TONS,1472
37135,Orange County,36.0625255,-79.120033,1997,NORTH CAROLINA,OATS,PRODUCTION,BU,15466
37135,Orange County,36.0625255,-79.120033,1997,NORTH CAROLINA,OATS,PRODUCTION,BU,17000
37135,Orange County,36.0625255,-79.120033,1997,NORTH CAROLINA,SORGHUM,PRODUCTION,BU,1208
37135,Orange County,36.0625255,-79.120033,1997,NORTH CAROLINA,SOYBEANS,PRODUCTION,BU,59176
37135,Orange County,36.0625255,-79.120033,1997,NORTH CAROLINA,SOYBEANS,PRODUCTION,BU,66000
37135,Orange County,36.0625255,-79.120033,1997,NORTH CAROLINA,TOBACCO,PRODUCTION,LB,3778885
37135,Orange County,36.0625255,-79.120033,1997,NORTH CAROLINA,TOBACCO,PRODUCTION,LB,4100000
37135,Orange County,36.0625255,-79.120033,1997,NORTH CAROLINA,WHEAT,PRODUCTION,BU,91084
37135,Orange County,36.0625255,-79.120033,1997,NORTH CAROLINA,WHEAT,PRODUCTION,BU,120000
37135,Orange County,36.0625255,-79.120033,1997,NORTH CAROLINA,WHEAT,PRODUCTION,BU,120000
37135,Orange County,36.0625255,-79.120033,1997,NORTH CAROLINA,WOOL,PRODUCTION,LB,4009
37135,Orange County,36.0625255,-79.120033,1997,NORTH CAROLINA,WOOL,PRODUCTION,OPERATIONS,18
37135,Orange County,36.0625255,-79.120033,1998,NORTH CAROLINA,BARLEY,PRODUCTION,BU,20700
37135,Orange County,36.0625255,-79.120033,1998,NORTH CAROLINA,CORN,PRODUCTION,BU,71000
37135,Orange County,36.0625255,-79.120033,1998,NORTH CAROLINA,CORN,PRODUCTION,TONS,24500
37135,Orange County,36.0625255,-79.120033,1998,NORTH CAROLINA,HAY,PRODUCTION,TONS,19800
37135,Orange County,36.0625255,-79.120033,1998,NORTH CAROLINA,OATS,PRODUCTION,BU,11000
37135,Orange County,36.0625255,-79.120033,1998,NORTH CAROLINA,SOYBEANS,PRODUCTION,BU,44000
37135,Orange County,36.0625255,-79.120033,1998,NORTH CAROLINA,TOBACCO,PRODUCTION,LB,4233000
37135,Orange County,36.0625255,-79.120033,1998,NORTH CAROLINA,WHEAT,PRODUCTION,BU,63500
37135,Orange County,36.0625255,-79.120033,1998,NORTH CAROLINA,WHEAT,PRODUCTION,BU,63500
37135,Orange County,36.0625255,-79.120033,1999,NORTH CAROLINA,BARLEY,PRODUCTION,BU,29300
37135,Orange County,36.0625255,-79.120033,1999,NORTH CAROLINA,CORN,PRODUCTION,BU,83000
37135,Orange County,36.0625255,-79.120033,1999,NORTH CAROLINA,CORN,PRODUCTION,TONS,31500
37135,Orange County,36.0625255,-79.120033,1999,NORTH CAROLINA,HAY,PRODUCTION,TONS,26500
37135,Orange County,36.0625255,-79.120033,1999,NORTH CAROLINA,SOYBEANS,PRODUCTION,BU,52000
37135,Orange County,36.0625255,-79.120033,1999,NORTH CAROLINA,TOBACCO,PRODUCTION,LB,2998000
37135,Orange County,36.0625255,-79.120033,1999,NORTH CAROLINA,WHEAT,PRODUCTION,BU,131000
37135,Orange County,36.0625255,-79.120033,1999,NORTH CAROLINA,WHEAT,PRODUCTION,BU,131000
37135,Orange County,36.0625255,-79.120033,2000,NORTH CAROLINA,BARLEY,PRODUCTION,BU,31700
37135,Orange County,36.0625255,-79.120033,2000,NORTH CAROLINA,CORN,PRODUCTION,BU,98000
37135,Orange County,36.0625255,-79.120033,2000,NORTH CAROLINA,CORN,PRODUCTION,TONS,49400
37135,Orange County,36.0625255,-79.120033,2000,NORTH CAROLINA,HAY,PRODUCTION,TONS,36700
37135,Orange County,36.0625255,-79.120033,2000,NORTH CAROLINA,OATS,PRODUCTION,BU,15000
37135,Orange County,36.0625255,-79.120033,2000,NORTH CAROLINA,SOYBEANS,PRODUCTION,BU,79000
37135,Orange County,36.0625255,-79.120033,2000,NORTH CAROLINA,TOBACCO,PRODUCTION,LB,2665000
37135,Orange County,36.0625255,-79.120033,2000,NORTH CAROLINA,WHEAT,PRODUCTION,BU,74000
37135,Orange County,36.0625255,-79.120033,2000,NORTH CAROLINA,WHEAT,PRODUCTION,BU,74000
37049,Craven County,35.1168292,-77.0813197,1996,NORTH CAROLINA,CORN,PRODUCTION,BU,1147000
37049,Craven County,35.1168292,-77.0813197,1996,NORTH CAROLINA,COTTON,PRODUCTION,480 LB BALES,26900
37049,Craven County,35.1168292,-77.0813197,1996,NORTH CAROLINA,HAY,PRODUCTION,TONS,3400
37049,Craven County,35.1168292,-77.0813197,1996,NORTH CAROLINA,OATS,PRODUCTION,BU,1200
37049,Craven County,35.1168292,-77.0813197,1996,NORTH CAROLINA,POTATOES,PRODUCTION,CWT,800
37049,Craven County,35.1168292,-77.0813197,1996,NORTH CAROLINA,SORGHUM,PRODUCTION,BU,600
37049,Craven County,35.1168292,-77.0813197,1996,NORTH CAROLINA,SOYBEANS,PRODUCTION,BU,384000
37049,Craven County,35.1168292,-77.0813197,1996,NORTH CAROLINA,TOBACCO,PRODUCTION,LB,8402000
37049,Craven County,35.1168292,-77.0813197,1996,NORTH CAROLINA,WHEAT,PRODUCTION,BU,239000
37049,Craven County,35.1168292,-77.0813197,1996,NORTH CAROLINA,WHEAT,PRODUCTION,BU,239000
37049,Craven County,35.1168292,-77.0813197,1997,NORTH CAROLINA,CORN,PRODUCTION,BU,1132312
37049,Craven County,35.1168292,-77.0813197,1997,NORTH CAROLINA,CORN,PRODUCTION,BU,1240000
37049,Craven County,35.1168292,-77.0813197,1997,NORTH CAROLINA,COTTON,PRODUCTION,BALES,26672
37049,Craven County,35.1168292,-77.0813197,1997,NORTH CAROLINA,COTTON,PRODUCTION,480 LB BALES,25200
37049,Craven County,35.1168292,-77.0813197,1997,NORTH CAROLINA,HAY,PRODUCTION,TONS,NA
37049,Craven County,35.1168292,-77.0813197,1997,NORTH CAROLINA,HAY,PRODUCTION,TONS,1673
37049,Craven County,35.1168292,-77.0813197,1997,NORTH CAROLINA,HAY,PRODUCTION,TONS,3400
37049,Craven County,35.1168292,-77.0813197,1997,NORTH CAROLINA,PEANUTS,PRODUCTION,LB,120317
37049,Craven County,35.1168292,-77.0813197,1997,NORTH CAROLINA,PEANUTS,PRODUCTION,LB,140000
37049,Craven County,35.1168292,-77.0813197,1997,NORTH CAROLINA,SOYBEANS,PRODUCTION,BU,420442
37049,Craven County,35.1168292,-77.0813197,1997,NORTH CAROLINA,SOYBEANS,PRODUCTION,BU,470000
37049,Craven County,35.1168292,-77.0813197,1997,NORTH CAROLINA,SWEET POTATOES,PRODUCTION,CWT,NA
37049,Craven County,35.1168292,-77.0813197,1997,NORTH CAROLINA,TOBACCO,PRODUCTION,LB,12173232
37049,Craven County,35.1168292,-77.0813197,1997,NORTH CAROLINA,TOBACCO,PRODUCTION,LB,12452000
37049,Craven County,35.1168292,-77.0813197,1997,NORTH CAROLINA,WHEAT,PRODUCTION,BU,278111
37049,Craven County,35.1168292,-77.0813197,1997,NORTH CAROLINA,WHEAT,PRODUCTION,BU,368000
37049,Craven County,35.1168292,-77.0813197,1997,NORTH CAROLINA,WHEAT,PRODUCTION,BU,368000
37049,Craven County,35.1168292,-77.0813197,1998,NORTH CAROLINA,CORN,PRODUCTION,BU,970000
37049,Craven County,35.1168292,-77.0813197,1998,NORTH CAROLINA,COTTON,PRODUCTION,480 LB BALES,24000
37049,Craven County,35.1168292,-77.0813197,1998,NORTH CAROLINA,HAY,PRODUCTION,TONS,2600
37049,Craven County,35.1168292,-77.0813197,1998,NORTH CAROLINA,PEANUTS,PRODUCTION,LB,114000
37049,Craven County,35.1168292,-77.0813197,1998,NORTH CAROLINA,SOYBEANS,PRODUCTION,BU,616000
37049,Craven County,35.1168292,-77.0813197,1998,NORTH CAROLINA,TOBACCO,PRODUCTION,LB,9257000
37049,Craven County,35.1168292,-77.0813197,1998,NORTH CAROLINA,WHEAT,PRODUCTION,BU,221000
37049,Craven County,35.1168292,-77.0813197,1998,NORTH CAROLINA,WHEAT,PRODUCTION,BU,221000
37049,Craven County,35.1168292,-77.0813197,1999,NORTH CAROLINA,CORN,PRODUCTION,BU,858000
37049,Craven County,35.1168292,-77.0813197,1999,NORTH CAROLINA,COTTON,PRODUCTION,480 LB BALES,16500
37049,Craven County,35.1168292,-77.0813197,1999,NORTH CAROLINA,HAY,PRODUCTION,TONS,2300
37049,Craven County,35.1168292,-77.0813197,1999,NORTH CAROLINA,PEANUTS,PRODUCTION,LB,84000
37049,Craven County,35.1168292,-77.0813197,1999,NORTH CAROLINA,SOYBEANS,PRODUCTION,BU,389000
37049,Craven County,35.1168292,-77.0813197,1999,NORTH CAROLINA,TOBACCO,PRODUCTION,LB,6086000
37049,Craven County,35.1168292,-77.0813197,1999,NORTH CAROLINA,WHEAT,PRODUCTION,BU,230000
37049,Craven County,35.1168292,-77.0813197,1999,NORTH CAROLINA,WHEAT,PRODUCTION,BU,230000
37049,Craven County,35.1168292,-77.0813197,2000,NORTH CAROLINA,CORN,PRODUCTION,BU,1277000
37049,Craven County,35.1168292,-77.0813197,2000,NORTH CAROLINA,COTTON,PRODUCTION,480 LB BALES,33200
37049,Craven County,35.1168292,-77.0813197,2000,NORTH CAROLINA,HAY,PRODUCTION,TONS,4000
37049,Craven County,35.1168292,-77.0813197,2000,NORTH CAROLINA,SOYBEANS,PRODUCTION,BU,522000
37049,Craven County,35.1168292,-77.0813197,2000,NORTH CAROLINA,TOBACCO,PRODUCTION,LB,6016000
37049,Craven County,35.1168292,-77.0813197,2000,NORTH CAROLINA,WHEAT,PRODUCTION,BU,175000
37049,Craven County,35.1168292,-77.0813197,2000,NORTH CAROLINA,WHEAT,PRODUCTION,BU,175000
37195,Wilson County,35.7003569,-77.9215978,1996,NORTH CAROLINA,CORN,PRODUCTION,BU,1465000
37195,Wilson County,35.7003569,-77.9215978,1996,NORTH CAROLINA,COTTON,PRODUCTION,480 LB BALES,23200
37195,Wilson County,35.7003569,-77.9215978,1996,NORTH CAROLINA,HAY,PRODUCTION,TONS,3900
37195,Wilson County,35.7003569,-77.9215978,1996,NORTH CAROLINA,OATS,PRODUCTION,BU,6200
37195,Wilson County,35.7003569,-77.9215978,1996,NORTH CAROLINA,POTATOES,PRODUCTION,CWT,6500
37195,Wilson County,35.7003569,-77.9215978,1996,NORTH CAROLINA,SOYBEANS,PRODUCTION,BU,937000
37195,Wilson County,35.7003569,-77.9215978,1996,NORTH CAROLINA,SWEET POTATOES,PRODUCTION,CWT,622800
37195,Wilson County,35.7003569,-77.9215978,1996,NORTH CAROLINA,TOBACCO,PRODUCTION,LB,21524000
37195,Wilson County,35.7003569,-77.9215978,1996,NORTH CAROLINA,WHEAT,PRODUCTION,BU,469000
37195,Wilson County,35.7003569,-77.9215978,1996,NORTH CAROLINA,WHEAT,PRODUCTION,BU,469000
37195,Wilson County,35.7003569,-77.9215978,1997,NORTH CAROLINA,CORN,PRODUCTION,BU,1131252
37195,Wilson County,35.7003569,-77.9215978,1997,NORTH CAROLINA,CORN,PRODUCTION,BU,1153000
37195,Wilson County,35.7003569,-77.9215978,1997,NORTH CAROLINA,COTTON,PRODUCTION,BALES,21967
37195,Wilson County,35.7003569,-77.9215978,1997,NORTH CAROLINA,COTTON,PRODUCTION,480 LB BALES,22500
37195,Wilson County,35.7003569,-77.9215978,1997,NORTH CAROLINA,HAY,PRODUCTION,TONS,NA
37195,Wilson County,35.7003569,-77.9215978,1997,NORTH CAROLINA,HAY,PRODUCTION,TONS,508
37195,Wilson County,35.7003569,-77.9215978,1997,NORTH CAROLINA,HAY,PRODUCTION,TONS,2405
37195,Wilson County,35.7003569,-77.9215978,1997,NORTH CAROLINA,HAY,PRODUCTION,TONS,3500
37195,Wilson County,35.7003569,-77.9215978,1997,NORTH CAROLINA,OATS,PRODUCTION,BU,9211
37195,Wilson County,35.7003569,-77.9215978,1997,NORTH CAROLINA,OATS,PRODUCTION,BU,11000
37195,Wilson County,35.7003569,-77.9215978,1997,NORTH CAROLINA,PEANUTS,PRODUCTION,LB,NA
37195,Wilson County,35.7003569,-77.9215978,1997,NORTH CAROLINA,PEANUTS,PRODUCTION,LB,131000
37195,Wilson County,35.7003569,-77.9215978,1997,NORTH CAROLINA,POTATOES,PRODUCTION,CWT,NA
37195,Wilson County,35.7003569,-77.9215978,1997,NORTH CAROLINA,SOYBEANS,PRODUCTION,BU,992562
37195,Wilson County,35.7003569,-77.9215978,1997,NORTH CAROLINA,SOYBEANS,PRODUCTION,BU,1065000
37195,Wilson County,35.7003569,-77.9215978,1997,NORTH CAROLINA,SWEET POTATOES,PRODUCTION,CWT,556100
37195,Wilson County,35.7003569,-77.9215978,1997,NORTH CAROLINA,SWEET POTATOES,PRODUCTION,CWT,621000
37195,Wilson County,35.7003569,-77.9215978,1997,NORTH CAROLINA,TOBACCO,PRODUCTION,LB,26059348
37195,Wilson County,35.7003569,-77.9215978,1997,NORTH CAROLINA,TOBACCO,PRODUCTION,LB,28736000
37195,Wilson County,35.7003569,-77.9215978,1997,NORTH CAROLINA,WHEAT,PRODUCTION,BU,612662
37195,Wilson County,35.7003569,-77.9215978,1997,NORTH CAROLINA,WHEAT,PRODUCTION,BU,729000
37195,Wilson County,35.7003569,-77.9215978,1997,NORTH CAROLINA,WHEAT,PRODUCTION,BU,729000
37195,Wilson County,35.7003569,-77.9215978,1998,NORTH CAROLINA,CORN,PRODUCTION,BU,635000
37195,Wilson County,35.7003569,-77.9215978,1998,NORTH CAROLINA,COTTON,PRODUCTION,480 LB BALES,27000
37195,Wilson County,35.7003569,-77.9215978,1998,NORTH CAROLINA,HAY,PRODUCTION,TONS,3600
37195,Wilson County,35.7003569,-77.9215978,1998,NORTH CAROLINA,OATS,PRODUCTION,BU,18000
37195,Wilson County,35.7003569,-77.9215978,1998,NORTH CAROLINA,PEANUTS,PRODUCTION,LB,120000
37195,Wilson County,35.7003569,-77.9215978,1998,NORTH CAROLINA,SOYBEANS,PRODUCTION,BU,1064000
37195,Wilson County,35.7003569,-77.9215978,1998,NORTH CAROLINA,SWEET POTATOES,PRODUCTION,CWT,760000
37195,Wilson County,35.7003569,-77.9215978,1998,NORTH CAROLINA,TOBACCO,PRODUCTION,LB,21639000
37195,Wilson County,35.7003569,-77.9215978,1998,NORTH CAROLINA,WHEAT,PRODUCTION,BU,516000
37195,Wilson County,35.7003569,-77.9215978,1998,NORTH CAROLINA,WHEAT,PRODUCTION,BU,516000
37195,Wilson County,35.7003569,-77.9215978,1999,NORTH CAROLINA,CORN,PRODUCTION,BU,530000
37195,Wilson County,35.7003569,-77.9215978,1999,NORTH CAROLINA,COTTON,PRODUCTION,480 LB BALES,18300
37195,Wilson County,35.7003569,-77.9215978,1999,NORTH CAROLINA,HAY,PRODUCTION,TONS,3600
37195,Wilson County,35.7003569,-77.9215978,1999,NORTH CAROLINA,OATS,PRODUCTION,BU,26000
37195,Wilson County,35.7003569,-77.9215978,1999,NORTH CAROLINA,SOYBEANS,PRODUCTION,BU,951000
37195,Wilson County,35.7003569,-77.9215978,1999,NORTH CAROLINA,SWEET POTATOES,PRODUCTION,CWT,457300
37195,Wilson County,35.7003569,-77.9215978,1999,NORTH CAROLINA,TOBACCO,PRODUCTION,LB,16858000
37195,Wilson County,35.7003569,-77.9215978,1999,NORTH CAROLINA,WHEAT,PRODUCTION,BU,454000
37195,Wilson County,35.7003569,-77.9215978,1999,NORTH CAROLINA,WHEAT,PRODUCTION,BU,454000
37195,Wilson County,35.7003569,-77.9215978,2000,NORTH CAROLINA,CORN,PRODUCTION,BU,524000
37195,Wilson County,35.7003569,-77.9215978,2000,NORTH CAROLINA,COTTON,PRODUCTION,480 LB BALES,44000
37195,Wilson County,35.7003569,-77.9215978,2000,NORTH CAROLINA,HAY,PRODUCTION,TONS,5700
37195,Wilson County,35.7003569,-77.9215978,2000,NORTH CAROLINA,OATS,PRODUCTION,BU,25000
37195,Wilson County,35.7003569,-77.9215978,2000,NORTH CAROLINA,SOYBEANS,PRODUCTION,BU,1255000
37195,Wilson County,35.7003569,-77.9215978,2000,NORTH CAROLINA,SWEET POTATOES,PRODUCTION,CWT,664000
37195,Wilson County,35.7003569,-77.9215978,2000,NORTH CAROLINA,TOBACCO,PRODUCTION,LB,16863000
37195,Wilson County,35.7003569,-77.9215978,2000,NORTH CAROLINA,WHEAT,PRODUCTION,BU,221000
37195,Wilson County,35.7003569,-77.9215978,2000,NORTH CAROLINA,WHEAT,PRODUCTION,BU,221000
37061,Duplin County,34.9344033,-77.9335434,1996,NORTH CAROLINA,CORN,PRODUCTION,BU,4316000
37061,Duplin County,34.9344033,-77.9335434,1996,NORTH CAROLINA,COTTON,PRODUCTION,480 LB BALES,15300
37061,Duplin County,34.9344033,-77.9335434,1996,NORTH CAROLINA,HAY,PRODUCTION,TONS,52100
37061,Duplin County,34.9344033,-77.9335434,1996,NORTH CAROLINA,OATS,PRODUCTION,BU,9000
37061,Duplin County,34.9344033,-77.9335434,1996,NORTH CAROLINA,POTATOES,PRODUCTION,CWT,9700
37061,Duplin County,34.9344033,-77.9335434,1996,NORTH CAROLINA,SORGHUM,PRODUCTION,BU,4800
37061,Duplin County,34.9344033,-77.9335434,1996,NORTH CAROLINA,SOYBEANS,PRODUCTION,BU,948000
37061,Duplin County,34.9344033,-77.9335434,1996,NORTH CAROLINA,SWEET POTATOES,PRODUCTION,CWT,161700
37061,Duplin County,34.9344033,-77.9335434,1996,NORTH CAROLINA,TOBACCO,PRODUCTION,LB,19241000
37061,Duplin County,34.9344033,-77.9335434,1996,NORTH CAROLINA,WHEAT,PRODUCTION,BU,582000
37061,Duplin County,34.9344033,-77.9335434,1996,NORTH CAROLINA,WHEAT,PRODUCTION,BU,582000
37061,Duplin County,34.9344033,-77.9335434,1997,NORTH CAROLINA,CORN,PRODUCTION,BU,3629520
37061,Duplin County,34.9344033,-77.9335434,1997,NORTH CAROLINA,CORN,PRODUCTION,BU,3720000
37061,Duplin County,34.9344033,-77.9335434,1997,NORTH CAROLINA,COTTON,PRODUCTION,BALES,20637
37061,Duplin County,34.9344033,-77.9335434,1997,NORTH CAROLINA,COTTON,PRODUCTION,480 LB BALES,20000
37061,Duplin County,34.9344033,-77.9335434,1997,NORTH CAROLINA,HAY,PRODUCTION,TONS,3381
37061,Duplin County,34.9344033,-77.9335434,1997,NORTH CAROLINA,HAY,PRODUCTION,TONS,32029
37061,Duplin County,34.9344033,-77.9335434,1997,NORTH CAROLINA,HAY,PRODUCTION,TONS,NA
37061,Duplin County,34.9344033,-77.9335434,1997,NORTH CAROLINA,HAY,PRODUCTION,TONS,54600
37061,Duplin County,34.9344033,-77.9335434,1997,NORTH CAROLINA,HAYLAGE,PRODUCTION,TONS,5432
37061,Duplin County,34.9344033,-77.9335434,1997,NORTH CAROLINA,OATS,PRODUCTION,BU,20070
37061,Duplin County,34.9344033,-77.9335434,1997,NORTH CAROLINA,OATS,PRODUCTION,BU,24000
37061,Duplin County,34.9344033,-77.9335434,1997,NORTH CAROLINA,POTATOES,PRODUCTION,CWT,NA
37061,Duplin County,34.9344033,-77.9335434,1997,NORTH CAROLINA,RYE,PRODUCTION,BU,9151
37061,Duplin County,34.9344033,-77.9335434,1997,NORTH CAROLINA,SORGHUM,PRODUCTION,BU,8265
37061,Duplin County,34.9344033,-77.9335434,1997,NORTH CAROLINA,SORGHUM,PRODUCTION,BU,11000
37061,Duplin County,34.9344033,-77.9335434,1997,NORTH CAROLINA,SOYBEANS,PRODUCTION,BU,1299438
37061,Duplin County,34.9344033,-77.9335434,1997,NORTH CAROLINA,SOYBEANS,PRODUCTION,BU,1250000
37061,Duplin County,34.9344033,-77.9335434,1997,NORTH CAROLINA,SWEET POTATOES,PRODUCTION,CWT,116146
37061,Duplin County,34.9344033,-77.9335434,1997,NORTH CAROLINA,SWEET POTATOES,PRODUCTION,CWT,124500
37061,Duplin County,34.9344033,-77.9335434,1997,NORTH CAROLINA,TOBACCO,PRODUCTION,LB,23408558
37061,Duplin County,34.9344033,-77.9335434,1997,NORTH CAROLINA,TOBACCO,PRODUCTION,LB,25179000
37061,Duplin County,34.9344033,-77.9335434,1997,NORTH CAROLINA,WHEAT,PRODUCTION,BU,967251
37061,Duplin County,34.9344033,-77.9335434,1997,NORTH CAROLINA,WHEAT,PRODUCTION,BU,1085000
37061,Duplin County,34.9344033,-77.9335434,1997,NORTH CAROLINA,WHEAT,PRODUCTION,BU,1085000
37061,Duplin County,34.9344033,-77.9335434,1997,NORTH CAROLINA,WOOL,PRODUCTION,LB,NA
37061,Duplin County,34.9344033,-77.9335434,1997,NORTH CAROLINA,WOOL,PRODUCTION,OPERATIONS,2
37061,Duplin County,34.9344033,-77.9335434,1998,NORTH CAROLINA,CORN,PRODUCTION,BU,1840000
37061,Duplin County,34.9344033,-77.9335434,1998,NORTH CAROLINA,COTTON,PRODUCTION,480 LB BALES,13000
37061,Duplin County,34.9344033,-77.9335434,1998,NORTH CAROLINA,HAY,PRODUCTION,TONS,53400
37061,Duplin County,34.9344033,-77.9335434,1998,NORTH CAROLINA,OATS,PRODUCTION,BU,29000
37061,Duplin County,34.9344033,-77.9335434,1998,NORTH CAROLINA,SOYBEANS,PRODUCTION,BU,1440000
37061,Duplin County,34.9344033,-77.9335434,1998,NORTH CAROLINA,SWEET POTATOES,PRODUCTION,CWT,126200
37061,Duplin County,34.9344033,-77.9335434,1998,NORTH CAROLINA,TOBACCO,PRODUCTION,LB,16005000
37061,Duplin County,34.9344033,-77.9335434,1998,NORTH CAROLINA,WHEAT,PRODUCTION,BU,962000
37061,Duplin County,34.9344033,-77.9335434,1998,NORTH CAROLINA,WHEAT,PRODUCTION,BU,962000
37061,Duplin County,34.9344033,-77.9335434,1999,NORTH CAROLINA,CORN,PRODUCTION,BU,2282000
37061,Duplin County,34.9344033,-77.9335434,1999,NORTH CAROLINA,COTTON,PRODUCTION,480 LB BALES,22200
37061,Duplin County,34.9344033,-77.9335434,1999,NORTH CAROLINA,HAY,PRODUCTION,TONS,53800
37061,Duplin County,34.9344033,-77.9335434,1999,NORTH CAROLINA,OATS,PRODUCTION,BU,43000
37061,Duplin County,34.9344033,-77.9335434,1999,NORTH CAROLINA,SOYBEANS,PRODUCTION,BU,1324000
37061,Duplin County,34.9344033,-77.9335434,1999,NORTH CAROLINA,SWEET POTATOES,PRODUCTION,CWT,83700
37061,Duplin County,34.9344033,-77.9335434,1999,NORTH CAROLINA,TOBACCO,PRODUCTION,LB,13691000
37061,Duplin County,34.9344033,-77.9335434,1999,NORTH CAROLINA,WHEAT,PRODUCTION,BU,985000
37061,Duplin County,34.9344033,-77.9335434,1999,NORTH CAROLINA,WHEAT,PRODUCTION,BU,985000
37061,Duplin County,34.9344033,-77.9335434,2000,NORTH CAROLINA,CORN,PRODUCTION,BU,3636000
37061,Duplin County,34.9344033,-77.9335434,2000,NORTH CAROLINA,CORN,PRODUCTION,TONS,4800
37061,Duplin County,34.9344033,-77.9335434,2000,NORTH CAROLINA,COTTON,PRODUCTION,480 LB BALES,36800
37061,Duplin County,34.9344033,-77.9335434,2000,NORTH CAROLINA,HAY,PRODUCTION,TONS,74000
37061,Duplin County,34.9344033,-77.9335434,2000,NORTH CAROLINA,OATS,PRODUCTION,BU,31000
37061,Duplin County,34.9344033,-77.9335434,2000,NORTH CAROLINA,SOYBEANS,PRODUCTION,BU,1549000
37061,Duplin County,34.9344033,-77.9335434,2000,NORTH CAROLINA,SWEET POTATOES,PRODUCTION,CWT,143000
37061,Duplin County,34.9344033,-77.9335434,2000,NORTH CAROLINA,TOBACCO,PRODUCTION,LB,13687000
37061,Duplin County,34.9344033,-77.9335434,2000,NORTH CAROLINA,WHEAT,PRODUCTION,BU,848000
37061,Duplin County,34.9344033,-77.9335434,2000,NORTH CAROLINA,WHEAT,PRODUCTION,BU,848000
37087,Haywood County,35.5588823,-82.9813074,1996,NORTH CAROLINA,CORN,PRODUCTION,TONS,37400
37087,Haywood County,35.5588823,-82.9813074,1996,NORTH CAROLINA,HAY,PRODUCTION,TONS,19700
37087,Haywood County,35.5588823,-82.9813074,1996,NORTH CAROLINA,POTATOES,PRODUCTION,CWT,5000
37087,Haywood County,35.5588823,-82.9813074,1996,NORTH CAROLINA,TOBACCO,PRODUCTION,LB,1402000
37087,Haywood County,35.5588823,-82.9813074,1997,NORTH CAROLINA,CORN,PRODUCTION,BU,20313
37087,Haywood County,35.5588823,-82.9813074,1997,NORTH CAROLINA,CORN,PRODUCTION,TONS,42516
37087,Haywood County,35.5588823,-82.9813074,1997,NORTH CAROLINA,CORN,PRODUCTION,BU,25000
37087,Haywood County,35.5588823,-82.9813074,1997,NORTH CAROLINA,CORN,PRODUCTION,TONS,40000
37087,Haywood County,35.5588823,-82.9813074,1997,NORTH CAROLINA,HAY,PRODUCTION,TONS,1008
37087,Haywood County,35.5588823,-82.9813074,1997,NORTH CAROLINA,HAY,PRODUCTION,TONS,452
37087,Haywood County,35.5588823,-82.9813074,1997,NORTH CAROLINA,HAY,PRODUCTION,TONS,12601
37087,Haywood County,35.5588823,-82.9813074,1997,NORTH CAROLINA,HAY,PRODUCTION,TONS,701
37087,Haywood County,35.5588823,-82.9813074,1997,NORTH CAROLINA,HAY,PRODUCTION,TONS,16600
37087,Haywood County,35.5588823,-82.9813074,1997,NORTH CAROLINA,HAYLAGE,PRODUCTION,TONS,536
37087,Haywood County,35.5588823,-82.9813074,1997,NORTH CAROLINA,POTATOES,PRODUCTION,CWT,1834
37087,Haywood County,35.5588823,-82.9813074,1997,NORTH CAROLINA,TOBACCO,PRODUCTION,LB,1326278
37087,Haywood County,35.5588823,-82.9813074,1997,NORTH CAROLINA,TOBACCO,PRODUCTION,LB,1465000
37087,Haywood County,35.5588823,-82.9813074,1997,NORTH CAROLINA,WOOL,PRODUCTION,LB,2537
37087,Haywood County,35.5588823,-82.9813074,1997,NORTH CAROLINA,WOOL,PRODUCTION,OPERATIONS,19
37087,Haywood County,35.5588823,-82.9813074,1998,NORTH CAROLINA,CORN,PRODUCTION,TONS,26000
37087,Haywood County,35.5588823,-82.9813074,1998,NORTH CAROLINA,HAY,PRODUCTION,TONS,20200
37087,Haywood County,35.5588823,-82.9813074,1998,NORTH CAROLINA,TOBACCO,PRODUCTION,LB,1303000
37087,Haywood County,35.5588823,-82.9813074,1999,NORTH CAROLINA,CORN,PRODUCTION,TONS,40000
37087,Haywood County,35.5588823,-82.9813074,1999,NORTH CAROLINA,HAY,PRODUCTION,TONS,23400
37087,Haywood County,35.5588823,-82.9813074,1999,NORTH CAROLINA,TOBACCO,PRODUCTION,LB,1500000
37087,Haywood County,35.5588823,-82.9813074,2000,NORTH CAROLINA,CORN,PRODUCTION,TONS,39700
37087,Haywood County,35.5588823,-82.9813074,2000,NORTH CAROLINA,HAY,PRODUCTION,TONS,24900
37087,Haywood County,35.5588823,-82.9813074,2000,NORTH CAROLINA,TOBACCO,PRODUCTION,LB,1551000
37081,Guilford County,36.079065,-79.7886652,1996,NORTH CAROLINA,CORN,PRODUCTION,BU,343000
37081,Guilford County,36.079065,-79.7886652,1996,NORTH CAROLINA,CORN,PRODUCTION,TONS,34000
37081,Guilford County,36.079065,-79.7886652,1996,NORTH CAROLINA,HAY,PRODUCTION,TONS,26100
37081,Guilford County,36.079065,-79.7886652,1996,NORTH CAROLINA,OATS,PRODUCTION,BU,11000
37081,Guilford County,36.079065,-79.7886652,1996,NORTH CAROLINA,POTATOES,PRODUCTION,CWT,500
37081,Guilford County,36.079065,-79.7886652,1996,NORTH CAROLINA,SORGHUM,PRODUCTION,BU,8500
37081,Guilford County,36.079065,-79.7886652,1996,NORTH CAROLINA,SOYBEANS,PRODUCTION,BU,82000
37081,Guilford County,36.079065,-79.7886652,1996,NORTH CAROLINA,TOBACCO,PRODUCTION,LB,10326000
37081,Guilford County,36.079065,-79.7886652,1996,NORTH CAROLINA,WHEAT,PRODUCTION,BU,227000
37081,Guilford County,36.079065,-79.7886652,1996,NORTH CAROLINA,WHEAT,PRODUCTION,BU,227000
37081,Guilford County,36.079065,-79.7886652,1997,NORTH CAROLINA,BARLEY,PRODUCTION,BU,11500
37081,Guilford County,36.079065,-79.7886652,1997,NORTH CAROLINA,BARLEY,PRODUCTION,BU,9800
37081,Guilford County,36.079065,-79.7886652,1997,NORTH CAROLINA,CORN,PRODUCTION,BU,301819
37081,Guilford County,36.079065,-79.7886652,1997,NORTH CAROLINA,CORN,PRODUCTION,TONS,33594
37081,Guilford County,36.079065,-79.7886652,1997,NORTH CAROLINA,CORN,PRODUCTION,BU,360000
37081,Guilford County,36.079065,-79.7886652,1997,NORTH CAROLINA,CORN,PRODUCTION,TONS,34000
37081,Guilford County,36.079065,-79.7886652,1997,NORTH CAROLINA,HAY,PRODUCTION,TONS,1396
37081,Guilford County,36.079065,-79.7886652,1997,NORTH CAROLINA,HAY,PRODUCTION,TONS,2413
37081,Guilford County,36.079065,-79.7886652,1997,NORTH CAROLINA,HAY,PRODUCTION,TONS,19553
37081,Guilford County,36.079065,-79.7886652,1997,NORTH CAROLINA,HAY,PRODUCTION,TONS,1790
37081,Guilford County,36.079065,-79.7886652,1997,NORTH CAROLINA,HAY,PRODUCTION,TONS,26500
37081,Guilford County,36.079065,-79.7886652,1997,NORTH CAROLINA,HAYLAGE,PRODUCTION,TONS,1345
37081,Guilford County,36.079065,-79.7886652,1997,NORTH CAROLINA,OATS,PRODUCTION,BU,30017
37081,Guilford County,36.079065,-79.7886652,1997,NORTH CAROLINA,OATS,PRODUCTION,BU,26000
37081,Guilford County,36.079065,-79.7886652,1997,NORTH CAROLINA,POTATOES,PRODUCTION,CWT,NA
37081,Guilford County,36.079065,-79.7886652,1997,NORTH CAROLINA,RYE,PRODUCTION,BU,672
37081,Guilford County,36.079065,-79.7886652,1997,NORTH CAROLINA,SORGHUM,PRODUCTION,BU,2840
37081,Guilford County,36.079065,-79.7886652,1997,NORTH CAROLINA,SORGHUM,PRODUCTION,BU,3300
37081,Guilford County,36.079065,-79.7886652,1997,NORTH CAROLINA,SOYBEANS,PRODUCTION,BU,108643
37081,Guilford County,36.079065,-79.7886652,1997,NORTH CAROLINA,SOYBEANS,PRODUCTION,BU,107000
37081,Guilford County,36.079065,-79.7886652,1997,NORTH CAROLINA,SWEET POTATOES,PRODUCTION,CWT,744
37081,Guilford County,36.079065,-79.7886652,1997,NORTH CAROLINA,TOBACCO,PRODUCTION,LB,11689102
37081,Guilford County,36.079065,-79.7886652,1997,NORTH CAROLINA,TOBACCO,PRODUCTION,LB,11800000
37081,Guilford County,36.079065,-79.7886652,1997,NORTH CAROLINA,WHEAT,PRODUCTION,BU,276910
37081,Guilford County,36.079065,-79.7886652,1997,NORTH CAROLINA,WHEAT,PRODUCTION,BU,290000
37081,Guilford County,36.079065,-79.7886652,1997,NORTH CAROLINA,WHEAT,PRODUCTION,BU,290000
37081,Guilford County,36.079065,-79.7886652,1997,NORTH CAROLINA,WOOL,PRODUCTION,LB,1307
37081,Guilford County,36.079065,-79.7886652,1997,NORTH CAROLINA,WOOL,PRODUCTION,OPERATIONS,7
37081,Guilford County,36.079065,-79.7886652,1998,NORTH CAROLINA,CORN,PRODUCTION,BU,123500
37081,Guilford County,36.079065,-79.7886652,1998,NORTH CAROLINA,CORN,PRODUCTION,TONS,14300
37081,Guilford County,36.079065,-79.7886652,1998,NORTH CAROLINA,HAY,PRODUCTION,TONS,28500
37081,Guilford County,36.079065,-79.7886652,1998,NORTH CAROLINA,OATS,PRODUCTION,BU,18000
37081,Guilford County,36.079065,-79.7886652,1998,NORTH CAROLINA,SOYBEANS,PRODUCTION,BU,50000
37081,Guilford County,36.079065,-79.7886652,1998,NORTH CAROLINA,TOBACCO,PRODUCTION,LB,9237000
37081,Guilford County,36.079065,-79.7886652,1998,NORTH CAROLINA,WHEAT,PRODUCTION,BU,266000
37081,Guilford County,36.079065,-79.7886652,1998,NORTH CAROLINA,WHEAT,PRODUCTION,BU,266000
37081,Guilford County,36.079065,-79.7886652,1999,NORTH CAROLINA,BARLEY,PRODUCTION,BU,21700
37081,Guilford County,36.079065,-79.7886652,1999,NORTH CAROLINA,CORN,PRODUCTION,BU,309000
37081,Guilford County,36.079065,-79.7886652,1999,NORTH CAROLINA,CORN,PRODUCTION,TONS,27000
37081,Guilford County,36.079065,-79.7886652,1999,NORTH CAROLINA,HAY,PRODUCTION,TONS,31500
37081,Guilford County,36.079065,-79.7886652,1999,NORTH CAROLINA,OATS,PRODUCTION,BU,42000
37081,Guilford County,36.079065,-79.7886652,1999,NORTH CAROLINA,SOYBEANS,PRODUCTION,BU,156000
37081,Guilford County,36.079065,-79.7886652,1999,NORTH CAROLINA,TOBACCO,PRODUCTION,LB,9392000
37081,Guilford County,36.079065,-79.7886652,1999,NORTH CAROLINA,WHEAT,PRODUCTION,BU,331000
37081,Guilford County,36.079065,-79.7886652,1999,NORTH CAROLINA,WHEAT,PRODUCTION,BU,331000
37081,Guilford County,36.079065,-79.7886652,2000,NORTH CAROLINA,BARLEY,PRODUCTION,BU,46000
37081,Guilford County,36.079065,-79.7886652,2000,NORTH CAROLINA,CORN,PRODUCTION,BU,467000
37081,Guilford County,36.079065,-79.7886652,2000,NORTH CAROLINA,CORN,PRODUCTION,TONS,35000
37081,Guilford County,36.079065,-79.7886652,2000,NORTH CAROLINA,HAY,PRODUCTION,TONS,33600
37081,Guilford County,36.079065,-79.7886652,2000,NORTH CAROLINA,OATS,PRODUCTION,BU,49000
37081,Guilford County,36.079065,-79.7886652,2000,NORTH CAROLINA,SOYBEANS,PRODUCTION,BU,237000
37081,Guilford County,36.079065,-79.7886652,2000,NORTH CAROLINA,TOBACCO,PRODUCTION,LB,5873000
37081,Guilford County,36.079065,-79.7886652,2000,NORTH CAROLINA,WHEAT,PRODUCTION,BU,333000
37081,Guilford County,36.079065,-79.7886652,2000,NORTH CAROLINA,WHEAT,PRODUCTION,BU,333000
37099,Jackson County,35.2854541,-83.1239657,1996,NORTH CAROLINA,HAY,PRODUCTION,TONS,2300
37099,Jackson County,35.2854541,-83.1239657,1996,NORTH CAROLINA,POTATOES,PRODUCTION,CWT,800
37099,Jackson County,35.2854541,-83.1239657,1996,NORTH CAROLINA,TOBACCO,PRODUCTION,LB,46000
37099,Jackson County,35.2854541,-83.1239657,1997,NORTH CAROLINA,CORN,PRODUCTION,BU,1970
37099,Jackson County,35.2854541,-83.1239657,1997,NORTH CAROLINA,GINSENG,PRODUCTION,LB,NA
37099,Jackson County,35.2854541,-83.1239657,1997,NORTH CAROLINA,HAY,PRODUCTION,TONS,1597
37099,Jackson County,35.2854541,-83.1239657,1997,NORTH CAROLINA,HAY,PRODUCTION,TONS,NA
37099,Jackson County,35.2854541,-83.1239657,1997,NORTH CAROLINA,HAY,PRODUCTION,TONS,1700
37099,Jackson County,35.2854541,-83.1239657,1997,NORTH CAROLINA,POTATOES,PRODUCTION,CWT,712
37099,Jackson County,35.2854541,-83.1239657,1997,NORTH CAROLINA,TOBACCO,PRODUCTION,LB,45764
37099,Jackson County,35.2854541,-83.1239657,1997,NORTH CAROLINA,TOBACCO,PRODUCTION,LB,65000
37099,Jackson County,35.2854541,-83.1239657,1998,NORTH CAROLINA,HAY,PRODUCTION,TONS,2200
37099,Jackson County,35.2854541,-83.1239657,1998,NORTH CAROLINA,TOBACCO,PRODUCTION,LB,51000
37099,Jackson County,35.2854541,-83.1239657,1999,NORTH CAROLINA,HAY,PRODUCTION,TONS,2600
37099,Jackson County,35.2854541,-83.1239657,1999,NORTH CAROLINA,TOBACCO,PRODUCTION,LB,52000
37099,Jackson County,35.2854541,-83.1239657,2000,NORTH CAROLINA,HAY,PRODUCTION,TONS,3500
37099,Jackson County,35.2854541,-83.1239657,2000,NORTH CAROLINA,TOBACCO,PRODUCTION,LB,43000
37097,Iredell County,35.8062505,-80.8745238,1996,NORTH CAROLINA,BARLEY,PRODUCTION,BU,110000
37097,Iredell County,35.8062505,-80.8745238,1996,NORTH CAROLINA,CORN,PRODUCTION,BU,360000
37097,Iredell County,35.8062505,-80.8745238,1996,NORTH CAROLINA,CORN,PRODUCTION,TONS,90000
37097,Iredell County,35.8062505,-80.8745238,1996,NORTH CAROLINA,COTTON,PRODUCTION,480 LB BALES,1200
37097,Iredell County,35.8062505,-80.8745238,1996,NORTH CAROLINA,HAY,PRODUCTION,TONS,72000
37097,Iredell County,35.8062505,-80.8745238,1996,NORTH CAROLINA,OATS,PRODUCTION,BU,18000
37097,Iredell County,35.8062505,-80.8745238,1996,NORTH CAROLINA,POTATOES,PRODUCTION,CWT,4600
37097,Iredell County,35.8062505,-80.8745238,1996,NORTH CAROLINA,SORGHUM,PRODUCTION,BU,5000
37097,Iredell County,35.8062505,-80.8745238,1996,NORTH CAROLINA,SOYBEANS,PRODUCTION,BU,299000
37097,Iredell County,35.8062505,-80.8745238,1996,NORTH CAROLINA,SWEET POTATOES,PRODUCTION,CWT,6500
37097,Iredell County,35.8062505,-80.8745238,1996,NORTH CAROLINA,TOBACCO,PRODUCTION,LB,1193000
37097,Iredell County,35.8062505,-80.8745238,1996,NORTH CAROLINA,WHEAT,PRODUCTION,BU,260000
37097,Iredell County,35.8062505,-80.8745238,1996,NORTH CAROLINA,WHEAT,PRODUCTION,BU,260000
37097,Iredell County,35.8062505,-80.8745238,1997,NORTH CAROLINA,BARLEY,PRODUCTION,BU,142645
37097,Iredell County,35.8062505,-80.8745238,1997,NORTH CAROLINA,BARLEY,PRODUCTION,BU,155800
37097,Iredell County,35.8062505,-80.8745238,1997,NORTH CAROLINA,CORN,PRODUCTION,BU,485646
37097,Iredell County,35.8062505,-80.8745238,1997,NORTH CAROLINA,CORN,PRODUCTION,TONS,150399
37097,Iredell County,35.8062505,-80.8745238,1997,NORTH CAROLINA,CORN,PRODUCTION,BU,525000
37097,Iredell County,35.8062505,-80.8745238,1997,NORTH CAROLINA,CORN,PRODUCTION,TONS,160000
37097,Iredell County,35.8062505,-80.8745238,1997,NORTH CAROLINA,COTTON,PRODUCTION,480 LB BALES,400
37097,Iredell County,35.8062505,-80.8745238,1997,NORTH CAROLINA,GRASSES,PRODUCTION,LB,NA
37097,Iredell County,35.8062505,-80.8745238,1997,NORTH CAROLINA,HAY,PRODUCTION,TONS,4395
37097,Iredell County,35.8062505,-80.8745238,1997,NORTH CAROLINA,HAY,PRODUCTION,TONS,3433
37097,Iredell County,35.8062505,-80.8745238,1997,NORTH CAROLINA,HAY,PRODUCTION,TONS,54049
37097,Iredell County,35.8062505,-80.8745238,1997,NORTH CAROLINA,HAY,PRODUCTION,TONS,1653
37097,Iredell County,35.8062505,-80.8745238,1997,NORTH CAROLINA,HAY,PRODUCTION,TONS,74000
37097,Iredell County,35.8062505,-80.8745238,1997,NORTH CAROLINA,HAYLAGE,PRODUCTION,TONS,7063
37097,Iredell County,35.8062505,-80.8745238,1997,NORTH CAROLINA,OATS,PRODUCTION,BU,33505
37097,Iredell County,35.8062505,-80.8745238,1997,NORTH CAROLINA,OATS,PRODUCTION,BU,33000
37097,Iredell County,35.8062505,-80.8745238,1997,NORTH CAROLINA,SORGHUM,PRODUCTION,BU,7500
37097,Iredell County,35.8062505,-80.8745238,1997,NORTH CAROLINA,SOYBEANS,PRODUCTION,BU,286461
37097,Iredell County,35.8062505,-80.8745238,1997,NORTH CAROLINA,SOYBEANS,PRODUCTION,BU,303000
37097,Iredell County,35.8062505,-80.8745238,1997,NORTH CAROLINA,TOBACCO,PRODUCTION,LB,1147337
37097,Iredell County,35.8062505,-80.8745238,1997,NORTH CAROLINA,TOBACCO,PRODUCTION,LB,1327000
37097,Iredell County,35.8062505,-80.8745238,1997,NORTH CAROLINA,WHEAT,PRODUCTION,BU,317541
37097,Iredell County,35.8062505,-80.8745238,1997,NORTH CAROLINA,WHEAT,PRODUCTION,BU,320000
37097,Iredell County,35.8062505,-80.8745238,1997,NORTH CAROLINA,WHEAT,PRODUCTION,BU,320000
37097,Iredell County,35.8062505,-80.8745238,1997,NORTH CAROLINA,WOOL,PRODUCTION,LB,898
37097,Iredell County,35.8062505,-80.8745238,1997,NORTH CAROLINA,WOOL,PRODUCTION,OPERATIONS,9
37097,Iredell County,35.8062505,-80.8745238,1998,NORTH CAROLINA,BARLEY,PRODUCTION,BU,134700
37097,Iredell County,35.8062505,-80.8745238,1998,NORTH CAROLINA,CORN,PRODUCTION,BU,121000
37097,Iredell County,35.8062505,-80.8745238,1998,NORTH CAROLINA,CORN,PRODUCTION,TONS,85400
37097,Iredell County,35.8062505,-80.8745238,1998,NORTH CAROLINA,COTTON,PRODUCTION,480 LB BALES,1000
37097,Iredell County,35.8062505,-80.8745238,1998,NORTH CAROLINA,HAY,PRODUCTION,TONS,74300
37097,Iredell County,35.8062505,-80.8745238,1998,NORTH CAROLINA,OATS,PRODUCTION,BU,18000
37097,Iredell County,35.8062505,-80.8745238,1998,NORTH CAROLINA,SOYBEANS,PRODUCTION,BU,187000
37097,Iredell County,35.8062505,-80.8745238,1998,NORTH CAROLINA,TOBACCO,PRODUCTION,LB,929000
37097,Iredell County,35.8062505,-80.8745238,1998,NORTH CAROLINA,WHEAT,PRODUCTION,BU,204000
37097,Iredell County,35.8062505,-80.8745238,1998,NORTH CAROLINA,WHEAT,PRODUCTION,BU,204000
37097,Iredell County,35.8062505,-80.8745238,1999,NORTH CAROLINA,BARLEY,PRODUCTION,BU,129000
37097,Iredell County,35.8062505,-80.8745238,1999,NORTH CAROLINA,CORN,PRODUCTION,BU,174000
37097,Iredell County,35.8062505,-80.8745238,1999,NORTH CAROLINA,CORN,PRODUCTION,TONS,149400
37097,Iredell County,35.8062505,-80.8745238,1999,NORTH CAROLINA,COTTON,PRODUCTION,480 LB BALES,1100
37097,Iredell County,35.8062505,-80.8745238,1999,NORTH CAROLINA,HAY,PRODUCTION,TONS,73700
37097,Iredell County,35.8062505,-80.8745238,1999,NORTH CAROLINA,OATS,PRODUCTION,BU,32000
37097,Iredell County,35.8062505,-80.8745238,1999,NORTH CAROLINA,SOYBEANS,PRODUCTION,BU,200000
37097,Iredell County,35.8062505,-80.8745238,1999,NORTH CAROLINA,TOBACCO,PRODUCTION,LB,1020000
37097,Iredell County,35.8062505,-80.8745238,1999,NORTH CAROLINA,WHEAT,PRODUCTION,BU,172000
37097,Iredell County,35.8062505,-80.8745238,1999,NORTH CAROLINA,WHEAT,PRODUCTION,BU,172000
37097,Iredell County,35.8062505,-80.8745238,2000,NORTH CAROLINA,BARLEY,PRODUCTION,BU,100600
37097,Iredell County,35.8062505,-80.8745238,2000,NORTH CAROLINA,CORN,PRODUCTION,BU,273000
37097,Iredell County,35.8062505,-80.8745238,2000,NORTH CAROLINA,CORN,PRODUCTION,TONS,166000
37097,Iredell County,35.8062505,-80.8745238,2000,NORTH CAROLINA,COTTON,PRODUCTION,480 LB BALES,1650
37097,Iredell County,35.8062505,-80.8745238,2000,NORTH CAROLINA,HAY,PRODUCTION,TONS,88500
37097,Iredell County,35.8062505,-80.8745238,2000,NORTH CAROLINA,OATS,PRODUCTION,BU,13000
37097,Iredell County,35.8062505,-80.8745238,2000,NORTH CAROLINA,SOYBEANS,PRODUCTION,BU,230000
37097,Iredell County,35.8062505,-80.8745238,2000,NORTH CAROLINA,TOBACCO,PRODUCTION,LB,539000
37097,Iredell County,35.8062505,-80.8745238,2000,NORTH CAROLINA,WHEAT,PRODUCTION,BU,201000
37097,Iredell County,35.8062505,-80.8745238,2000,NORTH CAROLINA,WHEAT,PRODUCTION,BU,201000
37091,Hertford County,36.3635174,-76.981616,1996,NORTH CAROLINA,CORN,PRODUCTION,BU,995000
37091,Hertford County,36.3635174,-76.981616,1996,NORTH CAROLINA,COTTON,PRODUCTION,480 LB BALES,30500
37091,Hertford County,36.3635174,-76.981616,1996,NORTH CAROLINA,HAY,PRODUCTION,TONS,1000
37091,Hertford County,36.3635174,-76.981616,1996,NORTH CAROLINA,PEANUTS,PRODUCTION,LB,32413000
37091,Hertford County,36.3635174,-76.981616,1996,NORTH CAROLINA,SORGHUM,PRODUCTION,BU,2800
37091,Hertford County,36.3635174,-76.981616,1996,NORTH CAROLINA,SOYBEANS,PRODUCTION,BU,215000
37091,Hertford County,36.3635174,-76.981616,1996,NORTH CAROLINA,SWEET POTATOES,PRODUCTION,CWT,6400
37091,Hertford County,36.3635174,-76.981616,1996,NORTH CAROLINA,TOBACCO,PRODUCTION,LB,3280000
37091,Hertford County,36.3635174,-76.981616,1996,NORTH CAROLINA,WHEAT,PRODUCTION,BU,52000
37091,Hertford County,36.3635174,-76.981616,1996,NORTH CAROLINA,WHEAT,PRODUCTION,BU,52000
37091,Hertford County,36.3635174,-76.981616,1997,NORTH CAROLINA,CORN,PRODUCTION,BU,714184
37091,Hertford County,36.3635174,-76.981616,1997,NORTH CAROLINA,CORN,PRODUCTION,BU,865000
37091,Hertford County,36.3635174,-76.981616,1997,NORTH CAROLINA,COTTON,PRODUCTION,BALES,24178
37091,Hertford County,36.3635174,-76.981616,1997,NORTH CAROLINA,COTTON,PRODUCTION,480 LB BALES,24000
37091,Hertford County,36.3635174,-76.981616,1997,NORTH CAROLINA,HAY,PRODUCTION,TONS,NA
37091,Hertford County,36.3635174,-76.981616,1997,NORTH CAROLINA,HAY,PRODUCTION,TONS,800
37091,Hertford County,36.3635174,-76.981616,1997,NORTH CAROLINA,PEANUTS,PRODUCTION,LB,27424879
37091,Hertford County,36.3635174,-76.981616,1997,NORTH CAROLINA,PEANUTS,PRODUCTION,LB,27665000
37091,Hertford County,36.3635174,-76.981616,1997,NORTH CAROLINA,SORGHUM,PRODUCTION,BU,14800
37091,Hertford County,36.3635174,-76.981616,1997,NORTH CAROLINA,SOYBEANS,PRODUCTION,BU,177597
37091,Hertford County,36.3635174,-76.981616,1997,NORTH CAROLINA,SOYBEANS,PRODUCTION,BU,204000
37091,Hertford County,36.3635174,-76.981616,1997,NORTH CAROLINA,SWEET POTATOES,PRODUCTION,CWT,2598
37091,Hertford County,36.3635174,-76.981616,1997,NORTH CAROLINA,TOBACCO,PRODUCTION,LB,4185310
37091,Hertford County,36.3635174,-76.981616,1997,NORTH CAROLINA,TOBACCO,PRODUCTION,LB,4378000
37091,Hertford County,36.3635174,-76.981616,1997,NORTH CAROLINA,WHEAT,PRODUCTION,BU,72925
37091,Hertford County,36.3635174,-76.981616,1997,NORTH CAROLINA,WHEAT,PRODUCTION,BU,77000
37091,Hertford County,36.3635174,-76.981616,1997,NORTH CAROLINA,WHEAT,PRODUCTION,BU,77000
37091,Hertford County,36.3635174,-76.981616,1997,NORTH CAROLINA,WOOL,PRODUCTION,LB,NA
37091,Hertford County,36.3635174,-76.981616,1997,NORTH CAROLINA,WOOL,PRODUCTION,OPERATIONS,1
37091,Hertford County,36.3635174,-76.981616,1998,NORTH CAROLINA,CORN,PRODUCTION,BU,930000
37091,Hertford County,36.3635174,-76.981616,1998,NORTH CAROLINA,COTTON,PRODUCTION,480 LB BALES,29000
37091,Hertford County,36.3635174,-76.981616,1998,NORTH CAROLINA,HAY,PRODUCTION,TONS,900
37091,Hertford County,36.3635174,-76.981616,1998,NORTH CAROLINA,PEANUTS,PRODUCTION,LB,36332000
37091,Hertford County,36.3635174,-76.981616,1998,NORTH CAROLINA,SOYBEANS,PRODUCTION,BU,304000
37091,Hertford County,36.3635174,-76.981616,1998,NORTH CAROLINA,TOBACCO,PRODUCTION,LB,3726000
37091,Hertford County,36.3635174,-76.981616,1998,NORTH CAROLINA,WHEAT,PRODUCTION,BU,57000
37091,Hertford County,36.3635174,-76.981616,1998,NORTH CAROLINA,WHEAT,PRODUCTION,BU,57000
37091,Hertford County,36.3635174,-76.981616,1999,NORTH CAROLINA,CORN,PRODUCTION,BU,685000
37091,Hertford County,36.3635174,-76.981616,1999,NORTH CAROLINA,COTTON,PRODUCTION,480 LB BALES,25800
37091,Hertford County,36.3635174,-76.981616,1999,NORTH CAROLINA,HAY,PRODUCTION,TONS,1100
37091,Hertford County,36.3635174,-76.981616,1999,NORTH CAROLINA,PEANUTS,PRODUCTION,LB,26984000
37091,Hertford County,36.3635174,-76.981616,1999,NORTH CAROLINA,SOYBEANS,PRODUCTION,BU,170000
37091,Hertford County,36.3635174,-76.981616,1999,NORTH CAROLINA,TOBACCO,PRODUCTION,LB,2394000
37091,Hertford County,36.3635174,-76.981616,1999,NORTH CAROLINA,WHEAT,PRODUCTION,BU,43000
37091,Hertford County,36.3635174,-76.981616,1999,NORTH CAROLINA,WHEAT,PRODUCTION,BU,43000
37091,Hertford County,36.3635174,-76.981616,2000,NORTH CAROLINA,CORN,PRODUCTION,BU,855000
37091,Hertford County,36.3635174,-76.981616,2000,NORTH CAROLINA,COTTON,PRODUCTION,480 LB BALES,25500
37091,Hertford County,36.3635174,-76.981616,2000,NORTH CAROLINA,HAY,PRODUCTION,TONS,1100
37091,Hertford County,36.3635174,-76.981616,2000,NORTH CAROLINA,PEANUTS,PRODUCTION,LB,27560000
37091,Hertford County,36.3635174,-76.981616,2000,NORTH CAROLINA,SOYBEANS,PRODUCTION,BU,272000
37091,Hertford County,36.3635174,-76.981616,2000,NORTH CAROLINA,TOBACCO,PRODUCTION,LB,2371000
37091,Hertford County,36.3635174,-76.981616,2000,NORTH CAROLINA,WHEAT,PRODUCTION,BU,70000
37091,Hertford County,36.3635174,-76.981616,2000,NORTH CAROLINA,WHEAT,PRODUCTION,BU,70000
37149,Polk County,35.2779011,-82.1676211,1996,NORTH CAROLINA,CORN,PRODUCTION,TONS,4500
37149,Polk County,35.2779011,-82.1676211,1996,NORTH CAROLINA,HAY,PRODUCTION,TONS,6600
37149,Polk County,35.2779011,-82.1676211,1997,NORTH CAROLINA,BARLEY,PRODUCTION,BU,2000
37149,Polk County,35.2779011,-82.1676211,1997,NORTH CAROLINA,CORN,PRODUCTION,BU,3820
37149,Polk County,35.2779011,-82.1676211,1997,NORTH CAROLINA,CORN,PRODUCTION,TONS,1840
37149,Polk County,35.2779011,-82.1676211,1997,NORTH CAROLINA,CORN,PRODUCTION,TONS,3000
37149,Polk County,35.2779011,-82.1676211,1997,NORTH CAROLINA,HAY,PRODUCTION,TONS,646
37149,Polk County,35.2779011,-82.1676211,1997,NORTH CAROLINA,HAY,PRODUCTION,TONS,NA
37149,Polk County,35.2779011,-82.1676211,1997,NORTH CAROLINA,HAY,PRODUCTION,TONS,6476
37149,Polk County,35.2779011,-82.1676211,1997,NORTH CAROLINA,HAY,PRODUCTION,TONS,245
37149,Polk County,35.2779011,-82.1676211,1997,NORTH CAROLINA,HAY,PRODUCTION,TONS,8100
37149,Polk County,35.2779011,-82.1676211,1997,NORTH CAROLINA,HAYLAGE,PRODUCTION,TONS,NA
37149,Polk County,35.2779011,-82.1676211,1997,NORTH CAROLINA,OATS,PRODUCTION,BU,2365
37149,Polk County,35.2779011,-82.1676211,1997,NORTH CAROLINA,OATS,PRODUCTION,BU,3000
37149,Polk County,35.2779011,-82.1676211,1997,NORTH CAROLINA,SOYBEANS,PRODUCTION,BU,10000
37149,Polk County,35.2779011,-82.1676211,1997,NORTH CAROLINA,WHEAT,PRODUCTION,BU,13741
37149,Polk County,35.2779011,-82.1676211,1998,NORTH CAROLINA,HAY,PRODUCTION,TONS,9100
37149,Polk County,35.2779011,-82.1676211,1998,NORTH CAROLINA,SOYBEANS,PRODUCTION,BU,5600
37149,Polk County,35.2779011,-82.1676211,1999,NORTH CAROLINA,CORN,PRODUCTION,TONS,2300
37149,Polk County,35.2779011,-82.1676211,1999,NORTH CAROLINA,HAY,PRODUCTION,TONS,8500
37149,Polk County,35.2779011,-82.1676211,2000,NORTH CAROLINA,HAY,PRODUCTION,TONS,10300
37165,Scotland County,34.8400226,-79.4773366,1996,NORTH CAROLINA,CORN,PRODUCTION,BU,370000
37165,Scotland County,34.8400226,-79.4773366,1996,NORTH CAROLINA,COTTON,PRODUCTION,480 LB BALES,17100
37165,Scotland County,34.8400226,-79.4773366,1996,NORTH CAROLINA,HAY,PRODUCTION,TONS,4800
37165,Scotland County,34.8400226,-79.4773366,1996,NORTH CAROLINA,OATS,PRODUCTION,BU,7500
37165,Scotland County,34.8400226,-79.4773366,1996,NORTH CAROLINA,SOYBEANS,PRODUCTION,BU,680000
37165,Scotland County,34.8400226,-79.4773366,1996,NORTH CAROLINA,TOBACCO,PRODUCTION,LB,1206000
37165,Scotland County,34.8400226,-79.4773366,1996,NORTH CAROLINA,WHEAT,PRODUCTION,BU,114000
37165,Scotland County,34.8400226,-79.4773366,1996,NORTH CAROLINA,WHEAT,PRODUCTION,BU,114000
37165,Scotland County,34.8400226,-79.4773366,1997,NORTH CAROLINA,CORN,PRODUCTION,BU,245913
37165,Scotland County,34.8400226,-79.4773366,1997,NORTH CAROLINA,CORN,PRODUCTION,BU,295000
37165,Scotland County,34.8400226,-79.4773366,1997,NORTH CAROLINA,COTTON,PRODUCTION,BALES,21225
37165,Scotland County,34.8400226,-79.4773366,1997,NORTH CAROLINA,COTTON,PRODUCTION,480 LB BALES,21500
37165,Scotland County,34.8400226,-79.4773366,1997,NORTH CAROLINA,HAY,PRODUCTION,TONS,NA
37165,Scotland County,34.8400226,-79.4773366,1997,NORTH CAROLINA,HAY,PRODUCTION,TONS,5212
37165,Scotland County,34.8400226,-79.4773366,1997,NORTH CAROLINA,HAY,PRODUCTION,TONS,5600
37165,Scotland County,34.8400226,-79.4773366,1997,NORTH CAROLINA,OATS,PRODUCTION,BU,9550
37165,Scotland County,34.8400226,-79.4773366,1997,NORTH CAROLINA,OATS,PRODUCTION,BU,11000
37165,Scotland County,34.8400226,-79.4773366,1997,NORTH CAROLINA,SOYBEANS,PRODUCTION,BU,238180
37165,Scotland County,34.8400226,-79.4773366,1997,NORTH CAROLINA,SOYBEANS,PRODUCTION,BU,405000
37165,Scotland County,34.8400226,-79.4773366,1997,NORTH CAROLINA,TOBACCO,PRODUCTION,LB,1353808
37165,Scotland County,34.8400226,-79.4773366,1997,NORTH CAROLINA,TOBACCO,PRODUCTION,LB,1618000
37165,Scotland County,34.8400226,-79.4773366,1997,NORTH CAROLINA,WHEAT,PRODUCTION,BU,179877
37165,Scotland County,34.8400226,-79.4773366,1997,NORTH CAROLINA,WHEAT,PRODUCTION,BU,245000
37165,Scotland County,34.8400226,-79.4773366,1997,NORTH CAROLINA,WHEAT,PRODUCTION,BU,245000
37165,Scotland County,34.8400226,-79.4773366,1997,NORTH CAROLINA,WOOL,PRODUCTION,LB,464
37165,Scotland County,34.8400226,-79.4773366,1997,NORTH CAROLINA,WOOL,PRODUCTION,OPERATIONS,3
37165,Scotland County,34.8400226,-79.4773366,1998,NORTH CAROLINA,CORN,PRODUCTION,BU,67000
37165,Scotland County,34.8400226,-79.4773366,1998,NORTH CAROLINA,COTTON,PRODUCTION,480 LB BALES,20000
37165,Scotland County,34.8400226,-79.4773366,1998,NORTH CAROLINA,HAY,PRODUCTION,TONS,4900
37165,Scotland County,34.8400226,-79.4773366,1998,NORTH CAROLINA,SOYBEANS,PRODUCTION,BU,267000
37165,Scotland County,34.8400226,-79.4773366,1998,NORTH CAROLINA,TOBACCO,PRODUCTION,LB,1091000
37165,Scotland County,34.8400226,-79.4773366,1998,NORTH CAROLINA,WHEAT,PRODUCTION,BU,198000
37165,Scotland County,34.8400226,-79.4773366,1998,NORTH CAROLINA,WHEAT,PRODUCTION,BU,198000
37165,Scotland County,34.8400226,-79.4773366,1999,NORTH CAROLINA,CORN,PRODUCTION,BU,92000
37165,Scotland County,34.8400226,-79.4773366,1999,NORTH CAROLINA,COTTON,PRODUCTION,480 LB BALES,14700
37165,Scotland County,34.8400226,-79.4773366,1999,NORTH CAROLINA,HAY,PRODUCTION,TONS,4000
37165,Scotland County,34.8400226,-79.4773366,1999,NORTH CAROLINA,OATS,PRODUCTION,BU,18000
37165,Scotland County,34.8400226,-79.4773366,1999,NORTH CAROLINA,SOYBEANS,PRODUCTION,BU,213000
37165,Scotland County,34.8400226,-79.4773366,1999,NORTH CAROLINA,TOBACCO,PRODUCTION,LB,936000
37165,Scotland County,34.8400226,-79.4773366,1999,NORTH CAROLINA,WHEAT,PRODUCTION,BU,185000
37165,Scotland County,34.8400226,-79.4773366,1999,NORTH CAROLINA,WHEAT,PRODUCTION,BU,185000
37165,Scotland County,34.8400226,-79.4773366,2000,NORTH CAROLINA,CORN,PRODUCTION,BU,90000
37165,Scotland County,34.8400226,-79.4773366,2000,NORTH CAROLINA,COTTON,PRODUCTION,480 LB BALES,27500
37165,Scotland County,34.8400226,-79.4773366,2000,NORTH CAROLINA,HAY,PRODUCTION,TONS,5800
37165,Scotland County,34.8400226,-79.4773366,2000,NORTH CAROLINA,OATS,PRODUCTION,BU,17000
37165,Scotland County,34.8400226,-79.4773366,2000,NORTH CAROLINA,SOYBEANS,PRODUCTION,BU,228000
37165,Scotland County,34.8400226,-79.4773366,2000,NORTH CAROLINA,TOBACCO,PRODUCTION,LB,880000
37165,Scotland County,34.8400226,-79.4773366,2000,NORTH CAROLINA,WHEAT,PRODUCTION,BU,130000
37165,Scotland County,34.8400226,-79.4773366,2000,NORTH CAROLINA,WHEAT,PRODUCTION,BU,130000
37085,Harnett County,35.3686603,-78.8716648,1996,NORTH CAROLINA,BARLEY,PRODUCTION,BU,18000
37085,Harnett County,35.3686603,-78.8716648,1996,NORTH CAROLINA,CORN,PRODUCTION,BU,688000
37085,Harnett County,35.3686603,-78.8716648,1996,NORTH CAROLINA,CORN,PRODUCTION,TONS,6000
37085,Harnett County,35.3686603,-78.8716648,1996,NORTH CAROLINA,COTTON,PRODUCTION,480 LB BALES,15800
37085,Harnett County,35.3686603,-78.8716648,1996,NORTH CAROLINA,HAY,PRODUCTION,TONS,12400
37085,Harnett County,35.3686603,-78.8716648,1996,NORTH CAROLINA,OATS,PRODUCTION,BU,45000
37085,Harnett County,35.3686603,-78.8716648,1996,NORTH CAROLINA,POTATOES,PRODUCTION,CWT,5600
37085,Harnett County,35.3686603,-78.8716648,1996,NORTH CAROLINA,SORGHUM,PRODUCTION,BU,5000
37085,Harnett County,35.3686603,-78.8716648,1996,NORTH CAROLINA,SOYBEANS,PRODUCTION,BU,454000
37085,Harnett County,35.3686603,-78.8716648,1996,NORTH CAROLINA,SWEET POTATOES,PRODUCTION,CWT,251400
37085,Harnett County,35.3686603,-78.8716648,1996,NORTH CAROLINA,TOBACCO,PRODUCTION,LB,18630000
37085,Harnett County,35.3686603,-78.8716648,1996,NORTH CAROLINA,WHEAT,PRODUCTION,BU,154000
37085,Harnett County,35.3686603,-78.8716648,1996,NORTH CAROLINA,WHEAT,PRODUCTION,BU,154000
37085,Harnett County,35.3686603,-78.8716648,1997,NORTH CAROLINA,BARLEY,PRODUCTION,BU,NA
37085,Harnett County,35.3686603,-78.8716648,1997,NORTH CAROLINA,BARLEY,PRODUCTION,BU,24200
37085,Harnett County,35.3686603,-78.8716648,1997,NORTH CAROLINA,CORN,PRODUCTION,BU,365457
37085,Harnett County,35.3686603,-78.8716648,1997,NORTH CAROLINA,CORN,PRODUCTION,TONS,10181
37085,Harnett County,35.3686603,-78.8716648,1997,NORTH CAROLINA,CORN,PRODUCTION,BU,395000
37085,Harnett County,35.3686603,-78.8716648,1997,NORTH CAROLINA,CORN,PRODUCTION,TONS,8000
37085,Harnett County,35.3686603,-78.8716648,1997,NORTH CAROLINA,COTTON,PRODUCTION,BALES,13878
37085,Harnett County,35.3686603,-78.8716648,1997,NORTH CAROLINA,COTTON,PRODUCTION,480 LB BALES,16300
37085,Harnett County,35.3686603,-78.8716648,1997,NORTH CAROLINA,HAY,PRODUCTION,TONS,76
37085,Harnett County,35.3686603,-78.8716648,1997,NORTH CAROLINA,HAY,PRODUCTION,TONS,1893
37085,Harnett County,35.3686603,-78.8716648,1997,NORTH CAROLINA,HAY,PRODUCTION,TONS,6530
37085,Harnett County,35.3686603,-78.8716648,1997,NORTH CAROLINA,HAY,PRODUCTION,TONS,46
37085,Harnett County,35.3686603,-78.8716648,1997,NORTH CAROLINA,HAY,PRODUCTION,TONS,9100
37085,Harnett County,35.3686603,-78.8716648,1997,NORTH CAROLINA,HAYLAGE,PRODUCTION,TONS,1344
37085,Harnett County,35.3686603,-78.8716648,1997,NORTH CAROLINA,OATS,PRODUCTION,BU,34150
37085,Harnett County,35.3686603,-78.8716648,1997,NORTH CAROLINA,OATS,PRODUCTION,BU,38000
37085,Harnett County,35.3686603,-78.8716648,1997,NORTH CAROLINA,RYE,PRODUCTION,BU,5200
37085,Harnett County,35.3686603,-78.8716648,1997,NORTH CAROLINA,SORGHUM,PRODUCTION,BU,3500
37085,Harnett County,35.3686603,-78.8716648,1997,NORTH CAROLINA,SOYBEANS,PRODUCTION,BU,390846
37085,Harnett County,35.3686603,-78.8716648,1997,NORTH CAROLINA,SOYBEANS,PRODUCTION,BU,440000
37085,Harnett County,35.3686603,-78.8716648,1997,NORTH CAROLINA,SWEET POTATOES,PRODUCTION,CWT,97999
37085,Harnett County,35.3686603,-78.8716648,1997,NORTH CAROLINA,SWEET POTATOES,PRODUCTION,CWT,135000
37085,Harnett County,35.3686603,-78.8716648,1997,NORTH CAROLINA,TOBACCO,PRODUCTION,LB,20521075
37085,Harnett County,35.3686603,-78.8716648,1997,NORTH CAROLINA,TOBACCO,PRODUCTION,LB,21520000
37085,Harnett County,35.3686603,-78.8716648,1997,NORTH CAROLINA,WHEAT,PRODUCTION,BU,168102
37085,Harnett County,35.3686603,-78.8716648,1997,NORTH CAROLINA,WHEAT,PRODUCTION,BU,225000
37085,Harnett County,35.3686603,-78.8716648,1997,NORTH CAROLINA,WHEAT,PRODUCTION,BU,225000
37085,Harnett County,35.3686603,-78.8716648,1998,NORTH CAROLINA,BARLEY,PRODUCTION,BU,16400
37085,Harnett County,35.3686603,-78.8716648,1998,NORTH CAROLINA,CORN,PRODUCTION,BU,169000
37085,Harnett County,35.3686603,-78.8716648,1998,NORTH CAROLINA,CORN,PRODUCTION,TONS,1400
37085,Harnett County,35.3686603,-78.8716648,1998,NORTH CAROLINA,COTTON,PRODUCTION,480 LB BALES,15000
37085,Harnett County,35.3686603,-78.8716648,1998,NORTH CAROLINA,HAY,PRODUCTION,TONS,10300
37085,Harnett County,35.3686603,-78.8716648,1998,NORTH CAROLINA,OATS,PRODUCTION,BU,30000
37085,Harnett County,35.3686603,-78.8716648,1998,NORTH CAROLINA,SOYBEANS,PRODUCTION,BU,475000
37085,Harnett County,35.3686603,-78.8716648,1998,NORTH CAROLINA,SWEET POTATOES,PRODUCTION,CWT,144800
37085,Harnett County,35.3686603,-78.8716648,1998,NORTH CAROLINA,TOBACCO,PRODUCTION,LB,17776000
37085,Harnett County,35.3686603,-78.8716648,1998,NORTH CAROLINA,WHEAT,PRODUCTION,BU,188000
37085,Harnett County,35.3686603,-78.8716648,1998,NORTH CAROLINA,WHEAT,PRODUCTION,BU,188000
37085,Harnett County,35.3686603,-78.8716648,1999,NORTH CAROLINA,BARLEY,PRODUCTION,BU,32000
37085,Harnett County,35.3686603,-78.8716648,1999,NORTH CAROLINA,CORN,PRODUCTION,BU,233000
37085,Harnett County,35.3686603,-78.8716648,1999,NORTH CAROLINA,CORN,PRODUCTION,TONS,4000
37085,Harnett County,35.3686603,-78.8716648,1999,NORTH CAROLINA,COTTON,PRODUCTION,480 LB BALES,9500
37085,Harnett County,35.3686603,-78.8716648,1999,NORTH CAROLINA,HAY,PRODUCTION,TONS,10600
37085,Harnett County,35.3686603,-78.8716648,1999,NORTH CAROLINA,OATS,PRODUCTION,BU,55000
37085,Harnett County,35.3686603,-78.8716648,1999,NORTH CAROLINA,SOYBEANS,PRODUCTION,BU,438000
37085,Harnett County,35.3686603,-78.8716648,1999,NORTH CAROLINA,SWEET POTATOES,PRODUCTION,CWT,128800
37085,Harnett County,35.3686603,-78.8716648,1999,NORTH CAROLINA,TOBACCO,PRODUCTION,LB,15231000
37085,Harnett County,35.3686603,-78.8716648,1999,NORTH CAROLINA,WHEAT,PRODUCTION,BU,221000
37085,Harnett County,35.3686603,-78.8716648,1999,NORTH CAROLINA,WHEAT,PRODUCTION,BU,221000
37085,Harnett County,35.3686603,-78.8716648,2000,NORTH CAROLINA,BARLEY,PRODUCTION,BU,48800
37085,Harnett County,35.3686603,-78.8716648,2000,NORTH CAROLINA,CORN,PRODUCTION,BU,361000
37085,Harnett County,35.3686603,-78.8716648,2000,NORTH CAROLINA,CORN,PRODUCTION,TONS,7600
37085,Harnett County,35.3686603,-78.8716648,2000,NORTH CAROLINA,COTTON,PRODUCTION,480 LB BALES,27000
37085,Harnett County,35.3686603,-78.8716648,2000,NORTH CAROLINA,HAY,PRODUCTION,TONS,13200
37085,Harnett County,35.3686603,-78.8716648,2000,NORTH CAROLINA,OATS,PRODUCTION,BU,40000
37085,Harnett County,35.3686603,-78.8716648,2000,NORTH CAROLINA,SOYBEANS,PRODUCTION,BU,728000
37085,Harnett County,35.3686603,-78.8716648,2000,NORTH CAROLINA,SWEET POTATOES,PRODUCTION,CWT,289000
37085,Harnett County,35.3686603,-78.8716648,2000,NORTH CAROLINA,TOBACCO,PRODUCTION,LB,14519000
37085,Harnett County,35.3686603,-78.8716648,2000,NORTH CAROLINA,WHEAT,PRODUCTION,BU,191000
37085,Harnett County,35.3686603,-78.8716648,2000,NORTH CAROLINA,WHEAT,PRODUCTION,BU,191000
37105,Lee County,35.4763365,-79.1721174,1996,NORTH CAROLINA,CORN,PRODUCTION,BU,105000
37105,Lee County,35.4763365,-79.1721174,1996,NORTH CAROLINA,COTTON,PRODUCTION,480 LB BALES,2300
37105,Lee County,35.4763365,-79.1721174,1996,NORTH CAROLINA,HAY,PRODUCTION,TONS,4300
37105,Lee County,35.4763365,-79.1721174,1996,NORTH CAROLINA,OATS,PRODUCTION,BU,54000
37105,Lee County,35.4763365,-79.1721174,1996,NORTH CAROLINA,POTATOES,PRODUCTION,CWT,500
37105,Lee County,35.4763365,-79.1721174,1996,NORTH CAROLINA,SORGHUM,PRODUCTION,BU,2700
37105,Lee County,35.4763365,-79.1721174,1996,NORTH CAROLINA,SOYBEANS,PRODUCTION,BU,112000
37105,Lee County,35.4763365,-79.1721174,1996,NORTH CAROLINA,SWEET POTATOES,PRODUCTION,CWT,20000
37105,Lee County,35.4763365,-79.1721174,1996,NORTH CAROLINA,TOBACCO,PRODUCTION,LB,5489000
37105,Lee County,35.4763365,-79.1721174,1996,NORTH CAROLINA,WHEAT,PRODUCTION,BU,31000
37105,Lee County,35.4763365,-79.1721174,1996,NORTH CAROLINA,WHEAT,PRODUCTION,BU,31000
37105,Lee County,35.4763365,-79.1721174,1997,NORTH CAROLINA,CORN,PRODUCTION,BU,87570
37105,Lee County,35.4763365,-79.1721174,1997,NORTH CAROLINA,CORN,PRODUCTION,BU,97000
37105,Lee County,35.4763365,-79.1721174,1997,NORTH CAROLINA,COTTON,PRODUCTION,BALES,1554
37105,Lee County,35.4763365,-79.1721174,1997,NORTH CAROLINA,COTTON,PRODUCTION,480 LB BALES,1300
37105,Lee County,35.4763365,-79.1721174,1997,NORTH CAROLINA,HAY,PRODUCTION,TONS,334
37105,Lee County,35.4763365,-79.1721174,1997,NORTH CAROLINA,HAY,PRODUCTION,TONS,3280
37105,Lee County,35.4763365,-79.1721174,1997,NORTH CAROLINA,HAY,PRODUCTION,TONS,83
37105,Lee County,35.4763365,-79.1721174,1997,NORTH CAROLINA,HAY,PRODUCTION,TONS,4300
37105,Lee County,35.4763365,-79.1721174,1997,NORTH CAROLINA,HAYLAGE,PRODUCTION,TONS,534
37105,Lee County,35.4763365,-79.1721174,1997,NORTH CAROLINA,OATS,PRODUCTION,BU,23349
37105,Lee County,35.4763365,-79.1721174,1997,NORTH CAROLINA,OATS,PRODUCTION,BU,35000
37105,Lee County,35.4763365,-79.1721174,1997,NORTH CAROLINA,RYE,PRODUCTION,BU,7110
37105,Lee County,35.4763365,-79.1721174,1997,NORTH CAROLINA,SOYBEANS,PRODUCTION,BU,68426
37105,Lee County,35.4763365,-79.1721174,1997,NORTH CAROLINA,SOYBEANS,PRODUCTION,BU,72000
37105,Lee County,35.4763365,-79.1721174,1997,NORTH CAROLINA,SWEET POTATOES,PRODUCTION,CWT,3333
37105,Lee County,35.4763365,-79.1721174,1997,NORTH CAROLINA,TOBACCO,PRODUCTION,LB,7618380
37105,Lee County,35.4763365,-79.1721174,1997,NORTH CAROLINA,TOBACCO,PRODUCTION,LB,7085000
37105,Lee County,35.4763365,-79.1721174,1997,NORTH CAROLINA,WHEAT,PRODUCTION,BU,53137
37105,Lee County,35.4763365,-79.1721174,1997,NORTH CAROLINA,WHEAT,PRODUCTION,BU,61000
37105,Lee County,35.4763365,-79.1721174,1997,NORTH CAROLINA,WHEAT,PRODUCTION,BU,61000
37105,Lee County,35.4763365,-79.1721174,1998,NORTH CAROLINA,CORN,PRODUCTION,BU,30500
37105,Lee County,35.4763365,-79.1721174,1998,NORTH CAROLINA,COTTON,PRODUCTION,480 LB BALES,2800
37105,Lee County,35.4763365,-79.1721174,1998,NORTH CAROLINA,HAY,PRODUCTION,TONS,4700
37105,Lee County,35.4763365,-79.1721174,1998,NORTH CAROLINA,OATS,PRODUCTION,BU,20000
37105,Lee County,35.4763365,-79.1721174,1998,NORTH CAROLINA,SOYBEANS,PRODUCTION,BU,61400
37105,Lee County,35.4763365,-79.1721174,1998,NORTH CAROLINA,TOBACCO,PRODUCTION,LB,4957000
37105,Lee County,35.4763365,-79.1721174,1998,NORTH CAROLINA,WHEAT,PRODUCTION,BU,64000
37105,Lee County,35.4763365,-79.1721174,1998,NORTH CAROLINA,WHEAT,PRODUCTION,BU,64000
37105,Lee County,35.4763365,-79.1721174,1999,NORTH CAROLINA,CORN,PRODUCTION,BU,24000
37105,Lee County,35.4763365,-79.1721174,1999,NORTH CAROLINA,COTTON,PRODUCTION,480 LB BALES,2100
37105,Lee County,35.4763365,-79.1721174,1999,NORTH CAROLINA,HAY,PRODUCTION,TONS,4800
37105,Lee County,35.4763365,-79.1721174,1999,NORTH CAROLINA,OATS,PRODUCTION,BU,36000
37105,Lee County,35.4763365,-79.1721174,1999,NORTH CAROLINA,SOYBEANS,PRODUCTION,BU,59000
37105,Lee County,35.4763365,-79.1721174,1999,NORTH CAROLINA,TOBACCO,PRODUCTION,LB,4353000
37105,Lee County,35.4763365,-79.1721174,1999,NORTH CAROLINA,WHEAT,PRODUCTION,BU,66000
37105,Lee County,35.4763365,-79.1721174,1999,NORTH CAROLINA,WHEAT,PRODUCTION,BU,66000
37105,Lee County,35.4763365,-79.1721174,2000,NORTH CAROLINA,CORN,PRODUCTION,BU,34000
37105,Lee County,35.4763365,-79.1721174,2000,NORTH CAROLINA,COTTON,PRODUCTION,480 LB BALES,5950
37105,Lee County,35.4763365,-79.1721174,2000,NORTH CAROLINA,HAY,PRODUCTION,TONS,4800
37105,Lee County,35.4763365,-79.1721174,2000,NORTH CAROLINA,OATS,PRODUCTION,BU,24000
37105,Lee County,35.4763365,-79.1721174,2000,NORTH CAROLINA,SOYBEANS,PRODUCTION,BU,79000
37105,Lee County,35.4763365,-79.1721174,2000,NORTH CAROLINA,TOBACCO,PRODUCTION,LB,3309000
37105,Lee County,35.4763365,-79.1721174,2000,NORTH CAROLINA,WHEAT,PRODUCTION,BU,75000
37105,Lee County,35.4763365,-79.1721174,2000,NORTH CAROLINA,WHEAT,PRODUCTION,BU,75000
37017,Bladen County,34.5919375,-78.5394885,1996,NORTH CAROLINA,CORN,PRODUCTION,BU,2300000
37017,Bladen County,34.5919375,-78.5394885,1996,NORTH CAROLINA,COTTON,PRODUCTION,480 LB BALES,8700
37017,Bladen County,34.5919375,-78.5394885,1996,NORTH CAROLINA,HAY,PRODUCTION,TONS,13900
37017,Bladen County,34.5919375,-78.5394885,1996,NORTH CAROLINA,OATS,PRODUCTION,BU,9200
37017,Bladen County,34.5919375,-78.5394885,1996,NORTH CAROLINA,PEANUTS,PRODUCTION,LB,9271000
37017,Bladen County,34.5919375,-78.5394885,1996,NORTH CAROLINA,SORGHUM,PRODUCTION,BU,2700
37017,Bladen County,34.5919375,-78.5394885,1996,NORTH CAROLINA,SOYBEANS,PRODUCTION,BU,349000
37017,Bladen County,34.5919375,-78.5394885,1996,NORTH CAROLINA,TOBACCO,PRODUCTION,LB,8558000
37017,Bladen County,34.5919375,-78.5394885,1996,NORTH CAROLINA,WHEAT,PRODUCTION,BU,185000
37017,Bladen County,34.5919375,-78.5394885,1996,NORTH CAROLINA,WHEAT,PRODUCTION,BU,185000
37017,Bladen County,34.5919375,-78.5394885,1997,NORTH CAROLINA,CORN,PRODUCTION,BU,1766378
37017,Bladen County,34.5919375,-78.5394885,1997,NORTH CAROLINA,CORN,PRODUCTION,TONS,982
37017,Bladen County,34.5919375,-78.5394885,1997,NORTH CAROLINA,CORN,PRODUCTION,BU,1990000
37017,Bladen County,34.5919375,-78.5394885,1997,NORTH CAROLINA,COTTON,PRODUCTION,BALES,10788
37017,Bladen County,34.5919375,-78.5394885,1997,NORTH CAROLINA,COTTON,PRODUCTION,480 LB BALES,9500
37017,Bladen County,34.5919375,-78.5394885,1997,NORTH CAROLINA,HAY,PRODUCTION,TONS,2104
37017,Bladen County,34.5919375,-78.5394885,1997,NORTH CAROLINA,HAY,PRODUCTION,TONS,12658
37017,Bladen County,34.5919375,-78.5394885,1997,NORTH CAROLINA,HAY,PRODUCTION,TONS,429
37017,Bladen County,34.5919375,-78.5394885,1997,NORTH CAROLINA,HAY,PRODUCTION,TONS,16500
37017,Bladen County,34.5919375,-78.5394885,1997,NORTH CAROLINA,OATS,PRODUCTION,BU,15186
37017,Bladen County,34.5919375,-78.5394885,1997,NORTH CAROLINA,OATS,PRODUCTION,BU,19000
37017,Bladen County,34.5919375,-78.5394885,1997,NORTH CAROLINA,PEANUTS,PRODUCTION,LB,6736986
37017,Bladen County,34.5919375,-78.5394885,1997,NORTH CAROLINA,PEANUTS,PRODUCTION,LB,8647000
37017,Bladen County,34.5919375,-78.5394885,1997,NORTH CAROLINA,RYE,PRODUCTION,BU,3460
37017,Bladen County,34.5919375,-78.5394885,1997,NORTH CAROLINA,SOYBEANS,PRODUCTION,BU,370530
37017,Bladen County,34.5919375,-78.5394885,1997,NORTH CAROLINA,SOYBEANS,PRODUCTION,BU,382000
37017,Bladen County,34.5919375,-78.5394885,1997,NORTH CAROLINA,TOBACCO,PRODUCTION,LB,8814413
37017,Bladen County,34.5919375,-78.5394885,1997,NORTH CAROLINA,TOBACCO,PRODUCTION,LB,11600000
37017,Bladen County,34.5919375,-78.5394885,1997,NORTH CAROLINA,WHEAT,PRODUCTION,BU,164855
37017,Bladen County,34.5919375,-78.5394885,1997,NORTH CAROLINA,WHEAT,PRODUCTION,BU,225000
37017,Bladen County,34.5919375,-78.5394885,1997,NORTH CAROLINA,WHEAT,PRODUCTION,BU,225000
37017,Bladen County,34.5919375,-78.5394885,1997,NORTH CAROLINA,WOOL,PRODUCTION,LB,NA
37017,Bladen County,34.5919375,-78.5394885,1997,NORTH CAROLINA,WOOL,PRODUCTION,OPERATIONS,1
37017,Bladen County,34.5919375,-78.5394885,1998,NORTH CAROLINA,CORN,PRODUCTION,BU,1587000
37017,Bladen County,34.5919375,-78.5394885,1998,NORTH CAROLINA,COTTON,PRODUCTION,480 LB BALES,10000
37017,Bladen County,34.5919375,-78.5394885,1998,NORTH CAROLINA,HAY,PRODUCTION,TONS,17000
37017,Bladen County,34.5919375,-78.5394885,1998,NORTH CAROLINA,OATS,PRODUCTION,BU,10000
37017,Bladen County,34.5919375,-78.5394885,1998,NORTH CAROLINA,PEANUTS,PRODUCTION,LB,10079000
37017,Bladen County,34.5919375,-78.5394885,1998,NORTH CAROLINA,SOYBEANS,PRODUCTION,BU,555000
37017,Bladen County,34.5919375,-78.5394885,1998,NORTH CAROLINA,TOBACCO,PRODUCTION,LB,7308000
37017,Bladen County,34.5919375,-78.5394885,1998,NORTH CAROLINA,WHEAT,PRODUCTION,BU,234000
37017,Bladen County,34.5919375,-78.5394885,1998,NORTH CAROLINA,WHEAT,PRODUCTION,BU,234000
37017,Bladen County,34.5919375,-78.5394885,1999,NORTH CAROLINA,CORN,PRODUCTION,BU,1481000
37017,Bladen County,34.5919375,-78.5394885,1999,NORTH CAROLINA,COTTON,PRODUCTION,480 LB BALES,8300
37017,Bladen County,34.5919375,-78.5394885,1999,NORTH CAROLINA,HAY,PRODUCTION,TONS,15700
37017,Bladen County,34.5919375,-78.5394885,1999,NORTH CAROLINA,OATS,PRODUCTION,BU,21000
37017,Bladen County,34.5919375,-78.5394885,1999,NORTH CAROLINA,PEANUTS,PRODUCTION,LB,7488000
37017,Bladen County,34.5919375,-78.5394885,1999,NORTH CAROLINA,SOYBEANS,PRODUCTION,BU,536000
37017,Bladen County,34.5919375,-78.5394885,1999,NORTH CAROLINA,TOBACCO,PRODUCTION,LB,6249000
37017,Bladen County,34.5919375,-78.5394885,1999,NORTH CAROLINA,WHEAT,PRODUCTION,BU,329000
37017,Bladen County,34.5919375,-78.5394885,1999,NORTH CAROLINA,WHEAT,PRODUCTION,BU,329000
37017,Bladen County,34.5919375,-78.5394885,2000,NORTH CAROLINA,CORN,PRODUCTION,BU,2393000
37017,Bladen County,34.5919375,-78.5394885,2000,NORTH CAROLINA,COTTON,PRODUCTION,480 LB BALES,15500
37017,Bladen County,34.5919375,-78.5394885,2000,NORTH CAROLINA,HAY,PRODUCTION,TONS,21500
37017,Bladen County,34.5919375,-78.5394885,2000,NORTH CAROLINA,OATS,PRODUCTION,BU,25000
37017,Bladen County,34.5919375,-78.5394885,2000,NORTH CAROLINA,PEANUTS,PRODUCTION,LB,9643000
37017,Bladen County,34.5919375,-78.5394885,2000,NORTH CAROLINA,SOYBEANS,PRODUCTION,BU,808000
37017,Bladen County,34.5919375,-78.5394885,2000,NORTH CAROLINA,TOBACCO,PRODUCTION,LB,5835000
37017,Bladen County,34.5919375,-78.5394885,2000,NORTH CAROLINA,WHEAT,PRODUCTION,BU,193000
37017,Bladen County,34.5919375,-78.5394885,2000,NORTH CAROLINA,WHEAT,PRODUCTION,BU,193000
37039,Cherokee County,35.1371499,-84.0614491,1996,NORTH CAROLINA,CORN,PRODUCTION,BU,50000
37039,Cherokee County,35.1371499,-84.0614491,1996,NORTH CAROLINA,CORN,PRODUCTION,TONS,4800
37039,Cherokee County,35.1371499,-84.0614491,1996,NORTH CAROLINA,HAY,PRODUCTION,TONS,8000
37039,Cherokee County,35.1371499,-84.0614491,1996,NORTH CAROLINA,POTATOES,PRODUCTION,CWT,1400
37039,Cherokee County,35.1371499,-84.0614491,1996,NORTH CAROLINA,TOBACCO,PRODUCTION,LB,121000
37039,Cherokee County,35.1371499,-84.0614491,1997,NORTH CAROLINA,CORN,PRODUCTION,BU,84506
37039,Cherokee County,35.1371499,-84.0614491,1997,NORTH CAROLINA,CORN,PRODUCTION,BU,55000
37039,Cherokee County,35.1371499,-84.0614491,1997,NORTH CAROLINA,CORN,PRODUCTION,TONS,4800
37039,Cherokee County,35.1371499,-84.0614491,1997,NORTH CAROLINA,HAY,PRODUCTION,TONS,NA
37039,Cherokee County,35.1371499,-84.0614491,1997,NORTH CAROLINA,HAY,PRODUCTION,TONS,5247
37039,Cherokee County,35.1371499,-84.0614491,1997,NORTH CAROLINA,HAY,PRODUCTION,TONS,425
37039,Cherokee County,35.1371499,-84.0614491,1997,NORTH CAROLINA,HAY,PRODUCTION,TONS,6200
37039,Cherokee County,35.1371499,-84.0614491,1997,NORTH CAROLINA,HAYLAGE,PRODUCTION,TONS,245
37039,Cherokee County,35.1371499,-84.0614491,1997,NORTH CAROLINA,TOBACCO,PRODUCTION,LB,111316
37039,Cherokee County,35.1371499,-84.0614491,1997,NORTH CAROLINA,TOBACCO,PRODUCTION,LB,173000
37039,Cherokee County,35.1371499,-84.0614491,1998,NORTH CAROLINA,CORN,PRODUCTION,BU,36200
37039,Cherokee County,35.1371499,-84.0614491,1998,NORTH CAROLINA,CORN,PRODUCTION,TONS,3900
37039,Cherokee County,35.1371499,-84.0614491,1998,NORTH CAROLINA,HAY,PRODUCTION,TONS,8100
37039,Cherokee County,35.1371499,-84.0614491,1998,NORTH CAROLINA,SOYBEANS,PRODUCTION,BU,7300
37039,Cherokee County,35.1371499,-84.0614491,1998,NORTH CAROLINA,TOBACCO,PRODUCTION,LB,152000
37039,Cherokee County,35.1371499,-84.0614491,1999,NORTH CAROLINA,CORN,PRODUCTION,BU,54000
37039,Cherokee County,35.1371499,-84.0614491,1999,NORTH CAROLINA,CORN,PRODUCTION,TONS,3500
37039,Cherokee County,35.1371499,-84.0614491,1999,NORTH CAROLINA,HAY,PRODUCTION,TONS,8400
37039,Cherokee County,35.1371499,-84.0614491,1999,NORTH CAROLINA,SOYBEANS,PRODUCTION,BU,8000
37039,Cherokee County,35.1371499,-84.0614491,1999,NORTH CAROLINA,TOBACCO,PRODUCTION,LB,78000
37039,Cherokee County,35.1371499,-84.0614491,2000,NORTH CAROLINA,CORN,PRODUCTION,BU,54000
37039,Cherokee County,35.1371499,-84.0614491,2000,NORTH CAROLINA,CORN,PRODUCTION,TONS,7100
37039,Cherokee County,35.1371499,-84.0614491,2000,NORTH CAROLINA,HAY,PRODUCTION,TONS,9200
37039,Cherokee County,35.1371499,-84.0614491,2000,NORTH CAROLINA,SOYBEANS,PRODUCTION,BU,9000
37039,Cherokee County,35.1371499,-84.0614491,2000,NORTH CAROLINA,TOBACCO,PRODUCTION,LB,137000
37035,Catawba County,35.6618826,-81.2149057,1996,NORTH CAROLINA,BARLEY,PRODUCTION,BU,64000
37035,Catawba County,35.6618826,-81.2149057,1996,NORTH CAROLINA,CORN,PRODUCTION,BU,124000
37035,Catawba County,35.6618826,-81.2149057,1996,NORTH CAROLINA,CORN,PRODUCTION,TONS,12000
37035,Catawba County,35.6618826,-81.2149057,1996,NORTH CAROLINA,HAY,PRODUCTION,TONS,19100
37035,Catawba County,35.6618826,-81.2149057,1996,NORTH CAROLINA,OATS,PRODUCTION,BU,18000
37035,Catawba County,35.6618826,-81.2149057,1996,NORTH CAROLINA,SORGHUM,PRODUCTION,BU,2700
37035,Catawba County,35.6618826,-81.2149057,1996,NORTH CAROLINA,SOYBEANS,PRODUCTION,BU,224000
37035,Catawba County,35.6618826,-81.2149057,1996,NORTH CAROLINA,WHEAT,PRODUCTION,BU,265000
37035,Catawba County,35.6618826,-81.2149057,1996,NORTH CAROLINA,WHEAT,PRODUCTION,BU,265000
37035,Catawba County,35.6618826,-81.2149057,1997,NORTH CAROLINA,BARLEY,PRODUCTION,BU,51090
37035,Catawba County,35.6618826,-81.2149057,1997,NORTH CAROLINA,BARLEY,PRODUCTION,BU,68500
37035,Catawba County,35.6618826,-81.2149057,1997,NORTH CAROLINA,CORN,PRODUCTION,BU,140537
37035,Catawba County,35.6618826,-81.2149057,1997,NORTH CAROLINA,CORN,PRODUCTION,TONS,16871
37035,Catawba County,35.6618826,-81.2149057,1997,NORTH CAROLINA,CORN,PRODUCTION,BU,140000
37035,Catawba County,35.6618826,-81.2149057,1997,NORTH CAROLINA,CORN,PRODUCTION,TONS,21000
37035,Catawba County,35.6618826,-81.2149057,1997,NORTH CAROLINA,GRASSES,PRODUCTION,LB,12200
37035,Catawba County,35.6618826,-81.2149057,1997,NORTH CAROLINA,HAY,PRODUCTION,TONS,728
37035,Catawba County,35.6618826,-81.2149057,1997,NORTH CAROLINA,HAY,PRODUCTION,TONS,2763
37035,Catawba County,35.6618826,-81.2149057,1997,NORTH CAROLINA,HAY,PRODUCTION,TONS,17169
37035,Catawba County,35.6618826,-81.2149057,1997,NORTH CAROLINA,HAY,PRODUCTION,TONS,754
37035,Catawba County,35.6618826,-81.2149057,1997,NORTH CAROLINA,HAY,PRODUCTION,TONS,24100
37035,Catawba County,35.6618826,-81.2149057,1997,NORTH CAROLINA,HAYLAGE,PRODUCTION,TONS,2992
37035,Catawba County,35.6618826,-81.2149057,1997,NORTH CAROLINA,OATS,PRODUCTION,BU,22504
37035,Catawba County,35.6618826,-81.2149057,1997,NORTH CAROLINA,OATS,PRODUCTION,BU,22000
37035,Catawba County,35.6618826,-81.2149057,1997,NORTH CAROLINA,RYE,PRODUCTION,BU,1215
37035,Catawba County,35.6618826,-81.2149057,1997,NORTH CAROLINA,SORGHUM,PRODUCTION,BU,3800
37035,Catawba County,35.6618826,-81.2149057,1997,NORTH CAROLINA,SOYBEANS,PRODUCTION,BU,136832
37035,Catawba County,35.6618826,-81.2149057,1997,NORTH CAROLINA,SOYBEANS,PRODUCTION,BU,161000
37035,Catawba County,35.6618826,-81.2149057,1997,NORTH CAROLINA,SWEET POTATOES,PRODUCTION,CWT,530
37035,Catawba County,35.6618826,-81.2149057,1997,NORTH CAROLINA,WHEAT,PRODUCTION,BU,272032
37035,Catawba County,35.6618826,-81.2149057,1997,NORTH CAROLINA,WHEAT,PRODUCTION,BU,298000
37035,Catawba County,35.6618826,-81.2149057,1997,NORTH CAROLINA,WHEAT,PRODUCTION,BU,298000
37035,Catawba County,35.6618826,-81.2149057,1997,NORTH CAROLINA,WOOL,PRODUCTION,LB,NA
37035,Catawba County,35.6618826,-81.2149057,1997,NORTH CAROLINA,WOOL,PRODUCTION,OPERATIONS,2
37035,Catawba County,35.6618826,-81.2149057,1998,NORTH CAROLINA,BARLEY,PRODUCTION,BU,43600
37035,Catawba County,35.6618826,-81.2149057,1998,NORTH CAROLINA,CORN,PRODUCTION,BU,79000
37035,Catawba County,35.6618826,-81.2149057,1998,NORTH CAROLINA,CORN,PRODUCTION,TONS,7600
37035,Catawba County,35.6618826,-81.2149057,1998,NORTH CAROLINA,HAY,PRODUCTION,TONS,28700
37035,Catawba County,35.6618826,-81.2149057,1998,NORTH CAROLINA,OATS,PRODUCTION,BU,16000
37035,Catawba County,35.6618826,-81.2149057,1998,NORTH CAROLINA,SOYBEANS,PRODUCTION,BU,97500
37035,Catawba County,35.6618826,-81.2149057,1998,NORTH CAROLINA,WHEAT,PRODUCTION,BU,198000
37035,Catawba County,35.6618826,-81.2149057,1998,NORTH CAROLINA,WHEAT,PRODUCTION,BU,198000
37035,Catawba County,35.6618826,-81.2149057,1999,NORTH CAROLINA,BARLEY,PRODUCTION,BU,48000
37035,Catawba County,35.6618826,-81.2149057,1999,NORTH CAROLINA,CORN,PRODUCTION,BU,108000
37035,Catawba County,35.6618826,-81.2149057,1999,NORTH CAROLINA,CORN,PRODUCTION,TONS,17500
37035,Catawba County,35.6618826,-81.2149057,1999,NORTH CAROLINA,HAY,PRODUCTION,TONS,28100
37035,Catawba County,35.6618826,-81.2149057,1999,NORTH CAROLINA,OATS,PRODUCTION,BU,28000
37035,Catawba County,35.6618826,-81.2149057,1999,NORTH CAROLINA,SOYBEANS,PRODUCTION,BU,116000
37035,Catawba County,35.6618826,-81.2149057,1999,NORTH CAROLINA,WHEAT,PRODUCTION,BU,164000
37035,Catawba County,35.6618826,-81.2149057,1999,NORTH CAROLINA,WHEAT,PRODUCTION,BU,164000
37035,Catawba County,35.6618826,-81.2149057,2000,NORTH CAROLINA,BARLEY,PRODUCTION,BU,43800
37035,Catawba County,35.6618826,-81.2149057,2000,NORTH CAROLINA,CORN,PRODUCTION,BU,125000
37035,Catawba County,35.6618826,-81.2149057,2000,NORTH CAROLINA,CORN,PRODUCTION,TONS,24500
37035,Catawba County,35.6618826,-81.2149057,2000,NORTH CAROLINA,HAY,PRODUCTION,TONS,31700
37035,Catawba County,35.6618826,-81.2149057,2000,NORTH CAROLINA,OATS,PRODUCTION,BU,14000
37035,Catawba County,35.6618826,-81.2149057,2000,NORTH CAROLINA,SOYBEANS,PRODUCTION,BU,143000
37035,Catawba County,35.6618826,-81.2149057,2000,NORTH CAROLINA,WHEAT,PRODUCTION,BU,177000
37035,Catawba County,35.6618826,-81.2149057,2000,NORTH CAROLINA,WHEAT,PRODUCTION,BU,177000
37177,Tyrrell County,35.8704196,-76.1653454,1996,NORTH CAROLINA,CORN,PRODUCTION,BU,2765000
37177,Tyrrell County,35.8704196,-76.1653454,1996,NORTH CAROLINA,COTTON,PRODUCTION,480 LB BALES,3800
37177,Tyrrell County,35.8704196,-76.1653454,1996,NORTH CAROLINA,OATS,PRODUCTION,BU,15000
37177,Tyrrell County,35.8704196,-76.1653454,1996,NORTH CAROLINA,POTATOES,PRODUCTION,CWT,486000
37177,Tyrrell County,35.8704196,-76.1653454,1996,NORTH CAROLINA,SORGHUM,PRODUCTION,BU,2900
37177,Tyrrell County,35.8704196,-76.1653454,1996,NORTH CAROLINA,SOYBEANS,PRODUCTION,BU,614000
37177,Tyrrell County,35.8704196,-76.1653454,1996,NORTH CAROLINA,WHEAT,PRODUCTION,BU,1178000
37177,Tyrrell County,35.8704196,-76.1653454,1996,NORTH CAROLINA,WHEAT,PRODUCTION,BU,1178000
37177,Tyrrell County,35.8704196,-76.1653454,1997,NORTH CAROLINA,CORN,PRODUCTION,BU,2251522
37177,Tyrrell County,35.8704196,-76.1653454,1997,NORTH CAROLINA,CORN,PRODUCTION,BU,2250000
37177,Tyrrell County,35.8704196,-76.1653454,1997,NORTH CAROLINA,COTTON,PRODUCTION,BALES,1917
37177,Tyrrell County,35.8704196,-76.1653454,1997,NORTH CAROLINA,COTTON,PRODUCTION,480 LB BALES,2400
37177,Tyrrell County,35.8704196,-76.1653454,1997,NORTH CAROLINA,HAY,PRODUCTION,TONS,NA
37177,Tyrrell County,35.8704196,-76.1653454,1997,NORTH CAROLINA,OATS,PRODUCTION,BU,NA
37177,Tyrrell County,35.8704196,-76.1653454,1997,NORTH CAROLINA,OATS,PRODUCTION,BU,65000
37177,Tyrrell County,35.8704196,-76.1653454,1997,NORTH CAROLINA,PEANUTS,PRODUCTION,LB,367000
37177,Tyrrell County,35.8704196,-76.1653454,1997,NORTH CAROLINA,POTATOES,PRODUCTION,CWT,470313
37177,Tyrrell County,35.8704196,-76.1653454,1997,NORTH CAROLINA,POTATOES,PRODUCTION,CWT,447500
37177,Tyrrell County,35.8704196,-76.1653454,1997,NORTH CAROLINA,SOYBEANS,PRODUCTION,BU,1084660
37177,Tyrrell County,35.8704196,-76.1653454,1997,NORTH CAROLINA,SOYBEANS,PRODUCTION,BU,1030000
37177,Tyrrell County,35.8704196,-76.1653454,1997,NORTH CAROLINA,WHEAT,PRODUCTION,BU,766554
37177,Tyrrell County,35.8704196,-76.1653454,1997,NORTH CAROLINA,WHEAT,PRODUCTION,BU,1100000
37177,Tyrrell County,35.8704196,-76.1653454,1997,NORTH CAROLINA,WHEAT,PRODUCTION,BU,1100000
37177,Tyrrell County,35.8704196,-76.1653454,1997,NORTH CAROLINA,WOOL,PRODUCTION,LB,NA
37177,Tyrrell County,35.8704196,-76.1653454,1997,NORTH CAROLINA,WOOL,PRODUCTION,OPERATIONS,2
37177,Tyrrell County,35.8704196,-76.1653454,1998,NORTH CAROLINA,CORN,PRODUCTION,BU,2315000
37177,Tyrrell County,35.8704196,-76.1653454,1998,NORTH CAROLINA,COTTON,PRODUCTION,480 LB BALES,4000
37177,Tyrrell County,35.8704196,-76.1653454,1998,NORTH CAROLINA,OATS,PRODUCTION,BU,41000
37177,Tyrrell County,35.8704196,-76.1653454,1998,NORTH CAROLINA,PEANUTS,PRODUCTION,LB,367000
37177,Tyrrell County,35.8704196,-76.1653454,1998,NORTH CAROLINA,POTATOES,PRODUCTION,CWT,450300
37177,Tyrrell County,35.8704196,-76.1653454,1998,NORTH CAROLINA,SOYBEANS,PRODUCTION,BU,1125000
37177,Tyrrell County,35.8704196,-76.1653454,1998,NORTH CAROLINA,WHEAT,PRODUCTION,BU,868500
37177,Tyrrell County,35.8704196,-76.1653454,1998,NORTH CAROLINA,WHEAT,PRODUCTION,BU,868500
37177,Tyrrell County,35.8704196,-76.1653454,1999,NORTH CAROLINA,CORN,PRODUCTION,BU,2763000
37177,Tyrrell County,35.8704196,-76.1653454,1999,NORTH CAROLINA,COTTON,PRODUCTION,480 LB BALES,3500
37177,Tyrrell County,35.8704196,-76.1653454,1999,NORTH CAROLINA,HAY,PRODUCTION,TONS,400
37177,Tyrrell County,35.8704196,-76.1653454,1999,NORTH CAROLINA,OATS,PRODUCTION,BU,38000
37177,Tyrrell County,35.8704196,-76.1653454,1999,NORTH CAROLINA,PEANUTS,PRODUCTION,LB,174000
37177,Tyrrell County,35.8704196,-76.1653454,1999,NORTH CAROLINA,POTATOES,PRODUCTION,CWT,462700
37177,Tyrrell County,35.8704196,-76.1653454,1999,NORTH CAROLINA,SOYBEANS,PRODUCTION,BU,560000
37177,Tyrrell County,35.8704196,-76.1653454,1999,NORTH CAROLINA,WHEAT,PRODUCTION,BU,940000
37177,Tyrrell County,35.8704196,-76.1653454,1999,NORTH CAROLINA,WHEAT,PRODUCTION,BU,940000
37177,Tyrrell County,35.8704196,-76.1653454,2000,NORTH CAROLINA,CORN,PRODUCTION,BU,3700000
37177,Tyrrell County,35.8704196,-76.1653454,2000,NORTH CAROLINA,COTTON,PRODUCTION,480 LB BALES,5900
37177,Tyrrell County,35.8704196,-76.1653454,2000,NORTH CAROLINA,HAY,PRODUCTION,TONS,400
37177,Tyrrell County,35.8704196,-76.1653454,2000,NORTH CAROLINA,OATS,PRODUCTION,BU,43000
37177,Tyrrell County,35.8704196,-76.1653454,2000,NORTH CAROLINA,POTATOES,PRODUCTION,CWT,470000
37177,Tyrrell County,35.8704196,-76.1653454,2000,NORTH CAROLINA,SOYBEANS,PRODUCTION,BU,1282000
37177,Tyrrell County,35.8704196,-76.1653454,2000,NORTH CAROLINA,WHEAT,PRODUCTION,BU,1145000
37177,Tyrrell County,35.8704196,-76.1653454,2000,NORTH CAROLINA,WHEAT,PRODUCTION,BU,1145000
37113,Macon County,35.1529593,-83.421901,1996,NORTH CAROLINA,CORN,PRODUCTION,TONS,9000
37113,Macon County,35.1529593,-83.421901,1996,NORTH CAROLINA,HAY,PRODUCTION,TONS,8600
37113,Macon County,35.1529593,-83.421901,1996,NORTH CAROLINA,POTATOES,PRODUCTION,CWT,6600
37113,Macon County,35.1529593,-83.421901,1996,NORTH CAROLINA,TOBACCO,PRODUCTION,LB,82000
37113,Macon County,35.1529593,-83.421901,1997,NORTH CAROLINA,CORN,PRODUCTION,BU,6950
37113,Macon County,35.1529593,-83.421901,1997,NORTH CAROLINA,CORN,PRODUCTION,TONS,9142
37113,Macon County,35.1529593,-83.421901,1997,NORTH CAROLINA,CORN,PRODUCTION,TONS,9000
37113,Macon County,35.1529593,-83.421901,1997,NORTH CAROLINA,HAY,PRODUCTION,TONS,NA
37113,Macon County,35.1529593,-83.421901,1997,NORTH CAROLINA,HAY,PRODUCTION,TONS,211
37113,Macon County,35.1529593,-83.421901,1997,NORTH CAROLINA,HAY,PRODUCTION,TONS,6631
37113,Macon County,35.1529593,-83.421901,1997,NORTH CAROLINA,HAY,PRODUCTION,TONS,290
37113,Macon County,35.1529593,-83.421901,1997,NORTH CAROLINA,HAY,PRODUCTION,TONS,8300
37113,Macon County,35.1529593,-83.421901,1997,NORTH CAROLINA,POTATOES,PRODUCTION,CWT,798
37113,Macon County,35.1529593,-83.421901,1997,NORTH CAROLINA,TOBACCO,PRODUCTION,LB,59451
37113,Macon County,35.1529593,-83.421901,1997,NORTH CAROLINA,TOBACCO,PRODUCTION,LB,63000
37113,Macon County,35.1529593,-83.421901,1997,NORTH CAROLINA,WOOL,PRODUCTION,LB,180
37113,Macon County,35.1529593,-83.421901,1997,NORTH CAROLINA,WOOL,PRODUCTION,OPERATIONS,4
37113,Macon County,35.1529593,-83.421901,1998,NORTH CAROLINA,CORN,PRODUCTION,BU,22400
37113,Macon County,35.1529593,-83.421901,1998,NORTH CAROLINA,CORN,PRODUCTION,TONS,4400
37113,Macon County,35.1529593,-83.421901,1998,NORTH CAROLINA,HAY,PRODUCTION,TONS,9500
37113,Macon County,35.1529593,-83.421901,1998,NORTH CAROLINA,TOBACCO,PRODUCTION,LB,46000
37113,Macon County,35.1529593,-83.421901,1999,NORTH CAROLINA,CORN,PRODUCTION,TONS,5000
37113,Macon County,35.1529593,-83.421901,1999,NORTH CAROLINA,HAY,PRODUCTION,TONS,9900
37113,Macon County,35.1529593,-83.421901,1999,NORTH CAROLINA,TOBACCO,PRODUCTION,LB,81000
37113,Macon County,35.1529593,-83.421901,2000,NORTH CAROLINA,CORN,PRODUCTION,TONS,8500
37113,Macon County,35.1529593,-83.421901,2000,NORTH CAROLINA,HAY,PRODUCTION,TONS,13500
37113,Macon County,35.1529593,-83.421901,2000,NORTH CAROLINA,TOBACCO,PRODUCTION,LB,87000
37143,Perquimans County,36.1808969,-76.4032445,1996,NORTH CAROLINA,CORN,PRODUCTION,BU,2175000
37143,Perquimans County,36.1808969,-76.4032445,1996,NORTH CAROLINA,COTTON,PRODUCTION,480 LB BALES,17700
37143,Perquimans County,36.1808969,-76.4032445,1996,NORTH CAROLINA,HAY,PRODUCTION,TONS,900
37143,Perquimans County,36.1808969,-76.4032445,1996,NORTH CAROLINA,OATS,PRODUCTION,BU,5000
37143,Perquimans County,36.1808969,-76.4032445,1996,NORTH CAROLINA,PEANUTS,PRODUCTION,LB,8605000
37143,Perquimans County,36.1808969,-76.4032445,1996,NORTH CAROLINA,POTATOES,PRODUCTION,CWT,19600
37143,Perquimans County,36.1808969,-76.4032445,1996,NORTH CAROLINA,SOYBEANS,PRODUCTION,BU,920000
37143,Perquimans County,36.1808969,-76.4032445,1996,NORTH CAROLINA,WHEAT,PRODUCTION,BU,556000
37143,Perquimans County,36.1808969,-76.4032445,1996,NORTH CAROLINA,WHEAT,PRODUCTION,BU,556000
37143,Perquimans County,36.1808969,-76.4032445,1997,NORTH CAROLINA,BARLEY,PRODUCTION,BU,3500
37143,Perquimans County,36.1808969,-76.4032445,1997,NORTH CAROLINA,CORN,PRODUCTION,BU,1778509
37143,Perquimans County,36.1808969,-76.4032445,1997,NORTH CAROLINA,CORN,PRODUCTION,BU,2015000
37143,Perquimans County,36.1808969,-76.4032445,1997,NORTH CAROLINA,COTTON,PRODUCTION,BALES,18162
37143,Perquimans County,36.1808969,-76.4032445,1997,NORTH CAROLINA,COTTON,PRODUCTION,480 LB BALES,17000
37143,Perquimans County,36.1808969,-76.4032445,1997,NORTH CAROLINA,HAY,PRODUCTION,TONS,72
37143,Perquimans County,36.1808969,-76.4032445,1997,NORTH CAROLINA,HAY,PRODUCTION,TONS,225
37143,Perquimans County,36.1808969,-76.4032445,1997,NORTH CAROLINA,HAY,PRODUCTION,TONS,500
37143,Perquimans County,36.1808969,-76.4032445,1997,NORTH CAROLINA,OATS,PRODUCTION,BU,9176
37143,Perquimans County,36.1808969,-76.4032445,1997,NORTH CAROLINA,OATS,PRODUCTION,BU,9000
37143,Perquimans County,36.1808969,-76.4032445,1997,NORTH CAROLINA,PEANUTS,PRODUCTION,LB,7496175
37143,Perquimans County,36.1808969,-76.4032445,1997,NORTH CAROLINA,PEANUTS,PRODUCTION,LB,7840000
37143,Perquimans County,36.1808969,-76.4032445,1997,NORTH CAROLINA,SORGHUM,PRODUCTION,BU,NA
37143,Perquimans County,36.1808969,-76.4032445,1997,NORTH CAROLINA,SORGHUM,PRODUCTION,BU,6100
37143,Perquimans County,36.1808969,-76.4032445,1997,NORTH CAROLINA,SOYBEANS,PRODUCTION,BU,1004743
37143,Perquimans County,36.1808969,-76.4032445,1997,NORTH CAROLINA,SOYBEANS,PRODUCTION,BU,1036000
37143,Perquimans County,36.1808969,-76.4032445,1997,NORTH CAROLINA,WHEAT,PRODUCTION,BU,612595
37143,Perquimans County,36.1808969,-76.4032445,1997,NORTH CAROLINA,WHEAT,PRODUCTION,BU,627000
37143,Perquimans County,36.1808969,-76.4032445,1997,NORTH CAROLINA,WHEAT,PRODUCTION,BU,627000
37143,Perquimans County,36.1808969,-76.4032445,1997,NORTH CAROLINA,WOOL,PRODUCTION,LB,NA
37143,Perquimans County,36.1808969,-76.4032445,1997,NORTH CAROLINA,WOOL,PRODUCTION,OPERATIONS,3
37143,Perquimans County,36.1808969,-76.4032445,1998,NORTH CAROLINA,CORN,PRODUCTION,BU,1810000
37143,Perquimans County,36.1808969,-76.4032445,1998,NORTH CAROLINA,COTTON,PRODUCTION,480 LB BALES,23000
37143,Perquimans County,36.1808969,-76.4032445,1998,NORTH CAROLINA,HAY,PRODUCTION,TONS,600
37143,Perquimans County,36.1808969,-76.4032445,1998,NORTH CAROLINA,OATS,PRODUCTION,BU,22000
37143,Perquimans County,36.1808969,-76.4032445,1998,NORTH CAROLINA,PEANUTS,PRODUCTION,LB,9838000
37143,Perquimans County,36.1808969,-76.4032445,1998,NORTH CAROLINA,SOYBEANS,PRODUCTION,BU,1155000
37143,Perquimans County,36.1808969,-76.4032445,1998,NORTH CAROLINA,WHEAT,PRODUCTION,BU,688000
37143,Perquimans County,36.1808969,-76.4032445,1998,NORTH CAROLINA,WHEAT,PRODUCTION,BU,688000
37143,Perquimans County,36.1808969,-76.4032445,1999,NORTH CAROLINA,CORN,PRODUCTION,BU,1283000
37143,Perquimans County,36.1808969,-76.4032445,1999,NORTH CAROLINA,COTTON,PRODUCTION,480 LB BALES,23400
37143,Perquimans County,36.1808969,-76.4032445,1999,NORTH CAROLINA,HAY,PRODUCTION,TONS,700
37143,Perquimans County,36.1808969,-76.4032445,1999,NORTH CAROLINA,PEANUTS,PRODUCTION,LB,8276000
37143,Perquimans County,36.1808969,-76.4032445,1999,NORTH CAROLINA,SOYBEANS,PRODUCTION,BU,693000
37143,Perquimans County,36.1808969,-76.4032445,1999,NORTH CAROLINA,WHEAT,PRODUCTION,BU,748000
37143,Perquimans County,36.1808969,-76.4032445,1999,NORTH CAROLINA,WHEAT,PRODUCTION,BU,748000
37143,Perquimans County,36.1808969,-76.4032445,2000,NORTH CAROLINA,CORN,PRODUCTION,BU,1557000
37143,Perquimans County,36.1808969,-76.4032445,2000,NORTH CAROLINA,COTTON,PRODUCTION,480 LB BALES,30000
37143,Perquimans County,36.1808969,-76.4032445,2000,NORTH CAROLINA,HAY,PRODUCTION,TONS,800
37143,Perquimans County,36.1808969,-76.4032445,2000,NORTH CAROLINA,OATS,PRODUCTION,BU,22000
37143,Perquimans County,36.1808969,-76.4032445,2000,NORTH CAROLINA,PEANUTS,PRODUCTION,LB,8245000
37143,Perquimans County,36.1808969,-76.4032445,2000,NORTH CAROLINA,SORGHUM,PRODUCTION,BU,27500
37143,Perquimans County,36.1808969,-76.4032445,2000,NORTH CAROLINA,SOYBEANS,PRODUCTION,BU,1128000
37143,Perquimans County,36.1808969,-76.4032445,2000,NORTH CAROLINA,WHEAT,PRODUCTION,BU,594000
37143,Perquimans County,36.1808969,-76.4032445,2000,NORTH CAROLINA,WHEAT,PRODUCTION,BU,594000
37095,Hyde County,35.4081567,-76.1536867,1996,NORTH CAROLINA,CORN,PRODUCTION,BU,3575000
37095,Hyde County,35.4081567,-76.1536867,1996,NORTH CAROLINA,COTTON,PRODUCTION,480 LB BALES,6300
37095,Hyde County,35.4081567,-76.1536867,1996,NORTH CAROLINA,HAY,PRODUCTION,TONS,600
37095,Hyde County,35.4081567,-76.1536867,1996,NORTH CAROLINA,POTATOES,PRODUCTION,CWT,57800
37095,Hyde County,35.4081567,-76.1536867,1996,NORTH CAROLINA,SORGHUM,PRODUCTION,BU,10000
37095,Hyde County,35.4081567,-76.1536867,1996,NORTH CAROLINA,SOYBEANS,PRODUCTION,BU,826000
37095,Hyde County,35.4081567,-76.1536867,1996,NORTH CAROLINA,WHEAT,PRODUCTION,BU,720000
37095,Hyde County,35.4081567,-76.1536867,1996,NORTH CAROLINA,WHEAT,PRODUCTION,BU,720000
37095,Hyde County,35.4081567,-76.1536867,1997,NORTH CAROLINA,CORN,PRODUCTION,BU,4101717
37095,Hyde County,35.4081567,-76.1536867,1997,NORTH CAROLINA,CORN,PRODUCTION,BU,3500000
37095,Hyde County,35.4081567,-76.1536867,1997,NORTH CAROLINA,COTTON,PRODUCTION,BALES,8551
37095,Hyde County,35.4081567,-76.1536867,1997,NORTH CAROLINA,COTTON,PRODUCTION,480 LB BALES,11400
37095,Hyde County,35.4081567,-76.1536867,1997,NORTH CAROLINA,HAY,PRODUCTION,TONS,NA
37095,Hyde County,35.4081567,-76.1536867,1997,NORTH CAROLINA,HAY,PRODUCTION,TONS,600
37095,Hyde County,35.4081567,-76.1536867,1997,NORTH CAROLINA,POTATOES,PRODUCTION,CWT,48500
37095,Hyde County,35.4081567,-76.1536867,1997,NORTH CAROLINA,SORGHUM,PRODUCTION,BU,2340
37095,Hyde County,35.4081567,-76.1536867,1997,NORTH CAROLINA,SORGHUM,PRODUCTION,BU,3300
37095,Hyde County,35.4081567,-76.1536867,1997,NORTH CAROLINA,SOYBEANS,PRODUCTION,BU,1393517
37095,Hyde County,35.4081567,-76.1536867,1997,NORTH CAROLINA,SOYBEANS,PRODUCTION,BU,1350000
37095,Hyde County,35.4081567,-76.1536867,1997,NORTH CAROLINA,WHEAT,PRODUCTION,BU,987892
37095,Hyde County,35.4081567,-76.1536867,1997,NORTH CAROLINA,WHEAT,PRODUCTION,BU,1098000
37095,Hyde County,35.4081567,-76.1536867,1997,NORTH CAROLINA,WHEAT,PRODUCTION,BU,1098000
37095,Hyde County,35.4081567,-76.1536867,1998,NORTH CAROLINA,CORN,PRODUCTION,BU,2410000
37095,Hyde County,35.4081567,-76.1536867,1998,NORTH CAROLINA,COTTON,PRODUCTION,480 LB BALES,17000
37095,Hyde County,35.4081567,-76.1536867,1998,NORTH CAROLINA,HAY,PRODUCTION,TONS,600
37095,Hyde County,35.4081567,-76.1536867,1998,NORTH CAROLINA,POTATOES,PRODUCTION,CWT,48400
37095,Hyde County,35.4081567,-76.1536867,1998,NORTH CAROLINA,SORGHUM,PRODUCTION,BU,27000
37095,Hyde County,35.4081567,-76.1536867,1998,NORTH CAROLINA,SOYBEANS,PRODUCTION,BU,1188000
37095,Hyde County,35.4081567,-76.1536867,1998,NORTH CAROLINA,WHEAT,PRODUCTION,BU,948000
37095,Hyde County,35.4081567,-76.1536867,1998,NORTH CAROLINA,WHEAT,PRODUCTION,BU,948000
37095,Hyde County,35.4081567,-76.1536867,1999,NORTH CAROLINA,CORN,PRODUCTION,BU,2002000
37095,Hyde County,35.4081567,-76.1536867,1999,NORTH CAROLINA,COTTON,PRODUCTION,480 LB BALES,13500
37095,Hyde County,35.4081567,-76.1536867,1999,NORTH CAROLINA,HAY,PRODUCTION,TONS,600
37095,Hyde County,35.4081567,-76.1536867,1999,NORTH CAROLINA,POTATOES,PRODUCTION,CWT,46100
37095,Hyde County,35.4081567,-76.1536867,1999,NORTH CAROLINA,SORGHUM,PRODUCTION,BU,24500
37095,Hyde County,35.4081567,-76.1536867,1999,NORTH CAROLINA,SOYBEANS,PRODUCTION,BU,291000
37095,Hyde County,35.4081567,-76.1536867,1999,NORTH CAROLINA,WHEAT,PRODUCTION,BU,583000
37095,Hyde County,35.4081567,-76.1536867,1999,NORTH CAROLINA,WHEAT,PRODUCTION,BU,583000
37095,Hyde County,35.4081567,-76.1536867,2000,NORTH CAROLINA,CORN,PRODUCTION,BU,3462000
37095,Hyde County,35.4081567,-76.1536867,2000,NORTH CAROLINA,COTTON,PRODUCTION,480 LB BALES,28000
37095,Hyde County,35.4081567,-76.1536867,2000,NORTH CAROLINA,HAY,PRODUCTION,TONS,800
37095,Hyde County,35.4081567,-76.1536867,2000,NORTH CAROLINA,POTATOES,PRODUCTION,CWT,50800
37095,Hyde County,35.4081567,-76.1536867,2000,NORTH CAROLINA,SOYBEANS,PRODUCTION,BU,1125000
37095,Hyde County,35.4081567,-76.1536867,2000,NORTH CAROLINA,WHEAT,PRODUCTION,BU,448000
37095,Hyde County,35.4081567,-76.1536867,2000,NORTH CAROLINA,WHEAT,PRODUCTION,BU,448000
37071,Gaston County,35.2928335,-81.1773638,1996,NORTH CAROLINA,BARLEY,PRODUCTION,BU,27000
37071,Gaston County,35.2928335,-81.1773638,1996,NORTH CAROLINA,CORN,PRODUCTION,BU,40000
37071,Gaston County,35.2928335,-81.1773638,1996,NORTH CAROLINA,CORN,PRODUCTION,TONS,14600
37071,Gaston County,35.2928335,-81.1773638,1996,NORTH CAROLINA,HAY,PRODUCTION,TONS,13100
37071,Gaston County,35.2928335,-81.1773638,1996,NORTH CAROLINA,OATS,PRODUCTION,BU,39000
37071,Gaston County,35.2928335,-81.1773638,1996,NORTH CAROLINA,POTATOES,PRODUCTION,CWT,900
37071,Gaston County,35.2928335,-81.1773638,1996,NORTH CAROLINA,SOYBEANS,PRODUCTION,BU,64000
37071,Gaston County,35.2928335,-81.1773638,1996,NORTH CAROLINA,WHEAT,PRODUCTION,BU,42000
37071,Gaston County,35.2928335,-81.1773638,1996,NORTH CAROLINA,WHEAT,PRODUCTION,BU,42000
37071,Gaston County,35.2928335,-81.1773638,1997,NORTH CAROLINA,BARLEY,PRODUCTION,BU,7680
37071,Gaston County,35.2928335,-81.1773638,1997,NORTH CAROLINA,BARLEY,PRODUCTION,BU,23800
37071,Gaston County,35.2928335,-81.1773638,1997,NORTH CAROLINA,CORN,PRODUCTION,BU,62980
37071,Gaston County,35.2928335,-81.1773638,1997,NORTH CAROLINA,CORN,PRODUCTION,TONS,8514
37071,Gaston County,35.2928335,-81.1773638,1997,NORTH CAROLINA,CORN,PRODUCTION,BU,60000
37071,Gaston County,35.2928335,-81.1773638,1997,NORTH CAROLINA,CORN,PRODUCTION,TONS,15000
37071,Gaston County,35.2928335,-81.1773638,1997,NORTH CAROLINA,HAY,PRODUCTION,TONS,659
37071,Gaston County,35.2928335,-81.1773638,1997,NORTH CAROLINA,HAY,PRODUCTION,TONS,864
37071,Gaston County,35.2928335,-81.1773638,1997,NORTH CAROLINA,HAY,PRODUCTION,TONS,9199
37071,Gaston County,35.2928335,-81.1773638,1997,NORTH CAROLINA,HAY,PRODUCTION,TONS,622
37071,Gaston County,35.2928335,-81.1773638,1997,NORTH CAROLINA,HAY,PRODUCTION,TONS,13900
37071,Gaston County,35.2928335,-81.1773638,1997,NORTH CAROLINA,HAYLAGE,PRODUCTION,TONS,2355
37071,Gaston County,35.2928335,-81.1773638,1997,NORTH CAROLINA,OATS,PRODUCTION,BU,7990
37071,Gaston County,35.2928335,-81.1773638,1997,NORTH CAROLINA,OATS,PRODUCTION,BU,22000
37071,Gaston County,35.2928335,-81.1773638,1997,NORTH CAROLINA,SORGHUM,PRODUCTION,BU,8600
37071,Gaston County,35.2928335,-81.1773638,1997,NORTH CAROLINA,SOYBEANS,PRODUCTION,BU,33360
37071,Gaston County,35.2928335,-81.1773638,1997,NORTH CAROLINA,SOYBEANS,PRODUCTION,BU,36000
37071,Gaston County,35.2928335,-81.1773638,1997,NORTH CAROLINA,WHEAT,PRODUCTION,BU,30357
37071,Gaston County,35.2928335,-81.1773638,1997,NORTH CAROLINA,WHEAT,PRODUCTION,BU,55000
37071,Gaston County,35.2928335,-81.1773638,1997,NORTH CAROLINA,WHEAT,PRODUCTION,BU,55000
37071,Gaston County,35.2928335,-81.1773638,1997,NORTH CAROLINA,WOOL,PRODUCTION,LB,NA
37071,Gaston County,35.2928335,-81.1773638,1997,NORTH CAROLINA,WOOL,PRODUCTION,OPERATIONS,1
37071,Gaston County,35.2928335,-81.1773638,1998,NORTH CAROLINA,BARLEY,PRODUCTION,BU,28400
37071,Gaston County,35.2928335,-81.1773638,1998,NORTH CAROLINA,CORN,PRODUCTION,BU,8800
37071,Gaston County,35.2928335,-81.1773638,1998,NORTH CAROLINA,CORN,PRODUCTION,TONS,14500
37071,Gaston County,35.2928335,-81.1773638,1998,NORTH CAROLINA,HAY,PRODUCTION,TONS,13000
37071,Gaston County,35.2928335,-81.1773638,1998,NORTH CAROLINA,OATS,PRODUCTION,BU,13000
37071,Gaston County,35.2928335,-81.1773638,1998,NORTH CAROLINA,SOYBEANS,PRODUCTION,BU,15000
37071,Gaston County,35.2928335,-81.1773638,1998,NORTH CAROLINA,WHEAT,PRODUCTION,BU,35000
37071,Gaston County,35.2928335,-81.1773638,1998,NORTH CAROLINA,WHEAT,PRODUCTION,BU,35000
37071,Gaston County,35.2928335,-81.1773638,1999,NORTH CAROLINA,CORN,PRODUCTION,BU,15000
37071,Gaston County,35.2928335,-81.1773638,1999,NORTH CAROLINA,CORN,PRODUCTION,TONS,21300
37071,Gaston County,35.2928335,-81.1773638,1999,NORTH CAROLINA,HAY,PRODUCTION,TONS,11400
37071,Gaston County,35.2928335,-81.1773638,1999,NORTH CAROLINA,OATS,PRODUCTION,BU,23000
37071,Gaston County,35.2928335,-81.1773638,1999,NORTH CAROLINA,SOYBEANS,PRODUCTION,BU,11000
37071,Gaston County,35.2928335,-81.1773638,1999,NORTH CAROLINA,WHEAT,PRODUCTION,BU,24000
37071,Gaston County,35.2928335,-81.1773638,1999,NORTH CAROLINA,WHEAT,PRODUCTION,BU,24000
37071,Gaston County,35.2928335,-81.1773638,2000,NORTH CAROLINA,HAY,PRODUCTION,TONS,12200
37071,Gaston County,35.2928335,-81.1773638,2000,NORTH CAROLINA,SOYBEANS,PRODUCTION,BU,9000
37071,Gaston County,35.2928335,-81.1773638,2000,NORTH CAROLINA,WHEAT,PRODUCTION,BU,32000
37071,Gaston County,35.2928335,-81.1773638,2000,NORTH CAROLINA,WHEAT,PRODUCTION,BU,32000
37101,Johnston County,35.5134188,-78.3673482,1996,NORTH CAROLINA,CORN,PRODUCTION,BU,1462000
37101,Johnston County,35.5134188,-78.3673482,1996,NORTH CAROLINA,COTTON,PRODUCTION,480 LB BALES,19500
37101,Johnston County,35.5134188,-78.3673482,1996,NORTH CAROLINA,HAY,PRODUCTION,TONS,24700
37101,Johnston County,35.5134188,-78.3673482,1996,NORTH CAROLINA,OATS,PRODUCTION,BU,37000
37101,Johnston County,35.5134188,-78.3673482,1996,NORTH CAROLINA,PEANUTS,PRODUCTION,LB,245000
37101,Johnston County,35.5134188,-78.3673482,1996,NORTH CAROLINA,POTATOES,PRODUCTION,CWT,30900
37101,Johnston County,35.5134188,-78.3673482,1996,NORTH CAROLINA,SORGHUM,PRODUCTION,BU,5300
37101,Johnston County,35.5134188,-78.3673482,1996,NORTH CAROLINA,SOYBEANS,PRODUCTION,BU,1292000
37101,Johnston County,35.5134188,-78.3673482,1996,NORTH CAROLINA,SWEET POTATOES,PRODUCTION,CWT,802000
37101,Johnston County,35.5134188,-78.3673482,1996,NORTH CAROLINA,TOBACCO,PRODUCTION,LB,27967000
37101,Johnston County,35.5134188,-78.3673482,1996,NORTH CAROLINA,WHEAT,PRODUCTION,BU,604000
37101,Johnston County,35.5134188,-78.3673482,1996,NORTH CAROLINA,WHEAT,PRODUCTION,BU,604000
37101,Johnston County,35.5134188,-78.3673482,1997,NORTH CAROLINA,BARLEY,PRODUCTION,BU,3800
37101,Johnston County,35.5134188,-78.3673482,1997,NORTH CAROLINA,BARLEY,PRODUCTION,BU,3600
37101,Johnston County,35.5134188,-78.3673482,1997,NORTH CAROLINA,CORN,PRODUCTION,BU,905321
37101,Johnston County,35.5134188,-78.3673482,1997,NORTH CAROLINA,CORN,PRODUCTION,TONS,4160
37101,Johnston County,35.5134188,-78.3673482,1997,NORTH CAROLINA,CORN,PRODUCTION,BU,1075000
37101,Johnston County,35.5134188,-78.3673482,1997,NORTH CAROLINA,CORN,PRODUCTION,TONS,2400
37101,Johnston County,35.5134188,-78.3673482,1997,NORTH CAROLINA,COTTON,PRODUCTION,BALES,17114
37101,Johnston County,35.5134188,-78.3673482,1997,NORTH CAROLINA,COTTON,PRODUCTION,480 LB BALES,15300
37101,Johnston County,35.5134188,-78.3673482,1997,NORTH CAROLINA,HAY,PRODUCTION,TONS,98
37101,Johnston County,35.5134188,-78.3673482,1997,NORTH CAROLINA,HAY,PRODUCTION,TONS,3365
37101,Johnston County,35.5134188,-78.3673482,1997,NORTH CAROLINA,HAY,PRODUCTION,TONS,15101
37101,Johnston County,35.5134188,-78.3673482,1997,NORTH CAROLINA,HAY,PRODUCTION,TONS,505
37101,Johnston County,35.5134188,-78.3673482,1997,NORTH CAROLINA,HAY,PRODUCTION,TONS,22100
37101,Johnston County,35.5134188,-78.3673482,1997,NORTH CAROLINA,HAYLAGE,PRODUCTION,TONS,187
37101,Johnston County,35.5134188,-78.3673482,1997,NORTH CAROLINA,OATS,PRODUCTION,BU,48744
37101,Johnston County,35.5134188,-78.3673482,1997,NORTH CAROLINA,OATS,PRODUCTION,BU,57000
37101,Johnston County,35.5134188,-78.3673482,1997,NORTH CAROLINA,PEANUTS,PRODUCTION,LB,197180
37101,Johnston County,35.5134188,-78.3673482,1997,NORTH CAROLINA,PEANUTS,PRODUCTION,LB,155000
37101,Johnston County,35.5134188,-78.3673482,1997,NORTH CAROLINA,POTATOES,PRODUCTION,CWT,44841
37101,Johnston County,35.5134188,-78.3673482,1997,NORTH CAROLINA,POTATOES,PRODUCTION,CWT,42700
37101,Johnston County,35.5134188,-78.3673482,1997,NORTH CAROLINA,RYE,PRODUCTION,BU,21400
37101,Johnston County,35.5134188,-78.3673482,1997,NORTH CAROLINA,SORGHUM,PRODUCTION,BU,6815
37101,Johnston County,35.5134188,-78.3673482,1997,NORTH CAROLINA,SORGHUM,PRODUCTION,BU,8200
37101,Johnston County,35.5134188,-78.3673482,1997,NORTH CAROLINA,SOYBEANS,PRODUCTION,BU,1107164
37101,Johnston County,35.5134188,-78.3673482,1997,NORTH CAROLINA,SOYBEANS,PRODUCTION,BU,1264000
37101,Johnston County,35.5134188,-78.3673482,1997,NORTH CAROLINA,SWEET POTATOES,PRODUCTION,CWT,1061506
37101,Johnston County,35.5134188,-78.3673482,1997,NORTH CAROLINA,SWEET POTATOES,PRODUCTION,CWT,1074000
37101,Johnston County,35.5134188,-78.3673482,1997,NORTH CAROLINA,TOBACCO,PRODUCTION,LB,37314602
37101,Johnston County,35.5134188,-78.3673482,1997,NORTH CAROLINA,TOBACCO,PRODUCTION,LB,38591000
37101,Johnston County,35.5134188,-78.3673482,1997,NORTH CAROLINA,WHEAT,PRODUCTION,BU,639631
37101,Johnston County,35.5134188,-78.3673482,1997,NORTH CAROLINA,WHEAT,PRODUCTION,BU,700000
37101,Johnston County,35.5134188,-78.3673482,1997,NORTH CAROLINA,WHEAT,PRODUCTION,BU,700000
37101,Johnston County,35.5134188,-78.3673482,1997,NORTH CAROLINA,WOOL,PRODUCTION,LB,290
37101,Johnston County,35.5134188,-78.3673482,1997,NORTH CAROLINA,WOOL,PRODUCTION,OPERATIONS,7
37101,Johnston County,35.5134188,-78.3673482,1998,NORTH CAROLINA,CORN,PRODUCTION,BU,435000
37101,Johnston County,35.5134188,-78.3673482,1998,NORTH CAROLINA,COTTON,PRODUCTION,480 LB BALES,13000
37101,Johnston County,35.5134188,-78.3673482,1998,NORTH CAROLINA,HAY,PRODUCTION,TONS,18600
37101,Johnston County,35.5134188,-78.3673482,1998,NORTH CAROLINA,OATS,PRODUCTION,BU,49000
37101,Johnston County,35.5134188,-78.3673482,1998,NORTH CAROLINA,PEANUTS,PRODUCTION,LB,188000
37101,Johnston County,35.5134188,-78.3673482,1998,NORTH CAROLINA,SOYBEANS,PRODUCTION,BU,1156000
37101,Johnston County,35.5134188,-78.3673482,1998,NORTH CAROLINA,SWEET POTATOES,PRODUCTION,CWT,1057900
37101,Johnston County,35.5134188,-78.3673482,1998,NORTH CAROLINA,TOBACCO,PRODUCTION,LB,27843000
37101,Johnston County,35.5134188,-78.3673482,1998,NORTH CAROLINA,WHEAT,PRODUCTION,BU,580000
37101,Johnston County,35.5134188,-78.3673482,1998,NORTH CAROLINA,WHEAT,PRODUCTION,BU,580000
37101,Johnston County,35.5134188,-78.3673482,1999,NORTH CAROLINA,CORN,PRODUCTION,BU,323000
37101,Johnston County,35.5134188,-78.3673482,1999,NORTH CAROLINA,COTTON,PRODUCTION,480 LB BALES,12400
37101,Johnston County,35.5134188,-78.3673482,1999,NORTH CAROLINA,HAY,PRODUCTION,TONS,19500
37101,Johnston County,35.5134188,-78.3673482,1999,NORTH CAROLINA,OATS,PRODUCTION,BU,98000
37101,Johnston County,35.5134188,-78.3673482,1999,NORTH CAROLINA,PEANUTS,PRODUCTION,LB,145000
37101,Johnston County,35.5134188,-78.3673482,1999,NORTH CAROLINA,SORGHUM,PRODUCTION,BU,7000
37101,Johnston County,35.5134188,-78.3673482,1999,NORTH CAROLINA,SOYBEANS,PRODUCTION,BU,941000
37101,Johnston County,35.5134188,-78.3673482,1999,NORTH CAROLINA,SWEET POTATOES,PRODUCTION,CWT,785000
37101,Johnston County,35.5134188,-78.3673482,1999,NORTH CAROLINA,TOBACCO,PRODUCTION,LB,21290000
37101,Johnston County,35.5134188,-78.3673482,1999,NORTH CAROLINA,WHEAT,PRODUCTION,BU,566000
37101,Johnston County,35.5134188,-78.3673482,1999,NORTH CAROLINA,WHEAT,PRODUCTION,BU,566000
37101,Johnston County,35.5134188,-78.3673482,2000,NORTH CAROLINA,CORN,PRODUCTION,BU,845000
37101,Johnston County,35.5134188,-78.3673482,2000,NORTH CAROLINA,COTTON,PRODUCTION,480 LB BALES,28400
37101,Johnston County,35.5134188,-78.3673482,2000,NORTH CAROLINA,HAY,PRODUCTION,TONS,33000
37101,Johnston County,35.5134188,-78.3673482,2000,NORTH CAROLINA,OATS,PRODUCTION,BU,102000
37101,Johnston County,35.5134188,-78.3673482,2000,NORTH CAROLINA,PEANUTS,PRODUCTION,LB,176000
37101,Johnston County,35.5134188,-78.3673482,2000,NORTH CAROLINA,SOYBEANS,PRODUCTION,BU,1989000
37101,Johnston County,35.5134188,-78.3673482,2000,NORTH CAROLINA,SWEET POTATOES,PRODUCTION,CWT,1020000
37101,Johnston County,35.5134188,-78.3673482,2000,NORTH CAROLINA,TOBACCO,PRODUCTION,LB,22679000
37101,Johnston County,35.5134188,-78.3673482,2000,NORTH CAROLINA,WHEAT,PRODUCTION,BU,486000
37101,Johnston County,35.5134188,-78.3673482,2000,NORTH CAROLINA,WHEAT,PRODUCTION,BU,486000
37015,Bertie County,36.0590432,-76.9623641,1996,NORTH CAROLINA,CORN,PRODUCTION,BU,2135000
37015,Bertie County,36.0590432,-76.9623641,1996,NORTH CAROLINA,COTTON,PRODUCTION,480 LB BALES,54200
37015,Bertie County,36.0590432,-76.9623641,1996,NORTH CAROLINA,HAY,PRODUCTION,TONS,800
37015,Bertie County,36.0590432,-76.9623641,1996,NORTH CAROLINA,OATS,PRODUCTION,BU,600
37015,Bertie County,36.0590432,-76.9623641,1996,NORTH CAROLINA,PEANUTS,PRODUCTION,LB,46540000
37015,Bertie County,36.0590432,-76.9623641,1996,NORTH CAROLINA,SORGHUM,PRODUCTION,BU,18000
37015,Bertie County,36.0590432,-76.9623641,1996,NORTH CAROLINA,SOYBEANS,PRODUCTION,BU,370000
37015,Bertie County,36.0590432,-76.9623641,1996,NORTH CAROLINA,TOBACCO,PRODUCTION,LB,6282000
37015,Bertie County,36.0590432,-76.9623641,1996,NORTH CAROLINA,WHEAT,PRODUCTION,BU,113000
37015,Bertie County,36.0590432,-76.9623641,1996,NORTH CAROLINA,WHEAT,PRODUCTION,BU,113000
37015,Bertie County,36.0590432,-76.9623641,1997,NORTH CAROLINA,BARLEY,PRODUCTION,BU,3500
37015,Bertie County,36.0590432,-76.9623641,1997,NORTH CAROLINA,CORN,PRODUCTION,BU,1614517
37015,Bertie County,36.0590432,-76.9623641,1997,NORTH CAROLINA,CORN,PRODUCTION,BU,1825000
37015,Bertie County,36.0590432,-76.9623641,1997,NORTH CAROLINA,COTTON,PRODUCTION,BALES,46366
37015,Bertie County,36.0590432,-76.9623641,1997,NORTH CAROLINA,COTTON,PRODUCTION,480 LB BALES,46000
37015,Bertie County,36.0590432,-76.9623641,1997,NORTH CAROLINA,HAY,PRODUCTION,TONS,NA
37015,Bertie County,36.0590432,-76.9623641,1997,NORTH CAROLINA,HERBS,PRODUCTION,LB,1150000
37015,Bertie County,36.0590432,-76.9623641,1997,NORTH CAROLINA,OATS,PRODUCTION,BU,4000
37015,Bertie County,36.0590432,-76.9623641,1997,NORTH CAROLINA,PEANUTS,PRODUCTION,LB,45744354
37015,Bertie County,36.0590432,-76.9623641,1997,NORTH CAROLINA,PEANUTS,PRODUCTION,LB,46190000
37015,Bertie County,36.0590432,-76.9623641,1997,NORTH CAROLINA,SORGHUM,PRODUCTION,BU,11271
37015,Bertie County,36.0590432,-76.9623641,1997,NORTH CAROLINA,SORGHUM,PRODUCTION,BU,12300
37015,Bertie County,36.0590432,-76.9623641,1997,NORTH CAROLINA,SOYBEANS,PRODUCTION,BU,313650
37015,Bertie County,36.0590432,-76.9623641,1997,NORTH CAROLINA,SOYBEANS,PRODUCTION,BU,347000
37015,Bertie County,36.0590432,-76.9623641,1997,NORTH CAROLINA,TOBACCO,PRODUCTION,LB,8748168
37015,Bertie County,36.0590432,-76.9623641,1997,NORTH CAROLINA,TOBACCO,PRODUCTION,LB,8999000
37015,Bertie County,36.0590432,-76.9623641,1997,NORTH CAROLINA,WHEAT,PRODUCTION,BU,134119
37015,Bertie County,36.0590432,-76.9623641,1997,NORTH CAROLINA,WHEAT,PRODUCTION,BU,178000
37015,Bertie County,36.0590432,-76.9623641,1997,NORTH CAROLINA,WHEAT,PRODUCTION,BU,178000
37015,Bertie County,36.0590432,-76.9623641,1998,NORTH CAROLINA,CORN,PRODUCTION,BU,1859000
37015,Bertie County,36.0590432,-76.9623641,1998,NORTH CAROLINA,COTTON,PRODUCTION,480 LB BALES,55000
37015,Bertie County,36.0590432,-76.9623641,1998,NORTH CAROLINA,PEANUTS,PRODUCTION,LB,51448000
37015,Bertie County,36.0590432,-76.9623641,1998,NORTH CAROLINA,SOYBEANS,PRODUCTION,BU,586000
37015,Bertie County,36.0590432,-76.9623641,1998,NORTH CAROLINA,TOBACCO,PRODUCTION,LB,6893000
37015,Bertie County,36.0590432,-76.9623641,1998,NORTH CAROLINA,WHEAT,PRODUCTION,BU,155000
37015,Bertie County,36.0590432,-76.9623641,1998,NORTH CAROLINA,WHEAT,PRODUCTION,BU,155000
37015,Bertie County,36.0590432,-76.9623641,1999,NORTH CAROLINA,CORN,PRODUCTION,BU,1338000
37015,Bertie County,36.0590432,-76.9623641,1999,NORTH CAROLINA,COTTON,PRODUCTION,480 LB BALES,38800
37015,Bertie County,36.0590432,-76.9623641,1999,NORTH CAROLINA,HAY,PRODUCTION,TONS,400
37015,Bertie County,36.0590432,-76.9623641,1999,NORTH CAROLINA,PEANUTS,PRODUCTION,LB,40116000
37015,Bertie County,36.0590432,-76.9623641,1999,NORTH CAROLINA,SOYBEANS,PRODUCTION,BU,369000
37015,Bertie County,36.0590432,-76.9623641,1999,NORTH CAROLINA,TOBACCO,PRODUCTION,LB,4883000
37015,Bertie County,36.0590432,-76.9623641,1999,NORTH CAROLINA,WHEAT,PRODUCTION,BU,181000
37015,Bertie County,36.0590432,-76.9623641,1999,NORTH CAROLINA,WHEAT,PRODUCTION,BU,181000
37015,Bertie County,36.0590432,-76.9623641,2000,NORTH CAROLINA,CORN,PRODUCTION,BU,2105000
37015,Bertie County,36.0590432,-76.9623641,2000,NORTH CAROLINA,COTTON,PRODUCTION,480 LB BALES,58500
37015,Bertie County,36.0590432,-76.9623641,2000,NORTH CAROLINA,HAY,PRODUCTION,TONS,500
37015,Bertie County,36.0590432,-76.9623641,2000,NORTH CAROLINA,PEANUTS,PRODUCTION,LB,43731000
37015,Bertie County,36.0590432,-76.9623641,2000,NORTH CAROLINA,SORGHUM,PRODUCTION,BU,26000
37015,Bertie County,36.0590432,-76.9623641,2000,NORTH CAROLINA,SOYBEANS,PRODUCTION,BU,431000
37015,Bertie County,36.0590432,-76.9623641,2000,NORTH CAROLINA,TOBACCO,PRODUCTION,LB,3973000
37015,Bertie County,36.0590432,-76.9623641,2000,NORTH CAROLINA,WHEAT,PRODUCTION,BU,103000
37015,Bertie County,36.0590432,-76.9623641,2000,NORTH CAROLINA,WHEAT,PRODUCTION,BU,103000
37167,Stanly County,35.3104492,-80.2543742,1996,NORTH CAROLINA,BARLEY,PRODUCTION,BU,71000
37167,Stanly County,35.3104492,-80.2543742,1996,NORTH CAROLINA,CORN,PRODUCTION,BU,1335000
37167,Stanly County,35.3104492,-80.2543742,1996,NORTH CAROLINA,CORN,PRODUCTION,TONS,12000
37167,Stanly County,35.3104492,-80.2543742,1996,NORTH CAROLINA,COTTON,PRODUCTION,480 LB BALES,9200
37167,Stanly County,35.3104492,-80.2543742,1996,NORTH CAROLINA,HAY,PRODUCTION,TONS,26400
37167,Stanly County,35.3104492,-80.2543742,1996,NORTH CAROLINA,OATS,PRODUCTION,BU,11000
37167,Stanly County,35.3104492,-80.2543742,1996,NORTH CAROLINA,SORGHUM,PRODUCTION,BU,2700
37167,Stanly County,35.3104492,-80.2543742,1996,NORTH CAROLINA,SOYBEANS,PRODUCTION,BU,658000
37167,Stanly County,35.3104492,-80.2543742,1996,NORTH CAROLINA,WHEAT,PRODUCTION,BU,496000
37167,Stanly County,35.3104492,-80.2543742,1996,NORTH CAROLINA,WHEAT,PRODUCTION,BU,496000
37167,Stanly County,35.3104492,-80.2543742,1997,NORTH CAROLINA,BARLEY,PRODUCTION,BU,66310
37167,Stanly County,35.3104492,-80.2543742,1997,NORTH CAROLINA,BARLEY,PRODUCTION,BU,77700
37167,Stanly County,35.3104492,-80.2543742,1997,NORTH CAROLINA,CORN,PRODUCTION,BU,1174933
37167,Stanly County,35.3104492,-80.2543742,1997,NORTH CAROLINA,CORN,PRODUCTION,TONS,12474
37167,Stanly County,35.3104492,-80.2543742,1997,NORTH CAROLINA,CORN,PRODUCTION,BU,1340000
37167,Stanly County,35.3104492,-80.2543742,1997,NORTH CAROLINA,CORN,PRODUCTION,TONS,13000
37167,Stanly County,35.3104492,-80.2543742,1997,NORTH CAROLINA,COTTON,PRODUCTION,BALES,9447
37167,Stanly County,35.3104492,-80.2543742,1997,NORTH CAROLINA,COTTON,PRODUCTION,480 LB BALES,9900
37167,Stanly County,35.3104492,-80.2543742,1997,NORTH CAROLINA,GRASSES,PRODUCTION,LB,17550
37167,Stanly County,35.3104492,-80.2543742,1997,NORTH CAROLINA,HAY,PRODUCTION,TONS,1648
37167,Stanly County,35.3104492,-80.2543742,1997,NORTH CAROLINA,HAY,PRODUCTION,TONS,4560
37167,Stanly County,35.3104492,-80.2543742,1997,NORTH CAROLINA,HAY,PRODUCTION,TONS,15560
37167,Stanly County,35.3104492,-80.2543742,1997,NORTH CAROLINA,HAY,PRODUCTION,TONS,818
37167,Stanly County,35.3104492,-80.2543742,1997,NORTH CAROLINA,HAY,PRODUCTION,TONS,26000
37167,Stanly County,35.3104492,-80.2543742,1997,NORTH CAROLINA,HAYLAGE,PRODUCTION,TONS,2253
37167,Stanly County,35.3104492,-80.2543742,1997,NORTH CAROLINA,OATS,PRODUCTION,BU,56701
37167,Stanly County,35.3104492,-80.2543742,1997,NORTH CAROLINA,OATS,PRODUCTION,BU,57000
37167,Stanly County,35.3104492,-80.2543742,1997,NORTH CAROLINA,SORGHUM,PRODUCTION,BU,NA
37167,Stanly County,35.3104492,-80.2543742,1997,NORTH CAROLINA,SORGHUM,PRODUCTION,BU,3600
37167,Stanly County,35.3104492,-80.2543742,1997,NORTH CAROLINA,SOYBEANS,PRODUCTION,BU,470839
37167,Stanly County,35.3104492,-80.2543742,1997,NORTH CAROLINA,SOYBEANS,PRODUCTION,BU,614000
37167,Stanly County,35.3104492,-80.2543742,1997,NORTH CAROLINA,WHEAT,PRODUCTION,BU,477439
37167,Stanly County,35.3104492,-80.2543742,1997,NORTH CAROLINA,WHEAT,PRODUCTION,BU,664000
37167,Stanly County,35.3104492,-80.2543742,1997,NORTH CAROLINA,WHEAT,PRODUCTION,BU,664000
37167,Stanly County,35.3104492,-80.2543742,1997,NORTH CAROLINA,WOOL,PRODUCTION,LB,1069
37167,Stanly County,35.3104492,-80.2543742,1997,NORTH CAROLINA,WOOL,PRODUCTION,OPERATIONS,8
37167,Stanly County,35.3104492,-80.2543742,1998,NORTH CAROLINA,BARLEY,PRODUCTION,BU,56300
37167,Stanly County,35.3104492,-80.2543742,1998,NORTH CAROLINA,CORN,PRODUCTION,BU,806000
37167,Stanly County,35.3104492,-80.2543742,1998,NORTH CAROLINA,CORN,PRODUCTION,TONS,5500
37167,Stanly County,35.3104492,-80.2543742,1998,NORTH CAROLINA,COTTON,PRODUCTION,480 LB BALES,10500
37167,Stanly County,35.3104492,-80.2543742,1998,NORTH CAROLINA,HAY,PRODUCTION,TONS,33300
37167,Stanly County,35.3104492,-80.2543742,1998,NORTH CAROLINA,OATS,PRODUCTION,BU,27000
37167,Stanly County,35.3104492,-80.2543742,1998,NORTH CAROLINA,SOYBEANS,PRODUCTION,BU,464000
37167,Stanly County,35.3104492,-80.2543742,1998,NORTH CAROLINA,WHEAT,PRODUCTION,BU,427000
37167,Stanly County,35.3104492,-80.2543742,1998,NORTH CAROLINA,WHEAT,PRODUCTION,BU,427000
37167,Stanly County,35.3104492,-80.2543742,1999,NORTH CAROLINA,BARLEY,PRODUCTION,BU,85400
37167,Stanly County,35.3104492,-80.2543742,1999,NORTH CAROLINA,CORN,PRODUCTION,BU,768000
37167,Stanly County,35.3104492,-80.2543742,1999,NORTH CAROLINA,CORN,PRODUCTION,TONS,5600
37167,Stanly County,35.3104492,-80.2543742,1999,NORTH CAROLINA,COTTON,PRODUCTION,480 LB BALES,14700
37167,Stanly County,35.3104492,-80.2543742,1999,NORTH CAROLINA,HAY,PRODUCTION,TONS,29200
37167,Stanly County,35.3104492,-80.2543742,1999,NORTH CAROLINA,OATS,PRODUCTION,BU,43000
37167,Stanly County,35.3104492,-80.2543742,1999,NORTH CAROLINA,SOYBEANS,PRODUCTION,BU,549000
37167,Stanly County,35.3104492,-80.2543742,1999,NORTH CAROLINA,WHEAT,PRODUCTION,BU,412000
37167,Stanly County,35.3104492,-80.2543742,1999,NORTH CAROLINA,WHEAT,PRODUCTION,BU,412000
37167,Stanly County,35.3104492,-80.2543742,2000,NORTH CAROLINA,BARLEY,PRODUCTION,BU,45200
37167,Stanly County,35.3104492,-80.2543742,2000,NORTH CAROLINA,CORN,PRODUCTION,BU,889000
37167,Stanly County,35.3104492,-80.2543742,2000,NORTH CAROLINA,CORN,PRODUCTION,TONS,9400
37167,Stanly County,35.3104492,-80.2543742,2000,NORTH CAROLINA,COTTON,PRODUCTION,480 LB BALES,21500
37167,Stanly County,35.3104492,-80.2543742,2000,NORTH CAROLINA,HAY,PRODUCTION,TONS,31100
37167,Stanly County,35.3104492,-80.2543742,2000,NORTH CAROLINA,OATS,PRODUCTION,BU,82000
37167,Stanly County,35.3104492,-80.2543742,2000,NORTH CAROLINA,SOYBEANS,PRODUCTION,BU,452000
37167,Stanly County,35.3104492,-80.2543742,2000,NORTH CAROLINA,WHEAT,PRODUCTION,BU,348000
37167,Stanly County,35.3104492,-80.2543742,2000,NORTH CAROLINA,WHEAT,PRODUCTION,BU,348000
37079,Greene County,35.481959,-77.6816876,1996,NORTH CAROLINA,CORN,PRODUCTION,BU,1488000
37079,Greene County,35.481959,-77.6816876,1996,NORTH CAROLINA,COTTON,PRODUCTION,480 LB BALES,22500
37079,Greene County,35.481959,-77.6816876,1996,NORTH CAROLINA,HAY,PRODUCTION,TONS,6500
37079,Greene County,35.481959,-77.6816876,1996,NORTH CAROLINA,OATS,PRODUCTION,BU,6000
37079,Greene County,35.481959,-77.6816876,1996,NORTH CAROLINA,PEANUTS,PRODUCTION,LB,385000
37079,Greene County,35.481959,-77.6816876,1996,NORTH CAROLINA,POTATOES,PRODUCTION,CWT,7900
37079,Greene County,35.481959,-77.6816876,1996,NORTH CAROLINA,SORGHUM,PRODUCTION,BU,5800
37079,Greene County,35.481959,-77.6816876,1996,NORTH CAROLINA,SOYBEANS,PRODUCTION,BU,579000
37079,Greene County,35.481959,-77.6816876,1996,NORTH CAROLINA,SWEET POTATOES,PRODUCTION,CWT,96100
37079,Greene County,35.481959,-77.6816876,1996,NORTH CAROLINA,TOBACCO,PRODUCTION,LB,15975000
37079,Greene County,35.481959,-77.6816876,1996,NORTH CAROLINA,WHEAT,PRODUCTION,BU,528000
37079,Greene County,35.481959,-77.6816876,1996,NORTH CAROLINA,WHEAT,PRODUCTION,BU,528000
37079,Greene County,35.481959,-77.6816876,1997,NORTH CAROLINA,BARLEY,PRODUCTION,BU,800
37079,Greene County,35.481959,-77.6816876,1997,NORTH CAROLINA,CORN,PRODUCTION,BU,1211982
37079,Greene County,35.481959,-77.6816876,1997,NORTH CAROLINA,CORN,PRODUCTION,BU,1315000
37079,Greene County,35.481959,-77.6816876,1997,NORTH CAROLINA,COTTON,PRODUCTION,BALES,25255
37079,Greene County,35.481959,-77.6816876,1997,NORTH CAROLINA,COTTON,PRODUCTION,480 LB BALES,24300
37079,Greene County,35.481959,-77.6816876,1997,NORTH CAROLINA,HAY,PRODUCTION,TONS,991
37079,Greene County,35.481959,-77.6816876,1997,NORTH CAROLINA,HAY,PRODUCTION,TONS,3777
37079,Greene County,35.481959,-77.6816876,1997,NORTH CAROLINA,HAY,PRODUCTION,TONS,6600
37079,Greene County,35.481959,-77.6816876,1997,NORTH CAROLINA,HAYLAGE,PRODUCTION,TONS,382
37079,Greene County,35.481959,-77.6816876,1997,NORTH CAROLINA,OATS,PRODUCTION,BU,8154
37079,Greene County,35.481959,-77.6816876,1997,NORTH CAROLINA,OATS,PRODUCTION,BU,9000
37079,Greene County,35.481959,-77.6816876,1997,NORTH CAROLINA,PEANUTS,PRODUCTION,LB,200000
37079,Greene County,35.481959,-77.6816876,1997,NORTH CAROLINA,POTATOES,PRODUCTION,CWT,NA
37079,Greene County,35.481959,-77.6816876,1997,NORTH CAROLINA,SOYBEANS,PRODUCTION,BU,660085
37079,Greene County,35.481959,-77.6816876,1997,NORTH CAROLINA,SOYBEANS,PRODUCTION,BU,720000
37079,Greene County,35.481959,-77.6816876,1997,NORTH CAROLINA,SWEET POTATOES,PRODUCTION,CWT,NA
37079,Greene County,35.481959,-77.6816876,1997,NORTH CAROLINA,SWEET POTATOES,PRODUCTION,CWT,125000
37079,Greene County,35.481959,-77.6816876,1997,NORTH CAROLINA,TOBACCO,PRODUCTION,LB,19957343
37079,Greene County,35.481959,-77.6816876,1997,NORTH CAROLINA,TOBACCO,PRODUCTION,LB,20832000
37079,Greene County,35.481959,-77.6816876,1997,NORTH CAROLINA,WHEAT,PRODUCTION,BU,540405
37079,Greene County,35.481959,-77.6816876,1997,NORTH CAROLINA,WHEAT,PRODUCTION,BU,662000
37079,Greene County,35.481959,-77.6816876,1997,NORTH CAROLINA,WHEAT,PRODUCTION,BU,662000
37079,Greene County,35.481959,-77.6816876,1997,NORTH CAROLINA,WOOL,PRODUCTION,LB,740
37079,Greene County,35.481959,-77.6816876,1997,NORTH CAROLINA,WOOL,PRODUCTION,OPERATIONS,7
37079,Greene County,35.481959,-77.6816876,1998,NORTH CAROLINA,CORN,PRODUCTION,BU,1180000
37079,Greene County,35.481959,-77.6816876,1998,NORTH CAROLINA,COTTON,PRODUCTION,480 LB BALES,26000
37079,Greene County,35.481959,-77.6816876,1998,NORTH CAROLINA,HAY,PRODUCTION,TONS,5000
37079,Greene County,35.481959,-77.6816876,1998,NORTH CAROLINA,OATS,PRODUCTION,BU,15000
37079,Greene County,35.481959,-77.6816876,1998,NORTH CAROLINA,PEANUTS,PRODUCTION,LB,203000
37079,Greene County,35.481959,-77.6816876,1998,NORTH CAROLINA,SOYBEANS,PRODUCTION,BU,992000
37079,Greene County,35.481959,-77.6816876,1998,NORTH CAROLINA,SWEET POTATOES,PRODUCTION,CWT,115700
37079,Greene County,35.481959,-77.6816876,1998,NORTH CAROLINA,TOBACCO,PRODUCTION,LB,15222000
37079,Greene County,35.481959,-77.6816876,1998,NORTH CAROLINA,WHEAT,PRODUCTION,BU,438000
37079,Greene County,35.481959,-77.6816876,1998,NORTH CAROLINA,WHEAT,PRODUCTION,BU,438000
37079,Greene County,35.481959,-77.6816876,1999,NORTH CAROLINA,CORN,PRODUCTION,BU,698000
37079,Greene County,35.481959,-77.6816876,1999,NORTH CAROLINA,COTTON,PRODUCTION,480 LB BALES,15100
37079,Greene County,35.481959,-77.6816876,1999,NORTH CAROLINA,HAY,PRODUCTION,TONS,4300
37079,Greene County,35.481959,-77.6816876,1999,NORTH CAROLINA,PEANUTS,PRODUCTION,LB,152000
37079,Greene County,35.481959,-77.6816876,1999,NORTH CAROLINA,SOYBEANS,PRODUCTION,BU,505000
37079,Greene County,35.481959,-77.6816876,1999,NORTH CAROLINA,SWEET POTATOES,PRODUCTION,CWT,65100
37079,Greene County,35.481959,-77.6816876,1999,NORTH CAROLINA,TOBACCO,PRODUCTION,LB,11693000
37079,Greene County,35.481959,-77.6816876,1999,NORTH CAROLINA,WHEAT,PRODUCTION,BU,449000
37079,Greene County,35.481959,-77.6816876,1999,NORTH CAROLINA,WHEAT,PRODUCTION,BU,449000
37079,Greene County,35.481959,-77.6816876,2000,NORTH CAROLINA,CORN,PRODUCTION,BU,1065000
37079,Greene County,35.481959,-77.6816876,2000,NORTH CAROLINA,COTTON,PRODUCTION,480 LB BALES,37800
37079,Greene County,35.481959,-77.6816876,2000,NORTH CAROLINA,HAY,PRODUCTION,TONS,8800
37079,Greene County,35.481959,-77.6816876,2000,NORTH CAROLINA,OATS,PRODUCTION,BU,15000
37079,Greene County,35.481959,-77.6816876,2000,NORTH CAROLINA,PEANUTS,PRODUCTION,LB,198000
37079,Greene County,35.481959,-77.6816876,2000,NORTH CAROLINA,SOYBEANS,PRODUCTION,BU,960000
37079,Greene County,35.481959,-77.6816876,2000,NORTH CAROLINA,SWEET POTATOES,PRODUCTION,CWT,112000
37079,Greene County,35.481959,-77.6816876,2000,NORTH CAROLINA,TOBACCO,PRODUCTION,LB,11511000
37079,Greene County,35.481959,-77.6816876,2000,NORTH CAROLINA,WHEAT,PRODUCTION,BU,275000
37079,Greene County,35.481959,-77.6816876,2000,NORTH CAROLINA,WHEAT,PRODUCTION,BU,275000
37129,New Hanover County,34.1834455,-77.8642043,1996,NORTH CAROLINA,CORN,PRODUCTION,BU,80000
37129,New Hanover County,34.1834455,-77.8642043,1996,NORTH CAROLINA,POTATOES,PRODUCTION,CWT,3700
37129,New Hanover County,34.1834455,-77.8642043,1996,NORTH CAROLINA,SOYBEANS,PRODUCTION,BU,34000
37129,New Hanover County,34.1834455,-77.8642043,1996,NORTH CAROLINA,TOBACCO,PRODUCTION,LB,20000
37129,New Hanover County,34.1834455,-77.8642043,1997,NORTH CAROLINA,CORN,PRODUCTION,BU,106570
37129,New Hanover County,34.1834455,-77.8642043,1997,NORTH CAROLINA,CORN,PRODUCTION,BU,114000
37129,New Hanover County,34.1834455,-77.8642043,1997,NORTH CAROLINA,HAY,PRODUCTION,TONS,NA
37129,New Hanover County,34.1834455,-77.8642043,1997,NORTH CAROLINA,SOYBEANS,PRODUCTION,BU,46986
37129,New Hanover County,34.1834455,-77.8642043,1997,NORTH CAROLINA,SOYBEANS,PRODUCTION,BU,60000
37129,New Hanover County,34.1834455,-77.8642043,1997,NORTH CAROLINA,TOBACCO,PRODUCTION,LB,140000
37129,New Hanover County,34.1834455,-77.8642043,1998,NORTH CAROLINA,CORN,PRODUCTION,BU,20000
37129,New Hanover County,34.1834455,-77.8642043,1998,NORTH CAROLINA,SOYBEANS,PRODUCTION,BU,23000
37129,New Hanover County,34.1834455,-77.8642043,1998,NORTH CAROLINA,TOBACCO,PRODUCTION,LB,33000
37129,New Hanover County,34.1834455,-77.8642043,1999,NORTH CAROLINA,SOYBEANS,PRODUCTION,BU,11000
37129,New Hanover County,34.1834455,-77.8642043,1999,NORTH CAROLINA,TOBACCO,PRODUCTION,LB,67000
37129,New Hanover County,34.1834455,-77.8642043,2000,NORTH CAROLINA,SOYBEANS,PRODUCTION,BU,33000
37129,New Hanover County,34.1834455,-77.8642043,2000,NORTH CAROLINA,TOBACCO,PRODUCTION,LB,151000
37147,Pitt County,35.5924897,-77.3727387,1996,NORTH CAROLINA,CORN,PRODUCTION,BU,2046000
37147,Pitt County,35.5924897,-77.3727387,1996,NORTH CAROLINA,COTTON,PRODUCTION,480 LB BALES,41500
37147,Pitt County,35.5924897,-77.3727387,1996,NORTH CAROLINA,HAY,PRODUCTION,TONS,7900
37147,Pitt County,35.5924897,-77.3727387,1996,NORTH CAROLINA,OATS,PRODUCTION,BU,16000
37147,Pitt County,35.5924897,-77.3727387,1996,NORTH CAROLINA,PEANUTS,PRODUCTION,LB,11149000
37147,Pitt County,35.5924897,-77.3727387,1996,NORTH CAROLINA,POTATOES,PRODUCTION,CWT,7200
37147,Pitt County,35.5924897,-77.3727387,1996,NORTH CAROLINA,SOYBEANS,PRODUCTION,BU,1276000
37147,Pitt County,35.5924897,-77.3727387,1996,NORTH CAROLINA,SWEET POTATOES,PRODUCTION,CWT,8600
37147,Pitt County,35.5924897,-77.3727387,1996,NORTH CAROLINA,TOBACCO,PRODUCTION,LB,33587000
37147,Pitt County,35.5924897,-77.3727387,1996,NORTH CAROLINA,WHEAT,PRODUCTION,BU,1331000
37147,Pitt County,35.5924897,-77.3727387,1996,NORTH CAROLINA,WHEAT,PRODUCTION,BU,1331000
37147,Pitt County,35.5924897,-77.3727387,1997,NORTH CAROLINA,BARLEY,PRODUCTION,BU,10500
37147,Pitt County,35.5924897,-77.3727387,1997,NORTH CAROLINA,CORN,PRODUCTION,BU,1951449
37147,Pitt County,35.5924897,-77.3727387,1997,NORTH CAROLINA,CORN,PRODUCTION,BU,2025000
37147,Pitt County,35.5924897,-77.3727387,1997,NORTH CAROLINA,COTTON,PRODUCTION,BALES,42829
37147,Pitt County,35.5924897,-77.3727387,1997,NORTH CAROLINA,COTTON,PRODUCTION,480 LB BALES,42600
37147,Pitt County,35.5924897,-77.3727387,1997,NORTH CAROLINA,HAY,PRODUCTION,TONS,931
37147,Pitt County,35.5924897,-77.3727387,1997,NORTH CAROLINA,HAY,PRODUCTION,TONS,5865
37147,Pitt County,35.5924897,-77.3727387,1997,NORTH CAROLINA,HAY,PRODUCTION,TONS,8400
37147,Pitt County,35.5924897,-77.3727387,1997,NORTH CAROLINA,HAYLAGE,PRODUCTION,TONS,NA
37147,Pitt County,35.5924897,-77.3727387,1997,NORTH CAROLINA,OATS,PRODUCTION,BU,55283
37147,Pitt County,35.5924897,-77.3727387,1997,NORTH CAROLINA,OATS,PRODUCTION,BU,63000
37147,Pitt County,35.5924897,-77.3727387,1997,NORTH CAROLINA,PEANUTS,PRODUCTION,LB,10539514
37147,Pitt County,35.5924897,-77.3727387,1997,NORTH CAROLINA,PEANUTS,PRODUCTION,LB,11630000
37147,Pitt County,35.5924897,-77.3727387,1997,NORTH CAROLINA,POTATOES,PRODUCTION,CWT,1204
37147,Pitt County,35.5924897,-77.3727387,1997,NORTH CAROLINA,SOYBEANS,PRODUCTION,BU,1205975
37147,Pitt County,35.5924897,-77.3727387,1997,NORTH CAROLINA,SOYBEANS,PRODUCTION,BU,1295000
37147,Pitt County,35.5924897,-77.3727387,1997,NORTH CAROLINA,SWEET POTATOES,PRODUCTION,CWT,5555
37147,Pitt County,35.5924897,-77.3727387,1997,NORTH CAROLINA,TOBACCO,PRODUCTION,LB,38192850
37147,Pitt County,35.5924897,-77.3727387,1997,NORTH CAROLINA,TOBACCO,PRODUCTION,LB,41100000
37147,Pitt County,35.5924897,-77.3727387,1997,NORTH CAROLINA,WHEAT,PRODUCTION,BU,1031145
37147,Pitt County,35.5924897,-77.3727387,1997,NORTH CAROLINA,WHEAT,PRODUCTION,BU,1244000
37147,Pitt County,35.5924897,-77.3727387,1997,NORTH CAROLINA,WHEAT,PRODUCTION,BU,1244000
37147,Pitt County,35.5924897,-77.3727387,1997,NORTH CAROLINA,WOOL,PRODUCTION,LB,2218
37147,Pitt County,35.5924897,-77.3727387,1997,NORTH CAROLINA,WOOL,PRODUCTION,OPERATIONS,8
37147,Pitt County,35.5924897,-77.3727387,1998,NORTH CAROLINA,CORN,PRODUCTION,BU,1610000
37147,Pitt County,35.5924897,-77.3727387,1998,NORTH CAROLINA,COTTON,PRODUCTION,480 LB BALES,47000
37147,Pitt County,35.5924897,-77.3727387,1998,NORTH CAROLINA,HAY,PRODUCTION,TONS,6800
37147,Pitt County,35.5924897,-77.3727387,1998,NORTH CAROLINA,OATS,PRODUCTION,BU,45000
37147,Pitt County,35.5924897,-77.3727387,1998,NORTH CAROLINA,PEANUTS,PRODUCTION,LB,12191000
37147,Pitt County,35.5924897,-77.3727387,1998,NORTH CAROLINA,SOYBEANS,PRODUCTION,BU,1220000
37147,Pitt County,35.5924897,-77.3727387,1998,NORTH CAROLINA,TOBACCO,PRODUCTION,LB,28884000
37147,Pitt County,35.5924897,-77.3727387,1998,NORTH CAROLINA,WHEAT,PRODUCTION,BU,884000
37147,Pitt County,35.5924897,-77.3727387,1998,NORTH CAROLINA,WHEAT,PRODUCTION,BU,884000
37147,Pitt County,35.5924897,-77.3727387,1999,NORTH CAROLINA,CORN,PRODUCTION,BU,942000
37147,Pitt County,35.5924897,-77.3727387,1999,NORTH CAROLINA,COTTON,PRODUCTION,480 LB BALES,32800
37147,Pitt County,35.5924897,-77.3727387,1999,NORTH CAROLINA,HAY,PRODUCTION,TONS,6700
37147,Pitt County,35.5924897,-77.3727387,1999,NORTH CAROLINA,OATS,PRODUCTION,BU,23000
37147,Pitt County,35.5924897,-77.3727387,1999,NORTH CAROLINA,PEANUTS,PRODUCTION,LB,7858000
37147,Pitt County,35.5924897,-77.3727387,1999,NORTH CAROLINA,SOYBEANS,PRODUCTION,BU,903000
37147,Pitt County,35.5924897,-77.3727387,1999,NORTH CAROLINA,TOBACCO,PRODUCTION,LB,22545000
37147,Pitt County,35.5924897,-77.3727387,1999,NORTH CAROLINA,WHEAT,PRODUCTION,BU,750000
37147,Pitt County,35.5924897,-77.3727387,1999,NORTH CAROLINA,WHEAT,PRODUCTION,BU,750000
37147,Pitt County,35.5924897,-77.3727387,2000,NORTH CAROLINA,CORN,PRODUCTION,BU,1578000
37147,Pitt County,35.5924897,-77.3727387,2000,NORTH CAROLINA,COTTON,PRODUCTION,480 LB BALES,72500
37147,Pitt County,35.5924897,-77.3727387,2000,NORTH CAROLINA,HAY,PRODUCTION,TONS,11400
37147,Pitt County,35.5924897,-77.3727387,2000,NORTH CAROLINA,OATS,PRODUCTION,BU,57000
37147,Pitt County,35.5924897,-77.3727387,2000,NORTH CAROLINA,PEANUTS,PRODUCTION,LB,10693000
37147,Pitt County,35.5924897,-77.3727387,2000,NORTH CAROLINA,SOYBEANS,PRODUCTION,BU,1336000
37147,Pitt County,35.5924897,-77.3727387,2000,NORTH CAROLINA,TOBACCO,PRODUCTION,LB,22037000
37147,Pitt County,35.5924897,-77.3727387,2000,NORTH CAROLINA,WHEAT,PRODUCTION,BU,392000
37147,Pitt County,35.5924897,-77.3727387,2000,NORTH CAROLINA,WHEAT,PRODUCTION,BU,392000
37141,Pender County,34.5125561,-77.8881063,1996,NORTH CAROLINA,CORN,PRODUCTION,BU,1095000
37141,Pender County,34.5125561,-77.8881063,1996,NORTH CAROLINA,COTTON,PRODUCTION,480 LB BALES,900
37141,Pender County,34.5125561,-77.8881063,1996,NORTH CAROLINA,HAY,PRODUCTION,TONS,4400
37141,Pender County,34.5125561,-77.8881063,1996,NORTH CAROLINA,OATS,PRODUCTION,BU,1900
37141,Pender County,34.5125561,-77.8881063,1996,NORTH CAROLINA,PEANUTS,PRODUCTION,LB,446000
37141,Pender County,34.5125561,-77.8881063,1996,NORTH CAROLINA,SOYBEANS,PRODUCTION,BU,353000
37141,Pender County,34.5125561,-77.8881063,1996,NORTH CAROLINA,TOBACCO,PRODUCTION,LB,2880000
37141,Pender County,34.5125561,-77.8881063,1996,NORTH CAROLINA,WHEAT,PRODUCTION,BU,169000
37141,Pender County,34.5125561,-77.8881063,1996,NORTH CAROLINA,WHEAT,PRODUCTION,BU,169000
37141,Pender County,34.5125561,-77.8881063,1997,NORTH CAROLINA,CORN,PRODUCTION,BU,1102109
37141,Pender County,34.5125561,-77.8881063,1997,NORTH CAROLINA,CORN,PRODUCTION,BU,1110000
37141,Pender County,34.5125561,-77.8881063,1997,NORTH CAROLINA,COTTON,PRODUCTION,480 LB BALES,700
37141,Pender County,34.5125561,-77.8881063,1997,NORTH CAROLINA,HAY,PRODUCTION,TONS,291
37141,Pender County,34.5125561,-77.8881063,1997,NORTH CAROLINA,HAY,PRODUCTION,TONS,3366
37141,Pender County,34.5125561,-77.8881063,1997,NORTH CAROLINA,HAY,PRODUCTION,TONS,4200
37141,Pender County,34.5125561,-77.8881063,1997,NORTH CAROLINA,PEANUTS,PRODUCTION,LB,360000
37141,Pender County,34.5125561,-77.8881063,1997,NORTH CAROLINA,SORGHUM,PRODUCTION,BU,8250
37141,Pender County,34.5125561,-77.8881063,1997,NORTH CAROLINA,SOYBEANS,PRODUCTION,BU,458489
37141,Pender County,34.5125561,-77.8881063,1997,NORTH CAROLINA,SOYBEANS,PRODUCTION,BU,398000
37141,Pender County,34.5125561,-77.8881063,1997,NORTH CAROLINA,TOBACCO,PRODUCTION,LB,4126163
37141,Pender County,34.5125561,-77.8881063,1997,NORTH CAROLINA,TOBACCO,PRODUCTION,LB,4747000
37141,Pender County,34.5125561,-77.8881063,1997,NORTH CAROLINA,WHEAT,PRODUCTION,BU,229695
37141,Pender County,34.5125561,-77.8881063,1997,NORTH CAROLINA,WHEAT,PRODUCTION,BU,264000
37141,Pender County,34.5125561,-77.8881063,1997,NORTH CAROLINA,WHEAT,PRODUCTION,BU,264000
37141,Pender County,34.5125561,-77.8881063,1997,NORTH CAROLINA,WOOL,PRODUCTION,LB,442
37141,Pender County,34.5125561,-77.8881063,1997,NORTH CAROLINA,WOOL,PRODUCTION,OPERATIONS,3
37141,Pender County,34.5125561,-77.8881063,1998,NORTH CAROLINA,CORN,PRODUCTION,BU,806000
37141,Pender County,34.5125561,-77.8881063,1998,NORTH CAROLINA,COTTON,PRODUCTION,480 LB BALES,300
37141,Pender County,34.5125561,-77.8881063,1998,NORTH CAROLINA,HAY,PRODUCTION,TONS,4000
37141,Pender County,34.5125561,-77.8881063,1998,NORTH CAROLINA,PEANUTS,PRODUCTION,LB,931000
37141,Pender County,34.5125561,-77.8881063,1998,NORTH CAROLINA,SOYBEANS,PRODUCTION,BU,392000
37141,Pender County,34.5125561,-77.8881063,1998,NORTH CAROLINA,TOBACCO,PRODUCTION,LB,2553000
37141,Pender County,34.5125561,-77.8881063,1998,NORTH CAROLINA,WHEAT,PRODUCTION,BU,239000
37141,Pender County,34.5125561,-77.8881063,1998,NORTH CAROLINA,WHEAT,PRODUCTION,BU,239000
37141,Pender County,34.5125561,-77.8881063,1999,NORTH CAROLINA,CORN,PRODUCTION,BU,732000
37141,Pender County,34.5125561,-77.8881063,1999,NORTH CAROLINA,COTTON,PRODUCTION,480 LB BALES,2200
37141,Pender County,34.5125561,-77.8881063,1999,NORTH CAROLINA,HAY,PRODUCTION,TONS,3900
37141,Pender County,34.5125561,-77.8881063,1999,NORTH CAROLINA,PEANUTS,PRODUCTION,LB,675000
37141,Pender County,34.5125561,-77.8881063,1999,NORTH CAROLINA,SOYBEANS,PRODUCTION,BU,411000
37141,Pender County,34.5125561,-77.8881063,1999,NORTH CAROLINA,TOBACCO,PRODUCTION,LB,2865000
37141,Pender County,34.5125561,-77.8881063,1999,NORTH CAROLINA,WHEAT,PRODUCTION,BU,235000
37141,Pender County,34.5125561,-77.8881063,1999,NORTH CAROLINA,WHEAT,PRODUCTION,BU,235000
37141,Pender County,34.5125561,-77.8881063,2000,NORTH CAROLINA,CORN,PRODUCTION,BU,988000
37141,Pender County,34.5125561,-77.8881063,2000,NORTH CAROLINA,COTTON,PRODUCTION,480 LB BALES,2350
37141,Pender County,34.5125561,-77.8881063,2000,NORTH CAROLINA,HAY,PRODUCTION,TONS,3700
37141,Pender County,34.5125561,-77.8881063,2000,NORTH CAROLINA,PEANUTS,PRODUCTION,LB,556000
37141,Pender County,34.5125561,-77.8881063,2000,NORTH CAROLINA,SOYBEANS,PRODUCTION,BU,675000
37141,Pender County,34.5125561,-77.8881063,2000,NORTH CAROLINA,TOBACCO,PRODUCTION,LB,2725000
37141,Pender County,34.5125561,-77.8881063,2000,NORTH CAROLINA,WHEAT,PRODUCTION,BU,202000
37141,Pender County,34.5125561,-77.8881063,2000,NORTH CAROLINA,WHEAT,PRODUCTION,BU,202000
37179,Union County,34.9918204,-80.5304264,1996,NORTH CAROLINA,BARLEY,PRODUCTION,BU,30000
37179,Union County,34.9918204,-80.5304264,1996,NORTH CAROLINA,CORN,PRODUCTION,BU,2922000
37179,Union County,34.9918204,-80.5304264,1996,NORTH CAROLINA,CORN,PRODUCTION,TONS,9400
37179,Union County,34.9918204,-80.5304264,1996,NORTH CAROLINA,COTTON,PRODUCTION,480 LB BALES,9300
37179,Union County,34.9918204,-80.5304264,1996,NORTH CAROLINA,HAY,PRODUCTION,TONS,25300
37179,Union County,34.9918204,-80.5304264,1996,NORTH CAROLINA,OATS,PRODUCTION,BU,57000
37179,Union County,34.9918204,-80.5304264,1996,NORTH CAROLINA,POTATOES,PRODUCTION,CWT,1200
37179,Union County,34.9918204,-80.5304264,1996,NORTH CAROLINA,SORGHUM,PRODUCTION,BU,5200
37179,Union County,34.9918204,-80.5304264,1996,NORTH CAROLINA,SOYBEANS,PRODUCTION,BU,1864000
37179,Union County,34.9918204,-80.5304264,1996,NORTH CAROLINA,WHEAT,PRODUCTION,BU,1075000
37179,Union County,34.9918204,-80.5304264,1996,NORTH CAROLINA,WHEAT,PRODUCTION,BU,1075000
37179,Union County,34.9918204,-80.5304264,1997,NORTH CAROLINA,BARLEY,PRODUCTION,BU,6200
37179,Union County,34.9918204,-80.5304264,1997,NORTH CAROLINA,BARLEY,PRODUCTION,BU,16200
37179,Union County,34.9918204,-80.5304264,1997,NORTH CAROLINA,CORN,PRODUCTION,BU,2568688
37179,Union County,34.9918204,-80.5304264,1997,NORTH CAROLINA,CORN,PRODUCTION,TONS,3975
37179,Union County,34.9918204,-80.5304264,1997,NORTH CAROLINA,CORN,PRODUCTION,BU,2596000
37179,Union County,34.9918204,-80.5304264,1997,NORTH CAROLINA,CORN,PRODUCTION,TONS,6500
37179,Union County,34.9918204,-80.5304264,1997,NORTH CAROLINA,COTTON,PRODUCTION,BALES,10213
37179,Union County,34.9918204,-80.5304264,1997,NORTH CAROLINA,COTTON,PRODUCTION,480 LB BALES,10100
37179,Union County,34.9918204,-80.5304264,1997,NORTH CAROLINA,GRASSES,PRODUCTION,LB,38000
37179,Union County,34.9918204,-80.5304264,1997,NORTH CAROLINA,HAY,PRODUCTION,TONS,654
37179,Union County,34.9918204,-80.5304264,1997,NORTH CAROLINA,HAY,PRODUCTION,TONS,3823
37179,Union County,34.9918204,-80.5304264,1997,NORTH CAROLINA,HAY,PRODUCTION,TONS,22489
37179,Union County,34.9918204,-80.5304264,1997,NORTH CAROLINA,HAY,PRODUCTION,TONS,1488
37179,Union County,34.9918204,-80.5304264,1997,NORTH CAROLINA,HAY,PRODUCTION,TONS,30100
37179,Union County,34.9918204,-80.5304264,1997,NORTH CAROLINA,HAYLAGE,PRODUCTION,TONS,556
37179,Union County,34.9918204,-80.5304264,1997,NORTH CAROLINA,OATS,PRODUCTION,BU,40132
37179,Union County,34.9918204,-80.5304264,1997,NORTH CAROLINA,OATS,PRODUCTION,BU,57000
37179,Union County,34.9918204,-80.5304264,1997,NORTH CAROLINA,SORGHUM,PRODUCTION,BU,3966
37179,Union County,34.9918204,-80.5304264,1997,NORTH CAROLINA,SORGHUM,PRODUCTION,BU,6800
37179,Union County,34.9918204,-80.5304264,1997,NORTH CAROLINA,SOYBEANS,PRODUCTION,BU,1429273
37179,Union County,34.9918204,-80.5304264,1997,NORTH CAROLINA,SOYBEANS,PRODUCTION,BU,1652000
37179,Union County,34.9918204,-80.5304264,1997,NORTH CAROLINA,WHEAT,PRODUCTION,BU,1908210
37179,Union County,34.9918204,-80.5304264,1997,NORTH CAROLINA,WHEAT,PRODUCTION,BU,1968000
37179,Union County,34.9918204,-80.5304264,1997,NORTH CAROLINA,WHEAT,PRODUCTION,BU,1968000
37179,Union County,34.9918204,-80.5304264,1997,NORTH CAROLINA,WOOL,PRODUCTION,LB,1375
37179,Union County,34.9918204,-80.5304264,1997,NORTH CAROLINA,WOOL,PRODUCTION,OPERATIONS,19
37179,Union County,34.9918204,-80.5304264,1998,NORTH CAROLINA,BARLEY,PRODUCTION,BU,50200
37179,Union County,34.9918204,-80.5304264,1998,NORTH CAROLINA,CORN,PRODUCTION,BU,1492000
37179,Union County,34.9918204,-80.5304264,1998,NORTH CAROLINA,CORN,PRODUCTION,TONS,8000
37179,Union County,34.9918204,-80.5304264,1998,NORTH CAROLINA,COTTON,PRODUCTION,480 LB BALES,11000
37179,Union County,34.9918204,-80.5304264,1998,NORTH CAROLINA,HAY,PRODUCTION,TONS,38300
37179,Union County,34.9918204,-80.5304264,1998,NORTH CAROLINA,OATS,PRODUCTION,BU,46000
37179,Union County,34.9918204,-80.5304264,1998,NORTH CAROLINA,SORGHUM,PRODUCTION,BU,35400
37179,Union County,34.9918204,-80.5304264,1998,NORTH CAROLINA,SOYBEANS,PRODUCTION,BU,1415000
37179,Union County,34.9918204,-80.5304264,1998,NORTH CAROLINA,WHEAT,PRODUCTION,BU,1182500
37179,Union County,34.9918204,-80.5304264,1998,NORTH CAROLINA,WHEAT,PRODUCTION,BU,1182500
37179,Union County,34.9918204,-80.5304264,1999,NORTH CAROLINA,BARLEY,PRODUCTION,BU,120200
37179,Union County,34.9918204,-80.5304264,1999,NORTH CAROLINA,CORN,PRODUCTION,BU,1806000
37179,Union County,34.9918204,-80.5304264,1999,NORTH CAROLINA,CORN,PRODUCTION,TONS,7400
37179,Union County,34.9918204,-80.5304264,1999,NORTH CAROLINA,COTTON,PRODUCTION,480 LB BALES,12500
37179,Union County,34.9918204,-80.5304264,1999,NORTH CAROLINA,HAY,PRODUCTION,TONS,37000
37179,Union County,34.9918204,-80.5304264,1999,NORTH CAROLINA,OATS,PRODUCTION,BU,86400
37179,Union County,34.9918204,-80.5304264,1999,NORTH CAROLINA,SORGHUM,PRODUCTION,BU,25000
37179,Union County,34.9918204,-80.5304264,1999,NORTH CAROLINA,SOYBEANS,PRODUCTION,BU,997000
37179,Union County,34.9918204,-80.5304264,1999,NORTH CAROLINA,WHEAT,PRODUCTION,BU,1740000
37179,Union County,34.9918204,-80.5304264,1999,NORTH CAROLINA,WHEAT,PRODUCTION,BU,1740000
37179,Union County,34.9918204,-80.5304264,2000,NORTH CAROLINA,BARLEY,PRODUCTION,BU,24500
37179,Union County,34.9918204,-80.5304264,2000,NORTH CAROLINA,CORN,PRODUCTION,BU,2366000
37179,Union County,34.9918204,-80.5304264,2000,NORTH CAROLINA,CORN,PRODUCTION,TONS,14700
37179,Union County,34.9918204,-80.5304264,2000,NORTH CAROLINA,COTTON,PRODUCTION,480 LB BALES,13400
37179,Union County,34.9918204,-80.5304264,2000,NORTH CAROLINA,HAY,PRODUCTION,TONS,40200
37179,Union County,34.9918204,-80.5304264,2000,NORTH CAROLINA,OATS,PRODUCTION,BU,128000
37179,Union County,34.9918204,-80.5304264,2000,NORTH CAROLINA,SORGHUM,PRODUCTION,BU,15200
37179,Union County,34.9918204,-80.5304264,2000,NORTH CAROLINA,SOYBEANS,PRODUCTION,BU,1538000
37179,Union County,34.9918204,-80.5304264,2000,NORTH CAROLINA,WHEAT,PRODUCTION,BU,1898000
37179,Union County,34.9918204,-80.5304264,2000,NORTH CAROLINA,WHEAT,PRODUCTION,BU,1898000
37121,Mitchell County,36.013102,-82.1635541,1996,NORTH CAROLINA,HAY,PRODUCTION,TONS,4800
37121,Mitchell County,36.013102,-82.1635541,1996,NORTH CAROLINA,POTATOES,PRODUCTION,CWT,3600
37121,Mitchell County,36.013102,-82.1635541,1996,NORTH CAROLINA,TOBACCO,PRODUCTION,LB,622000
37121,Mitchell County,36.013102,-82.1635541,1997,NORTH CAROLINA,CORN,PRODUCTION,BU,5865
37121,Mitchell County,36.013102,-82.1635541,1997,NORTH CAROLINA,HAY,PRODUCTION,TONS,137
37121,Mitchell County,36.013102,-82.1635541,1997,NORTH CAROLINA,HAY,PRODUCTION,TONS,20
37121,Mitchell County,36.013102,-82.1635541,1997,NORTH CAROLINA,HAY,PRODUCTION,TONS,4498
37121,Mitchell County,36.013102,-82.1635541,1997,NORTH CAROLINA,HAY,PRODUCTION,TONS,488
37121,Mitchell County,36.013102,-82.1635541,1997,NORTH CAROLINA,HAY,PRODUCTION,TONS,6000
37121,Mitchell County,36.013102,-82.1635541,1997,NORTH CAROLINA,HAYLAGE,PRODUCTION,TONS,14
37121,Mitchell County,36.013102,-82.1635541,1997,NORTH CAROLINA,POTATOES,PRODUCTION,CWT,697
37121,Mitchell County,36.013102,-82.1635541,1997,NORTH CAROLINA,TOBACCO,PRODUCTION,LB,591852
37121,Mitchell County,36.013102,-82.1635541,1997,NORTH CAROLINA,TOBACCO,PRODUCTION,LB,600000
37121,Mitchell County,36.013102,-82.1635541,1997,NORTH CAROLINA,WOOL,PRODUCTION,LB,372
37121,Mitchell County,36.013102,-82.1635541,1997,NORTH CAROLINA,WOOL,PRODUCTION,OPERATIONS,4
37121,Mitchell County,36.013102,-82.1635541,1998,NORTH CAROLINA,CORN,PRODUCTION,BU,22200
37121,Mitchell County,36.013102,-82.1635541,1998,NORTH CAROLINA,HAY,PRODUCTION,TONS,6700
37121,Mitchell County,36.013102,-82.1635541,1998,NORTH CAROLINA,TOBACCO,PRODUCTION,LB,568000
37121,Mitchell County,36.013102,-82.1635541,1999,NORTH CAROLINA,HAY,PRODUCTION,TONS,7000
37121,Mitchell County,36.013102,-82.1635541,1999,NORTH CAROLINA,TOBACCO,PRODUCTION,LB,637000
37121,Mitchell County,36.013102,-82.1635541,2000,NORTH CAROLINA,HAY,PRODUCTION,TONS,7300
37121,Mitchell County,36.013102,-82.1635541,2000,NORTH CAROLINA,TOBACCO,PRODUCTION,LB,444000
37133,Onslow County,34.7631087,-77.4994691,1996,NORTH CAROLINA,CORN,PRODUCTION,BU,1568000
37133,Onslow County,34.7631087,-77.4994691,1996,NORTH CAROLINA,COTTON,PRODUCTION,480 LB BALES,5000
37133,Onslow County,34.7631087,-77.4994691,1996,NORTH CAROLINA,HAY,PRODUCTION,TONS,6500
37133,Onslow County,34.7631087,-77.4994691,1996,NORTH CAROLINA,POTATOES,PRODUCTION,CWT,8500
37133,Onslow County,34.7631087,-77.4994691,1996,NORTH CAROLINA,SOYBEANS,PRODUCTION,BU,271000
37133,Onslow County,34.7631087,-77.4994691,1996,NORTH CAROLINA,SWEET POTATOES,PRODUCTION,CWT,9200
37133,Onslow County,34.7631087,-77.4994691,1996,NORTH CAROLINA,TOBACCO,PRODUCTION,LB,4725000
37133,Onslow County,34.7631087,-77.4994691,1996,NORTH CAROLINA,WHEAT,PRODUCTION,BU,152000
37133,Onslow County,34.7631087,-77.4994691,1996,NORTH CAROLINA,WHEAT,PRODUCTION,BU,152000
37133,Onslow County,34.7631087,-77.4994691,1997,NORTH CAROLINA,CORN,PRODUCTION,BU,986887
37133,Onslow County,34.7631087,-77.4994691,1997,NORTH CAROLINA,CORN,PRODUCTION,BU,1050000
37133,Onslow County,34.7631087,-77.4994691,1997,NORTH CAROLINA,COTTON,PRODUCTION,BALES,5557
37133,Onslow County,34.7631087,-77.4994691,1997,NORTH CAROLINA,COTTON,PRODUCTION,480 LB BALES,6200
37133,Onslow County,34.7631087,-77.4994691,1997,NORTH CAROLINA,HAY,PRODUCTION,TONS,431
37133,Onslow County,34.7631087,-77.4994691,1997,NORTH CAROLINA,HAY,PRODUCTION,TONS,4628
37133,Onslow County,34.7631087,-77.4994691,1997,NORTH CAROLINA,HAY,PRODUCTION,TONS,5500
37133,Onslow County,34.7631087,-77.4994691,1997,NORTH CAROLINA,OATS,PRODUCTION,BU,1147
37133,Onslow County,34.7631087,-77.4994691,1997,NORTH CAROLINA,SORGHUM,PRODUCTION,BU,2800
37133,Onslow County,34.7631087,-77.4994691,1997,NORTH CAROLINA,SOYBEANS,PRODUCTION,BU,342315
37133,Onslow County,34.7631087,-77.4994691,1997,NORTH CAROLINA,SOYBEANS,PRODUCTION,BU,329000
37133,Onslow County,34.7631087,-77.4994691,1997,NORTH CAROLINA,SWEET POTATOES,PRODUCTION,CWT,5788
37133,Onslow County,34.7631087,-77.4994691,1997,NORTH CAROLINA,TOBACCO,PRODUCTION,LB,7594624
37133,Onslow County,34.7631087,-77.4994691,1997,NORTH CAROLINA,TOBACCO,PRODUCTION,LB,8388000
37133,Onslow County,34.7631087,-77.4994691,1997,NORTH CAROLINA,WHEAT,PRODUCTION,BU,144202
37133,Onslow County,34.7631087,-77.4994691,1997,NORTH CAROLINA,WHEAT,PRODUCTION,BU,212000
37133,Onslow County,34.7631087,-77.4994691,1997,NORTH CAROLINA,WHEAT,PRODUCTION,BU,212000
37133,Onslow County,34.7631087,-77.4994691,1998,NORTH CAROLINA,CORN,PRODUCTION,BU,994000
37133,Onslow County,34.7631087,-77.4994691,1998,NORTH CAROLINA,COTTON,PRODUCTION,480 LB BALES,3500
37133,Onslow County,34.7631087,-77.4994691,1998,NORTH CAROLINA,HAY,PRODUCTION,TONS,4800
37133,Onslow County,34.7631087,-77.4994691,1998,NORTH CAROLINA,SOYBEANS,PRODUCTION,BU,420000
37133,Onslow County,34.7631087,-77.4994691,1998,NORTH CAROLINA,TOBACCO,PRODUCTION,LB,4546000
37133,Onslow County,34.7631087,-77.4994691,1998,NORTH CAROLINA,WHEAT,PRODUCTION,BU,199000
37133,Onslow County,34.7631087,-77.4994691,1998,NORTH CAROLINA,WHEAT,PRODUCTION,BU,199000
37133,Onslow County,34.7631087,-77.4994691,1999,NORTH CAROLINA,CORN,PRODUCTION,BU,772000
37133,Onslow County,34.7631087,-77.4994691,1999,NORTH CAROLINA,COTTON,PRODUCTION,480 LB BALES,4000
37133,Onslow County,34.7631087,-77.4994691,1999,NORTH CAROLINA,HAY,PRODUCTION,TONS,5500
37133,Onslow County,34.7631087,-77.4994691,1999,NORTH CAROLINA,SOYBEANS,PRODUCTION,BU,512000
37133,Onslow County,34.7631087,-77.4994691,1999,NORTH CAROLINA,TOBACCO,PRODUCTION,LB,4263000
37133,Onslow County,34.7631087,-77.4994691,1999,NORTH CAROLINA,WHEAT,PRODUCTION,BU,204000
37133,Onslow County,34.7631087,-77.4994691,1999,NORTH CAROLINA,WHEAT,PRODUCTION,BU,204000
37133,Onslow County,34.7631087,-77.4994691,2000,NORTH CAROLINA,CORN,PRODUCTION,BU,1145000
37133,Onslow County,34.7631087,-77.4994691,2000,NORTH CAROLINA,COTTON,PRODUCTION,480 LB BALES,10500
37133,Onslow County,34.7631087,-77.4994691,2000,NORTH CAROLINA,HAY,PRODUCTION,TONS,5900
37133,Onslow County,34.7631087,-77.4994691,2000,NORTH CAROLINA,SOYBEANS,PRODUCTION,BU,522000
37133,Onslow County,34.7631087,-77.4994691,2000,NORTH CAROLINA,TOBACCO,PRODUCTION,LB,4424000
37133,Onslow County,34.7631087,-77.4994691,2000,NORTH CAROLINA,WHEAT,PRODUCTION,BU,179000
37133,Onslow County,34.7631087,-77.4994691,2000,NORTH CAROLINA,WHEAT,PRODUCTION,BU,179000
37065,Edgecombe County,35.9170773,-77.6027422,1996,NORTH CAROLINA,CORN,PRODUCTION,BU,2090000
37065,Edgecombe County,35.9170773,-77.6027422,1996,NORTH CAROLINA,COTTON,PRODUCTION,480 LB BALES,61400
37065,Edgecombe County,35.9170773,-77.6027422,1996,NORTH CAROLINA,HAY,PRODUCTION,TONS,3100
37065,Edgecombe County,35.9170773,-77.6027422,1996,NORTH CAROLINA,OATS,PRODUCTION,BU,9000
37065,Edgecombe County,35.9170773,-77.6027422,1996,NORTH CAROLINA,PEANUTS,PRODUCTION,LB,33754000
37065,Edgecombe County,35.9170773,-77.6027422,1996,NORTH CAROLINA,SORGHUM,PRODUCTION,BU,20300
37065,Edgecombe County,35.9170773,-77.6027422,1996,NORTH CAROLINA,SOYBEANS,PRODUCTION,BU,442000
37065,Edgecombe County,35.9170773,-77.6027422,1996,NORTH CAROLINA,SWEET POTATOES,PRODUCTION,CWT,221800
37065,Edgecombe County,35.9170773,-77.6027422,1996,NORTH CAROLINA,TOBACCO,PRODUCTION,LB,15233000
37065,Edgecombe County,35.9170773,-77.6027422,1996,NORTH CAROLINA,WHEAT,PRODUCTION,BU,369000
37065,Edgecombe County,35.9170773,-77.6027422,1996,NORTH CAROLINA,WHEAT,PRODUCTION,BU,369000
37065,Edgecombe County,35.9170773,-77.6027422,1997,NORTH CAROLINA,CORN,PRODUCTION,BU,1527932
37065,Edgecombe County,35.9170773,-77.6027422,1997,NORTH CAROLINA,CORN,PRODUCTION,BU,1695000
37065,Edgecombe County,35.9170773,-77.6027422,1997,NORTH CAROLINA,CORN,PRODUCTION,TONS,3000
37065,Edgecombe County,35.9170773,-77.6027422,1997,NORTH CAROLINA,COTTON,PRODUCTION,BALES,50114
37065,Edgecombe County,35.9170773,-77.6027422,1997,NORTH CAROLINA,COTTON,PRODUCTION,480 LB BALES,56000
37065,Edgecombe County,35.9170773,-77.6027422,1997,NORTH CAROLINA,HAY,PRODUCTION,TONS,68
37065,Edgecombe County,35.9170773,-77.6027422,1997,NORTH CAROLINA,HAY,PRODUCTION,TONS,1333
37065,Edgecombe County,35.9170773,-77.6027422,1997,NORTH CAROLINA,HAY,PRODUCTION,TONS,4700
37065,Edgecombe County,35.9170773,-77.6027422,1997,NORTH CAROLINA,OATS,PRODUCTION,BU,NA
37065,Edgecombe County,35.9170773,-77.6027422,1997,NORTH CAROLINA,OATS,PRODUCTION,BU,28000
37065,Edgecombe County,35.9170773,-77.6027422,1997,NORTH CAROLINA,PEANUTS,PRODUCTION,LB,27551851
37065,Edgecombe County,35.9170773,-77.6027422,1997,NORTH CAROLINA,PEANUTS,PRODUCTION,LB,28562000
37065,Edgecombe County,35.9170773,-77.6027422,1997,NORTH CAROLINA,RYE,PRODUCTION,BU,NA
37065,Edgecombe County,35.9170773,-77.6027422,1997,NORTH CAROLINA,SORGHUM,PRODUCTION,BU,NA
37065,Edgecombe County,35.9170773,-77.6027422,1997,NORTH CAROLINA,SORGHUM,PRODUCTION,BU,8800
37065,Edgecombe County,35.9170773,-77.6027422,1997,NORTH CAROLINA,SOYBEANS,PRODUCTION,BU,569410
37065,Edgecombe County,35.9170773,-77.6027422,1997,NORTH CAROLINA,SOYBEANS,PRODUCTION,BU,626000
37065,Edgecombe County,35.9170773,-77.6027422,1997,NORTH CAROLINA,SWEET POTATOES,PRODUCTION,CWT,109604
37065,Edgecombe County,35.9170773,-77.6027422,1997,NORTH CAROLINA,SWEET POTATOES,PRODUCTION,CWT,287500
37065,Edgecombe County,35.9170773,-77.6027422,1997,NORTH CAROLINA,TOBACCO,PRODUCTION,LB,18126802
37065,Edgecombe County,35.9170773,-77.6027422,1997,NORTH CAROLINA,TOBACCO,PRODUCTION,LB,19483000
37065,Edgecombe County,35.9170773,-77.6027422,1997,NORTH CAROLINA,WHEAT,PRODUCTION,BU,392895
37065,Edgecombe County,35.9170773,-77.6027422,1997,NORTH CAROLINA,WHEAT,PRODUCTION,BU,470000
37065,Edgecombe County,35.9170773,-77.6027422,1997,NORTH CAROLINA,WHEAT,PRODUCTION,BU,470000
37065,Edgecombe County,35.9170773,-77.6027422,1997,NORTH CAROLINA,WOOL,PRODUCTION,LB,NA
37065,Edgecombe County,35.9170773,-77.6027422,1997,NORTH CAROLINA,WOOL,PRODUCTION,OPERATIONS,2
37065,Edgecombe County,35.9170773,-77.6027422,1998,NORTH CAROLINA,CORN,PRODUCTION,BU,1255000
37065,Edgecombe County,35.9170773,-77.6027422,1998,NORTH CAROLINA,CORN,PRODUCTION,TONS,2400
37065,Edgecombe County,35.9170773,-77.6027422,1998,NORTH CAROLINA,COTTON,PRODUCTION,480 LB BALES,65000
37065,Edgecombe County,35.9170773,-77.6027422,1998,NORTH CAROLINA,HAY,PRODUCTION,TONS,4100
37065,Edgecombe County,35.9170773,-77.6027422,1998,NORTH CAROLINA,OATS,PRODUCTION,BU,21000
37065,Edgecombe County,35.9170773,-77.6027422,1998,NORTH CAROLINA,PEANUTS,PRODUCTION,LB,34716000
37065,Edgecombe County,35.9170773,-77.6027422,1998,NORTH CAROLINA,SORGHUM,PRODUCTION,BU,16100
37065,Edgecombe County,35.9170773,-77.6027422,1998,NORTH CAROLINA,SOYBEANS,PRODUCTION,BU,870000
37065,Edgecombe County,35.9170773,-77.6027422,1998,NORTH CAROLINA,SWEET POTATOES,PRODUCTION,CWT,328700
37065,Edgecombe County,35.9170773,-77.6027422,1998,NORTH CAROLINA,TOBACCO,PRODUCTION,LB,15173000
37065,Edgecombe County,35.9170773,-77.6027422,1998,NORTH CAROLINA,WHEAT,PRODUCTION,BU,325000
37065,Edgecombe County,35.9170773,-77.6027422,1998,NORTH CAROLINA,WHEAT,PRODUCTION,BU,325000
37065,Edgecombe County,35.9170773,-77.6027422,1999,NORTH CAROLINA,CORN,PRODUCTION,BU,794000
37065,Edgecombe County,35.9170773,-77.6027422,1999,NORTH CAROLINA,COTTON,PRODUCTION,480 LB BALES,35400
37065,Edgecombe County,35.9170773,-77.6027422,1999,NORTH CAROLINA,HAY,PRODUCTION,TONS,3800
37065,Edgecombe County,35.9170773,-77.6027422,1999,NORTH CAROLINA,OATS,PRODUCTION,BU,32000
37065,Edgecombe County,35.9170773,-77.6027422,1999,NORTH CAROLINA,PEANUTS,PRODUCTION,LB,19391000
37065,Edgecombe County,35.9170773,-77.6027422,1999,NORTH CAROLINA,SORGHUM,PRODUCTION,BU,18000
37065,Edgecombe County,35.9170773,-77.6027422,1999,NORTH CAROLINA,SOYBEANS,PRODUCTION,BU,539000
37065,Edgecombe County,35.9170773,-77.6027422,1999,NORTH CAROLINA,SWEET POTATOES,PRODUCTION,CWT,209600
37065,Edgecombe County,35.9170773,-77.6027422,1999,NORTH CAROLINA,TOBACCO,PRODUCTION,LB,10866000
37065,Edgecombe County,35.9170773,-77.6027422,1999,NORTH CAROLINA,WHEAT,PRODUCTION,BU,232000
37065,Edgecombe County,35.9170773,-77.6027422,1999,NORTH CAROLINA,WHEAT,PRODUCTION,BU,232000
37065,Edgecombe County,35.9170773,-77.6027422,2000,NORTH CAROLINA,CORN,PRODUCTION,BU,1247000
37065,Edgecombe County,35.9170773,-77.6027422,2000,NORTH CAROLINA,COTTON,PRODUCTION,480 LB BALES,82000
37065,Edgecombe County,35.9170773,-77.6027422,2000,NORTH CAROLINA,HAY,PRODUCTION,TONS,6000
37065,Edgecombe County,35.9170773,-77.6027422,2000,NORTH CAROLINA,OATS,PRODUCTION,BU,50000
37065,Edgecombe County,35.9170773,-77.6027422,2000,NORTH CAROLINA,PEANUTS,PRODUCTION,LB,30991000
37065,Edgecombe County,35.9170773,-77.6027422,2000,NORTH CAROLINA,SORGHUM,PRODUCTION,BU,13000
37065,Edgecombe County,35.9170773,-77.6027422,2000,NORTH CAROLINA,SOYBEANS,PRODUCTION,BU,560000
37065,Edgecombe County,35.9170773,-77.6027422,2000,NORTH CAROLINA,SWEET POTATOES,PRODUCTION,CWT,352000
37065,Edgecombe County,35.9170773,-77.6027422,2000,NORTH CAROLINA,TOBACCO,PRODUCTION,LB,11085000
37065,Edgecombe County,35.9170773,-77.6027422,2000,NORTH CAROLINA,WHEAT,PRODUCTION,BU,167000
37065,Edgecombe County,35.9170773,-77.6027422,2000,NORTH CAROLINA,WHEAT,PRODUCTION,BU,167000
37119,Mecklenburg County,35.2468623,-80.8338317,1996,NORTH CAROLINA,BARLEY,PRODUCTION,BU,16000
37119,Mecklenburg County,35.2468623,-80.8338317,1996,NORTH CAROLINA,CORN,PRODUCTION,BU,28000
37119,Mecklenburg County,35.2468623,-80.8338317,1996,NORTH CAROLINA,CORN,PRODUCTION,TONS,11000
37119,Mecklenburg County,35.2468623,-80.8338317,1996,NORTH CAROLINA,HAY,PRODUCTION,TONS,9200
37119,Mecklenburg County,35.2468623,-80.8338317,1996,NORTH CAROLINA,POTATOES,PRODUCTION,CWT,400
37119,Mecklenburg County,35.2468623,-80.8338317,1996,NORTH CAROLINA,SOYBEANS,PRODUCTION,BU,41000
37119,Mecklenburg County,35.2468623,-80.8338317,1996,NORTH CAROLINA,WHEAT,PRODUCTION,BU,56000
37119,Mecklenburg County,35.2468623,-80.8338317,1996,NORTH CAROLINA,WHEAT,PRODUCTION,BU,56000
37119,Mecklenburg County,35.2468623,-80.8338317,1997,NORTH CAROLINA,BARLEY,PRODUCTION,BU,6640
37119,Mecklenburg County,35.2468623,-80.8338317,1997,NORTH CAROLINA,BARLEY,PRODUCTION,BU,12500
37119,Mecklenburg County,35.2468623,-80.8338317,1997,NORTH CAROLINA,CORN,PRODUCTION,BU,26041
37119,Mecklenburg County,35.2468623,-80.8338317,1997,NORTH CAROLINA,CORN,PRODUCTION,TONS,8994
37119,Mecklenburg County,35.2468623,-80.8338317,1997,NORTH CAROLINA,CORN,PRODUCTION,BU,25000
37119,Mecklenburg County,35.2468623,-80.8338317,1997,NORTH CAROLINA,CORN,PRODUCTION,TONS,9500
37119,Mecklenburg County,35.2468623,-80.8338317,1997,NORTH CAROLINA,GRASSES,PRODUCTION,LB,NA
37119,Mecklenburg County,35.2468623,-80.8338317,1997,NORTH CAROLINA,HAY,PRODUCTION,TONS,523
37119,Mecklenburg County,35.2468623,-80.8338317,1997,NORTH CAROLINA,HAY,PRODUCTION,TONS,2237
37119,Mecklenburg County,35.2468623,-80.8338317,1997,NORTH CAROLINA,HAY,PRODUCTION,TONS,6405
37119,Mecklenburg County,35.2468623,-80.8338317,1997,NORTH CAROLINA,HAY,PRODUCTION,TONS,NA
37119,Mecklenburg County,35.2468623,-80.8338317,1997,NORTH CAROLINA,HAY,PRODUCTION,TONS,10200
37119,Mecklenburg County,35.2468623,-80.8338317,1997,NORTH CAROLINA,HAYLAGE,PRODUCTION,TONS,NA
37119,Mecklenburg County,35.2468623,-80.8338317,1997,NORTH CAROLINA,OATS,PRODUCTION,BU,1050
37119,Mecklenburg County,35.2468623,-80.8338317,1997,NORTH CAROLINA,SOYBEANS,PRODUCTION,BU,26488
37119,Mecklenburg County,35.2468623,-80.8338317,1997,NORTH CAROLINA,SOYBEANS,PRODUCTION,BU,23000
37119,Mecklenburg County,35.2468623,-80.8338317,1997,NORTH CAROLINA,WHEAT,PRODUCTION,BU,81759
37119,Mecklenburg County,35.2468623,-80.8338317,1997,NORTH CAROLINA,WHEAT,PRODUCTION,BU,95000
37119,Mecklenburg County,35.2468623,-80.8338317,1997,NORTH CAROLINA,WHEAT,PRODUCTION,BU,95000
37119,Mecklenburg County,35.2468623,-80.8338317,1997,NORTH CAROLINA,WOOL,PRODUCTION,LB,NA
37119,Mecklenburg County,35.2468623,-80.8338317,1997,NORTH CAROLINA,WOOL,PRODUCTION,OPERATIONS,4
37119,Mecklenburg County,35.2468623,-80.8338317,1998,NORTH CAROLINA,BARLEY,PRODUCTION,BU,9600
37119,Mecklenburg County,35.2468623,-80.8338317,1998,NORTH CAROLINA,CORN,PRODUCTION,BU,17700
37119,Mecklenburg County,35.2468623,-80.8338317,1998,NORTH CAROLINA,CORN,PRODUCTION,TONS,11200
37119,Mecklenburg County,35.2468623,-80.8338317,1998,NORTH CAROLINA,HAY,PRODUCTION,TONS,17000
37119,Mecklenburg County,35.2468623,-80.8338317,1998,NORTH CAROLINA,SOYBEANS,PRODUCTION,BU,15000
37119,Mecklenburg County,35.2468623,-80.8338317,1998,NORTH CAROLINA,WHEAT,PRODUCTION,BU,48500
37119,Mecklenburg County,35.2468623,-80.8338317,1998,NORTH CAROLINA,WHEAT,PRODUCTION,BU,48500
37119,Mecklenburg County,35.2468623,-80.8338317,1999,NORTH CAROLINA,CORN,PRODUCTION,BU,37000
37119,Mecklenburg County,35.2468623,-80.8338317,1999,NORTH CAROLINA,CORN,PRODUCTION,TONS,9600
37119,Mecklenburg County,35.2468623,-80.8338317,1999,NORTH CAROLINA,HAY,PRODUCTION,TONS,13600
37119,Mecklenburg County,35.2468623,-80.8338317,1999,NORTH CAROLINA,SOYBEANS,PRODUCTION,BU,33000
37119,Mecklenburg County,35.2468623,-80.8338317,1999,NORTH CAROLINA,WHEAT,PRODUCTION,BU,72000
37119,Mecklenburg County,35.2468623,-80.8338317,1999,NORTH CAROLINA,WHEAT,PRODUCTION,BU,72000
37119,Mecklenburg County,35.2468623,-80.8338317,2000,NORTH CAROLINA,CORN,PRODUCTION,BU,51000
37119,Mecklenburg County,35.2468623,-80.8338317,2000,NORTH CAROLINA,CORN,PRODUCTION,TONS,7300
37119,Mecklenburg County,35.2468623,-80.8338317,2000,NORTH CAROLINA,HAY,PRODUCTION,TONS,17000
37119,Mecklenburg County,35.2468623,-80.8338317,2000,NORTH CAROLINA,SOYBEANS,PRODUCTION,BU,57000
37119,Mecklenburg County,35.2468623,-80.8338317,2000,NORTH CAROLINA,WHEAT,PRODUCTION,BU,97000
37119,Mecklenburg County,35.2468623,-80.8338317,2000,NORTH CAROLINA,WHEAT,PRODUCTION,BU,97000
37199,Yancey County,35.8893259,-82.3039535,1996,NORTH CAROLINA,HAY,PRODUCTION,TONS,4900
37199,Yancey County,35.8893259,-82.3039535,1996,NORTH CAROLINA,POTATOES,PRODUCTION,CWT,6400
37199,Yancey County,35.8893259,-82.3039535,1996,NORTH CAROLINA,TOBACCO,PRODUCTION,LB,1650000
37199,Yancey County,35.8893259,-82.3039535,1997,NORTH CAROLINA,CORN,PRODUCTION,BU,3483
37199,Yancey County,35.8893259,-82.3039535,1997,NORTH CAROLINA,CORN,PRODUCTION,TONS,1983
37199,Yancey County,35.8893259,-82.3039535,1997,NORTH CAROLINA,CORN,PRODUCTION,TONS,2200
37199,Yancey County,35.8893259,-82.3039535,1997,NORTH CAROLINA,HAY,PRODUCTION,TONS,591
37199,Yancey County,35.8893259,-82.3039535,1997,NORTH CAROLINA,HAY,PRODUCTION,TONS,78
37199,Yancey County,35.8893259,-82.3039535,1997,NORTH CAROLINA,HAY,PRODUCTION,TONS,2842
37199,Yancey County,35.8893259,-82.3039535,1997,NORTH CAROLINA,HAY,PRODUCTION,TONS,294
37199,Yancey County,35.8893259,-82.3039535,1997,NORTH CAROLINA,HAY,PRODUCTION,TONS,3800
37199,Yancey County,35.8893259,-82.3039535,1997,NORTH CAROLINA,HAYLAGE,PRODUCTION,TONS,128
37199,Yancey County,35.8893259,-82.3039535,1997,NORTH CAROLINA,POTATOES,PRODUCTION,CWT,2867
37199,Yancey County,35.8893259,-82.3039535,1997,NORTH CAROLINA,TOBACCO,PRODUCTION,LB,1874846
37199,Yancey County,35.8893259,-82.3039535,1997,NORTH CAROLINA,TOBACCO,PRODUCTION,LB,1666000
37199,Yancey County,35.8893259,-82.3039535,1997,NORTH CAROLINA,WOOL,PRODUCTION,LB,NA
37199,Yancey County,35.8893259,-82.3039535,1997,NORTH CAROLINA,WOOL,PRODUCTION,OPERATIONS,2
37199,Yancey County,35.8893259,-82.3039535,1998,NORTH CAROLINA,CORN,PRODUCTION,BU,20600
37199,Yancey County,35.8893259,-82.3039535,1998,NORTH CAROLINA,CORN,PRODUCTION,TONS,2300
37199,Yancey County,35.8893259,-82.3039535,1998,NORTH CAROLINA,HAY,PRODUCTION,TONS,4300
37199,Yancey County,35.8893259,-82.3039535,1998,NORTH CAROLINA,TOBACCO,PRODUCTION,LB,1275000
37199,Yancey County,35.8893259,-82.3039535,1999,NORTH CAROLINA,CORN,PRODUCTION,TONS,2400
37199,Yancey County,35.8893259,-82.3039535,1999,NORTH CAROLINA,HAY,PRODUCTION,TONS,5600
37199,Yancey County,35.8893259,-82.3039535,1999,NORTH CAROLINA,TOBACCO,PRODUCTION,LB,1173000
37199,Yancey County,35.8893259,-82.3039535,2000,NORTH CAROLINA,CORN,PRODUCTION,TONS,3000
37199,Yancey County,35.8893259,-82.3039535,2000,NORTH CAROLINA,HAY,PRODUCTION,TONS,8900
37199,Yancey County,35.8893259,-82.3039535,2000,NORTH CAROLINA,TOBACCO,PRODUCTION,LB,1225000
37197,Yadkin County,36.1587653,-80.6651641,1996,NORTH CAROLINA,BARLEY,PRODUCTION,BU,76000
37197,Yadkin County,36.1587653,-80.6651641,1996,NORTH CAROLINA,CORN,PRODUCTION,BU,705000
37197,Yadkin County,36.1587653,-80.6651641,1996,NORTH CAROLINA,CORN,PRODUCTION,TONS,60200
37197,Yadkin County,36.1587653,-80.6651641,1996,NORTH CAROLINA,HAY,PRODUCTION,TONS,29400
37197,Yadkin County,36.1587653,-80.6651641,1996,NORTH CAROLINA,OATS,PRODUCTION,BU,4200
37197,Yadkin County,36.1587653,-80.6651641,1996,NORTH CAROLINA,SORGHUM,PRODUCTION,BU,2900
37197,Yadkin County,36.1587653,-80.6651641,1996,NORTH CAROLINA,SOYBEANS,PRODUCTION,BU,256000
37197,Yadkin County,36.1587653,-80.6651641,1996,NORTH CAROLINA,TOBACCO,PRODUCTION,LB,10459000
37197,Yadkin County,36.1587653,-80.6651641,1996,NORTH CAROLINA,WHEAT,PRODUCTION,BU,202000
37197,Yadkin County,36.1587653,-80.6651641,1996,NORTH CAROLINA,WHEAT,PRODUCTION,BU,202000
37197,Yadkin County,36.1587653,-80.6651641,1997,NORTH CAROLINA,BARLEY,PRODUCTION,BU,87780
37197,Yadkin County,36.1587653,-80.6651641,1997,NORTH CAROLINA,BARLEY,PRODUCTION,BU,92900
37197,Yadkin County,36.1587653,-80.6651641,1997,NORTH CAROLINA,CORN,PRODUCTION,BU,659259
37197,Yadkin County,36.1587653,-80.6651641,1997,NORTH CAROLINA,CORN,PRODUCTION,TONS,67740
37197,Yadkin County,36.1587653,-80.6651641,1997,NORTH CAROLINA,CORN,PRODUCTION,BU,695000
37197,Yadkin County,36.1587653,-80.6651641,1997,NORTH CAROLINA,CORN,PRODUCTION,TONS,75000
37197,Yadkin County,36.1587653,-80.6651641,1997,NORTH CAROLINA,GRASSES,PRODUCTION,LB,18450
37197,Yadkin County,36.1587653,-80.6651641,1997,NORTH CAROLINA,HAY,PRODUCTION,TONS,2461
37197,Yadkin County,36.1587653,-80.6651641,1997,NORTH CAROLINA,HAY,PRODUCTION,TONS,1567
37197,Yadkin County,36.1587653,-80.6651641,1997,NORTH CAROLINA,HAY,PRODUCTION,TONS,25881
37197,Yadkin County,36.1587653,-80.6651641,1997,NORTH CAROLINA,HAY,PRODUCTION,TONS,1116
37197,Yadkin County,36.1587653,-80.6651641,1997,NORTH CAROLINA,HAY,PRODUCTION,TONS,33200
37197,Yadkin County,36.1587653,-80.6651641,1997,NORTH CAROLINA,HAYLAGE,PRODUCTION,TONS,1777
37197,Yadkin County,36.1587653,-80.6651641,1997,NORTH CAROLINA,OATS,PRODUCTION,BU,14329
37197,Yadkin County,36.1587653,-80.6651641,1997,NORTH CAROLINA,OATS,PRODUCTION,BU,15000
37197,Yadkin County,36.1587653,-80.6651641,1997,NORTH CAROLINA,SOYBEANS,PRODUCTION,BU,225328
37197,Yadkin County,36.1587653,-80.6651641,1997,NORTH CAROLINA,SOYBEANS,PRODUCTION,BU,230000
37197,Yadkin County,36.1587653,-80.6651641,1997,NORTH CAROLINA,TOBACCO,PRODUCTION,LB,9703269
37197,Yadkin County,36.1587653,-80.6651641,1997,NORTH CAROLINA,TOBACCO,PRODUCTION,LB,9800000
37197,Yadkin County,36.1587653,-80.6651641,1997,NORTH CAROLINA,WHEAT,PRODUCTION,BU,278482
37197,Yadkin County,36.1587653,-80.6651641,1997,NORTH CAROLINA,WHEAT,PRODUCTION,BU,276000
37197,Yadkin County,36.1587653,-80.6651641,1997,NORTH CAROLINA,WHEAT,PRODUCTION,BU,276000
37197,Yadkin County,36.1587653,-80.6651641,1997,NORTH CAROLINA,WOOL,PRODUCTION,LB,298
37197,Yadkin County,36.1587653,-80.6651641,1997,NORTH CAROLINA,WOOL,PRODUCTION,OPERATIONS,7
37197,Yadkin County,36.1587653,-80.6651641,1998,NORTH CAROLINA,BARLEY,PRODUCTION,BU,79500
37197,Yadkin County,36.1587653,-80.6651641,1998,NORTH CAROLINA,CORN,PRODUCTION,BU,569000
37197,Yadkin County,36.1587653,-80.6651641,1998,NORTH CAROLINA,CORN,PRODUCTION,TONS,22400
37197,Yadkin County,36.1587653,-80.6651641,1998,NORTH CAROLINA,HAY,PRODUCTION,TONS,39200
37197,Yadkin County,36.1587653,-80.6651641,1998,NORTH CAROLINA,SOYBEANS,PRODUCTION,BU,165000
37197,Yadkin County,36.1587653,-80.6651641,1998,NORTH CAROLINA,TOBACCO,PRODUCTION,LB,9405000
37197,Yadkin County,36.1587653,-80.6651641,1998,NORTH CAROLINA,WHEAT,PRODUCTION,BU,223000
37197,Yadkin County,36.1587653,-80.6651641,1998,NORTH CAROLINA,WHEAT,PRODUCTION,BU,223000
37197,Yadkin County,36.1587653,-80.6651641,1999,NORTH CAROLINA,BARLEY,PRODUCTION,BU,109400
37197,Yadkin County,36.1587653,-80.6651641,1999,NORTH CAROLINA,CORN,PRODUCTION,BU,600000
37197,Yadkin County,36.1587653,-80.6651641,1999,NORTH CAROLINA,CORN,PRODUCTION,TONS,41500
37197,Yadkin County,36.1587653,-80.6651641,1999,NORTH CAROLINA,HAY,PRODUCTION,TONS,41000
37197,Yadkin County,36.1587653,-80.6651641,1999,NORTH CAROLINA,SOYBEANS,PRODUCTION,BU,287000
37197,Yadkin County,36.1587653,-80.6651641,1999,NORTH CAROLINA,TOBACCO,PRODUCTION,LB,7728000
37197,Yadkin County,36.1587653,-80.6651641,1999,NORTH CAROLINA,WHEAT,PRODUCTION,BU,210000
37197,Yadkin County,36.1587653,-80.6651641,1999,NORTH CAROLINA,WHEAT,PRODUCTION,BU,210000
37197,Yadkin County,36.1587653,-80.6651641,2000,NORTH CAROLINA,BARLEY,PRODUCTION,BU,90500
37197,Yadkin County,36.1587653,-80.6651641,2000,NORTH CAROLINA,CORN,PRODUCTION,BU,744000
37197,Yadkin County,36.1587653,-80.6651641,2000,NORTH CAROLINA,CORN,PRODUCTION,TONS,69000
37197,Yadkin County,36.1587653,-80.6651641,2000,NORTH CAROLINA,HAY,PRODUCTION,TONS,44100
37197,Yadkin County,36.1587653,-80.6651641,2000,NORTH CAROLINA,OATS,PRODUCTION,BU,12000
37197,Yadkin County,36.1587653,-80.6651641,2000,NORTH CAROLINA,SOYBEANS,PRODUCTION,BU,435000
37197,Yadkin County,36.1587653,-80.6651641,2000,NORTH CAROLINA,TOBACCO,PRODUCTION,LB,5545000
37197,Yadkin County,36.1587653,-80.6651641,2000,NORTH CAROLINA,WHEAT,PRODUCTION,BU,231000
37197,Yadkin County,36.1587653,-80.6651641,2000,NORTH CAROLINA,WHEAT,PRODUCTION,BU,231000
37023,Burke County,35.746182,-81.7061795,1996,NORTH CAROLINA,CORN,PRODUCTION,BU,84000
37023,Burke County,35.746182,-81.7061795,1996,NORTH CAROLINA,CORN,PRODUCTION,TONS,7200
37023,Burke County,35.746182,-81.7061795,1996,NORTH CAROLINA,HAY,PRODUCTION,TONS,9000
37023,Burke County,35.746182,-81.7061795,1996,NORTH CAROLINA,OATS,PRODUCTION,BU,5500
37023,Burke County,35.746182,-81.7061795,1996,NORTH CAROLINA,POTATOES,PRODUCTION,CWT,1400
37023,Burke County,35.746182,-81.7061795,1996,NORTH CAROLINA,SORGHUM,PRODUCTION,BU,2200
37023,Burke County,35.746182,-81.7061795,1996,NORTH CAROLINA,SOYBEANS,PRODUCTION,BU,9000
37023,Burke County,35.746182,-81.7061795,1997,NORTH CAROLINA,BARLEY,PRODUCTION,BU,1500
37023,Burke County,35.746182,-81.7061795,1997,NORTH CAROLINA,CORN,PRODUCTION,BU,96116
37023,Burke County,35.746182,-81.7061795,1997,NORTH CAROLINA,CORN,PRODUCTION,TONS,10097
37023,Burke County,35.746182,-81.7061795,1997,NORTH CAROLINA,CORN,PRODUCTION,BU,94000
37023,Burke County,35.746182,-81.7061795,1997,NORTH CAROLINA,CORN,PRODUCTION,TONS,9500
37023,Burke County,35.746182,-81.7061795,1997,NORTH CAROLINA,HAY,PRODUCTION,TONS,36
37023,Burke County,35.746182,-81.7061795,1997,NORTH CAROLINA,HAY,PRODUCTION,TONS,461
37023,Burke County,35.746182,-81.7061795,1997,NORTH CAROLINA,HAY,PRODUCTION,TONS,7425
37023,Burke County,35.746182,-81.7061795,1997,NORTH CAROLINA,HAY,PRODUCTION,TONS,368
37023,Burke County,35.746182,-81.7061795,1997,NORTH CAROLINA,HAY,PRODUCTION,TONS,8600
37023,Burke County,35.746182,-81.7061795,1997,NORTH CAROLINA,HAYLAGE,PRODUCTION,TONS,1579
37023,Burke County,35.746182,-81.7061795,1997,NORTH CAROLINA,OATS,PRODUCTION,BU,2095
37023,Burke County,35.746182,-81.7061795,1997,NORTH CAROLINA,OATS,PRODUCTION,BU,2400
37023,Burke County,35.746182,-81.7061795,1997,NORTH CAROLINA,SOYBEANS,PRODUCTION,BU,2010
37023,Burke County,35.746182,-81.7061795,1997,NORTH CAROLINA,SOYBEANS,PRODUCTION,BU,9000
37023,Burke County,35.746182,-81.7061795,1997,NORTH CAROLINA,TOBACCO,PRODUCTION,LB,15199
37023,Burke County,35.746182,-81.7061795,1997,NORTH CAROLINA,WHEAT,PRODUCTION,BU,2570
37023,Burke County,35.746182,-81.7061795,1997,NORTH CAROLINA,WOOL,PRODUCTION,LB,NA
37023,Burke County,35.746182,-81.7061795,1997,NORTH CAROLINA,WOOL,PRODUCTION,OPERATIONS,2
37023,Burke County,35.746182,-81.7061795,1998,NORTH CAROLINA,CORN,PRODUCTION,BU,157000
37023,Burke County,35.746182,-81.7061795,1998,NORTH CAROLINA,CORN,PRODUCTION,TONS,7100
37023,Burke County,35.746182,-81.7061795,1998,NORTH CAROLINA,HAY,PRODUCTION,TONS,10100
37023,Burke County,35.746182,-81.7061795,1998,NORTH CAROLINA,SOYBEANS,PRODUCTION,BU,8500
37023,Burke County,35.746182,-81.7061795,1998,NORTH CAROLINA,WHEAT,PRODUCTION,BU,7800
37023,Burke County,35.746182,-81.7061795,1998,NORTH CAROLINA,WHEAT,PRODUCTION,BU,7800
37023,Burke County,35.746182,-81.7061795,1999,NORTH CAROLINA,CORN,PRODUCTION,BU,65000
37023,Burke County,35.746182,-81.7061795,1999,NORTH CAROLINA,CORN,PRODUCTION,TONS,7500
37023,Burke County,35.746182,-81.7061795,1999,NORTH CAROLINA,HAY,PRODUCTION,TONS,13300
37023,Burke County,35.746182,-81.7061795,1999,NORTH CAROLINA,SOYBEANS,PRODUCTION,BU,24500
37023,Burke County,35.746182,-81.7061795,2000,NORTH CAROLINA,CORN,PRODUCTION,BU,83000
37023,Burke County,35.746182,-81.7061795,2000,NORTH CAROLINA,CORN,PRODUCTION,TONS,4000
37023,Burke County,35.746182,-81.7061795,2000,NORTH CAROLINA,HAY,PRODUCTION,TONS,16700
37023,Burke County,35.746182,-81.7061795,2000,NORTH CAROLINA,SOYBEANS,PRODUCTION,BU,8000
37191,Wayne County,35.3541896,-78.0086695,1996,NORTH CAROLINA,CORN,PRODUCTION,BU,2995000
37191,Wayne County,35.3541896,-78.0086695,1996,NORTH CAROLINA,CORN,PRODUCTION,TONS,4000
37191,Wayne County,35.3541896,-78.0086695,1996,NORTH CAROLINA,COTTON,PRODUCTION,480 LB BALES,27800
37191,Wayne County,35.3541896,-78.0086695,1996,NORTH CAROLINA,HAY,PRODUCTION,TONS,17300
37191,Wayne County,35.3541896,-78.0086695,1996,NORTH CAROLINA,OATS,PRODUCTION,BU,13000
37191,Wayne County,35.3541896,-78.0086695,1996,NORTH CAROLINA,POTATOES,PRODUCTION,CWT,7200
37191,Wayne County,35.3541896,-78.0086695,1996,NORTH CAROLINA,SORGHUM,PRODUCTION,BU,3100
37191,Wayne County,35.3541896,-78.0086695,1996,NORTH CAROLINA,SOYBEANS,PRODUCTION,BU,1317000
37191,Wayne County,35.3541896,-78.0086695,1996,NORTH CAROLINA,SWEET POTATOES,PRODUCTION,CWT,191500
37191,Wayne County,35.3541896,-78.0086695,1996,NORTH CAROLINA,TOBACCO,PRODUCTION,LB,20212000
37191,Wayne County,35.3541896,-78.0086695,1996,NORTH CAROLINA,WHEAT,PRODUCTION,BU,1153000
37191,Wayne County,35.3541896,-78.0086695,1996,NORTH CAROLINA,WHEAT,PRODUCTION,BU,1153000
37191,Wayne County,35.3541896,-78.0086695,1997,NORTH CAROLINA,BARLEY,PRODUCTION,BU,7600
37191,Wayne County,35.3541896,-78.0086695,1997,NORTH CAROLINA,CORN,PRODUCTION,BU,2118351
37191,Wayne County,35.3541896,-78.0086695,1997,NORTH CAROLINA,CORN,PRODUCTION,TONS,3265
37191,Wayne County,35.3541896,-78.0086695,1997,NORTH CAROLINA,CORN,PRODUCTION,BU,2440000
37191,Wayne County,35.3541896,-78.0086695,1997,NORTH CAROLINA,CORN,PRODUCTION,TONS,3200
37191,Wayne County,35.3541896,-78.0086695,1997,NORTH CAROLINA,COTTON,PRODUCTION,BALES,28844
37191,Wayne County,35.3541896,-78.0086695,1997,NORTH CAROLINA,COTTON,PRODUCTION,480 LB BALES,28600
37191,Wayne County,35.3541896,-78.0086695,1997,NORTH CAROLINA,HAY,PRODUCTION,TONS,1138
37191,Wayne County,35.3541896,-78.0086695,1997,NORTH CAROLINA,HAY,PRODUCTION,TONS,12455
37191,Wayne County,35.3541896,-78.0086695,1997,NORTH CAROLINA,HAY,PRODUCTION,TONS,NA
37191,Wayne County,35.3541896,-78.0086695,1997,NORTH CAROLINA,HAY,PRODUCTION,TONS,16400
37191,Wayne County,35.3541896,-78.0086695,1997,NORTH CAROLINA,HAYLAGE,PRODUCTION,TONS,585
37191,Wayne County,35.3541896,-78.0086695,1997,NORTH CAROLINA,OATS,PRODUCTION,BU,55881
37191,Wayne County,35.3541896,-78.0086695,1997,NORTH CAROLINA,OATS,PRODUCTION,BU,56000
37191,Wayne County,35.3541896,-78.0086695,1997,NORTH CAROLINA,RYE,PRODUCTION,BU,10737
37191,Wayne County,35.3541896,-78.0086695,1997,NORTH CAROLINA,SOYBEANS,PRODUCTION,BU,1524355
37191,Wayne County,35.3541896,-78.0086695,1997,NORTH CAROLINA,SOYBEANS,PRODUCTION,BU,1700000
37191,Wayne County,35.3541896,-78.0086695,1997,NORTH CAROLINA,SWEET POTATOES,PRODUCTION,CWT,151254
37191,Wayne County,35.3541896,-78.0086695,1997,NORTH CAROLINA,SWEET POTATOES,PRODUCTION,CWT,186000
37191,Wayne County,35.3541896,-78.0086695,1997,NORTH CAROLINA,TOBACCO,PRODUCTION,LB,24044288
37191,Wayne County,35.3541896,-78.0086695,1997,NORTH CAROLINA,TOBACCO,PRODUCTION,LB,24550000
37191,Wayne County,35.3541896,-78.0086695,1997,NORTH CAROLINA,WHEAT,PRODUCTION,BU,1270397
37191,Wayne County,35.3541896,-78.0086695,1997,NORTH CAROLINA,WHEAT,PRODUCTION,BU,1370000
37191,Wayne County,35.3541896,-78.0086695,1997,NORTH CAROLINA,WHEAT,PRODUCTION,BU,1370000
37191,Wayne County,35.3541896,-78.0086695,1997,NORTH CAROLINA,WOOL,PRODUCTION,LB,312
37191,Wayne County,35.3541896,-78.0086695,1997,NORTH CAROLINA,WOOL,PRODUCTION,OPERATIONS,7
37191,Wayne County,35.3541896,-78.0086695,1998,NORTH CAROLINA,CORN,PRODUCTION,BU,1273000
37191,Wayne County,35.3541896,-78.0086695,1998,NORTH CAROLINA,COTTON,PRODUCTION,480 LB BALES,33000
37191,Wayne County,35.3541896,-78.0086695,1998,NORTH CAROLINA,HAY,PRODUCTION,TONS,13000
37191,Wayne County,35.3541896,-78.0086695,1998,NORTH CAROLINA,OATS,PRODUCTION,BU,36000
37191,Wayne County,35.3541896,-78.0086695,1998,NORTH CAROLINA,SOYBEANS,PRODUCTION,BU,1904000
37191,Wayne County,35.3541896,-78.0086695,1998,NORTH CAROLINA,SWEET POTATOES,PRODUCTION,CWT,242100
37191,Wayne County,35.3541896,-78.0086695,1998,NORTH CAROLINA,TOBACCO,PRODUCTION,LB,18317000
37191,Wayne County,35.3541896,-78.0086695,1998,NORTH CAROLINA,WHEAT,PRODUCTION,BU,1455000
37191,Wayne County,35.3541896,-78.0086695,1998,NORTH CAROLINA,WHEAT,PRODUCTION,BU,1455000
37191,Wayne County,35.3541896,-78.0086695,1999,NORTH CAROLINA,CORN,PRODUCTION,BU,1445000
37191,Wayne County,35.3541896,-78.0086695,1999,NORTH CAROLINA,CORN,PRODUCTION,TONS,4200
37191,Wayne County,35.3541896,-78.0086695,1999,NORTH CAROLINA,COTTON,PRODUCTION,480 LB BALES,24400
37191,Wayne County,35.3541896,-78.0086695,1999,NORTH CAROLINA,HAY,PRODUCTION,TONS,16300
37191,Wayne County,35.3541896,-78.0086695,1999,NORTH CAROLINA,OATS,PRODUCTION,BU,34000
37191,Wayne County,35.3541896,-78.0086695,1999,NORTH CAROLINA,SOYBEANS,PRODUCTION,BU,1574000
37191,Wayne County,35.3541896,-78.0086695,1999,NORTH CAROLINA,SWEET POTATOES,PRODUCTION,CWT,140300
37191,Wayne County,35.3541896,-78.0086695,1999,NORTH CAROLINA,TOBACCO,PRODUCTION,LB,14903000
37191,Wayne County,35.3541896,-78.0086695,1999,NORTH CAROLINA,WHEAT,PRODUCTION,BU,1123000
37191,Wayne County,35.3541896,-78.0086695,1999,NORTH CAROLINA,WHEAT,PRODUCTION,BU,1123000
37191,Wayne County,35.3541896,-78.0086695,2000,NORTH CAROLINA,CORN,PRODUCTION,BU,2713000
37191,Wayne County,35.3541896,-78.0086695,2000,NORTH CAROLINA,COTTON,PRODUCTION,480 LB BALES,50600
37191,Wayne County,35.3541896,-78.0086695,2000,NORTH CAROLINA,HAY,PRODUCTION,TONS,25000
37191,Wayne County,35.3541896,-78.0086695,2000,NORTH CAROLINA,OATS,PRODUCTION,BU,57000
37191,Wayne County,35.3541896,-78.0086695,2000,NORTH CAROLINA,SOYBEANS,PRODUCTION,BU,2052000
37191,Wayne County,35.3541896,-78.0086695,2000,NORTH CAROLINA,SWEET POTATOES,PRODUCTION,CWT,260000
37191,Wayne County,35.3541896,-78.0086695,2000,NORTH CAROLINA,TOBACCO,PRODUCTION,LB,15066000
37191,Wayne County,35.3541896,-78.0086695,2000,NORTH CAROLINA,WHEAT,PRODUCTION,BU,987000
37191,Wayne County,35.3541896,-78.0086695,2000,NORTH CAROLINA,WHEAT,PRODUCTION,BU,987000
37059,Davie County,35.9293554,-80.5425524,1996,NORTH CAROLINA,CORN,PRODUCTION,BU,314000
37059,Davie County,35.9293554,-80.5425524,1996,NORTH CAROLINA,CORN,PRODUCTION,TONS,21000
37059,Davie County,35.9293554,-80.5425524,1996,NORTH CAROLINA,HAY,PRODUCTION,TONS,24300
37059,Davie County,35.9293554,-80.5425524,1996,NORTH CAROLINA,OATS,PRODUCTION,BU,5000
37059,Davie County,35.9293554,-80.5425524,1996,NORTH CAROLINA,SORGHUM,PRODUCTION,BU,6400
37059,Davie County,35.9293554,-80.5425524,1996,NORTH CAROLINA,SOYBEANS,PRODUCTION,BU,200000
37059,Davie County,35.9293554,-80.5425524,1996,NORTH CAROLINA,TOBACCO,PRODUCTION,LB,1305000
37059,Davie County,35.9293554,-80.5425524,1996,NORTH CAROLINA,WHEAT,PRODUCTION,BU,112000
37059,Davie County,35.9293554,-80.5425524,1996,NORTH CAROLINA,WHEAT,PRODUCTION,BU,112000
37059,Davie County,35.9293554,-80.5425524,1997,NORTH CAROLINA,BARLEY,PRODUCTION,BU,10190
37059,Davie County,35.9293554,-80.5425524,1997,NORTH CAROLINA,BARLEY,PRODUCTION,BU,14000
37059,Davie County,35.9293554,-80.5425524,1997,NORTH CAROLINA,CORN,PRODUCTION,BU,396040
37059,Davie County,35.9293554,-80.5425524,1997,NORTH CAROLINA,CORN,PRODUCTION,TONS,20719
37059,Davie County,35.9293554,-80.5425524,1997,NORTH CAROLINA,CORN,PRODUCTION,BU,370000
37059,Davie County,35.9293554,-80.5425524,1997,NORTH CAROLINA,CORN,PRODUCTION,TONS,24000
37059,Davie County,35.9293554,-80.5425524,1997,NORTH CAROLINA,GRASSES,PRODUCTION,LB,10000
37059,Davie County,35.9293554,-80.5425524,1997,NORTH CAROLINA,HAY,PRODUCTION,TONS,445
37059,Davie County,35.9293554,-80.5425524,1997,NORTH CAROLINA,HAY,PRODUCTION,TONS,1714
37059,Davie County,35.9293554,-80.5425524,1997,NORTH CAROLINA,HAY,PRODUCTION,TONS,19590
37059,Davie County,35.9293554,-80.5425524,1997,NORTH CAROLINA,HAY,PRODUCTION,TONS,816
37059,Davie County,35.9293554,-80.5425524,1997,NORTH CAROLINA,HAY,PRODUCTION,TONS,25100
37059,Davie County,35.9293554,-80.5425524,1997,NORTH CAROLINA,HAYLAGE,PRODUCTION,TONS,2384
37059,Davie County,35.9293554,-80.5425524,1997,NORTH CAROLINA,OATS,PRODUCTION,BU,2664
37059,Davie County,35.9293554,-80.5425524,1997,NORTH CAROLINA,OATS,PRODUCTION,BU,4000
37059,Davie County,35.9293554,-80.5425524,1997,NORTH CAROLINA,SOYBEANS,PRODUCTION,BU,158533
37059,Davie County,35.9293554,-80.5425524,1997,NORTH CAROLINA,SOYBEANS,PRODUCTION,BU,163000
37059,Davie County,35.9293554,-80.5425524,1997,NORTH CAROLINA,TOBACCO,PRODUCTION,LB,1186201
37059,Davie County,35.9293554,-80.5425524,1997,NORTH CAROLINA,TOBACCO,PRODUCTION,LB,1330000
37059,Davie County,35.9293554,-80.5425524,1997,NORTH CAROLINA,WHEAT,PRODUCTION,BU,147034
37059,Davie County,35.9293554,-80.5425524,1997,NORTH CAROLINA,WHEAT,PRODUCTION,BU,183000
37059,Davie County,35.9293554,-80.5425524,1997,NORTH CAROLINA,WHEAT,PRODUCTION,BU,183000
37059,Davie County,35.9293554,-80.5425524,1997,NORTH CAROLINA,WOOL,PRODUCTION,LB,NA
37059,Davie County,35.9293554,-80.5425524,1997,NORTH CAROLINA,WOOL,PRODUCTION,OPERATIONS,2
37059,Davie County,35.9293554,-80.5425524,1998,NORTH CAROLINA,BARLEY,PRODUCTION,BU,12500
37059,Davie County,35.9293554,-80.5425524,1998,NORTH CAROLINA,CORN,PRODUCTION,BU,113000
37059,Davie County,35.9293554,-80.5425524,1998,NORTH CAROLINA,CORN,PRODUCTION,TONS,7600
37059,Davie County,35.9293554,-80.5425524,1998,NORTH CAROLINA,HAY,PRODUCTION,TONS,25000
37059,Davie County,35.9293554,-80.5425524,1998,NORTH CAROLINA,SOYBEANS,PRODUCTION,BU,73500
37059,Davie County,35.9293554,-80.5425524,1998,NORTH CAROLINA,TOBACCO,PRODUCTION,LB,1070000
37059,Davie County,35.9293554,-80.5425524,1998,NORTH CAROLINA,WHEAT,PRODUCTION,BU,137000
37059,Davie County,35.9293554,-80.5425524,1998,NORTH CAROLINA,WHEAT,PRODUCTION,BU,137000
37059,Davie County,35.9293554,-80.5425524,1999,NORTH CAROLINA,CORN,PRODUCTION,BU,278000
37059,Davie County,35.9293554,-80.5425524,1999,NORTH CAROLINA,CORN,PRODUCTION,TONS,21300
37059,Davie County,35.9293554,-80.5425524,1999,NORTH CAROLINA,HAY,PRODUCTION,TONS,26600
37059,Davie County,35.9293554,-80.5425524,1999,NORTH CAROLINA,SOYBEANS,PRODUCTION,BU,140000
37059,Davie County,35.9293554,-80.5425524,1999,NORTH CAROLINA,TOBACCO,PRODUCTION,LB,915000
37059,Davie County,35.9293554,-80.5425524,1999,NORTH CAROLINA,WHEAT,PRODUCTION,BU,186000
37059,Davie County,35.9293554,-80.5425524,1999,NORTH CAROLINA,WHEAT,PRODUCTION,BU,186000
37059,Davie County,35.9293554,-80.5425524,2000,NORTH CAROLINA,BARLEY,PRODUCTION,BU,67700
37059,Davie County,35.9293554,-80.5425524,2000,NORTH CAROLINA,CORN,PRODUCTION,BU,240000
37059,Davie County,35.9293554,-80.5425524,2000,NORTH CAROLINA,CORN,PRODUCTION,TONS,24600
37059,Davie County,35.9293554,-80.5425524,2000,NORTH CAROLINA,HAY,PRODUCTION,TONS,31000
37059,Davie County,35.9293554,-80.5425524,2000,NORTH CAROLINA,SOYBEANS,PRODUCTION,BU,181000
37059,Davie County,35.9293554,-80.5425524,2000,NORTH CAROLINA,TOBACCO,PRODUCTION,LB,531000
37059,Davie County,35.9293554,-80.5425524,2000,NORTH CAROLINA,WHEAT,PRODUCTION,BU,161000
37059,Davie County,35.9293554,-80.5425524,2000,NORTH CAROLINA,WHEAT,PRODUCTION,BU,161000
37111,McDowell County,35.6822683,-82.0480453,NA,NA,NA,NA,NA,NA
37183,Wake County,35.7898464,-78.650624,1996,NORTH CAROLINA,CORN,PRODUCTION,BU,125000
37183,Wake County,35.7898464,-78.650624,1996,NORTH CAROLINA,CORN,PRODUCTION,TONS,4900
37183,Wake County,35.7898464,-78.650624,1996,NORTH CAROLINA,COTTON,PRODUCTION,480 LB BALES,600
37183,Wake County,35.7898464,-78.650624,1996,NORTH CAROLINA,HAY,PRODUCTION,TONS,10100
37183,Wake County,35.7898464,-78.650624,1996,NORTH CAROLINA,OATS,PRODUCTION,BU,62000
37183,Wake County,35.7898464,-78.650624,1996,NORTH CAROLINA,SORGHUM,PRODUCTION,BU,23500
37183,Wake County,35.7898464,-78.650624,1996,NORTH CAROLINA,SOYBEANS,PRODUCTION,BU,438000
37183,Wake County,35.7898464,-78.650624,1996,NORTH CAROLINA,SWEET POTATOES,PRODUCTION,CWT,28200
37183,Wake County,35.7898464,-78.650624,1996,NORTH CAROLINA,TOBACCO,PRODUCTION,LB,20036000
37183,Wake County,35.7898464,-78.650624,1996,NORTH CAROLINA,WHEAT,PRODUCTION,BU,238000
37183,Wake County,35.7898464,-78.650624,1996,NORTH CAROLINA,WHEAT,PRODUCTION,BU,238000
37183,Wake County,35.7898464,-78.650624,1997,NORTH CAROLINA,BARLEY,PRODUCTION,BU,6000
37183,Wake County,35.7898464,-78.650624,1997,NORTH CAROLINA,CORN,PRODUCTION,BU,99175
37183,Wake County,35.7898464,-78.650624,1997,NORTH CAROLINA,CORN,PRODUCTION,TONS,6136
37183,Wake County,35.7898464,-78.650624,1997,NORTH CAROLINA,CORN,PRODUCTION,BU,112000
37183,Wake County,35.7898464,-78.650624,1997,NORTH CAROLINA,CORN,PRODUCTION,TONS,8000
37183,Wake County,35.7898464,-78.650624,1997,NORTH CAROLINA,COTTON,PRODUCTION,BALES,NA
37183,Wake County,35.7898464,-78.650624,1997,NORTH CAROLINA,COTTON,PRODUCTION,480 LB BALES,350
37183,Wake County,35.7898464,-78.650624,1997,NORTH CAROLINA,HAY,PRODUCTION,TONS,522
37183,Wake County,35.7898464,-78.650624,1997,NORTH CAROLINA,HAY,PRODUCTION,TONS,1596
37183,Wake County,35.7898464,-78.650624,1997,NORTH CAROLINA,HAY,PRODUCTION,TONS,4743
37183,Wake County,35.7898464,-78.650624,1997,NORTH CAROLINA,HAY,PRODUCTION,TONS,138
37183,Wake County,35.7898464,-78.650624,1997,NORTH CAROLINA,HAY,PRODUCTION,TONS,8100
37183,Wake County,35.7898464,-78.650624,1997,NORTH CAROLINA,HAYLAGE,PRODUCTION,TONS,2956
37183,Wake County,35.7898464,-78.650624,1997,NORTH CAROLINA,OATS,PRODUCTION,BU,40375
37183,Wake County,35.7898464,-78.650624,1997,NORTH CAROLINA,OATS,PRODUCTION,BU,51000
37183,Wake County,35.7898464,-78.650624,1997,NORTH CAROLINA,RYE,PRODUCTION,BU,4731
37183,Wake County,35.7898464,-78.650624,1997,NORTH CAROLINA,SORGHUM,PRODUCTION,BU,2705
37183,Wake County,35.7898464,-78.650624,1997,NORTH CAROLINA,SORGHUM,PRODUCTION,BU,7500
37183,Wake County,35.7898464,-78.650624,1997,NORTH CAROLINA,SOYBEANS,PRODUCTION,BU,247540
37183,Wake County,35.7898464,-78.650624,1997,NORTH CAROLINA,SOYBEANS,PRODUCTION,BU,276000
37183,Wake County,35.7898464,-78.650624,1997,NORTH CAROLINA,SWEET POTATOES,PRODUCTION,CWT,36859
37183,Wake County,35.7898464,-78.650624,1997,NORTH CAROLINA,SWEET POTATOES,PRODUCTION,CWT,43000
37183,Wake County,35.7898464,-78.650624,1997,NORTH CAROLINA,TOBACCO,PRODUCTION,LB,25916400
37183,Wake County,35.7898464,-78.650624,1997,NORTH CAROLINA,TOBACCO,PRODUCTION,LB,26800000
37183,Wake County,35.7898464,-78.650624,1997,NORTH CAROLINA,WHEAT,PRODUCTION,BU,224785
37183,Wake County,35.7898464,-78.650624,1997,NORTH CAROLINA,WHEAT,PRODUCTION,BU,327000
37183,Wake County,35.7898464,-78.650624,1997,NORTH CAROLINA,WHEAT,PRODUCTION,BU,327000
37183,Wake County,35.7898464,-78.650624,1997,NORTH CAROLINA,WOOL,PRODUCTION,LB,2143
37183,Wake County,35.7898464,-78.650624,1997,NORTH CAROLINA,WOOL,PRODUCTION,OPERATIONS,14
37183,Wake County,35.7898464,-78.650624,1998,NORTH CAROLINA,CORN,PRODUCTION,BU,51000
37183,Wake County,35.7898464,-78.650624,1998,NORTH CAROLINA,COTTON,PRODUCTION,480 LB BALES,700
37183,Wake County,35.7898464,-78.650624,1998,NORTH CAROLINA,HAY,PRODUCTION,TONS,10400
37183,Wake County,35.7898464,-78.650624,1998,NORTH CAROLINA,OATS,PRODUCTION,BU,50000
37183,Wake County,35.7898464,-78.650624,1998,NORTH CAROLINA,SORGHUM,PRODUCTION,BU,9900
37183,Wake County,35.7898464,-78.650624,1998,NORTH CAROLINA,SOYBEANS,PRODUCTION,BU,252000
37183,Wake County,35.7898464,-78.650624,1998,NORTH CAROLINA,SWEET POTATOES,PRODUCTION,CWT,46000
37183,Wake County,35.7898464,-78.650624,1998,NORTH CAROLINA,TOBACCO,PRODUCTION,LB,21001000
37183,Wake County,35.7898464,-78.650624,1998,NORTH CAROLINA,WHEAT,PRODUCTION,BU,209000
37183,Wake County,35.7898464,-78.650624,1998,NORTH CAROLINA,WHEAT,PRODUCTION,BU,209000
37183,Wake County,35.7898464,-78.650624,1999,NORTH CAROLINA,CORN,PRODUCTION,BU,14000
37183,Wake County,35.7898464,-78.650624,1999,NORTH CAROLINA,COTTON,PRODUCTION,480 LB BALES,300
37183,Wake County,35.7898464,-78.650624,1999,NORTH CAROLINA,HAY,PRODUCTION,TONS,10700
37183,Wake County,35.7898464,-78.650624,1999,NORTH CAROLINA,OATS,PRODUCTION,BU,61000
37183,Wake County,35.7898464,-78.650624,1999,NORTH CAROLINA,SOYBEANS,PRODUCTION,BU,242000
37183,Wake County,35.7898464,-78.650624,1999,NORTH CAROLINA,SWEET POTATOES,PRODUCTION,CWT,35100
37183,Wake County,35.7898464,-78.650624,1999,NORTH CAROLINA,TOBACCO,PRODUCTION,LB,17300000
37183,Wake County,35.7898464,-78.650624,1999,NORTH CAROLINA,WHEAT,PRODUCTION,BU,209000
37183,Wake County,35.7898464,-78.650624,1999,NORTH CAROLINA,WHEAT,PRODUCTION,BU,209000
37183,Wake County,35.7898464,-78.650624,2000,NORTH CAROLINA,CORN,PRODUCTION,BU,18000
37183,Wake County,35.7898464,-78.650624,2000,NORTH CAROLINA,CORN,PRODUCTION,TONS,3200
37183,Wake County,35.7898464,-78.650624,2000,NORTH CAROLINA,COTTON,PRODUCTION,480 LB BALES,300
37183,Wake County,35.7898464,-78.650624,2000,NORTH CAROLINA,HAY,PRODUCTION,TONS,12000
37183,Wake County,35.7898464,-78.650624,2000,NORTH CAROLINA,OATS,PRODUCTION,BU,116000
37183,Wake County,35.7898464,-78.650624,2000,NORTH CAROLINA,SOYBEANS,PRODUCTION,BU,385000
37183,Wake County,35.7898464,-78.650624,2000,NORTH CAROLINA,SWEET POTATOES,PRODUCTION,CWT,70000
37183,Wake County,35.7898464,-78.650624,2000,NORTH CAROLINA,TOBACCO,PRODUCTION,LB,15928000
37183,Wake County,35.7898464,-78.650624,2000,NORTH CAROLINA,WHEAT,PRODUCTION,BU,178000
37183,Wake County,35.7898464,-78.650624,2000,NORTH CAROLINA,WHEAT,PRODUCTION,BU,178000
37053,Currituck County,36.3721739,-75.9412242,1996,NORTH CAROLINA,CORN,PRODUCTION,BU,1910000
37053,Currituck County,36.3721739,-75.9412242,1996,NORTH CAROLINA,COTTON,PRODUCTION,480 LB BALES,4800
37053,Currituck County,36.3721739,-75.9412242,1996,NORTH CAROLINA,PEANUTS,PRODUCTION,LB,145000
37053,Currituck County,36.3721739,-75.9412242,1996,NORTH CAROLINA,POTATOES,PRODUCTION,CWT,148000
37053,Currituck County,36.3721739,-75.9412242,1996,NORTH CAROLINA,SORGHUM,PRODUCTION,BU,7900
37053,Currituck County,36.3721739,-75.9412242,1996,NORTH CAROLINA,SOYBEANS,PRODUCTION,BU,524000
37053,Currituck County,36.3721739,-75.9412242,1996,NORTH CAROLINA,WHEAT,PRODUCTION,BU,500000
37053,Currituck County,36.3721739,-75.9412242,1996,NORTH CAROLINA,WHEAT,PRODUCTION,BU,500000
37053,Currituck County,36.3721739,-75.9412242,1997,NORTH CAROLINA,CORN,PRODUCTION,BU,1358385
37053,Currituck County,36.3721739,-75.9412242,1997,NORTH CAROLINA,CORN,PRODUCTION,BU,1800000
37053,Currituck County,36.3721739,-75.9412242,1997,NORTH CAROLINA,COTTON,PRODUCTION,BALES,2466
37053,Currituck County,36.3721739,-75.9412242,1997,NORTH CAROLINA,COTTON,PRODUCTION,480 LB BALES,2700
37053,Currituck County,36.3721739,-75.9412242,1997,NORTH CAROLINA,HAY,PRODUCTION,TONS,NA
37053,Currituck County,36.3721739,-75.9412242,1997,NORTH CAROLINA,OATS,PRODUCTION,BU,25000
37053,Currituck County,36.3721739,-75.9412242,1997,NORTH CAROLINA,PEANUTS,PRODUCTION,LB,101000
37053,Currituck County,36.3721739,-75.9412242,1997,NORTH CAROLINA,POTATOES,PRODUCTION,CWT,179100
37053,Currituck County,36.3721739,-75.9412242,1997,NORTH CAROLINA,SORGHUM,PRODUCTION,BU,19074
37053,Currituck County,36.3721739,-75.9412242,1997,NORTH CAROLINA,SORGHUM,PRODUCTION,BU,21500
37053,Currituck County,36.3721739,-75.9412242,1997,NORTH CAROLINA,SOYBEANS,PRODUCTION,BU,628881
37053,Currituck County,36.3721739,-75.9412242,1997,NORTH CAROLINA,SOYBEANS,PRODUCTION,BU,638000
37053,Currituck County,36.3721739,-75.9412242,1997,NORTH CAROLINA,WHEAT,PRODUCTION,BU,567143
37053,Currituck County,36.3721739,-75.9412242,1997,NORTH CAROLINA,WHEAT,PRODUCTION,BU,570000
37053,Currituck County,36.3721739,-75.9412242,1997,NORTH CAROLINA,WHEAT,PRODUCTION,BU,570000
37053,Currituck County,36.3721739,-75.9412242,1998,NORTH CAROLINA,CORN,PRODUCTION,BU,1185000
37053,Currituck County,36.3721739,-75.9412242,1998,NORTH CAROLINA,COTTON,PRODUCTION,480 LB BALES,2000
37053,Currituck County,36.3721739,-75.9412242,1998,NORTH CAROLINA,PEANUTS,PRODUCTION,LB,194000
37053,Currituck County,36.3721739,-75.9412242,1998,NORTH CAROLINA,POTATOES,PRODUCTION,CWT,173800
37053,Currituck County,36.3721739,-75.9412242,1998,NORTH CAROLINA,SOYBEANS,PRODUCTION,BU,528000
37053,Currituck County,36.3721739,-75.9412242,1998,NORTH CAROLINA,WHEAT,PRODUCTION,BU,655000
37053,Currituck County,36.3721739,-75.9412242,1998,NORTH CAROLINA,WHEAT,PRODUCTION,BU,655000
37053,Currituck County,36.3721739,-75.9412242,1999,NORTH CAROLINA,CORN,PRODUCTION,BU,1219000
37053,Currituck County,36.3721739,-75.9412242,1999,NORTH CAROLINA,COTTON,PRODUCTION,480 LB BALES,1500
37053,Currituck County,36.3721739,-75.9412242,1999,NORTH CAROLINA,HAY,PRODUCTION,TONS,400
37053,Currituck County,36.3721739,-75.9412242,1999,NORTH CAROLINA,PEANUTS,PRODUCTION,LB,151000
37053,Currituck County,36.3721739,-75.9412242,1999,NORTH CAROLINA,POTATOES,PRODUCTION,CWT,190300
37053,Currituck County,36.3721739,-75.9412242,1999,NORTH CAROLINA,SOYBEANS,PRODUCTION,BU,317000
37053,Currituck County,36.3721739,-75.9412242,1999,NORTH CAROLINA,WHEAT,PRODUCTION,BU,485000
37053,Currituck County,36.3721739,-75.9412242,1999,NORTH CAROLINA,WHEAT,PRODUCTION,BU,485000
37053,Currituck County,36.3721739,-75.9412242,2000,NORTH CAROLINA,CORN,PRODUCTION,BU,1606000
37053,Currituck County,36.3721739,-75.9412242,2000,NORTH CAROLINA,COTTON,PRODUCTION,480 LB BALES,700
37053,Currituck County,36.3721739,-75.9412242,2000,NORTH CAROLINA,HAY,PRODUCTION,TONS,400
37053,Currituck County,36.3721739,-75.9412242,2000,NORTH CAROLINA,PEANUTS,PRODUCTION,LB,159000
37053,Currituck County,36.3721739,-75.9412242,2000,NORTH CAROLINA,POTATOES,PRODUCTION,CWT,201300
37053,Currituck County,36.3721739,-75.9412242,2000,NORTH CAROLINA,SORGHUM,PRODUCTION,BU,8000
37053,Currituck County,36.3721739,-75.9412242,2000,NORTH CAROLINA,SOYBEANS,PRODUCTION,BU,634000
37053,Currituck County,36.3721739,-75.9412242,2000,NORTH CAROLINA,WHEAT,PRODUCTION,BU,449000
37053,Currituck County,36.3721739,-75.9412242,2000,NORTH CAROLINA,WHEAT,PRODUCTION,BU,449000
37103,Jones County,35.0322677,-77.3561946,1996,NORTH CAROLINA,CORN,PRODUCTION,BU,1095000
37103,Jones County,35.0322677,-77.3561946,1996,NORTH CAROLINA,COTTON,PRODUCTION,480 LB BALES,33800
37103,Jones County,35.0322677,-77.3561946,1996,NORTH CAROLINA,HAY,PRODUCTION,TONS,2900
37103,Jones County,35.0322677,-77.3561946,1996,NORTH CAROLINA,OATS,PRODUCTION,BU,600
37103,Jones County,35.0322677,-77.3561946,1996,NORTH CAROLINA,SORGHUM,PRODUCTION,BU,8000
37103,Jones County,35.0322677,-77.3561946,1996,NORTH CAROLINA,SOYBEANS,PRODUCTION,BU,213000
37103,Jones County,35.0322677,-77.3561946,1996,NORTH CAROLINA,SWEET POTATOES,PRODUCTION,CWT,6600
37103,Jones County,35.0322677,-77.3561946,1996,NORTH CAROLINA,TOBACCO,PRODUCTION,LB,5422000
37103,Jones County,35.0322677,-77.3561946,1996,NORTH CAROLINA,WHEAT,PRODUCTION,BU,180000
37103,Jones County,35.0322677,-77.3561946,1996,NORTH CAROLINA,WHEAT,PRODUCTION,BU,180000
37103,Jones County,35.0322677,-77.3561946,1997,NORTH CAROLINA,CORN,PRODUCTION,BU,935269
37103,Jones County,35.0322677,-77.3561946,1997,NORTH CAROLINA,CORN,PRODUCTION,BU,990000
37103,Jones County,35.0322677,-77.3561946,1997,NORTH CAROLINA,COTTON,PRODUCTION,BALES,26677
37103,Jones County,35.0322677,-77.3561946,1997,NORTH CAROLINA,COTTON,PRODUCTION,480 LB BALES,30500
37103,Jones County,35.0322677,-77.3561946,1997,NORTH CAROLINA,HAY,PRODUCTION,TONS,418
37103,Jones County,35.0322677,-77.3561946,1997,NORTH CAROLINA,HAY,PRODUCTION,TONS,2391
37103,Jones County,35.0322677,-77.3561946,1997,NORTH CAROLINA,HAY,PRODUCTION,TONS,3000
37103,Jones County,35.0322677,-77.3561946,1997,NORTH CAROLINA,HAYLAGE,PRODUCTION,TONS,NA
37103,Jones County,35.0322677,-77.3561946,1997,NORTH CAROLINA,SOYBEANS,PRODUCTION,BU,306205
37103,Jones County,35.0322677,-77.3561946,1997,NORTH CAROLINA,SOYBEANS,PRODUCTION,BU,306000
37103,Jones County,35.0322677,-77.3561946,1997,NORTH CAROLINA,SWEET POTATOES,PRODUCTION,CWT,3696
37103,Jones County,35.0322677,-77.3561946,1997,NORTH CAROLINA,TOBACCO,PRODUCTION,LB,8590094
37103,Jones County,35.0322677,-77.3561946,1997,NORTH CAROLINA,TOBACCO,PRODUCTION,LB,8649000
37103,Jones County,35.0322677,-77.3561946,1997,NORTH CAROLINA,WHEAT,PRODUCTION,BU,228032
37103,Jones County,35.0322677,-77.3561946,1997,NORTH CAROLINA,WHEAT,PRODUCTION,BU,250000
37103,Jones County,35.0322677,-77.3561946,1997,NORTH CAROLINA,WHEAT,PRODUCTION,BU,250000
37103,Jones County,35.0322677,-77.3561946,1997,NORTH CAROLINA,WOOL,PRODUCTION,LB,NA
37103,Jones County,35.0322677,-77.3561946,1997,NORTH CAROLINA,WOOL,PRODUCTION,OPERATIONS,2
37103,Jones County,35.0322677,-77.3561946,1998,NORTH CAROLINA,CORN,PRODUCTION,BU,544000
37103,Jones County,35.0322677,-77.3561946,1998,NORTH CAROLINA,COTTON,PRODUCTION,480 LB BALES,38000
37103,Jones County,35.0322677,-77.3561946,1998,NORTH CAROLINA,HAY,PRODUCTION,TONS,2900
37103,Jones County,35.0322677,-77.3561946,1998,NORTH CAROLINA,SOYBEANS,PRODUCTION,BU,350000
37103,Jones County,35.0322677,-77.3561946,1998,NORTH CAROLINA,TOBACCO,PRODUCTION,LB,6447000
37103,Jones County,35.0322677,-77.3561946,1998,NORTH CAROLINA,WHEAT,PRODUCTION,BU,272000
37103,Jones County,35.0322677,-77.3561946,1998,NORTH CAROLINA,WHEAT,PRODUCTION,BU,272000
37103,Jones County,35.0322677,-77.3561946,1999,NORTH CAROLINA,CORN,PRODUCTION,BU,487000
37103,Jones County,35.0322677,-77.3561946,1999,NORTH CAROLINA,COTTON,PRODUCTION,480 LB BALES,17700
37103,Jones County,35.0322677,-77.3561946,1999,NORTH CAROLINA,HAY,PRODUCTION,TONS,3000
37103,Jones County,35.0322677,-77.3561946,1999,NORTH CAROLINA,SOYBEANS,PRODUCTION,BU,243000
37103,Jones County,35.0322677,-77.3561946,1999,NORTH CAROLINA,TOBACCO,PRODUCTION,LB,4357000
37103,Jones County,35.0322677,-77.3561946,1999,NORTH CAROLINA,WHEAT,PRODUCTION,BU,280000
37103,Jones County,35.0322677,-77.3561946,1999,NORTH CAROLINA,WHEAT,PRODUCTION,BU,280000
37103,Jones County,35.0322677,-77.3561946,2000,NORTH CAROLINA,CORN,PRODUCTION,BU,803000
37103,Jones County,35.0322677,-77.3561946,2000,NORTH CAROLINA,COTTON,PRODUCTION,480 LB BALES,41500
37103,Jones County,35.0322677,-77.3561946,2000,NORTH CAROLINA,HAY,PRODUCTION,TONS,4600
37103,Jones County,35.0322677,-77.3561946,2000,NORTH CAROLINA,SOYBEANS,PRODUCTION,BU,337000
37103,Jones County,35.0322677,-77.3561946,2000,NORTH CAROLINA,TOBACCO,PRODUCTION,LB,4202000
37103,Jones County,35.0322677,-77.3561946,2000,NORTH CAROLINA,WHEAT,PRODUCTION,BU,324000
37103,Jones County,35.0322677,-77.3561946,2000,NORTH CAROLINA,WHEAT,PRODUCTION,BU,324000
37041,Chowan County,36.128979,-76.6027521,1996,NORTH CAROLINA,CORN,PRODUCTION,BU,723000
37041,Chowan County,36.128979,-76.6027521,1996,NORTH CAROLINA,COTTON,PRODUCTION,480 LB BALES,27100
37041,Chowan County,36.128979,-76.6027521,1996,NORTH CAROLINA,OATS,PRODUCTION,BU,2400
37041,Chowan County,36.128979,-76.6027521,1996,NORTH CAROLINA,PEANUTS,PRODUCTION,LB,20387000
37041,Chowan County,36.128979,-76.6027521,1996,NORTH CAROLINA,POTATOES,PRODUCTION,CWT,23000
37041,Chowan County,36.128979,-76.6027521,1996,NORTH CAROLINA,SOYBEANS,PRODUCTION,BU,144000
37041,Chowan County,36.128979,-76.6027521,1996,NORTH CAROLINA,SWEET POTATOES,PRODUCTION,CWT,25500
37041,Chowan County,36.128979,-76.6027521,1996,NORTH CAROLINA,TOBACCO,PRODUCTION,LB,557000
37041,Chowan County,36.128979,-76.6027521,1996,NORTH CAROLINA,WHEAT,PRODUCTION,BU,121000
37041,Chowan County,36.128979,-76.6027521,1996,NORTH CAROLINA,WHEAT,PRODUCTION,BU,121000
37041,Chowan County,36.128979,-76.6027521,1997,NORTH CAROLINA,CORN,PRODUCTION,BU,541784
37041,Chowan County,36.128979,-76.6027521,1997,NORTH CAROLINA,CORN,PRODUCTION,BU,530000
37041,Chowan County,36.128979,-76.6027521,1997,NORTH CAROLINA,COTTON,PRODUCTION,BALES,22298
37041,Chowan County,36.128979,-76.6027521,1997,NORTH CAROLINA,COTTON,PRODUCTION,480 LB BALES,22000
37041,Chowan County,36.128979,-76.6027521,1997,NORTH CAROLINA,HAY,PRODUCTION,TONS,NA
37041,Chowan County,36.128979,-76.6027521,1997,NORTH CAROLINA,OATS,PRODUCTION,BU,11000
37041,Chowan County,36.128979,-76.6027521,1997,NORTH CAROLINA,PEANUTS,PRODUCTION,LB,18542517
37041,Chowan County,36.128979,-76.6027521,1997,NORTH CAROLINA,PEANUTS,PRODUCTION,LB,18362000
37041,Chowan County,36.128979,-76.6027521,1997,NORTH CAROLINA,RYE,PRODUCTION,BU,810
37041,Chowan County,36.128979,-76.6027521,1997,NORTH CAROLINA,SORGHUM,PRODUCTION,BU,9572
37041,Chowan County,36.128979,-76.6027521,1997,NORTH CAROLINA,SORGHUM,PRODUCTION,BU,9500
37041,Chowan County,36.128979,-76.6027521,1997,NORTH CAROLINA,SOYBEANS,PRODUCTION,BU,217649
37041,Chowan County,36.128979,-76.6027521,1997,NORTH CAROLINA,SOYBEANS,PRODUCTION,BU,224000
37041,Chowan County,36.128979,-76.6027521,1997,NORTH CAROLINA,SWEET POTATOES,PRODUCTION,CWT,38637
37041,Chowan County,36.128979,-76.6027521,1997,NORTH CAROLINA,SWEET POTATOES,PRODUCTION,CWT,41600
37041,Chowan County,36.128979,-76.6027521,1997,NORTH CAROLINA,TOBACCO,PRODUCTION,LB,650037
37041,Chowan County,36.128979,-76.6027521,1997,NORTH CAROLINA,TOBACCO,PRODUCTION,LB,733000
37041,Chowan County,36.128979,-76.6027521,1997,NORTH CAROLINA,WHEAT,PRODUCTION,BU,105765
37041,Chowan County,36.128979,-76.6027521,1997,NORTH CAROLINA,WHEAT,PRODUCTION,BU,121000
37041,Chowan County,36.128979,-76.6027521,1997,NORTH CAROLINA,WHEAT,PRODUCTION,BU,121000
37041,Chowan County,36.128979,-76.6027521,1997,NORTH CAROLINA,WOOL,PRODUCTION,LB,NA
37041,Chowan County,36.128979,-76.6027521,1997,NORTH CAROLINA,WOOL,PRODUCTION,OPERATIONS,3
37041,Chowan County,36.128979,-76.6027521,1998,NORTH CAROLINA,CORN,PRODUCTION,BU,555000
37041,Chowan County,36.128979,-76.6027521,1998,NORTH CAROLINA,COTTON,PRODUCTION,480 LB BALES,31000
37041,Chowan County,36.128979,-76.6027521,1998,NORTH CAROLINA,PEANUTS,PRODUCTION,LB,20845000
37041,Chowan County,36.128979,-76.6027521,1998,NORTH CAROLINA,SORGHUM,PRODUCTION,BU,17700
37041,Chowan County,36.128979,-76.6027521,1998,NORTH CAROLINA,SOYBEANS,PRODUCTION,BU,306000
37041,Chowan County,36.128979,-76.6027521,1998,NORTH CAROLINA,SWEET POTATOES,PRODUCTION,CWT,47900
37041,Chowan County,36.128979,-76.6027521,1998,NORTH CAROLINA,TOBACCO,PRODUCTION,LB,685000
37041,Chowan County,36.128979,-76.6027521,1998,NORTH CAROLINA,WHEAT,PRODUCTION,BU,140000
37041,Chowan County,36.128979,-76.6027521,1998,NORTH CAROLINA,WHEAT,PRODUCTION,BU,140000
37041,Chowan County,36.128979,-76.6027521,1999,NORTH CAROLINA,CORN,PRODUCTION,BU,376000
37041,Chowan County,36.128979,-76.6027521,1999,NORTH CAROLINA,COTTON,PRODUCTION,480 LB BALES,24000
37041,Chowan County,36.128979,-76.6027521,1999,NORTH CAROLINA,HAY,PRODUCTION,TONS,400
37041,Chowan County,36.128979,-76.6027521,1999,NORTH CAROLINA,PEANUTS,PRODUCTION,LB,17606000
37041,Chowan County,36.128979,-76.6027521,1999,NORTH CAROLINA,SORGHUM,PRODUCTION,BU,27000
37041,Chowan County,36.128979,-76.6027521,1999,NORTH CAROLINA,SOYBEANS,PRODUCTION,BU,149000
37041,Chowan County,36.128979,-76.6027521,1999,NORTH CAROLINA,SWEET POTATOES,PRODUCTION,CWT,25600
37041,Chowan County,36.128979,-76.6027521,1999,NORTH CAROLINA,TOBACCO,PRODUCTION,LB,409000
37041,Chowan County,36.128979,-76.6027521,1999,NORTH CAROLINA,WHEAT,PRODUCTION,BU,126000
37041,Chowan County,36.128979,-76.6027521,1999,NORTH CAROLINA,WHEAT,PRODUCTION,BU,126000
37041,Chowan County,36.128979,-76.6027521,2000,NORTH CAROLINA,CORN,PRODUCTION,BU,408000
37041,Chowan County,36.128979,-76.6027521,2000,NORTH CAROLINA,COTTON,PRODUCTION,480 LB BALES,34000
37041,Chowan County,36.128979,-76.6027521,2000,NORTH CAROLINA,HAY,PRODUCTION,TONS,400
37041,Chowan County,36.128979,-76.6027521,2000,NORTH CAROLINA,PEANUTS,PRODUCTION,LB,20049000
37041,Chowan County,36.128979,-76.6027521,2000,NORTH CAROLINA,SORGHUM,PRODUCTION,BU,24000
37041,Chowan County,36.128979,-76.6027521,2000,NORTH CAROLINA,SOYBEANS,PRODUCTION,BU,214000
37041,Chowan County,36.128979,-76.6027521,2000,NORTH CAROLINA,SWEET POTATOES,PRODUCTION,CWT,36000
37041,Chowan County,36.128979,-76.6027521,2000,NORTH CAROLINA,TOBACCO,PRODUCTION,LB,333000
37041,Chowan County,36.128979,-76.6027521,2000,NORTH CAROLINA,WHEAT,PRODUCTION,BU,100000
37041,Chowan County,36.128979,-76.6027521,2000,NORTH CAROLINA,WHEAT,PRODUCTION,BU,100000
37021,Buncombe County,35.6093706,-82.5304234,1996,NORTH CAROLINA,CORN,PRODUCTION,BU,55000
37021,Buncombe County,35.6093706,-82.5304234,1996,NORTH CAROLINA,CORN,PRODUCTION,TONS,66100
37021,Buncombe County,35.6093706,-82.5304234,1996,NORTH CAROLINA,HAY,PRODUCTION,TONS,26600
37021,Buncombe County,35.6093706,-82.5304234,1996,NORTH CAROLINA,POTATOES,PRODUCTION,CWT,3500
37021,Buncombe County,35.6093706,-82.5304234,1996,NORTH CAROLINA,TOBACCO,PRODUCTION,LB,2082000
37021,Buncombe County,35.6093706,-82.5304234,1997,NORTH CAROLINA,CORN,PRODUCTION,BU,40530
37021,Buncombe County,35.6093706,-82.5304234,1997,NORTH CAROLINA,CORN,PRODUCTION,TONS,34306
37021,Buncombe County,35.6093706,-82.5304234,1997,NORTH CAROLINA,CORN,PRODUCTION,BU,41000
37021,Buncombe County,35.6093706,-82.5304234,1997,NORTH CAROLINA,CORN,PRODUCTION,TONS,49000
37021,Buncombe County,35.6093706,-82.5304234,1997,NORTH CAROLINA,HAY,PRODUCTION,TONS,2445
37021,Buncombe County,35.6093706,-82.5304234,1997,NORTH CAROLINA,HAY,PRODUCTION,TONS,893
37021,Buncombe County,35.6093706,-82.5304234,1997,NORTH CAROLINA,HAY,PRODUCTION,TONS,17057
37021,Buncombe County,35.6093706,-82.5304234,1997,NORTH CAROLINA,HAY,PRODUCTION,TONS,1261
37021,Buncombe County,35.6093706,-82.5304234,1997,NORTH CAROLINA,HAY,PRODUCTION,TONS,23100
37021,Buncombe County,35.6093706,-82.5304234,1997,NORTH CAROLINA,HAYLAGE,PRODUCTION,TONS,3060
37021,Buncombe County,35.6093706,-82.5304234,1997,NORTH CAROLINA,POTATOES,PRODUCTION,CWT,906
37021,Buncombe County,35.6093706,-82.5304234,1997,NORTH CAROLINA,TOBACCO,PRODUCTION,LB,1811216
37021,Buncombe County,35.6093706,-82.5304234,1997,NORTH CAROLINA,TOBACCO,PRODUCTION,LB,1960000
37021,Buncombe County,35.6093706,-82.5304234,1997,NORTH CAROLINA,WOOL,PRODUCTION,LB,4719
37021,Buncombe County,35.6093706,-82.5304234,1997,NORTH CAROLINA,WOOL,PRODUCTION,OPERATIONS,26
37021,Buncombe County,35.6093706,-82.5304234,1998,NORTH CAROLINA,CORN,PRODUCTION,BU,23700
37021,Buncombe County,35.6093706,-82.5304234,1998,NORTH CAROLINA,CORN,PRODUCTION,TONS,35500
37021,Buncombe County,35.6093706,-82.5304234,1998,NORTH CAROLINA,HAY,PRODUCTION,TONS,24200
37021,Buncombe County,35.6093706,-82.5304234,1998,NORTH CAROLINA,TOBACCO,PRODUCTION,LB,1601000
37021,Buncombe County,35.6093706,-82.5304234,1999,NORTH CAROLINA,CORN,PRODUCTION,BU,21800
37021,Buncombe County,35.6093706,-82.5304234,1999,NORTH CAROLINA,CORN,PRODUCTION,TONS,38000
37021,Buncombe County,35.6093706,-82.5304234,1999,NORTH CAROLINA,HAY,PRODUCTION,TONS,29800
37021,Buncombe County,35.6093706,-82.5304234,1999,NORTH CAROLINA,TOBACCO,PRODUCTION,LB,1713000
37021,Buncombe County,35.6093706,-82.5304234,2000,NORTH CAROLINA,CORN,PRODUCTION,TONS,36100
37021,Buncombe County,35.6093706,-82.5304234,2000,NORTH CAROLINA,HAY,PRODUCTION,TONS,36500
37021,Buncombe County,35.6093706,-82.5304234,2000,NORTH CAROLINA,TOBACCO,PRODUCTION,LB,1918000
37157,Rockingham County,36.3818062,-79.7827539,1996,NORTH CAROLINA,BARLEY,PRODUCTION,BU,14000
37157,Rockingham County,36.3818062,-79.7827539,1996,NORTH CAROLINA,CORN,PRODUCTION,BU,150000
37157,Rockingham County,36.3818062,-79.7827539,1996,NORTH CAROLINA,CORN,PRODUCTION,TONS,10000
37157,Rockingham County,36.3818062,-79.7827539,1996,NORTH CAROLINA,HAY,PRODUCTION,TONS,22700
37157,Rockingham County,36.3818062,-79.7827539,1996,NORTH CAROLINA,OATS,PRODUCTION,BU,20000
37157,Rockingham County,36.3818062,-79.7827539,1996,NORTH CAROLINA,POTATOES,PRODUCTION,CWT,1000
37157,Rockingham County,36.3818062,-79.7827539,1996,NORTH CAROLINA,SORGHUM,PRODUCTION,BU,5100
37157,Rockingham County,36.3818062,-79.7827539,1996,NORTH CAROLINA,SOYBEANS,PRODUCTION,BU,83000
37157,Rockingham County,36.3818062,-79.7827539,1996,NORTH CAROLINA,TOBACCO,PRODUCTION,LB,15746000
37157,Rockingham County,36.3818062,-79.7827539,1996,NORTH CAROLINA,WHEAT,PRODUCTION,BU,199000
37157,Rockingham County,36.3818062,-79.7827539,1996,NORTH CAROLINA,WHEAT,PRODUCTION,BU,199000
37157,Rockingham County,36.3818062,-79.7827539,1997,NORTH CAROLINA,BARLEY,PRODUCTION,BU,NA
37157,Rockingham County,36.3818062,-79.7827539,1997,NORTH CAROLINA,BARLEY,PRODUCTION,BU,16200
37157,Rockingham County,36.3818062,-79.7827539,1997,NORTH CAROLINA,CORN,PRODUCTION,BU,128618
37157,Rockingham County,36.3818062,-79.7827539,1997,NORTH CAROLINA,CORN,PRODUCTION,TONS,10900
37157,Rockingham County,36.3818062,-79.7827539,1997,NORTH CAROLINA,CORN,PRODUCTION,BU,145000
37157,Rockingham County,36.3818062,-79.7827539,1997,NORTH CAROLINA,CORN,PRODUCTION,TONS,13000
37157,Rockingham County,36.3818062,-79.7827539,1997,NORTH CAROLINA,HAY,PRODUCTION,TONS,935
37157,Rockingham County,36.3818062,-79.7827539,1997,NORTH CAROLINA,HAY,PRODUCTION,TONS,1688
37157,Rockingham County,36.3818062,-79.7827539,1997,NORTH CAROLINA,HAY,PRODUCTION,TONS,15184
37157,Rockingham County,36.3818062,-79.7827539,1997,NORTH CAROLINA,HAY,PRODUCTION,TONS,1099
37157,Rockingham County,36.3818062,-79.7827539,1997,NORTH CAROLINA,HAY,PRODUCTION,TONS,20400
37157,Rockingham County,36.3818062,-79.7827539,1997,NORTH CAROLINA,HAYLAGE,PRODUCTION,TONS,1106
37157,Rockingham County,36.3818062,-79.7827539,1997,NORTH CAROLINA,OATS,PRODUCTION,BU,14846
37157,Rockingham County,36.3818062,-79.7827539,1997,NORTH CAROLINA,OATS,PRODUCTION,BU,18000
37157,Rockingham County,36.3818062,-79.7827539,1997,NORTH CAROLINA,POTATOES,PRODUCTION,CWT,5065
37157,Rockingham County,36.3818062,-79.7827539,1997,NORTH CAROLINA,SORGHUM,PRODUCTION,BU,1480
37157,Rockingham County,36.3818062,-79.7827539,1997,NORTH CAROLINA,SOYBEANS,PRODUCTION,BU,56190
37157,Rockingham County,36.3818062,-79.7827539,1997,NORTH CAROLINA,SOYBEANS,PRODUCTION,BU,62000
37157,Rockingham County,36.3818062,-79.7827539,1997,NORTH CAROLINA,SWEET POTATOES,PRODUCTION,CWT,1097
37157,Rockingham County,36.3818062,-79.7827539,1997,NORTH CAROLINA,TOBACCO,PRODUCTION,LB,15881347
37157,Rockingham County,36.3818062,-79.7827539,1997,NORTH CAROLINA,TOBACCO,PRODUCTION,LB,16275000
37157,Rockingham County,36.3818062,-79.7827539,1997,NORTH CAROLINA,WHEAT,PRODUCTION,BU,230391
37157,Rockingham County,36.3818062,-79.7827539,1997,NORTH CAROLINA,WHEAT,PRODUCTION,BU,284000
37157,Rockingham County,36.3818062,-79.7827539,1997,NORTH CAROLINA,WHEAT,PRODUCTION,BU,284000
37157,Rockingham County,36.3818062,-79.7827539,1997,NORTH CAROLINA,WOOL,PRODUCTION,LB,744
37157,Rockingham County,36.3818062,-79.7827539,1997,NORTH CAROLINA,WOOL,PRODUCTION,OPERATIONS,6
37157,Rockingham County,36.3818062,-79.7827539,1998,NORTH CAROLINA,BARLEY,PRODUCTION,BU,15000
37157,Rockingham County,36.3818062,-79.7827539,1998,NORTH CAROLINA,CORN,PRODUCTION,BU,73500
37157,Rockingham County,36.3818062,-79.7827539,1998,NORTH CAROLINA,CORN,PRODUCTION,TONS,10800
37157,Rockingham County,36.3818062,-79.7827539,1998,NORTH CAROLINA,HAY,PRODUCTION,TONS,19400
37157,Rockingham County,36.3818062,-79.7827539,1998,NORTH CAROLINA,OATS,PRODUCTION,BU,14000
37157,Rockingham County,36.3818062,-79.7827539,1998,NORTH CAROLINA,SOYBEANS,PRODUCTION,BU,36000
37157,Rockingham County,36.3818062,-79.7827539,1998,NORTH CAROLINA,TOBACCO,PRODUCTION,LB,13981000
37157,Rockingham County,36.3818062,-79.7827539,1998,NORTH CAROLINA,WHEAT,PRODUCTION,BU,199500
37157,Rockingham County,36.3818062,-79.7827539,1998,NORTH CAROLINA,WHEAT,PRODUCTION,BU,199500
37157,Rockingham County,36.3818062,-79.7827539,1999,NORTH CAROLINA,BARLEY,PRODUCTION,BU,27100
37157,Rockingham County,36.3818062,-79.7827539,1999,NORTH CAROLINA,CORN,PRODUCTION,BU,97000
37157,Rockingham County,36.3818062,-79.7827539,1999,NORTH CAROLINA,CORN,PRODUCTION,TONS,17300
37157,Rockingham County,36.3818062,-79.7827539,1999,NORTH CAROLINA,HAY,PRODUCTION,TONS,22000
37157,Rockingham County,36.3818062,-79.7827539,1999,NORTH CAROLINA,OATS,PRODUCTION,BU,12000
37157,Rockingham County,36.3818062,-79.7827539,1999,NORTH CAROLINA,SOYBEANS,PRODUCTION,BU,57000
37157,Rockingham County,36.3818062,-79.7827539,1999,NORTH CAROLINA,TOBACCO,PRODUCTION,LB,13221000
37157,Rockingham County,36.3818062,-79.7827539,1999,NORTH CAROLINA,WHEAT,PRODUCTION,BU,244000
37157,Rockingham County,36.3818062,-79.7827539,1999,NORTH CAROLINA,WHEAT,PRODUCTION,BU,244000
37157,Rockingham County,36.3818062,-79.7827539,2000,NORTH CAROLINA,BARLEY,PRODUCTION,BU,32500
37157,Rockingham County,36.3818062,-79.7827539,2000,NORTH CAROLINA,CORN,PRODUCTION,BU,160000
37157,Rockingham County,36.3818062,-79.7827539,2000,NORTH CAROLINA,CORN,PRODUCTION,TONS,22400
37157,Rockingham County,36.3818062,-79.7827539,2000,NORTH CAROLINA,HAY,PRODUCTION,TONS,26500
37157,Rockingham County,36.3818062,-79.7827539,2000,NORTH CAROLINA,OATS,PRODUCTION,BU,19000
37157,Rockingham County,36.3818062,-79.7827539,2000,NORTH CAROLINA,SOYBEANS,PRODUCTION,BU,90000
37157,Rockingham County,36.3818062,-79.7827539,2000,NORTH CAROLINA,TOBACCO,PRODUCTION,LB,8527000
37157,Rockingham County,36.3818062,-79.7827539,2000,NORTH CAROLINA,WHEAT,PRODUCTION,BU,202000
37157,Rockingham County,36.3818062,-79.7827539,2000,NORTH CAROLINA,WHEAT,PRODUCTION,BU,202000
37117,Martin County,35.8473006,-77.1196022,1996,NORTH CAROLINA,CORN,PRODUCTION,BU,895000
37117,Martin County,35.8473006,-77.1196022,1996,NORTH CAROLINA,COTTON,PRODUCTION,480 LB BALES,60200
37117,Martin County,35.8473006,-77.1196022,1996,NORTH CAROLINA,HAY,PRODUCTION,TONS,1500
37117,Martin County,35.8473006,-77.1196022,1996,NORTH CAROLINA,PEANUTS,PRODUCTION,LB,41850000
37117,Martin County,35.8473006,-77.1196022,1996,NORTH CAROLINA,POTATOES,PRODUCTION,CWT,1800
37117,Martin County,35.8473006,-77.1196022,1996,NORTH CAROLINA,SOYBEANS,PRODUCTION,BU,223000
37117,Martin County,35.8473006,-77.1196022,1996,NORTH CAROLINA,TOBACCO,PRODUCTION,LB,12078000
37117,Martin County,35.8473006,-77.1196022,1996,NORTH CAROLINA,WHEAT,PRODUCTION,BU,126000
37117,Martin County,35.8473006,-77.1196022,1996,NORTH CAROLINA,WHEAT,PRODUCTION,BU,126000
37117,Martin County,35.8473006,-77.1196022,1997,NORTH CAROLINA,CORN,PRODUCTION,BU,703449
37117,Martin County,35.8473006,-77.1196022,1997,NORTH CAROLINA,CORN,PRODUCTION,BU,790000
37117,Martin County,35.8473006,-77.1196022,1997,NORTH CAROLINA,COTTON,PRODUCTION,BALES,52249
37117,Martin County,35.8473006,-77.1196022,1997,NORTH CAROLINA,COTTON,PRODUCTION,480 LB BALES,52000
37117,Martin County,35.8473006,-77.1196022,1997,NORTH CAROLINA,HAY,PRODUCTION,TONS,NA
37117,Martin County,35.8473006,-77.1196022,1997,NORTH CAROLINA,HAY,PRODUCTION,TONS,1000
37117,Martin County,35.8473006,-77.1196022,1997,NORTH CAROLINA,PEANUTS,PRODUCTION,LB,41363617
37117,Martin County,35.8473006,-77.1196022,1997,NORTH CAROLINA,PEANUTS,PRODUCTION,LB,42550000
37117,Martin County,35.8473006,-77.1196022,1997,NORTH CAROLINA,SOYBEANS,PRODUCTION,BU,252171
37117,Martin County,35.8473006,-77.1196022,1997,NORTH CAROLINA,SOYBEANS,PRODUCTION,BU,270000
37117,Martin County,35.8473006,-77.1196022,1997,NORTH CAROLINA,SWEET POTATOES,PRODUCTION,CWT,1045
37117,Martin County,35.8473006,-77.1196022,1997,NORTH CAROLINA,TOBACCO,PRODUCTION,LB,12910512
37117,Martin County,35.8473006,-77.1196022,1997,NORTH CAROLINA,TOBACCO,PRODUCTION,LB,14023000
37117,Martin County,35.8473006,-77.1196022,1997,NORTH CAROLINA,WHEAT,PRODUCTION,BU,147730
37117,Martin County,35.8473006,-77.1196022,1997,NORTH CAROLINA,WHEAT,PRODUCTION,BU,184000
37117,Martin County,35.8473006,-77.1196022,1997,NORTH CAROLINA,WHEAT,PRODUCTION,BU,184000
37117,Martin County,35.8473006,-77.1196022,1998,NORTH CAROLINA,CORN,PRODUCTION,BU,608000
37117,Martin County,35.8473006,-77.1196022,1998,NORTH CAROLINA,COTTON,PRODUCTION,480 LB BALES,55000
37117,Martin County,35.8473006,-77.1196022,1998,NORTH CAROLINA,HAY,PRODUCTION,TONS,1500
37117,Martin County,35.8473006,-77.1196022,1998,NORTH CAROLINA,PEANUTS,PRODUCTION,LB,44055000
37117,Martin County,35.8473006,-77.1196022,1998,NORTH CAROLINA,SORGHUM,PRODUCTION,BU,10900
37117,Martin County,35.8473006,-77.1196022,1998,NORTH CAROLINA,SOYBEANS,PRODUCTION,BU,348000
37117,Martin County,35.8473006,-77.1196022,1998,NORTH CAROLINA,TOBACCO,PRODUCTION,LB,10397000
37117,Martin County,35.8473006,-77.1196022,1998,NORTH CAROLINA,WHEAT,PRODUCTION,BU,142000
37117,Martin County,35.8473006,-77.1196022,1998,NORTH CAROLINA,WHEAT,PRODUCTION,BU,142000
37117,Martin County,35.8473006,-77.1196022,1999,NORTH CAROLINA,CORN,PRODUCTION,BU,283000
37117,Martin County,35.8473006,-77.1196022,1999,NORTH CAROLINA,COTTON,PRODUCTION,480 LB BALES,49400
37117,Martin County,35.8473006,-77.1196022,1999,NORTH CAROLINA,HAY,PRODUCTION,TONS,1700
37117,Martin County,35.8473006,-77.1196022,1999,NORTH CAROLINA,PEANUTS,PRODUCTION,LB,33907000
37117,Martin County,35.8473006,-77.1196022,1999,NORTH CAROLINA,SOYBEANS,PRODUCTION,BU,199000
37117,Martin County,35.8473006,-77.1196022,1999,NORTH CAROLINA,TOBACCO,PRODUCTION,LB,8377000
37117,Martin County,35.8473006,-77.1196022,1999,NORTH CAROLINA,WHEAT,PRODUCTION,BU,90000
37117,Martin County,35.8473006,-77.1196022,1999,NORTH CAROLINA,WHEAT,PRODUCTION,BU,90000
37117,Martin County,35.8473006,-77.1196022,2000,NORTH CAROLINA,CORN,PRODUCTION,BU,466000
37117,Martin County,35.8473006,-77.1196022,2000,NORTH CAROLINA,COTTON,PRODUCTION,480 LB BALES,76500
37117,Martin County,35.8473006,-77.1196022,2000,NORTH CAROLINA,HAY,PRODUCTION,TONS,2000
37117,Martin County,35.8473006,-77.1196022,2000,NORTH CAROLINA,PEANUTS,PRODUCTION,LB,37870000
37117,Martin County,35.8473006,-77.1196022,2000,NORTH CAROLINA,SOYBEANS,PRODUCTION,BU,223000
37117,Martin County,35.8473006,-77.1196022,2000,NORTH CAROLINA,TOBACCO,PRODUCTION,LB,7853000
37117,Martin County,35.8473006,-77.1196022,2000,NORTH CAROLINA,WHEAT,PRODUCTION,BU,77000
37117,Martin County,35.8473006,-77.1196022,2000,NORTH CAROLINA,WHEAT,PRODUCTION,BU,77000
37089,Henderson County,35.3364267,-82.4795828,1996,NORTH CAROLINA,CORN,PRODUCTION,BU,125000
37089,Henderson County,35.3364267,-82.4795828,1996,NORTH CAROLINA,CORN,PRODUCTION,TONS,51400
37089,Henderson County,35.3364267,-82.4795828,1996,NORTH CAROLINA,HAY,PRODUCTION,TONS,17700
37089,Henderson County,35.3364267,-82.4795828,1996,NORTH CAROLINA,OATS,PRODUCTION,BU,2500
37089,Henderson County,35.3364267,-82.4795828,1996,NORTH CAROLINA,POTATOES,PRODUCTION,CWT,7100
37089,Henderson County,35.3364267,-82.4795828,1996,NORTH CAROLINA,TOBACCO,PRODUCTION,LB,26000
37089,Henderson County,35.3364267,-82.4795828,1997,NORTH CAROLINA,CORN,PRODUCTION,BU,279400
37089,Henderson County,35.3364267,-82.4795828,1997,NORTH CAROLINA,CORN,PRODUCTION,TONS,60237
37089,Henderson County,35.3364267,-82.4795828,1997,NORTH CAROLINA,CORN,PRODUCTION,BU,210000
37089,Henderson County,35.3364267,-82.4795828,1997,NORTH CAROLINA,CORN,PRODUCTION,TONS,56000
37089,Henderson County,35.3364267,-82.4795828,1997,NORTH CAROLINA,HAY,PRODUCTION,TONS,356
37089,Henderson County,35.3364267,-82.4795828,1997,NORTH CAROLINA,HAY,PRODUCTION,TONS,1377
37089,Henderson County,35.3364267,-82.4795828,1997,NORTH CAROLINA,HAY,PRODUCTION,TONS,8439
37089,Henderson County,35.3364267,-82.4795828,1997,NORTH CAROLINA,HAY,PRODUCTION,TONS,691
37089,Henderson County,35.3364267,-82.4795828,1997,NORTH CAROLINA,HAY,PRODUCTION,TONS,13400
37089,Henderson County,35.3364267,-82.4795828,1997,NORTH CAROLINA,HAYLAGE,PRODUCTION,TONS,2878
37089,Henderson County,35.3364267,-82.4795828,1997,NORTH CAROLINA,POTATOES,PRODUCTION,CWT,2130
37089,Henderson County,35.3364267,-82.4795828,1997,NORTH CAROLINA,TOBACCO,PRODUCTION,LB,123500
37089,Henderson County,35.3364267,-82.4795828,1997,NORTH CAROLINA,TOBACCO,PRODUCTION,LB,38000
37089,Henderson County,35.3364267,-82.4795828,1997,NORTH CAROLINA,WOOL,PRODUCTION,LB,NA
37089,Henderson County,35.3364267,-82.4795828,1997,NORTH CAROLINA,WOOL,PRODUCTION,OPERATIONS,3
37089,Henderson County,35.3364267,-82.4795828,1998,NORTH CAROLINA,CORN,PRODUCTION,BU,243000
37089,Henderson County,35.3364267,-82.4795828,1998,NORTH CAROLINA,CORN,PRODUCTION,TONS,41500
37089,Henderson County,35.3364267,-82.4795828,1998,NORTH CAROLINA,HAY,PRODUCTION,TONS,11600
37089,Henderson County,35.3364267,-82.4795828,1998,NORTH CAROLINA,TOBACCO,PRODUCTION,LB,35000
37089,Henderson County,35.3364267,-82.4795828,1999,NORTH CAROLINA,CORN,PRODUCTION,BU,173000
37089,Henderson County,35.3364267,-82.4795828,1999,NORTH CAROLINA,CORN,PRODUCTION,TONS,53500
37089,Henderson County,35.3364267,-82.4795828,1999,NORTH CAROLINA,HAY,PRODUCTION,TONS,16700
37089,Henderson County,35.3364267,-82.4795828,1999,NORTH CAROLINA,TOBACCO,PRODUCTION,LB,35000
37089,Henderson County,35.3364267,-82.4795828,2000,NORTH CAROLINA,CORN,PRODUCTION,BU,180000
37089,Henderson County,35.3364267,-82.4795828,2000,NORTH CAROLINA,CORN,PRODUCTION,TONS,80500
37089,Henderson County,35.3364267,-82.4795828,2000,NORTH CAROLINA,HAY,PRODUCTION,TONS,13600
37089,Henderson County,35.3364267,-82.4795828,2000,NORTH CAROLINA,TOBACCO,PRODUCTION,LB,19000
37127,Nash County,35.9659447,-77.9875546,1996,NORTH CAROLINA,CORN,PRODUCTION,BU,365000
37127,Nash County,35.9659447,-77.9875546,1996,NORTH CAROLINA,COTTON,PRODUCTION,480 LB BALES,37200
37127,Nash County,35.9659447,-77.9875546,1996,NORTH CAROLINA,HAY,PRODUCTION,TONS,15300
37127,Nash County,35.9659447,-77.9875546,1996,NORTH CAROLINA,OATS,PRODUCTION,BU,16000
37127,Nash County,35.9659447,-77.9875546,1996,NORTH CAROLINA,PEANUTS,PRODUCTION,LB,7832000
37127,Nash County,35.9659447,-77.9875546,1996,NORTH CAROLINA,SORGHUM,PRODUCTION,BU,7500
37127,Nash County,35.9659447,-77.9875546,1996,NORTH CAROLINA,SOYBEANS,PRODUCTION,BU,629000
37127,Nash County,35.9659447,-77.9875546,1996,NORTH CAROLINA,SWEET POTATOES,PRODUCTION,CWT,954900
37127,Nash County,35.9659447,-77.9875546,1996,NORTH CAROLINA,TOBACCO,PRODUCTION,LB,23813000
37127,Nash County,35.9659447,-77.9875546,1996,NORTH CAROLINA,WHEAT,PRODUCTION,BU,330000
37127,Nash County,35.9659447,-77.9875546,1996,NORTH CAROLINA,WHEAT,PRODUCTION,BU,330000
37127,Nash County,35.9659447,-77.9875546,1997,NORTH CAROLINA,BARLEY,PRODUCTION,BU,1400
37127,Nash County,35.9659447,-77.9875546,1997,NORTH CAROLINA,CORN,PRODUCTION,BU,224734
37127,Nash County,35.9659447,-77.9875546,1997,NORTH CAROLINA,CORN,PRODUCTION,BU,280000
37127,Nash County,35.9659447,-77.9875546,1997,NORTH CAROLINA,COTTON,PRODUCTION,BALES,26236
37127,Nash County,35.9659447,-77.9875546,1997,NORTH CAROLINA,COTTON,PRODUCTION,480 LB BALES,26500
37127,Nash County,35.9659447,-77.9875546,1997,NORTH CAROLINA,HAY,PRODUCTION,TONS,61
37127,Nash County,35.9659447,-77.9875546,1997,NORTH CAROLINA,HAY,PRODUCTION,TONS,502
37127,Nash County,35.9659447,-77.9875546,1997,NORTH CAROLINA,HAY,PRODUCTION,TONS,9451
37127,Nash County,35.9659447,-77.9875546,1997,NORTH CAROLINA,HAY,PRODUCTION,TONS,86
37127,Nash County,35.9659447,-77.9875546,1997,NORTH CAROLINA,HAY,PRODUCTION,TONS,14500
37127,Nash County,35.9659447,-77.9875546,1997,NORTH CAROLINA,HAYLAGE,PRODUCTION,TONS,1080
37127,Nash County,35.9659447,-77.9875546,1997,NORTH CAROLINA,OATS,PRODUCTION,BU,39220
37127,Nash County,35.9659447,-77.9875546,1997,NORTH CAROLINA,OATS,PRODUCTION,BU,42000
37127,Nash County,35.9659447,-77.9875546,1997,NORTH CAROLINA,PEANUTS,PRODUCTION,LB,6758667
37127,Nash County,35.9659447,-77.9875546,1997,NORTH CAROLINA,PEANUTS,PRODUCTION,LB,6602000
37127,Nash County,35.9659447,-77.9875546,1997,NORTH CAROLINA,SORGHUM,PRODUCTION,BU,12200
37127,Nash County,35.9659447,-77.9875546,1997,NORTH CAROLINA,SOYBEANS,PRODUCTION,BU,631678
37127,Nash County,35.9659447,-77.9875546,1997,NORTH CAROLINA,SOYBEANS,PRODUCTION,BU,740000
37127,Nash County,35.9659447,-77.9875546,1997,NORTH CAROLINA,SWEET POTATOES,PRODUCTION,CWT,1159804
37127,Nash County,35.9659447,-77.9875546,1997,NORTH CAROLINA,SWEET POTATOES,PRODUCTION,CWT,1074000
37127,Nash County,35.9659447,-77.9875546,1997,NORTH CAROLINA,TOBACCO,PRODUCTION,LB,31367920
37127,Nash County,35.9659447,-77.9875546,1997,NORTH CAROLINA,TOBACCO,PRODUCTION,LB,31433000
37127,Nash County,35.9659447,-77.9875546,1997,NORTH CAROLINA,WHEAT,PRODUCTION,BU,426325
37127,Nash County,35.9659447,-77.9875546,1997,NORTH CAROLINA,WHEAT,PRODUCTION,BU,475000
37127,Nash County,35.9659447,-77.9875546,1997,NORTH CAROLINA,WHEAT,PRODUCTION,BU,475000
37127,Nash County,35.9659447,-77.9875546,1997,NORTH CAROLINA,WOOL,PRODUCTION,LB,NA
37127,Nash County,35.9659447,-77.9875546,1997,NORTH CAROLINA,WOOL,PRODUCTION,OPERATIONS,1
37127,Nash County,35.9659447,-77.9875546,1998,NORTH CAROLINA,CORN,PRODUCTION,BU,158000
37127,Nash County,35.9659447,-77.9875546,1998,NORTH CAROLINA,CORN,PRODUCTION,TONS,2200
37127,Nash County,35.9659447,-77.9875546,1998,NORTH CAROLINA,COTTON,PRODUCTION,480 LB BALES,25000
37127,Nash County,35.9659447,-77.9875546,1998,NORTH CAROLINA,HAY,PRODUCTION,TONS,12400
37127,Nash County,35.9659447,-77.9875546,1998,NORTH CAROLINA,OATS,PRODUCTION,BU,37000
37127,Nash County,35.9659447,-77.9875546,1998,NORTH CAROLINA,PEANUTS,PRODUCTION,LB,9537000
37127,Nash County,35.9659447,-77.9875546,1998,NORTH CAROLINA,SOYBEANS,PRODUCTION,BU,758000
37127,Nash County,35.9659447,-77.9875546,1998,NORTH CAROLINA,SWEET POTATOES,PRODUCTION,CWT,1208400
37127,Nash County,35.9659447,-77.9875546,1998,NORTH CAROLINA,TOBACCO,PRODUCTION,LB,23680000
37127,Nash County,35.9659447,-77.9875546,1998,NORTH CAROLINA,WHEAT,PRODUCTION,BU,589000
37127,Nash County,35.9659447,-77.9875546,1998,NORTH CAROLINA,WHEAT,PRODUCTION,BU,589000
37127,Nash County,35.9659447,-77.9875546,1999,NORTH CAROLINA,CORN,PRODUCTION,BU,115000
37127,Nash County,35.9659447,-77.9875546,1999,NORTH CAROLINA,COTTON,PRODUCTION,480 LB BALES,19000
37127,Nash County,35.9659447,-77.9875546,1999,NORTH CAROLINA,HAY,PRODUCTION,TONS,15900
37127,Nash County,35.9659447,-77.9875546,1999,NORTH CAROLINA,OATS,PRODUCTION,BU,44000
37127,Nash County,35.9659447,-77.9875546,1999,NORTH CAROLINA,PEANUTS,PRODUCTION,LB,5513000
37127,Nash County,35.9659447,-77.9875546,1999,NORTH CAROLINA,SOYBEANS,PRODUCTION,BU,642000
37127,Nash County,35.9659447,-77.9875546,1999,NORTH CAROLINA,SWEET POTATOES,PRODUCTION,CWT,840700
37127,Nash County,35.9659447,-77.9875546,1999,NORTH CAROLINA,TOBACCO,PRODUCTION,LB,16764000
37127,Nash County,35.9659447,-77.9875546,1999,NORTH CAROLINA,WHEAT,PRODUCTION,BU,437000
37127,Nash County,35.9659447,-77.9875546,1999,NORTH CAROLINA,WHEAT,PRODUCTION,BU,437000
37127,Nash County,35.9659447,-77.9875546,2000,NORTH CAROLINA,CORN,PRODUCTION,BU,172000
37127,Nash County,35.9659447,-77.9875546,2000,NORTH CAROLINA,COTTON,PRODUCTION,480 LB BALES,35600
37127,Nash County,35.9659447,-77.9875546,2000,NORTH CAROLINA,HAY,PRODUCTION,TONS,18700
37127,Nash County,35.9659447,-77.9875546,2000,NORTH CAROLINA,OATS,PRODUCTION,BU,22000
37127,Nash County,35.9659447,-77.9875546,2000,NORTH CAROLINA,PEANUTS,PRODUCTION,LB,6572000
37127,Nash County,35.9659447,-77.9875546,2000,NORTH CAROLINA,SOYBEANS,PRODUCTION,BU,862000
37127,Nash County,35.9659447,-77.9875546,2000,NORTH CAROLINA,SWEET POTATOES,PRODUCTION,CWT,950000
37127,Nash County,35.9659447,-77.9875546,2000,NORTH CAROLINA,TOBACCO,PRODUCTION,LB,17889000
37127,Nash County,35.9659447,-77.9875546,2000,NORTH CAROLINA,WHEAT,PRODUCTION,BU,297000
37127,Nash County,35.9659447,-77.9875546,2000,NORTH CAROLINA,WHEAT,PRODUCTION,BU,297000
37009,Ashe County,36.4434687,-81.4993343,1996,NORTH CAROLINA,CORN,PRODUCTION,TONS,6000
37009,Ashe County,36.4434687,-81.4993343,1996,NORTH CAROLINA,HAY,PRODUCTION,TONS,22300
37009,Ashe County,36.4434687,-81.4993343,1996,NORTH CAROLINA,POTATOES,PRODUCTION,CWT,3600
37009,Ashe County,36.4434687,-81.4993343,1996,NORTH CAROLINA,TOBACCO,PRODUCTION,LB,1172000
37009,Ashe County,36.4434687,-81.4993343,1997,NORTH CAROLINA,CORN,PRODUCTION,TONS,7717
37009,Ashe County,36.4434687,-81.4993343,1997,NORTH CAROLINA,CORN,PRODUCTION,TONS,7000
37009,Ashe County,36.4434687,-81.4993343,1997,NORTH CAROLINA,HAY,PRODUCTION,TONS,2930
37009,Ashe County,36.4434687,-81.4993343,1997,NORTH CAROLINA,HAY,PRODUCTION,TONS,420
37009,Ashe County,36.4434687,-81.4993343,1997,NORTH CAROLINA,HAY,PRODUCTION,TONS,14958
37009,Ashe County,36.4434687,-81.4993343,1997,NORTH CAROLINA,HAY,PRODUCTION,TONS,1378
37009,Ashe County,36.4434687,-81.4993343,1997,NORTH CAROLINA,HAY,PRODUCTION,TONS,20800
37009,Ashe County,36.4434687,-81.4993343,1997,NORTH CAROLINA,HAYLAGE,PRODUCTION,TONS,258
37009,Ashe County,36.4434687,-81.4993343,1997,NORTH CAROLINA,POTATOES,PRODUCTION,CWT,4835
37009,Ashe County,36.4434687,-81.4993343,1997,NORTH CAROLINA,TOBACCO,PRODUCTION,LB,1271473
37009,Ashe County,36.4434687,-81.4993343,1997,NORTH CAROLINA,TOBACCO,PRODUCTION,LB,1179000
37009,Ashe County,36.4434687,-81.4993343,1997,NORTH CAROLINA,WOOL,PRODUCTION,LB,3033
37009,Ashe County,36.4434687,-81.4993343,1997,NORTH CAROLINA,WOOL,PRODUCTION,OPERATIONS,19
37009,Ashe County,36.4434687,-81.4993343,1998,NORTH CAROLINA,CORN,PRODUCTION,TONS,2700
37009,Ashe County,36.4434687,-81.4993343,1998,NORTH CAROLINA,HAY,PRODUCTION,TONS,25700
37009,Ashe County,36.4434687,-81.4993343,1998,NORTH CAROLINA,TOBACCO,PRODUCTION,LB,1235000
37009,Ashe County,36.4434687,-81.4993343,1999,NORTH CAROLINA,CORN,PRODUCTION,TONS,4200
37009,Ashe County,36.4434687,-81.4993343,1999,NORTH CAROLINA,HAY,PRODUCTION,TONS,27600
37009,Ashe County,36.4434687,-81.4993343,1999,NORTH CAROLINA,TOBACCO,PRODUCTION,LB,1501000
37009,Ashe County,36.4434687,-81.4993343,2000,NORTH CAROLINA,HAY,PRODUCTION,TONS,28600
37009,Ashe County,36.4434687,-81.4993343,2000,NORTH CAROLINA,TOBACCO,PRODUCTION,LB,1036000
37019,Brunswick County,34.0387542,-78.2277653,1996,NORTH CAROLINA,CORN,PRODUCTION,BU,502000
37019,Brunswick County,34.0387542,-78.2277653,1996,NORTH CAROLINA,COTTON,PRODUCTION,480 LB BALES,1000
37019,Brunswick County,34.0387542,-78.2277653,1996,NORTH CAROLINA,HAY,PRODUCTION,TONS,2800
37019,Brunswick County,34.0387542,-78.2277653,1996,NORTH CAROLINA,OATS,PRODUCTION,BU,23000
37019,Brunswick County,34.0387542,-78.2277653,1996,NORTH CAROLINA,POTATOES,PRODUCTION,CWT,1400
37019,Brunswick County,34.0387542,-78.2277653,1996,NORTH CAROLINA,SORGHUM,PRODUCTION,BU,5100
37019,Brunswick County,34.0387542,-78.2277653,1996,NORTH CAROLINA,SOYBEANS,PRODUCTION,BU,211000
37019,Brunswick County,34.0387542,-78.2277653,1996,NORTH CAROLINA,SWEET POTATOES,PRODUCTION,CWT,34000
37019,Brunswick County,34.0387542,-78.2277653,1996,NORTH CAROLINA,TOBACCO,PRODUCTION,LB,2372000
37019,Brunswick County,34.0387542,-78.2277653,1996,NORTH CAROLINA,WHEAT,PRODUCTION,BU,121000
37019,Brunswick County,34.0387542,-78.2277653,1996,NORTH CAROLINA,WHEAT,PRODUCTION,BU,121000
37019,Brunswick County,34.0387542,-78.2277653,1997,NORTH CAROLINA,BARLEY,PRODUCTION,BU,6800
37019,Brunswick County,34.0387542,-78.2277653,1997,NORTH CAROLINA,CORN,PRODUCTION,BU,482199
37019,Brunswick County,34.0387542,-78.2277653,1997,NORTH CAROLINA,CORN,PRODUCTION,BU,510000
37019,Brunswick County,34.0387542,-78.2277653,1997,NORTH CAROLINA,COTTON,PRODUCTION,480 LB BALES,1000
37019,Brunswick County,34.0387542,-78.2277653,1997,NORTH CAROLINA,HAY,PRODUCTION,TONS,NA
37019,Brunswick County,34.0387542,-78.2277653,1997,NORTH CAROLINA,HAY,PRODUCTION,TONS,2495
37019,Brunswick County,34.0387542,-78.2277653,1997,NORTH CAROLINA,HAY,PRODUCTION,TONS,3500
37019,Brunswick County,34.0387542,-78.2277653,1997,NORTH CAROLINA,OATS,PRODUCTION,BU,10245
37019,Brunswick County,34.0387542,-78.2277653,1997,NORTH CAROLINA,OATS,PRODUCTION,BU,13000
37019,Brunswick County,34.0387542,-78.2277653,1997,NORTH CAROLINA,SOYBEANS,PRODUCTION,BU,202817
37019,Brunswick County,34.0387542,-78.2277653,1997,NORTH CAROLINA,SOYBEANS,PRODUCTION,BU,200000
37019,Brunswick County,34.0387542,-78.2277653,1997,NORTH CAROLINA,SWEET POTATOES,PRODUCTION,CWT,7117
37019,Brunswick County,34.0387542,-78.2277653,1997,NORTH CAROLINA,TOBACCO,PRODUCTION,LB,4116032
37019,Brunswick County,34.0387542,-78.2277653,1997,NORTH CAROLINA,TOBACCO,PRODUCTION,LB,5590000
37019,Brunswick County,34.0387542,-78.2277653,1997,NORTH CAROLINA,WHEAT,PRODUCTION,BU,108589
37019,Brunswick County,34.0387542,-78.2277653,1997,NORTH CAROLINA,WHEAT,PRODUCTION,BU,138000
37019,Brunswick County,34.0387542,-78.2277653,1997,NORTH CAROLINA,WHEAT,PRODUCTION,BU,138000
37019,Brunswick County,34.0387542,-78.2277653,1998,NORTH CAROLINA,CORN,PRODUCTION,BU,334000
37019,Brunswick County,34.0387542,-78.2277653,1998,NORTH CAROLINA,COTTON,PRODUCTION,480 LB BALES,700
37019,Brunswick County,34.0387542,-78.2277653,1998,NORTH CAROLINA,HAY,PRODUCTION,TONS,4600
37019,Brunswick County,34.0387542,-78.2277653,1998,NORTH CAROLINA,SORGHUM,PRODUCTION,BU,22800
37019,Brunswick County,34.0387542,-78.2277653,1998,NORTH CAROLINA,SOYBEANS,PRODUCTION,BU,246000
37019,Brunswick County,34.0387542,-78.2277653,1998,NORTH CAROLINA,TOBACCO,PRODUCTION,LB,2888000
37019,Brunswick County,34.0387542,-78.2277653,1998,NORTH CAROLINA,WHEAT,PRODUCTION,BU,68500
37019,Brunswick County,34.0387542,-78.2277653,1998,NORTH CAROLINA,WHEAT,PRODUCTION,BU,68500
37019,Brunswick County,34.0387542,-78.2277653,1999,NORTH CAROLINA,CORN,PRODUCTION,BU,227000
37019,Brunswick County,34.0387542,-78.2277653,1999,NORTH CAROLINA,COTTON,PRODUCTION,480 LB BALES,700
37019,Brunswick County,34.0387542,-78.2277653,1999,NORTH CAROLINA,HAY,PRODUCTION,TONS,4550
37019,Brunswick County,34.0387542,-78.2277653,1999,NORTH CAROLINA,SORGHUM,PRODUCTION,BU,22500
37019,Brunswick County,34.0387542,-78.2277653,1999,NORTH CAROLINA,SOYBEANS,PRODUCTION,BU,160000
37019,Brunswick County,34.0387542,-78.2277653,1999,NORTH CAROLINA,TOBACCO,PRODUCTION,LB,3046000
37019,Brunswick County,34.0387542,-78.2277653,1999,NORTH CAROLINA,WHEAT,PRODUCTION,BU,92000
37019,Brunswick County,34.0387542,-78.2277653,1999,NORTH CAROLINA,WHEAT,PRODUCTION,BU,92000
37019,Brunswick County,34.0387542,-78.2277653,2000,NORTH CAROLINA,CORN,PRODUCTION,BU,408000
37019,Brunswick County,34.0387542,-78.2277653,2000,NORTH CAROLINA,COTTON,PRODUCTION,480 LB BALES,950
37019,Brunswick County,34.0387542,-78.2277653,2000,NORTH CAROLINA,HAY,PRODUCTION,TONS,5300
37019,Brunswick County,34.0387542,-78.2277653,2000,NORTH CAROLINA,SOYBEANS,PRODUCTION,BU,297000
37019,Brunswick County,34.0387542,-78.2277653,2000,NORTH CAROLINA,TOBACCO,PRODUCTION,LB,2812000
37019,Brunswick County,34.0387542,-78.2277653,2000,NORTH CAROLINA,WHEAT,PRODUCTION,BU,44000
37019,Brunswick County,34.0387542,-78.2277653,2000,NORTH CAROLINA,WHEAT,PRODUCTION,BU,44000
37123,Montgomery County,35.3275482,-79.9107517,1996,NORTH CAROLINA,CORN,PRODUCTION,BU,135000
37123,Montgomery County,35.3275482,-79.9107517,1996,NORTH CAROLINA,COTTON,PRODUCTION,480 LB BALES,1000
37123,Montgomery County,35.3275482,-79.9107517,1996,NORTH CAROLINA,HAY,PRODUCTION,TONS,6600
37123,Montgomery County,35.3275482,-79.9107517,1996,NORTH CAROLINA,OATS,PRODUCTION,BU,7300
37123,Montgomery County,35.3275482,-79.9107517,1996,NORTH CAROLINA,POTATOES,PRODUCTION,CWT,3700
37123,Montgomery County,35.3275482,-79.9107517,1996,NORTH CAROLINA,SORGHUM,PRODUCTION,BU,5000
37123,Montgomery County,35.3275482,-79.9107517,1996,NORTH CAROLINA,SOYBEANS,PRODUCTION,BU,98000
37123,Montgomery County,35.3275482,-79.9107517,1996,NORTH CAROLINA,SWEET POTATOES,PRODUCTION,CWT,31000
37123,Montgomery County,35.3275482,-79.9107517,1996,NORTH CAROLINA,TOBACCO,PRODUCTION,LB,1157000
37123,Montgomery County,35.3275482,-79.9107517,1996,NORTH CAROLINA,WHEAT,PRODUCTION,BU,28000
37123,Montgomery County,35.3275482,-79.9107517,1996,NORTH CAROLINA,WHEAT,PRODUCTION,BU,28000
37123,Montgomery County,35.3275482,-79.9107517,1997,NORTH CAROLINA,CORN,PRODUCTION,BU,61397
37123,Montgomery County,35.3275482,-79.9107517,1997,NORTH CAROLINA,CORN,PRODUCTION,BU,108000
37123,Montgomery County,35.3275482,-79.9107517,1997,NORTH CAROLINA,COTTON,PRODUCTION,480 LB BALES,400
37123,Montgomery County,35.3275482,-79.9107517,1997,NORTH CAROLINA,HAY,PRODUCTION,TONS,347
37123,Montgomery County,35.3275482,-79.9107517,1997,NORTH CAROLINA,HAY,PRODUCTION,TONS,5895
37123,Montgomery County,35.3275482,-79.9107517,1997,NORTH CAROLINA,HAY,PRODUCTION,TONS,78
37123,Montgomery County,35.3275482,-79.9107517,1997,NORTH CAROLINA,HAY,PRODUCTION,TONS,6900
37123,Montgomery County,35.3275482,-79.9107517,1997,NORTH CAROLINA,SORGHUM,PRODUCTION,BU,4200
37123,Montgomery County,35.3275482,-79.9107517,1997,NORTH CAROLINA,SOYBEANS,PRODUCTION,BU,12935
37123,Montgomery County,35.3275482,-79.9107517,1997,NORTH CAROLINA,SOYBEANS,PRODUCTION,BU,70000
37123,Montgomery County,35.3275482,-79.9107517,1997,NORTH CAROLINA,SWEET POTATOES,PRODUCTION,CWT,2662
37123,Montgomery County,35.3275482,-79.9107517,1997,NORTH CAROLINA,TOBACCO,PRODUCTION,LB,860423
37123,Montgomery County,35.3275482,-79.9107517,1997,NORTH CAROLINA,TOBACCO,PRODUCTION,LB,1147000
37123,Montgomery County,35.3275482,-79.9107517,1997,NORTH CAROLINA,WHEAT,PRODUCTION,BU,9020
37123,Montgomery County,35.3275482,-79.9107517,1997,NORTH CAROLINA,WHEAT,PRODUCTION,BU,25000
37123,Montgomery County,35.3275482,-79.9107517,1997,NORTH CAROLINA,WHEAT,PRODUCTION,BU,25000
37123,Montgomery County,35.3275482,-79.9107517,1998,NORTH CAROLINA,CORN,PRODUCTION,BU,58000
37123,Montgomery County,35.3275482,-79.9107517,1998,NORTH CAROLINA,COTTON,PRODUCTION,480 LB BALES,2000
37123,Montgomery County,35.3275482,-79.9107517,1998,NORTH CAROLINA,HAY,PRODUCTION,TONS,9800
37123,Montgomery County,35.3275482,-79.9107517,1998,NORTH CAROLINA,SOYBEANS,PRODUCTION,BU,25000
37123,Montgomery County,35.3275482,-79.9107517,1998,NORTH CAROLINA,TOBACCO,PRODUCTION,LB,1020000
37123,Montgomery County,35.3275482,-79.9107517,1998,NORTH CAROLINA,WHEAT,PRODUCTION,BU,14000
37123,Montgomery County,35.3275482,-79.9107517,1998,NORTH CAROLINA,WHEAT,PRODUCTION,BU,14000
37123,Montgomery County,35.3275482,-79.9107517,1999,NORTH CAROLINA,CORN,PRODUCTION,BU,25000
37123,Montgomery County,35.3275482,-79.9107517,1999,NORTH CAROLINA,COTTON,PRODUCTION,480 LB BALES,1700
37123,Montgomery County,35.3275482,-79.9107517,1999,NORTH CAROLINA,HAY,PRODUCTION,TONS,9600
37123,Montgomery County,35.3275482,-79.9107517,1999,NORTH CAROLINA,SOYBEANS,PRODUCTION,BU,15000
37123,Montgomery County,35.3275482,-79.9107517,1999,NORTH CAROLINA,TOBACCO,PRODUCTION,LB,713000
37123,Montgomery County,35.3275482,-79.9107517,1999,NORTH CAROLINA,WHEAT,PRODUCTION,BU,13000
37123,Montgomery County,35.3275482,-79.9107517,1999,NORTH CAROLINA,WHEAT,PRODUCTION,BU,13000
37123,Montgomery County,35.3275482,-79.9107517,2000,NORTH CAROLINA,CORN,PRODUCTION,BU,60000
37123,Montgomery County,35.3275482,-79.9107517,2000,NORTH CAROLINA,COTTON,PRODUCTION,480 LB BALES,2000
37123,Montgomery County,35.3275482,-79.9107517,2000,NORTH CAROLINA,HAY,PRODUCTION,TONS,9200
37123,Montgomery County,35.3275482,-79.9107517,2000,NORTH CAROLINA,SOYBEANS,PRODUCTION,BU,24000
37123,Montgomery County,35.3275482,-79.9107517,2000,NORTH CAROLINA,TOBACCO,PRODUCTION,LB,726000
37123,Montgomery County,35.3275482,-79.9107517,2000,NORTH CAROLINA,WHEAT,PRODUCTION,BU,14000
37123,Montgomery County,35.3275482,-79.9107517,2000,NORTH CAROLINA,WHEAT,PRODUCTION,BU,14000
37181,Vance County,36.3654806,-78.4054343,1996,NORTH CAROLINA,HAY,PRODUCTION,TONS,3300
37181,Vance County,36.3654806,-78.4054343,1996,NORTH CAROLINA,OATS,PRODUCTION,BU,5000
37181,Vance County,36.3654806,-78.4054343,1996,NORTH CAROLINA,POTATOES,PRODUCTION,CWT,2700
37181,Vance County,36.3654806,-78.4054343,1996,NORTH CAROLINA,SORGHUM,PRODUCTION,BU,2900
37181,Vance County,36.3654806,-78.4054343,1996,NORTH CAROLINA,SOYBEANS,PRODUCTION,BU,216000
37181,Vance County,36.3654806,-78.4054343,1996,NORTH CAROLINA,TOBACCO,PRODUCTION,LB,8439000
37181,Vance County,36.3654806,-78.4054343,1996,NORTH CAROLINA,WHEAT,PRODUCTION,BU,142000
37181,Vance County,36.3654806,-78.4054343,1996,NORTH CAROLINA,WHEAT,PRODUCTION,BU,142000
37181,Vance County,36.3654806,-78.4054343,1997,NORTH CAROLINA,CORN,PRODUCTION,BU,7510
37181,Vance County,36.3654806,-78.4054343,1997,NORTH CAROLINA,HAY,PRODUCTION,TONS,108
37181,Vance County,36.3654806,-78.4054343,1997,NORTH CAROLINA,HAY,PRODUCTION,TONS,522
37181,Vance County,36.3654806,-78.4054343,1997,NORTH CAROLINA,HAY,PRODUCTION,TONS,1836
37181,Vance County,36.3654806,-78.4054343,1997,NORTH CAROLINA,HAY,PRODUCTION,TONS,264
37181,Vance County,36.3654806,-78.4054343,1997,NORTH CAROLINA,HAY,PRODUCTION,TONS,2700
37181,Vance County,36.3654806,-78.4054343,1997,NORTH CAROLINA,HAYLAGE,PRODUCTION,TONS,54
37181,Vance County,36.3654806,-78.4054343,1997,NORTH CAROLINA,OATS,PRODUCTION,BU,5056
37181,Vance County,36.3654806,-78.4054343,1997,NORTH CAROLINA,OATS,PRODUCTION,BU,5000
37181,Vance County,36.3654806,-78.4054343,1997,NORTH CAROLINA,SOYBEANS,PRODUCTION,BU,130087
37181,Vance County,36.3654806,-78.4054343,1997,NORTH CAROLINA,SOYBEANS,PRODUCTION,BU,140000
37181,Vance County,36.3654806,-78.4054343,1997,NORTH CAROLINA,TOBACCO,PRODUCTION,LB,9794344
37181,Vance County,36.3654806,-78.4054343,1997,NORTH CAROLINA,TOBACCO,PRODUCTION,LB,10400000
37181,Vance County,36.3654806,-78.4054343,1997,NORTH CAROLINA,WHEAT,PRODUCTION,BU,166999
37181,Vance County,36.3654806,-78.4054343,1997,NORTH CAROLINA,WHEAT,PRODUCTION,BU,193000
37181,Vance County,36.3654806,-78.4054343,1997,NORTH CAROLINA,WHEAT,PRODUCTION,BU,193000
37181,Vance County,36.3654806,-78.4054343,1997,NORTH CAROLINA,WOOL,PRODUCTION,LB,NA
37181,Vance County,36.3654806,-78.4054343,1997,NORTH CAROLINA,WOOL,PRODUCTION,OPERATIONS,1
37181,Vance County,36.3654806,-78.4054343,1998,NORTH CAROLINA,HAY,PRODUCTION,TONS,3400
37181,Vance County,36.3654806,-78.4054343,1998,NORTH CAROLINA,SOYBEANS,PRODUCTION,BU,61400
37181,Vance County,36.3654806,-78.4054343,1998,NORTH CAROLINA,TOBACCO,PRODUCTION,LB,9343000
37181,Vance County,36.3654806,-78.4054343,1998,NORTH CAROLINA,WHEAT,PRODUCTION,BU,192000
37181,Vance County,36.3654806,-78.4054343,1998,NORTH CAROLINA,WHEAT,PRODUCTION,BU,192000
37181,Vance County,36.3654806,-78.4054343,1999,NORTH CAROLINA,CORN,PRODUCTION,BU,9000
37181,Vance County,36.3654806,-78.4054343,1999,NORTH CAROLINA,HAY,PRODUCTION,TONS,3800
37181,Vance County,36.3654806,-78.4054343,1999,NORTH CAROLINA,SOYBEANS,PRODUCTION,BU,113000
37181,Vance County,36.3654806,-78.4054343,1999,NORTH CAROLINA,TOBACCO,PRODUCTION,LB,7018000
37181,Vance County,36.3654806,-78.4054343,1999,NORTH CAROLINA,WHEAT,PRODUCTION,BU,227000
37181,Vance County,36.3654806,-78.4054343,1999,NORTH CAROLINA,WHEAT,PRODUCTION,BU,227000
37181,Vance County,36.3654806,-78.4054343,2000,NORTH CAROLINA,HAY,PRODUCTION,TONS,5400
37181,Vance County,36.3654806,-78.4054343,2000,NORTH CAROLINA,SOYBEANS,PRODUCTION,BU,236000
37181,Vance County,36.3654806,-78.4054343,2000,NORTH CAROLINA,TOBACCO,PRODUCTION,LB,6529000
37181,Vance County,36.3654806,-78.4054343,2000,NORTH CAROLINA,WHEAT,PRODUCTION,BU,181000
37181,Vance County,36.3654806,-78.4054343,2000,NORTH CAROLINA,WHEAT,PRODUCTION,BU,181000
37175,Transylvania County,35.2101025,-82.816666,1996,NORTH CAROLINA,CORN,PRODUCTION,BU,56000
37175,Transylvania County,35.2101025,-82.816666,1996,NORTH CAROLINA,CORN,PRODUCTION,TONS,6000
37175,Transylvania County,35.2101025,-82.816666,1996,NORTH CAROLINA,HAY,PRODUCTION,TONS,3400
37175,Transylvania County,35.2101025,-82.816666,1996,NORTH CAROLINA,POTATOES,PRODUCTION,CWT,100
37175,Transylvania County,35.2101025,-82.816666,1996,NORTH CAROLINA,TOBACCO,PRODUCTION,LB,37000
37175,Transylvania County,35.2101025,-82.816666,1997,NORTH CAROLINA,CORN,PRODUCTION,BU,23104
37175,Transylvania County,35.2101025,-82.816666,1997,NORTH CAROLINA,CORN,PRODUCTION,TONS,8367
37175,Transylvania County,35.2101025,-82.816666,1997,NORTH CAROLINA,CORN,PRODUCTION,BU,48000
37175,Transylvania County,35.2101025,-82.816666,1997,NORTH CAROLINA,CORN,PRODUCTION,TONS,7500
37175,Transylvania County,35.2101025,-82.816666,1997,NORTH CAROLINA,HAY,PRODUCTION,TONS,NA
37175,Transylvania County,35.2101025,-82.816666,1997,NORTH CAROLINA,HAY,PRODUCTION,TONS,3715
37175,Transylvania County,35.2101025,-82.816666,1997,NORTH CAROLINA,HAY,PRODUCTION,TONS,156
37175,Transylvania County,35.2101025,-82.816666,1997,NORTH CAROLINA,HAY,PRODUCTION,TONS,4200
37175,Transylvania County,35.2101025,-82.816666,1997,NORTH CAROLINA,HAYLAGE,PRODUCTION,TONS,315
37175,Transylvania County,35.2101025,-82.816666,1997,NORTH CAROLINA,POTATOES,PRODUCTION,CWT,412
37175,Transylvania County,35.2101025,-82.816666,1997,NORTH CAROLINA,TOBACCO,PRODUCTION,LB,41241
37175,Transylvania County,35.2101025,-82.816666,1997,NORTH CAROLINA,TOBACCO,PRODUCTION,LB,36000
37175,Transylvania County,35.2101025,-82.816666,1997,NORTH CAROLINA,WOOL,PRODUCTION,LB,NA
37175,Transylvania County,35.2101025,-82.816666,1997,NORTH CAROLINA,WOOL,PRODUCTION,OPERATIONS,1
37175,Transylvania County,35.2101025,-82.816666,1998,NORTH CAROLINA,CORN,PRODUCTION,BU,53900
37175,Transylvania County,35.2101025,-82.816666,1998,NORTH CAROLINA,CORN,PRODUCTION,TONS,3600
37175,Transylvania County,35.2101025,-82.816666,1998,NORTH CAROLINA,HAY,PRODUCTION,TONS,4200
37175,Transylvania County,35.2101025,-82.816666,1998,NORTH CAROLINA,TOBACCO,PRODUCTION,LB,50000
37175,Transylvania County,35.2101025,-82.816666,1999,NORTH CAROLINA,CORN,PRODUCTION,BU,56200
37175,Transylvania County,35.2101025,-82.816666,1999,NORTH CAROLINA,CORN,PRODUCTION,TONS,2800
37175,Transylvania County,35.2101025,-82.816666,1999,NORTH CAROLINA,HAY,PRODUCTION,TONS,7400
37175,Transylvania County,35.2101025,-82.816666,1999,NORTH CAROLINA,TOBACCO,PRODUCTION,LB,47000
37175,Transylvania County,35.2101025,-82.816666,2000,NORTH CAROLINA,CORN,PRODUCTION,BU,75000
37175,Transylvania County,35.2101025,-82.816666,2000,NORTH CAROLINA,CORN,PRODUCTION,TONS,5100
37175,Transylvania County,35.2101025,-82.816666,2000,NORTH CAROLINA,HAY,PRODUCTION,TONS,9600
37175,Transylvania County,35.2101025,-82.816666,2000,NORTH CAROLINA,TOBACCO,PRODUCTION,LB,43000
37171,Surry County,36.415416,-80.6864631,1996,NORTH CAROLINA,BARLEY,PRODUCTION,BU,24000
37171,Surry County,36.415416,-80.6864631,1996,NORTH CAROLINA,CORN,PRODUCTION,BU,797000
37171,Surry County,36.415416,-80.6864631,1996,NORTH CAROLINA,CORN,PRODUCTION,TONS,28200
37171,Surry County,36.415416,-80.6864631,1996,NORTH CAROLINA,HAY,PRODUCTION,TONS,36600
37171,Surry County,36.415416,-80.6864631,1996,NORTH CAROLINA,OATS,PRODUCTION,BU,1800
37171,Surry County,36.415416,-80.6864631,1996,NORTH CAROLINA,POTATOES,PRODUCTION,CWT,2500
37171,Surry County,36.415416,-80.6864631,1996,NORTH CAROLINA,SOYBEANS,PRODUCTION,BU,119000
37171,Surry County,36.415416,-80.6864631,1996,NORTH CAROLINA,TOBACCO,PRODUCTION,LB,14767000
37171,Surry County,36.415416,-80.6864631,1996,NORTH CAROLINA,WHEAT,PRODUCTION,BU,85000
37171,Surry County,36.415416,-80.6864631,1996,NORTH CAROLINA,WHEAT,PRODUCTION,BU,85000
37171,Surry County,36.415416,-80.6864631,1997,NORTH CAROLINA,BARLEY,PRODUCTION,BU,31755
37171,Surry County,36.415416,-80.6864631,1997,NORTH CAROLINA,BARLEY,PRODUCTION,BU,30800
37171,Surry County,36.415416,-80.6864631,1997,NORTH CAROLINA,CORN,PRODUCTION,BU,610752
37171,Surry County,36.415416,-80.6864631,1997,NORTH CAROLINA,CORN,PRODUCTION,TONS,27061
37171,Surry County,36.415416,-80.6864631,1997,NORTH CAROLINA,CORN,PRODUCTION,BU,566000
37171,Surry County,36.415416,-80.6864631,1997,NORTH CAROLINA,CORN,PRODUCTION,TONS,25000
37171,Surry County,36.415416,-80.6864631,1997,NORTH CAROLINA,HAY,PRODUCTION,TONS,1749
37171,Surry County,36.415416,-80.6864631,1997,NORTH CAROLINA,HAY,PRODUCTION,TONS,1956
37171,Surry County,36.415416,-80.6864631,1997,NORTH CAROLINA,HAY,PRODUCTION,TONS,29042
37171,Surry County,36.415416,-80.6864631,1997,NORTH CAROLINA,HAY,PRODUCTION,TONS,1308
37171,Surry County,36.415416,-80.6864631,1997,NORTH CAROLINA,HAY,PRODUCTION,TONS,34200
37171,Surry County,36.415416,-80.6864631,1997,NORTH CAROLINA,HAYLAGE,PRODUCTION,TONS,452
37171,Surry County,36.415416,-80.6864631,1997,NORTH CAROLINA,OATS,PRODUCTION,BU,2535
37171,Surry County,36.415416,-80.6864631,1997,NORTH CAROLINA,OATS,PRODUCTION,BU,3000
37171,Surry County,36.415416,-80.6864631,1997,NORTH CAROLINA,POTATOES,PRODUCTION,CWT,1507
37171,Surry County,36.415416,-80.6864631,1997,NORTH CAROLINA,RYE,PRODUCTION,BU,11646
37171,Surry County,36.415416,-80.6864631,1997,NORTH CAROLINA,SOYBEANS,PRODUCTION,BU,124763
37171,Surry County,36.415416,-80.6864631,1997,NORTH CAROLINA,SOYBEANS,PRODUCTION,BU,115000
37171,Surry County,36.415416,-80.6864631,1997,NORTH CAROLINA,TOBACCO,PRODUCTION,LB,16162270
37171,Surry County,36.415416,-80.6864631,1997,NORTH CAROLINA,TOBACCO,PRODUCTION,LB,15696000
37171,Surry County,36.415416,-80.6864631,1997,NORTH CAROLINA,WHEAT,PRODUCTION,BU,150350
37171,Surry County,36.415416,-80.6864631,1997,NORTH CAROLINA,WHEAT,PRODUCTION,BU,151000
37171,Surry County,36.415416,-80.6864631,1997,NORTH CAROLINA,WHEAT,PRODUCTION,BU,151000
37171,Surry County,36.415416,-80.6864631,1997,NORTH CAROLINA,WOOL,PRODUCTION,LB,1102
37171,Surry County,36.415416,-80.6864631,1997,NORTH CAROLINA,WOOL,PRODUCTION,OPERATIONS,5
37171,Surry County,36.415416,-80.6864631,1998,NORTH CAROLINA,BARLEY,PRODUCTION,BU,23400
37171,Surry County,36.415416,-80.6864631,1998,NORTH CAROLINA,CORN,PRODUCTION,BU,436000
37171,Surry County,36.415416,-80.6864631,1998,NORTH CAROLINA,CORN,PRODUCTION,TONS,12600
37171,Surry County,36.415416,-80.6864631,1998,NORTH CAROLINA,HAY,PRODUCTION,TONS,47600
37171,Surry County,36.415416,-80.6864631,1998,NORTH CAROLINA,SOYBEANS,PRODUCTION,BU,98000
37171,Surry County,36.415416,-80.6864631,1998,NORTH CAROLINA,TOBACCO,PRODUCTION,LB,13301000
37171,Surry County,36.415416,-80.6864631,1998,NORTH CAROLINA,WHEAT,PRODUCTION,BU,114000
37171,Surry County,36.415416,-80.6864631,1998,NORTH CAROLINA,WHEAT,PRODUCTION,BU,114000
37171,Surry County,36.415416,-80.6864631,1999,NORTH CAROLINA,BARLEY,PRODUCTION,BU,24300
37171,Surry County,36.415416,-80.6864631,1999,NORTH CAROLINA,CORN,PRODUCTION,BU,316000
37171,Surry County,36.415416,-80.6864631,1999,NORTH CAROLINA,CORN,PRODUCTION,TONS,15000
37171,Surry County,36.415416,-80.6864631,1999,NORTH CAROLINA,HAY,PRODUCTION,TONS,50000
37171,Surry County,36.415416,-80.6864631,1999,NORTH CAROLINA,SOYBEANS,PRODUCTION,BU,190000
37171,Surry County,36.415416,-80.6864631,1999,NORTH CAROLINA,TOBACCO,PRODUCTION,LB,12210000
37171,Surry County,36.415416,-80.6864631,1999,NORTH CAROLINA,WHEAT,PRODUCTION,BU,117000
37171,Surry County,36.415416,-80.6864631,1999,NORTH CAROLINA,WHEAT,PRODUCTION,BU,117000
37171,Surry County,36.415416,-80.6864631,2000,NORTH CAROLINA,BARLEY,PRODUCTION,BU,82000
37171,Surry County,36.415416,-80.6864631,2000,NORTH CAROLINA,CORN,PRODUCTION,BU,449000
37171,Surry County,36.415416,-80.6864631,2000,NORTH CAROLINA,CORN,PRODUCTION,TONS,24900
37171,Surry County,36.415416,-80.6864631,2000,NORTH CAROLINA,HAY,PRODUCTION,TONS,50100
37171,Surry County,36.415416,-80.6864631,2000,NORTH CAROLINA,SOYBEANS,PRODUCTION,BU,216000
37171,Surry County,36.415416,-80.6864631,2000,NORTH CAROLINA,TOBACCO,PRODUCTION,LB,7950000
37171,Surry County,36.415416,-80.6864631,2000,NORTH CAROLINA,WHEAT,PRODUCTION,BU,97000
37171,Surry County,36.415416,-80.6864631,2000,NORTH CAROLINA,WHEAT,PRODUCTION,BU,97000
37043,Clay County,35.0529971,-83.7522638,1996,NORTH CAROLINA,CORN,PRODUCTION,TONS,4000
37043,Clay County,35.0529971,-83.7522638,1996,NORTH CAROLINA,HAY,PRODUCTION,TONS,8000
37043,Clay County,35.0529971,-83.7522638,1996,NORTH CAROLINA,POTATOES,PRODUCTION,CWT,1500
37043,Clay County,35.0529971,-83.7522638,1996,NORTH CAROLINA,TOBACCO,PRODUCTION,LB,118000
37043,Clay County,35.0529971,-83.7522638,1997,NORTH CAROLINA,BARLEY,PRODUCTION,BU,500
37043,Clay County,35.0529971,-83.7522638,1997,NORTH CAROLINA,CORN,PRODUCTION,BU,NA
37043,Clay County,35.0529971,-83.7522638,1997,NORTH CAROLINA,CORN,PRODUCTION,TONS,4700
37043,Clay County,35.0529971,-83.7522638,1997,NORTH CAROLINA,HAY,PRODUCTION,TONS,574
37043,Clay County,35.0529971,-83.7522638,1997,NORTH CAROLINA,HAY,PRODUCTION,TONS,6633
37043,Clay County,35.0529971,-83.7522638,1997,NORTH CAROLINA,HAY,PRODUCTION,TONS,596
37043,Clay County,35.0529971,-83.7522638,1997,NORTH CAROLINA,HAY,PRODUCTION,TONS,8300
37043,Clay County,35.0529971,-83.7522638,1997,NORTH CAROLINA,HAYLAGE,PRODUCTION,TONS,NA
37043,Clay County,35.0529971,-83.7522638,1997,NORTH CAROLINA,POTATOES,PRODUCTION,CWT,1079
37043,Clay County,35.0529971,-83.7522638,1997,NORTH CAROLINA,TOBACCO,PRODUCTION,LB,135203
37043,Clay County,35.0529971,-83.7522638,1997,NORTH CAROLINA,TOBACCO,PRODUCTION,LB,144000
37043,Clay County,35.0529971,-83.7522638,1997,NORTH CAROLINA,WOOL,PRODUCTION,LB,634
37043,Clay County,35.0529971,-83.7522638,1997,NORTH CAROLINA,WOOL,PRODUCTION,OPERATIONS,5
37043,Clay County,35.0529971,-83.7522638,1998,NORTH CAROLINA,CORN,PRODUCTION,BU,34100
37043,Clay County,35.0529971,-83.7522638,1998,NORTH CAROLINA,CORN,PRODUCTION,TONS,2500
37043,Clay County,35.0529971,-83.7522638,1998,NORTH CAROLINA,HAY,PRODUCTION,TONS,8600
37043,Clay County,35.0529971,-83.7522638,1998,NORTH CAROLINA,SOYBEANS,PRODUCTION,BU,6400
37043,Clay County,35.0529971,-83.7522638,1998,NORTH CAROLINA,TOBACCO,PRODUCTION,LB,116000
37043,Clay County,35.0529971,-83.7522638,1999,NORTH CAROLINA,CORN,PRODUCTION,BU,22500
37043,Clay County,35.0529971,-83.7522638,1999,NORTH CAROLINA,CORN,PRODUCTION,TONS,2600
37043,Clay County,35.0529971,-83.7522638,1999,NORTH CAROLINA,HAY,PRODUCTION,TONS,8800
37043,Clay County,35.0529971,-83.7522638,1999,NORTH CAROLINA,TOBACCO,PRODUCTION,LB,146000
37043,Clay County,35.0529971,-83.7522638,2000,NORTH CAROLINA,CORN,PRODUCTION,BU,33000
37043,Clay County,35.0529971,-83.7522638,2000,NORTH CAROLINA,HAY,PRODUCTION,TONS,8800
37043,Clay County,35.0529971,-83.7522638,2000,NORTH CAROLINA,SOYBEANS,PRODUCTION,BU,5600
37043,Clay County,35.0529971,-83.7522638,2000,NORTH CAROLINA,TOBACCO,PRODUCTION,LB,128000
37055,Dare County,35.6062688,-75.7675364,1996,NORTH CAROLINA,OATS,PRODUCTION,BU,7000
37055,Dare County,35.6062688,-75.7675364,1996,NORTH CAROLINA,SOYBEANS,PRODUCTION,BU,76000
37055,Dare County,35.6062688,-75.7675364,1997,NORTH CAROLINA,CORN,PRODUCTION,BU,25000
37055,Dare County,35.6062688,-75.7675364,1997,NORTH CAROLINA,OATS,PRODUCTION,BU,19000
37055,Dare County,35.6062688,-75.7675364,1997,NORTH CAROLINA,SOYBEANS,PRODUCTION,BU,101692
37055,Dare County,35.6062688,-75.7675364,1997,NORTH CAROLINA,SOYBEANS,PRODUCTION,BU,109000
37055,Dare County,35.6062688,-75.7675364,1998,NORTH CAROLINA,SOYBEANS,PRODUCTION,BU,95000
37055,Dare County,35.6062688,-75.7675364,1998,NORTH CAROLINA,WHEAT,PRODUCTION,BU,7000
37055,Dare County,35.6062688,-75.7675364,1998,NORTH CAROLINA,WHEAT,PRODUCTION,BU,7000
37055,Dare County,35.6062688,-75.7675364,1999,NORTH CAROLINA,SOYBEANS,PRODUCTION,BU,19000
37055,Dare County,35.6062688,-75.7675364,1999,NORTH CAROLINA,WHEAT,PRODUCTION,BU,14000
37055,Dare County,35.6062688,-75.7675364,1999,NORTH CAROLINA,WHEAT,PRODUCTION,BU,14000
37055,Dare County,35.6062688,-75.7675364,2000,NORTH CAROLINA,SOYBEANS,PRODUCTION,BU,23000
37047,Columbus County,34.2616017,-78.6393077,1996,NORTH CAROLINA,CORN,PRODUCTION,BU,3372000
37047,Columbus County,34.2616017,-78.6393077,1996,NORTH CAROLINA,COTTON,PRODUCTION,480 LB BALES,2700
37047,Columbus County,34.2616017,-78.6393077,1996,NORTH CAROLINA,HAY,PRODUCTION,TONS,14800
37047,Columbus County,34.2616017,-78.6393077,1996,NORTH CAROLINA,OATS,PRODUCTION,BU,7400
37047,Columbus County,34.2616017,-78.6393077,1996,NORTH CAROLINA,PEANUTS,PRODUCTION,LB,2490000
37047,Columbus County,34.2616017,-78.6393077,1996,NORTH CAROLINA,POTATOES,PRODUCTION,CWT,15600
37047,Columbus County,34.2616017,-78.6393077,1996,NORTH CAROLINA,SORGHUM,PRODUCTION,BU,13000
37047,Columbus County,34.2616017,-78.6393077,1996,NORTH CAROLINA,SOYBEANS,PRODUCTION,BU,1018000
37047,Columbus County,34.2616017,-78.6393077,1996,NORTH CAROLINA,SWEET POTATOES,PRODUCTION,CWT,168200
37047,Columbus County,34.2616017,-78.6393077,1996,NORTH CAROLINA,TOBACCO,PRODUCTION,LB,24625000
37047,Columbus County,34.2616017,-78.6393077,1996,NORTH CAROLINA,WHEAT,PRODUCTION,BU,636000
37047,Columbus County,34.2616017,-78.6393077,1996,NORTH CAROLINA,WHEAT,PRODUCTION,BU,636000
37047,Columbus County,34.2616017,-78.6393077,1997,NORTH CAROLINA,CORN,PRODUCTION,BU,2674288
37047,Columbus County,34.2616017,-78.6393077,1997,NORTH CAROLINA,CORN,PRODUCTION,TONS,1159
37047,Columbus County,34.2616017,-78.6393077,1997,NORTH CAROLINA,CORN,PRODUCTION,BU,2775000
37047,Columbus County,34.2616017,-78.6393077,1997,NORTH CAROLINA,COTTON,PRODUCTION,BALES,2543
37047,Columbus County,34.2616017,-78.6393077,1997,NORTH CAROLINA,COTTON,PRODUCTION,480 LB BALES,2700
37047,Columbus County,34.2616017,-78.6393077,1997,NORTH CAROLINA,HAY,PRODUCTION,TONS,2285
37047,Columbus County,34.2616017,-78.6393077,1997,NORTH CAROLINA,HAY,PRODUCTION,TONS,8650
37047,Columbus County,34.2616017,-78.6393077,1997,NORTH CAROLINA,HAY,PRODUCTION,TONS,NA
37047,Columbus County,34.2616017,-78.6393077,1997,NORTH CAROLINA,HAY,PRODUCTION,TONS,12500
37047,Columbus County,34.2616017,-78.6393077,1997,NORTH CAROLINA,HAYLAGE,PRODUCTION,TONS,666
37047,Columbus County,34.2616017,-78.6393077,1997,NORTH CAROLINA,OATS,PRODUCTION,BU,23534
37047,Columbus County,34.2616017,-78.6393077,1997,NORTH CAROLINA,OATS,PRODUCTION,BU,23000
37047,Columbus County,34.2616017,-78.6393077,1997,NORTH CAROLINA,PEANUTS,PRODUCTION,LB,2331366
37047,Columbus County,34.2616017,-78.6393077,1997,NORTH CAROLINA,PEANUTS,PRODUCTION,LB,2700000
37047,Columbus County,34.2616017,-78.6393077,1997,NORTH CAROLINA,POTATOES,PRODUCTION,CWT,84705
37047,Columbus County,34.2616017,-78.6393077,1997,NORTH CAROLINA,POTATOES,PRODUCTION,CWT,79600
37047,Columbus County,34.2616017,-78.6393077,1997,NORTH CAROLINA,SORGHUM,PRODUCTION,BU,7709
37047,Columbus County,34.2616017,-78.6393077,1997,NORTH CAROLINA,SORGHUM,PRODUCTION,BU,7850
37047,Columbus County,34.2616017,-78.6393077,1997,NORTH CAROLINA,SOYBEANS,PRODUCTION,BU,1109035
37047,Columbus County,34.2616017,-78.6393077,1997,NORTH CAROLINA,SOYBEANS,PRODUCTION,BU,1150000
37047,Columbus County,34.2616017,-78.6393077,1997,NORTH CAROLINA,SWEET POTATOES,PRODUCTION,CWT,203570
37047,Columbus County,34.2616017,-78.6393077,1997,NORTH CAROLINA,SWEET POTATOES,PRODUCTION,CWT,207000
37047,Columbus County,34.2616017,-78.6393077,1997,NORTH CAROLINA,TOBACCO,PRODUCTION,LB,26098702
37047,Columbus County,34.2616017,-78.6393077,1997,NORTH CAROLINA,TOBACCO,PRODUCTION,LB,30942000
37047,Columbus County,34.2616017,-78.6393077,1997,NORTH CAROLINA,WHEAT,PRODUCTION,BU,690319
37047,Columbus County,34.2616017,-78.6393077,1997,NORTH CAROLINA,WHEAT,PRODUCTION,BU,785000
37047,Columbus County,34.2616017,-78.6393077,1997,NORTH CAROLINA,WHEAT,PRODUCTION,BU,785000
37047,Columbus County,34.2616017,-78.6393077,1998,NORTH CAROLINA,CORN,PRODUCTION,BU,1473000
37047,Columbus County,34.2616017,-78.6393077,1998,NORTH CAROLINA,COTTON,PRODUCTION,480 LB BALES,3500
37047,Columbus County,34.2616017,-78.6393077,1998,NORTH CAROLINA,HAY,PRODUCTION,TONS,10700
37047,Columbus County,34.2616017,-78.6393077,1998,NORTH CAROLINA,OATS,PRODUCTION,BU,13000
37047,Columbus County,34.2616017,-78.6393077,1998,NORTH CAROLINA,PEANUTS,PRODUCTION,LB,2972000
37047,Columbus County,34.2616017,-78.6393077,1998,NORTH CAROLINA,POTATOES,PRODUCTION,CWT,67500
37047,Columbus County,34.2616017,-78.6393077,1998,NORTH CAROLINA,SOYBEANS,PRODUCTION,BU,1184000
37047,Columbus County,34.2616017,-78.6393077,1998,NORTH CAROLINA,SWEET POTATOES,PRODUCTION,CWT,224000
37047,Columbus County,34.2616017,-78.6393077,1998,NORTH CAROLINA,TOBACCO,PRODUCTION,LB,19287000
37047,Columbus County,34.2616017,-78.6393077,1998,NORTH CAROLINA,WHEAT,PRODUCTION,BU,468500
37047,Columbus County,34.2616017,-78.6393077,1998,NORTH CAROLINA,WHEAT,PRODUCTION,BU,468500
37047,Columbus County,34.2616017,-78.6393077,1999,NORTH CAROLINA,CORN,PRODUCTION,BU,1623000
37047,Columbus County,34.2616017,-78.6393077,1999,NORTH CAROLINA,COTTON,PRODUCTION,480 LB BALES,3200
37047,Columbus County,34.2616017,-78.6393077,1999,NORTH CAROLINA,HAY,PRODUCTION,TONS,10800
37047,Columbus County,34.2616017,-78.6393077,1999,NORTH CAROLINA,OATS,PRODUCTION,BU,48400
37047,Columbus County,34.2616017,-78.6393077,1999,NORTH CAROLINA,PEANUTS,PRODUCTION,LB,2375000
37047,Columbus County,34.2616017,-78.6393077,1999,NORTH CAROLINA,POTATOES,PRODUCTION,CWT,61200
37047,Columbus County,34.2616017,-78.6393077,1999,NORTH CAROLINA,SOYBEANS,PRODUCTION,BU,1322000
37047,Columbus County,34.2616017,-78.6393077,1999,NORTH CAROLINA,SWEET POTATOES,PRODUCTION,CWT,141000
37047,Columbus County,34.2616017,-78.6393077,1999,NORTH CAROLINA,TOBACCO,PRODUCTION,LB,16425000
37047,Columbus County,34.2616017,-78.6393077,1999,NORTH CAROLINA,WHEAT,PRODUCTION,BU,597000
37047,Columbus County,34.2616017,-78.6393077,1999,NORTH CAROLINA,WHEAT,PRODUCTION,BU,597000
37047,Columbus County,34.2616017,-78.6393077,2000,NORTH CAROLINA,CORN,PRODUCTION,BU,3270000
37047,Columbus County,34.2616017,-78.6393077,2000,NORTH CAROLINA,COTTON,PRODUCTION,480 LB BALES,6200
37047,Columbus County,34.2616017,-78.6393077,2000,NORTH CAROLINA,HAY,PRODUCTION,TONS,14900
37047,Columbus County,34.2616017,-78.6393077,2000,NORTH CAROLINA,OATS,PRODUCTION,BU,46000
37047,Columbus County,34.2616017,-78.6393077,2000,NORTH CAROLINA,PEANUTS,PRODUCTION,LB,2654000
37047,Columbus County,34.2616017,-78.6393077,2000,NORTH CAROLINA,POTATOES,PRODUCTION,CWT,59500
37047,Columbus County,34.2616017,-78.6393077,2000,NORTH CAROLINA,SOYBEANS,PRODUCTION,BU,1791000
37047,Columbus County,34.2616017,-78.6393077,2000,NORTH CAROLINA,SWEET POTATOES,PRODUCTION,CWT,224000
37047,Columbus County,34.2616017,-78.6393077,2000,NORTH CAROLINA,TOBACCO,PRODUCTION,LB,14625000
37047,Columbus County,34.2616017,-78.6393077,2000,NORTH CAROLINA,WHEAT,PRODUCTION,BU,535000
37047,Columbus County,34.2616017,-78.6393077,2000,NORTH CAROLINA,WHEAT,PRODUCTION,BU,535000