year,state_name,county_name,commodity_desc,statisticcat_desc,unit_desc,Value
1996,NORTH CAROLINA,Alamance,CORN,PRODUCTION,BU,245000
1996,NORTH CAROLINA,Alamance,CORN,PRODUCTION,TONS,39700
1996,NORTH CAROLINA,Alamance,HAY,PRODUCTION,TONS,26600
1996,NORTH CAROLINA,Alamance,OATS,PRODUCTION,BU,11200
1996,NORTH CAROLINA,Alamance,POTATOES,PRODUCTION,CWT,1000
1996,NORTH CAROLINA,Alamance,SORGHUM,PRODUCTION,BU,3400
1996,NORTH CAROLINA,Alamance,SOYBEANS,PRODUCTION,BU,146000
1996,NORTH CAROLINA,Alamance,TOBACCO,PRODUCTION,LB,5411000
1996,NORTH CAROLINA,Alamance,WHEAT,PRODUCTION,BU,98000
1996,NORTH CAROLINA,Alamance,WHEAT,PRODUCTION,BU,98000
1996,NORTH CAROLINA,Alexander,BARLEY,PRODUCTION,BU,36000
1996,NORTH CAROLINA,Alexander,CORN,PRODUCTION,BU,68000
1996,NORTH CAROLINA,Alexander,CORN,PRODUCTION,TONS,26600
1996,NORTH CAROLINA,Alexander,HAY,PRODUCTION,TONS,24000
1996,NORTH CAROLINA,Alexander,OATS,PRODUCTION,BU,13000
1996,NORTH CAROLINA,Alexander,POTATOES,PRODUCTION,CWT,800
1996,NORTH CAROLINA,Alexander,SORGHUM,PRODUCTION,BU,10200
1996,NORTH CAROLINA,Alexander,SOYBEANS,PRODUCTION,BU,30000
1996,NORTH CAROLINA,Alexander,TOBACCO,PRODUCTION,LB,1372000
1996,NORTH CAROLINA,Alexander,WHEAT,PRODUCTION,BU,13000
1996,NORTH CAROLINA,Alexander,WHEAT,PRODUCTION,BU,13000
1996,NORTH CAROLINA,Alleghany,CORN,PRODUCTION,TONS,42200
1996,NORTH CAROLINA,Alleghany,HAY,PRODUCTION,TONS,24400
1996,NORTH CAROLINA,Alleghany,POTATOES,PRODUCTION,CWT,600
1996,NORTH CAROLINA,Alleghany,TOBACCO,PRODUCTION,LB,568000
1996,NORTH CAROLINA,Anson,CORN,PRODUCTION,BU,602000
1996,NORTH CAROLINA,Anson,CORN,PRODUCTION,TONS,3000
1996,NORTH CAROLINA,Anson,COTTON,PRODUCTION,480 LB BALES,4000
1996,NORTH CAROLINA,Anson,HAY,PRODUCTION,TONS,11000
1996,NORTH CAROLINA,Anson,OATS,PRODUCTION,BU,10000
1996,NORTH CAROLINA,Anson,POTATOES,PRODUCTION,CWT,900
1996,NORTH CAROLINA,Anson,SORGHUM,PRODUCTION,BU,13600
1996,NORTH CAROLINA,Anson,SOYBEANS,PRODUCTION,BU,282000
1996,NORTH CAROLINA,Anson,TOBACCO,PRODUCTION,LB,499000
1996,NORTH CAROLINA,Anson,WHEAT,PRODUCTION,BU,171000
1996,NORTH CAROLINA,Anson,WHEAT,PRODUCTION,BU,171000
1996,NORTH CAROLINA,Ashe,CORN,PRODUCTION,TONS,6000
1996,NORTH CAROLINA,Ashe,HAY,PRODUCTION,TONS,22300
1996,NORTH CAROLINA,Ashe,POTATOES,PRODUCTION,CWT,3600
1996,NORTH CAROLINA,Ashe,TOBACCO,PRODUCTION,LB,1172000
1996,NORTH CAROLINA,Avery,HAY,PRODUCTION,TONS,2400
1996,NORTH CAROLINA,Avery,POTATOES,PRODUCTION,CWT,4900
1996,NORTH CAROLINA,Avery,TOBACCO,PRODUCTION,LB,225000
1996,NORTH CAROLINA,Beaufort,CORN,PRODUCTION,BU,5255000
1996,NORTH CAROLINA,Beaufort,COTTON,PRODUCTION,480 LB BALES,10100
1996,NORTH CAROLINA,Beaufort,HAY,PRODUCTION,TONS,1100
1996,NORTH CAROLINA,Beaufort,OATS,PRODUCTION,BU,47000
1996,NORTH CAROLINA,Beaufort,PEANUTS,PRODUCTION,LB,596000
1996,NORTH CAROLINA,Beaufort,POTATOES,PRODUCTION,CWT,22200
1996,NORTH CAROLINA,Beaufort,SOYBEANS,PRODUCTION,BU,1457000
1996,NORTH CAROLINA,Beaufort,SWEET POTATOES,PRODUCTION,CWT,38400
1996,NORTH CAROLINA,Beaufort,TOBACCO,PRODUCTION,LB,10423000
1996,NORTH CAROLINA,Beaufort,WHEAT,PRODUCTION,BU,1907000
1996,NORTH CAROLINA,Beaufort,WHEAT,PRODUCTION,BU,1907000
1996,NORTH CAROLINA,Bertie,CORN,PRODUCTION,BU,2135000
1996,NORTH CAROLINA,Bertie,COTTON,PRODUCTION,480 LB BALES,54200
1996,NORTH CAROLINA,Bertie,HAY,PRODUCTION,TONS,800
1996,NORTH CAROLINA,Bertie,OATS,PRODUCTION,BU,600
1996,NORTH CAROLINA,Bertie,PEANUTS,PRODUCTION,LB,46540000
1996,NORTH CAROLINA,Bertie,SORGHUM,PRODUCTION,BU,18000
1996,NORTH CAROLINA,Bertie,SOYBEANS,PRODUCTION,BU,370000
1996,NORTH CAROLINA,Bertie,TOBACCO,PRODUCTION,LB,6282000
1996,NORTH CAROLINA,Bertie,WHEAT,PRODUCTION,BU,113000
1996,NORTH CAROLINA,Bertie,WHEAT,PRODUCTION,BU,113000
1996,NORTH CAROLINA,Bladen,CORN,PRODUCTION,BU,2300000
1996,NORTH CAROLINA,Bladen,COTTON,PRODUCTION,480 LB BALES,8700
1996,NORTH CAROLINA,Bladen,HAY,PRODUCTION,TONS,13900
1996,NORTH CAROLINA,Bladen,OATS,PRODUCTION,BU,9200
1996,NORTH CAROLINA,Bladen,PEANUTS,PRODUCTION,LB,9271000
1996,NORTH CAROLINA,Bladen,SORGHUM,PRODUCTION,BU,2700
1996,NORTH CAROLINA,Bladen,SOYBEANS,PRODUCTION,BU,349000
1996,NORTH CAROLINA,Bladen,TOBACCO,PRODUCTION,LB,8558000
1996,NORTH CAROLINA,Bladen,WHEAT,PRODUCTION,BU,185000
1996,NORTH CAROLINA,Bladen,WHEAT,PRODUCTION,BU,185000
1996,NORTH CAROLINA,Brunswick,CORN,PRODUCTION,BU,502000
1996,NORTH CAROLINA,Brunswick,COTTON,PRODUCTION,480 LB BALES,1000
1996,NORTH CAROLINA,Brunswick,HAY,PRODUCTION,TONS,2800
1996,NORTH CAROLINA,Brunswick,OATS,PRODUCTION,BU,23000
1996,NORTH CAROLINA,Brunswick,POTATOES,PRODUCTION,CWT,1400
1996,NORTH CAROLINA,Brunswick,SORGHUM,PRODUCTION,BU,5100
1996,NORTH CAROLINA,Brunswick,SOYBEANS,PRODUCTION,BU,211000
1996,NORTH CAROLINA,Brunswick,SWEET POTATOES,PRODUCTION,CWT,34000
1996,NORTH CAROLINA,Brunswick,TOBACCO,PRODUCTION,LB,2372000
1996,NORTH CAROLINA,Brunswick,WHEAT,PRODUCTION,BU,121000
1996,NORTH CAROLINA,Brunswick,WHEAT,PRODUCTION,BU,121000
1996,NORTH CAROLINA,Buncombe,CORN,PRODUCTION,BU,55000
1996,NORTH CAROLINA,Buncombe,CORN,PRODUCTION,TONS,66100
1996,NORTH CAROLINA,Buncombe,HAY,PRODUCTION,TONS,26600
1996,NORTH CAROLINA,Buncombe,POTATOES,PRODUCTION,CWT,3500
1996,NORTH CAROLINA,Buncombe,TOBACCO,PRODUCTION,LB,2082000
1996,NORTH CAROLINA,Burke,CORN,PRODUCTION,BU,84000
1996,NORTH CAROLINA,Burke,CORN,PRODUCTION,TONS,7200
1996,NORTH CAROLINA,Burke,HAY,PRODUCTION,TONS,9000
1996,NORTH CAROLINA,Burke,OATS,PRODUCTION,BU,5500
1996,NORTH CAROLINA,Burke,POTATOES,PRODUCTION,CWT,1400
1996,NORTH CAROLINA,Burke,SORGHUM,PRODUCTION,BU,2200
1996,NORTH CAROLINA,Burke,SOYBEANS,PRODUCTION,BU,9000
1996,NORTH CAROLINA,Cabarrus,BARLEY,PRODUCTION,BU,68000
1996,NORTH CAROLINA,Cabarrus,CORN,PRODUCTION,BU,315000
1996,NORTH CAROLINA,Cabarrus,CORN,PRODUCTION,TONS,4000
1996,NORTH CAROLINA,Cabarrus,COTTON,PRODUCTION,480 LB BALES,350
1996,NORTH CAROLINA,Cabarrus,HAY,PRODUCTION,TONS,25300
1996,NORTH CAROLINA,Cabarrus,OATS,PRODUCTION,BU,25000
1996,NORTH CAROLINA,Cabarrus,SORGHUM,PRODUCTION,BU,30000
1996,NORTH CAROLINA,Cabarrus,SOYBEANS,PRODUCTION,BU,223000
1996,NORTH CAROLINA,Cabarrus,WHEAT,PRODUCTION,BU,98000
1996,NORTH CAROLINA,Cabarrus,WHEAT,PRODUCTION,BU,98000
1996,NORTH CAROLINA,Caldwell,CORN,PRODUCTION,BU,85000
1996,NORTH CAROLINA,Caldwell,CORN,PRODUCTION,TONS,12800
1996,NORTH CAROLINA,Caldwell,HAY,PRODUCTION,TONS,11300
1996,NORTH CAROLINA,Caldwell,OATS,PRODUCTION,BU,4800
1996,NORTH CAROLINA,Caldwell,POTATOES,PRODUCTION,CWT,6400
1996,NORTH CAROLINA,Caldwell,SORGHUM,PRODUCTION,BU,2700
1996,NORTH CAROLINA,Caldwell,SOYBEANS,PRODUCTION,BU,28000
1996,NORTH CAROLINA,Caldwell,TOBACCO,PRODUCTION,LB,525000
1996,NORTH CAROLINA,Camden,BARLEY,PRODUCTION,BU,19000
1996,NORTH CAROLINA,Camden,CORN,PRODUCTION,BU,1745000
1996,NORTH CAROLINA,Camden,COTTON,PRODUCTION,480 LB BALES,1300
1996,NORTH CAROLINA,Camden,OATS,PRODUCTION,BU,2400
1996,NORTH CAROLINA,Camden,POTATOES,PRODUCTION,CWT,441000
1996,NORTH CAROLINA,Camden,SOYBEANS,PRODUCTION,BU,805000
1996,NORTH CAROLINA,Camden,WHEAT,PRODUCTION,BU,609000
1996,NORTH CAROLINA,Camden,WHEAT,PRODUCTION,BU,609000
1996,NORTH CAROLINA,Carteret,CORN,PRODUCTION,BU,1895000
1996,NORTH CAROLINA,Carteret,COTTON,PRODUCTION,480 LB BALES,2000
1996,NORTH CAROLINA,Carteret,POTATOES,PRODUCTION,CWT,91200
1996,NORTH CAROLINA,Carteret,SORGHUM,PRODUCTION,BU,2700
1996,NORTH CAROLINA,Carteret,SOYBEANS,PRODUCTION,BU,456000
1996,NORTH CAROLINA,Carteret,TOBACCO,PRODUCTION,LB,1055000
1996,NORTH CAROLINA,Carteret,WHEAT,PRODUCTION,BU,216000
1996,NORTH CAROLINA,Carteret,WHEAT,PRODUCTION,BU,216000
1996,NORTH CAROLINA,Caswell,CORN,PRODUCTION,BU,120000
1996,NORTH CAROLINA,Caswell,CORN,PRODUCTION,TONS,5000
1996,NORTH CAROLINA,Caswell,HAY,PRODUCTION,TONS,19300
1996,NORTH CAROLINA,Caswell,OATS,PRODUCTION,BU,8800
1996,NORTH CAROLINA,Caswell,POTATOES,PRODUCTION,CWT,5400
1996,NORTH CAROLINA,Caswell,SORGHUM,PRODUCTION,BU,4200
1996,NORTH CAROLINA,Caswell,SOYBEANS,PRODUCTION,BU,26000
1996,NORTH CAROLINA,Caswell,SWEET POTATOES,PRODUCTION,CWT,6300
1996,NORTH CAROLINA,Caswell,TOBACCO,PRODUCTION,LB,10877000
1996,NORTH CAROLINA,Caswell,WHEAT,PRODUCTION,BU,93000
1996,NORTH CAROLINA,Caswell,WHEAT,PRODUCTION,BU,93000
1996,NORTH CAROLINA,Catawba,BARLEY,PRODUCTION,BU,64000
1996,NORTH CAROLINA,Catawba,CORN,PRODUCTION,BU,124000
1996,NORTH CAROLINA,Catawba,CORN,PRODUCTION,TONS,12000
1996,NORTH CAROLINA,Catawba,HAY,PRODUCTION,TONS,19100
1996,NORTH CAROLINA,Catawba,OATS,PRODUCTION,BU,18000
1996,NORTH CAROLINA,Catawba,SORGHUM,PRODUCTION,BU,2700
1996,NORTH CAROLINA,Catawba,SOYBEANS,PRODUCTION,BU,224000
1996,NORTH CAROLINA,Catawba,WHEAT,PRODUCTION,BU,265000
1996,NORTH CAROLINA,Catawba,WHEAT,PRODUCTION,BU,265000
1996,NORTH CAROLINA,Chatham,CORN,PRODUCTION,BU,122000
1996,NORTH CAROLINA,Chatham,CORN,PRODUCTION,TONS,20700
1996,NORTH CAROLINA,Chatham,HAY,PRODUCTION,TONS,35500
1996,NORTH CAROLINA,Chatham,OATS,PRODUCTION,BU,23000
1996,NORTH CAROLINA,Chatham,POTATOES,PRODUCTION,CWT,100
1996,NORTH CAROLINA,Chatham,SORGHUM,PRODUCTION,BU,2700
1996,NORTH CAROLINA,Chatham,SOYBEANS,PRODUCTION,BU,53000
1996,NORTH CAROLINA,Chatham,TOBACCO,PRODUCTION,LB,1740000
1996,NORTH CAROLINA,Chatham,WHEAT,PRODUCTION,BU,35000
1996,NORTH CAROLINA,Chatham,WHEAT,PRODUCTION,BU,35000
1996,NORTH CAROLINA,Cherokee,CORN,PRODUCTION,BU,50000
1996,NORTH CAROLINA,Cherokee,CORN,PRODUCTION,TONS,4800
1996,NORTH CAROLINA,Cherokee,HAY,PRODUCTION,TONS,8000
1996,NORTH CAROLINA,Cherokee,POTATOES,PRODUCTION,CWT,1400
1996,NORTH CAROLINA,Cherokee,TOBACCO,PRODUCTION,LB,121000
1996,NORTH CAROLINA,Chowan,CORN,PRODUCTION,BU,723000
1996,NORTH CAROLINA,Chowan,COTTON,PRODUCTION,480 LB BALES,27100
1996,NORTH CAROLINA,Chowan,OATS,PRODUCTION,BU,2400
1996,NORTH CAROLINA,Chowan,PEANUTS,PRODUCTION,LB,20387000
1996,NORTH CAROLINA,Chowan,POTATOES,PRODUCTION,CWT,23000
1996,NORTH CAROLINA,Chowan,SOYBEANS,PRODUCTION,BU,144000
1996,NORTH CAROLINA,Chowan,SWEET POTATOES,PRODUCTION,CWT,25500
1996,NORTH CAROLINA,Chowan,TOBACCO,PRODUCTION,LB,557000
1996,NORTH CAROLINA,Chowan,WHEAT,PRODUCTION,BU,121000
1996,NORTH CAROLINA,Chowan,WHEAT,PRODUCTION,BU,121000
1996,NORTH CAROLINA,Clay,CORN,PRODUCTION,TONS,4000
1996,NORTH CAROLINA,Clay,HAY,PRODUCTION,TONS,8000
1996,NORTH CAROLINA,Clay,POTATOES,PRODUCTION,CWT,1500
1996,NORTH CAROLINA,Clay,TOBACCO,PRODUCTION,LB,118000
1996,NORTH CAROLINA,Cleveland,BARLEY,PRODUCTION,BU,82000
1996,NORTH CAROLINA,Cleveland,CORN,PRODUCTION,BU,104000
1996,NORTH CAROLINA,Cleveland,CORN,PRODUCTION,TONS,11800
1996,NORTH CAROLINA,Cleveland,COTTON,PRODUCTION,480 LB BALES,6300
1996,NORTH CAROLINA,Cleveland,HAY,PRODUCTION,TONS,31500
1996,NORTH CAROLINA,Cleveland,OATS,PRODUCTION,BU,67000
1996,NORTH CAROLINA,Cleveland,POTATOES,PRODUCTION,CWT,2700
1996,NORTH CAROLINA,Cleveland,SORGHUM,PRODUCTION,BU,8100
1996,NORTH CAROLINA,Cleveland,SOYBEANS,PRODUCTION,BU,316000
1996,NORTH CAROLINA,Cleveland,WHEAT,PRODUCTION,BU,151000
1996,NORTH CAROLINA,Cleveland,WHEAT,PRODUCTION,BU,151000
1996,NORTH CAROLINA,Columbus,CORN,PRODUCTION,BU,3372000
1996,NORTH CAROLINA,Columbus,COTTON,PRODUCTION,480 LB BALES,2700
1996,NORTH CAROLINA,Columbus,HAY,PRODUCTION,TONS,14800
1996,NORTH CAROLINA,Columbus,OATS,PRODUCTION,BU,7400
1996,NORTH CAROLINA,Columbus,PEANUTS,PRODUCTION,LB,2490000
1996,NORTH CAROLINA,Columbus,POTATOES,PRODUCTION,CWT,15600
1996,NORTH CAROLINA,Columbus,SORGHUM,PRODUCTION,BU,13000
1996,NORTH CAROLINA,Columbus,SOYBEANS,PRODUCTION,BU,1018000
1996,NORTH CAROLINA,Columbus,SWEET POTATOES,PRODUCTION,CWT,168200
1996,NORTH CAROLINA,Columbus,TOBACCO,PRODUCTION,LB,24625000
1996,NORTH CAROLINA,Columbus,WHEAT,PRODUCTION,BU,636000
1996,NORTH CAROLINA,Columbus,WHEAT,PRODUCTION,BU,636000
1996,NORTH CAROLINA,Craven,CORN,PRODUCTION,BU,1147000
1996,NORTH CAROLINA,Craven,COTTON,PRODUCTION,480 LB BALES,26900
1996,NORTH CAROLINA,Craven,HAY,PRODUCTION,TONS,3400
1996,NORTH CAROLINA,Craven,OATS,PRODUCTION,BU,1200
1996,NORTH CAROLINA,Craven,POTATOES,PRODUCTION,CWT,800
1996,NORTH CAROLINA,Craven,SORGHUM,PRODUCTION,BU,600
1996,NORTH CAROLINA,Craven,SOYBEANS,PRODUCTION,BU,384000
1996,NORTH CAROLINA,Craven,TOBACCO,PRODUCTION,LB,8402000
1996,NORTH CAROLINA,Craven,WHEAT,PRODUCTION,BU,239000
1996,NORTH CAROLINA,Craven,WHEAT,PRODUCTION,BU,239000
1996,NORTH CAROLINA,Cumberland,CORN,PRODUCTION,BU,1131000
1996,NORTH CAROLINA,Cumberland,COTTON,PRODUCTION,480 LB BALES,10200
1996,NORTH CAROLINA,Cumberland,HAY,PRODUCTION,TONS,11800
1996,NORTH CAROLINA,Cumberland,OATS,PRODUCTION,BU,33000
1996,NORTH CAROLINA,Cumberland,PEANUTS,PRODUCTION,LB,387000
1996,NORTH CAROLINA,Cumberland,POTATOES,PRODUCTION,CWT,10500
1996,NORTH CAROLINA,Cumberland,SORGHUM,PRODUCTION,BU,7800
1996,NORTH CAROLINA,Cumberland,SOYBEANS,PRODUCTION,BU,498000
1996,NORTH CAROLINA,Cumberland,SWEET POTATOES,PRODUCTION,CWT,150200
1996,NORTH CAROLINA,Cumberland,TOBACCO,PRODUCTION,LB,5935000
1996,NORTH CAROLINA,Cumberland,WHEAT,PRODUCTION,BU,296000
1996,NORTH CAROLINA,Cumberland,WHEAT,PRODUCTION,BU,296000
1996,NORTH CAROLINA,Currituck,CORN,PRODUCTION,BU,1910000
1996,NORTH CAROLINA,Currituck,COTTON,PRODUCTION,480 LB BALES,4800
1996,NORTH CAROLINA,Currituck,PEANUTS,PRODUCTION,LB,145000
1996,NORTH CAROLINA,Currituck,POTATOES,PRODUCTION,CWT,148000
1996,NORTH CAROLINA,Currituck,SORGHUM,PRODUCTION,BU,7900
1996,NORTH CAROLINA,Currituck,SOYBEANS,PRODUCTION,BU,524000
1996,NORTH CAROLINA,Currituck,WHEAT,PRODUCTION,BU,500000
1996,NORTH CAROLINA,Currituck,WHEAT,PRODUCTION,BU,500000
1996,NORTH CAROLINA,Dare,OATS,PRODUCTION,BU,7000
1996,NORTH CAROLINA,Dare,SOYBEANS,PRODUCTION,BU,76000
1996,NORTH CAROLINA,Davidson,BARLEY,PRODUCTION,BU,101000
1996,NORTH CAROLINA,Davidson,CORN,PRODUCTION,BU,410000
1996,NORTH CAROLINA,Davidson,CORN,PRODUCTION,TONS,28000
1996,NORTH CAROLINA,Davidson,COTTON,PRODUCTION,480 LB BALES,620
1996,NORTH CAROLINA,Davidson,HAY,PRODUCTION,TONS,35000
1996,NORTH CAROLINA,Davidson,OATS,PRODUCTION,BU,20000
1996,NORTH CAROLINA,Davidson,POTATOES,PRODUCTION,CWT,1000
1996,NORTH CAROLINA,Davidson,SORGHUM,PRODUCTION,BU,15000
1996,NORTH CAROLINA,Davidson,SOYBEANS,PRODUCTION,BU,199000
1996,NORTH CAROLINA,Davidson,TOBACCO,PRODUCTION,LB,3306000
1996,NORTH CAROLINA,Davidson,WHEAT,PRODUCTION,BU,91000
1996,NORTH CAROLINA,Davidson,WHEAT,PRODUCTION,BU,91000
1996,NORTH CAROLINA,Davie,CORN,PRODUCTION,BU,314000
1996,NORTH CAROLINA,Davie,CORN,PRODUCTION,TONS,21000
1996,NORTH CAROLINA,Davie,HAY,PRODUCTION,TONS,24300
1996,NORTH CAROLINA,Davie,OATS,PRODUCTION,BU,5000
1996,NORTH CAROLINA,Davie,SORGHUM,PRODUCTION,BU,6400
1996,NORTH CAROLINA,Davie,SOYBEANS,PRODUCTION,BU,200000
1996,NORTH CAROLINA,Davie,TOBACCO,PRODUCTION,LB,1305000
1996,NORTH CAROLINA,Davie,WHEAT,PRODUCTION,BU,112000
1996,NORTH CAROLINA,Davie,WHEAT,PRODUCTION,BU,112000
1996,NORTH CAROLINA,Duplin,CORN,PRODUCTION,BU,4316000
1996,NORTH CAROLINA,Duplin,COTTON,PRODUCTION,480 LB BALES,15300
1996,NORTH CAROLINA,Duplin,HAY,PRODUCTION,TONS,52100
1996,NORTH CAROLINA,Duplin,OATS,PRODUCTION,BU,9000
1996,NORTH CAROLINA,Duplin,POTATOES,PRODUCTION,CWT,9700
1996,NORTH CAROLINA,Duplin,SORGHUM,PRODUCTION,BU,4800
1996,NORTH CAROLINA,Duplin,SOYBEANS,PRODUCTION,BU,948000
1996,NORTH CAROLINA,Duplin,SWEET POTATOES,PRODUCTION,CWT,161700
1996,NORTH CAROLINA,Duplin,TOBACCO,PRODUCTION,LB,19241000
1996,NORTH CAROLINA,Duplin,WHEAT,PRODUCTION,BU,582000
1996,NORTH CAROLINA,Duplin,WHEAT,PRODUCTION,BU,582000
1996,NORTH CAROLINA,Durham,HAY,PRODUCTION,TONS,3400
1996,NORTH CAROLINA,Durham,OATS,PRODUCTION,BU,2800
1996,NORTH CAROLINA,Durham,SORGHUM,PRODUCTION,BU,2400
1996,NORTH CAROLINA,Durham,SOYBEANS,PRODUCTION,BU,14000
1996,NORTH CAROLINA,Durham,TOBACCO,PRODUCTION,LB,2714000
1996,NORTH CAROLINA,Durham,WHEAT,PRODUCTION,BU,21000
1996,NORTH CAROLINA,Durham,WHEAT,PRODUCTION,BU,21000
1996,NORTH CAROLINA,Edgecombe,CORN,PRODUCTION,BU,2090000
1996,NORTH CAROLINA,Edgecombe,COTTON,PRODUCTION,480 LB BALES,61400
1996,NORTH CAROLINA,Edgecombe,HAY,PRODUCTION,TONS,3100
1996,NORTH CAROLINA,Edgecombe,OATS,PRODUCTION,BU,9000
1996,NORTH CAROLINA,Edgecombe,PEANUTS,PRODUCTION,LB,33754000
1996,NORTH CAROLINA,Edgecombe,SORGHUM,PRODUCTION,BU,20300
1996,NORTH CAROLINA,Edgecombe,SOYBEANS,PRODUCTION,BU,442000
1996,NORTH CAROLINA,Edgecombe,SWEET POTATOES,PRODUCTION,CWT,221800
1996,NORTH CAROLINA,Edgecombe,TOBACCO,PRODUCTION,LB,15233000
1996,NORTH CAROLINA,Edgecombe,WHEAT,PRODUCTION,BU,369000
1996,NORTH CAROLINA,Edgecombe,WHEAT,PRODUCTION,BU,369000
1996,NORTH CAROLINA,Forsyth,BARLEY,PRODUCTION,BU,14000
1996,NORTH CAROLINA,Forsyth,CORN,PRODUCTION,BU,176000
1996,NORTH CAROLINA,Forsyth,CORN,PRODUCTION,TONS,8600
1996,NORTH CAROLINA,Forsyth,HAY,PRODUCTION,TONS,12600
1996,NORTH CAROLINA,Forsyth,OATS,PRODUCTION,BU,28000
1996,NORTH CAROLINA,Forsyth,SOYBEANS,PRODUCTION,BU,87000
1996,NORTH CAROLINA,Forsyth,TOBACCO,PRODUCTION,LB,5020000
1996,NORTH CAROLINA,Forsyth,WHEAT,PRODUCTION,BU,46000
1996,NORTH CAROLINA,Forsyth,WHEAT,PRODUCTION,BU,46000
1996,NORTH CAROLINA,Franklin,BARLEY,PRODUCTION,BU,18000
1996,NORTH CAROLINA,Franklin,CORN,PRODUCTION,BU,154000
1996,NORTH CAROLINA,Franklin,CORN,PRODUCTION,TONS,19100
1996,NORTH CAROLINA,Franklin,COTTON,PRODUCTION,480 LB BALES,540
1996,NORTH CAROLINA,Franklin,HAY,PRODUCTION,TONS,13600
1996,NORTH CAROLINA,Franklin,OATS,PRODUCTION,BU,23000
1996,NORTH CAROLINA,Franklin,SORGHUM,PRODUCTION,BU,5300
1996,NORTH CAROLINA,Franklin,SOYBEANS,PRODUCTION,BU,457000
1996,NORTH CAROLINA,Franklin,SWEET POTATOES,PRODUCTION,CWT,9500
1996,NORTH CAROLINA,Franklin,TOBACCO,PRODUCTION,LB,13349000
1996,NORTH CAROLINA,Franklin,WHEAT,PRODUCTION,BU,341000
1996,NORTH CAROLINA,Franklin,WHEAT,PRODUCTION,BU,341000
1996,NORTH CAROLINA,Gaston,BARLEY,PRODUCTION,BU,27000
1996,NORTH CAROLINA,Gaston,CORN,PRODUCTION,BU,40000
1996,NORTH CAROLINA,Gaston,CORN,PRODUCTION,TONS,14600
1996,NORTH CAROLINA,Gaston,HAY,PRODUCTION,TONS,13100
1996,NORTH CAROLINA,Gaston,OATS,PRODUCTION,BU,39000
1996,NORTH CAROLINA,Gaston,POTATOES,PRODUCTION,CWT,900
1996,NORTH CAROLINA,Gaston,SOYBEANS,PRODUCTION,BU,64000
1996,NORTH CAROLINA,Gaston,WHEAT,PRODUCTION,BU,42000
1996,NORTH CAROLINA,Gaston,WHEAT,PRODUCTION,BU,42000
1996,NORTH CAROLINA,Gates,CORN,PRODUCTION,BU,995000
1996,NORTH CAROLINA,Gates,COTTON,PRODUCTION,480 LB BALES,29100
1996,NORTH CAROLINA,Gates,HAY,PRODUCTION,TONS,1000
1996,NORTH CAROLINA,Gates,OATS,PRODUCTION,BU,2400
1996,NORTH CAROLINA,Gates,PEANUTS,PRODUCTION,LB,23505000
1996,NORTH CAROLINA,Gates,SORGHUM,PRODUCTION,BU,5400
1996,NORTH CAROLINA,Gates,SOYBEANS,PRODUCTION,BU,411000
1996,NORTH CAROLINA,Gates,TOBACCO,PRODUCTION,LB,268000
1996,NORTH CAROLINA,Gates,WHEAT,PRODUCTION,BU,68000
1996,NORTH CAROLINA,Gates,WHEAT,PRODUCTION,BU,68000
1996,NORTH CAROLINA,Graham,HAY,PRODUCTION,TONS,1100
1996,NORTH CAROLINA,Graham,POTATOES,PRODUCTION,CWT,500
1996,NORTH CAROLINA,Graham,TOBACCO,PRODUCTION,LB,182000
1996,NORTH CAROLINA,Granville,CORN,PRODUCTION,BU,105000
1996,NORTH CAROLINA,Granville,CORN,PRODUCTION,TONS,16500
1996,NORTH CAROLINA,Granville,HAY,PRODUCTION,TONS,19200
1996,NORTH CAROLINA,Granville,OATS,PRODUCTION,BU,12000
1996,NORTH CAROLINA,Granville,SORGHUM,PRODUCTION,BU,5200
1996,NORTH CAROLINA,Granville,SOYBEANS,PRODUCTION,BU,75000
1996,NORTH CAROLINA,Granville,TOBACCO,PRODUCTION,LB,13573000
1996,NORTH CAROLINA,Granville,WHEAT,PRODUCTION,BU,203000
1996,NORTH CAROLINA,Granville,WHEAT,PRODUCTION,BU,203000
1996,NORTH CAROLINA,Greene,CORN,PRODUCTION,BU,1488000
1996,NORTH CAROLINA,Greene,COTTON,PRODUCTION,480 LB BALES,22500
1996,NORTH CAROLINA,Greene,HAY,PRODUCTION,TONS,6500
1996,NORTH CAROLINA,Greene,OATS,PRODUCTION,BU,6000
1996,NORTH CAROLINA,Greene,PEANUTS,PRODUCTION,LB,385000
1996,NORTH CAROLINA,Greene,POTATOES,PRODUCTION,CWT,7900
1996,NORTH CAROLINA,Greene,SORGHUM,PRODUCTION,BU,5800
1996,NORTH CAROLINA,Greene,SOYBEANS,PRODUCTION,BU,579000
1996,NORTH CAROLINA,Greene,SWEET POTATOES,PRODUCTION,CWT,96100
1996,NORTH CAROLINA,Greene,TOBACCO,PRODUCTION,LB,15975000
1996,NORTH CAROLINA,Greene,WHEAT,PRODUCTION,BU,528000
1996,NORTH CAROLINA,Greene,WHEAT,PRODUCTION,BU,528000
1996,NORTH CAROLINA,Guilford,CORN,PRODUCTION,BU,343000
1996,NORTH CAROLINA,Guilford,CORN,PRODUCTION,TONS,34000
1996,NORTH CAROLINA,Guilford,HAY,PRODUCTION,TONS,26100
1996,NORTH CAROLINA,Guilford,OATS,PRODUCTION,BU,11000
1996,NORTH CAROLINA,Guilford,POTATOES,PRODUCTION,CWT,500
1996,NORTH CAROLINA,Guilford,SORGHUM,PRODUCTION,BU,8500
1996,NORTH CAROLINA,Guilford,SOYBEANS,PRODUCTION,BU,82000
1996,NORTH CAROLINA,Guilford,TOBACCO,PRODUCTION,LB,10326000
1996,NORTH CAROLINA,Guilford,WHEAT,PRODUCTION,BU,227000
1996,NORTH CAROLINA,Guilford,WHEAT,PRODUCTION,BU,227000
1996,NORTH CAROLINA,Halifax,CORN,PRODUCTION,BU,915000
1996,NORTH CAROLINA,Halifax,CORN,PRODUCTION,TONS,10000
1996,NORTH CAROLINA,Halifax,COTTON,PRODUCTION,480 LB BALES,91500
1996,NORTH CAROLINA,Halifax,HAY,PRODUCTION,TONS,7300
1996,NORTH CAROLINA,Halifax,OATS,PRODUCTION,BU,2400
1996,NORTH CAROLINA,Halifax,PEANUTS,PRODUCTION,LB,54480000
1996,NORTH CAROLINA,Halifax,POTATOES,PRODUCTION,CWT,23700
1996,NORTH CAROLINA,Halifax,SORGHUM,PRODUCTION,BU,7800
1996,NORTH CAROLINA,Halifax,SOYBEANS,PRODUCTION,BU,214000
1996,NORTH CAROLINA,Halifax,SWEET POTATOES,PRODUCTION,CWT,16300
1996,NORTH CAROLINA,Halifax,TOBACCO,PRODUCTION,LB,7214000
1996,NORTH CAROLINA,Halifax,WHEAT,PRODUCTION,BU,176000
1996,NORTH CAROLINA,Halifax,WHEAT,PRODUCTION,BU,176000
1996,NORTH CAROLINA,Harnett,BARLEY,PRODUCTION,BU,18000
1996,NORTH CAROLINA,Harnett,CORN,PRODUCTION,BU,688000
1996,NORTH CAROLINA,Harnett,CORN,PRODUCTION,TONS,6000
1996,NORTH CAROLINA,Harnett,COTTON,PRODUCTION,480 LB BALES,15800
1996,NORTH CAROLINA,Harnett,HAY,PRODUCTION,TONS,12400
1996,NORTH CAROLINA,Harnett,OATS,PRODUCTION,BU,45000
1996,NORTH CAROLINA,Harnett,POTATOES,PRODUCTION,CWT,5600
1996,NORTH CAROLINA,Harnett,SORGHUM,PRODUCTION,BU,5000
1996,NORTH CAROLINA,Harnett,SOYBEANS,PRODUCTION,BU,454000
1996,NORTH CAROLINA,Harnett,SWEET POTATOES,PRODUCTION,CWT,251400
1996,NORTH CAROLINA,Harnett,TOBACCO,PRODUCTION,LB,18630000
1996,NORTH CAROLINA,Harnett,WHEAT,PRODUCTION,BU,154000
1996,NORTH CAROLINA,Harnett,WHEAT,PRODUCTION,BU,154000
1996,NORTH CAROLINA,Haywood,CORN,PRODUCTION,TONS,37400
1996,NORTH CAROLINA,Haywood,HAY,PRODUCTION,TONS,19700
1996,NORTH CAROLINA,Haywood,POTATOES,PRODUCTION,CWT,5000
1996,NORTH CAROLINA,Haywood,TOBACCO,PRODUCTION,LB,1402000
1996,NORTH CAROLINA,Henderson,CORN,PRODUCTION,BU,125000
1996,NORTH CAROLINA,Henderson,CORN,PRODUCTION,TONS,51400
1996,NORTH CAROLINA,Henderson,HAY,PRODUCTION,TONS,17700
1996,NORTH CAROLINA,Henderson,OATS,PRODUCTION,BU,2500
1996,NORTH CAROLINA,Henderson,POTATOES,PRODUCTION,CWT,7100
1996,NORTH CAROLINA,Henderson,TOBACCO,PRODUCTION,LB,26000
1996,NORTH CAROLINA,Hertford,CORN,PRODUCTION,BU,995000
1996,NORTH CAROLINA,Hertford,COTTON,PRODUCTION,480 LB BALES,30500
1996,NORTH CAROLINA,Hertford,HAY,PRODUCTION,TONS,1000
1996,NORTH CAROLINA,Hertford,PEANUTS,PRODUCTION,LB,32413000
1996,NORTH CAROLINA,Hertford,SORGHUM,PRODUCTION,BU,2800
1996,NORTH CAROLINA,Hertford,SOYBEANS,PRODUCTION,BU,215000
1996,NORTH CAROLINA,Hertford,SWEET POTATOES,PRODUCTION,CWT,6400
1996,NORTH CAROLINA,Hertford,TOBACCO,PRODUCTION,LB,3280000
1996,NORTH CAROLINA,Hertford,WHEAT,PRODUCTION,BU,52000
1996,NORTH CAROLINA,Hertford,WHEAT,PRODUCTION,BU,52000
1996,NORTH CAROLINA,Hoke,CORN,PRODUCTION,BU,262000
1996,NORTH CAROLINA,Hoke,COTTON,PRODUCTION,480 LB BALES,20800
1996,NORTH CAROLINA,Hoke,HAY,PRODUCTION,TONS,6700
1996,NORTH CAROLINA,Hoke,OATS,PRODUCTION,BU,4200
1996,NORTH CAROLINA,Hoke,SOYBEANS,PRODUCTION,BU,201000
1996,NORTH CAROLINA,Hoke,SWEET POTATOES,PRODUCTION,CWT,11100
1996,NORTH CAROLINA,Hoke,TOBACCO,PRODUCTION,LB,2918000
1996,NORTH CAROLINA,Hoke,WHEAT,PRODUCTION,BU,136000
1996,NORTH CAROLINA,Hoke,WHEAT,PRODUCTION,BU,136000
1996,NORTH CAROLINA,Hyde,CORN,PRODUCTION,BU,3575000
1996,NORTH CAROLINA,Hyde,COTTON,PRODUCTION,480 LB BALES,6300
1996,NORTH CAROLINA,Hyde,HAY,PRODUCTION,TONS,600
1996,NORTH CAROLINA,Hyde,POTATOES,PRODUCTION,CWT,57800
1996,NORTH CAROLINA,Hyde,SORGHUM,PRODUCTION,BU,10000
1996,NORTH CAROLINA,Hyde,SOYBEANS,PRODUCTION,BU,826000
1996,NORTH CAROLINA,Hyde,WHEAT,PRODUCTION,BU,720000
1996,NORTH CAROLINA,Hyde,WHEAT,PRODUCTION,BU,720000
1996,NORTH CAROLINA,Iredell,BARLEY,PRODUCTION,BU,110000
1996,NORTH CAROLINA,Iredell,CORN,PRODUCTION,BU,360000
1996,NORTH CAROLINA,Iredell,CORN,PRODUCTION,TONS,90000
1996,NORTH CAROLINA,Iredell,COTTON,PRODUCTION,480 LB BALES,1200
1996,NORTH CAROLINA,Iredell,HAY,PRODUCTION,TONS,72000
1996,NORTH CAROLINA,Iredell,OATS,PRODUCTION,BU,18000
1996,NORTH CAROLINA,Iredell,POTATOES,PRODUCTION,CWT,4600
1996,NORTH CAROLINA,Iredell,SORGHUM,PRODUCTION,BU,5000
1996,NORTH CAROLINA,Iredell,SOYBEANS,PRODUCTION,BU,299000
1996,NORTH CAROLINA,Iredell,SWEET POTATOES,PRODUCTION,CWT,6500
1996,NORTH CAROLINA,Iredell,TOBACCO,PRODUCTION,LB,1193000
1996,NORTH CAROLINA,Iredell,WHEAT,PRODUCTION,BU,260000
1996,NORTH CAROLINA,Iredell,WHEAT,PRODUCTION,BU,260000
1996,NORTH CAROLINA,Jackson,HAY,PRODUCTION,TONS,2300
1996,NORTH CAROLINA,Jackson,POTATOES,PRODUCTION,CWT,800
1996,NORTH CAROLINA,Jackson,TOBACCO,PRODUCTION,LB,46000
1996,NORTH CAROLINA,Johnston,CORN,PRODUCTION,BU,1462000
1996,NORTH CAROLINA,Johnston,COTTON,PRODUCTION,480 LB BALES,19500
1996,NORTH CAROLINA,Johnston,HAY,PRODUCTION,TONS,24700
1996,NORTH CAROLINA,Johnston,OATS,PRODUCTION,BU,37000
1996,NORTH CAROLINA,Johnston,PEANUTS,PRODUCTION,LB,245000
1996,NORTH CAROLINA,Johnston,POTATOES,PRODUCTION,CWT,30900
1996,NORTH CAROLINA,Johnston,SORGHUM,PRODUCTION,BU,5300
1996,NORTH CAROLINA,Johnston,SOYBEANS,PRODUCTION,BU,1292000
1996,NORTH CAROLINA,Johnston,SWEET POTATOES,PRODUCTION,CWT,802000
1996,NORTH CAROLINA,Johnston,TOBACCO,PRODUCTION,LB,27967000
1996,NORTH CAROLINA,Johnston,WHEAT,PRODUCTION,BU,604000
1996,NORTH CAROLINA,Johnston,WHEAT,PRODUCTION,BU,604000
1996,NORTH CAROLINA,Jones,CORN,PRODUCTION,BU,1095000
1996,NORTH CAROLINA,Jones,COTTON,PRODUCTION,480 LB BALES,33800
1996,NORTH CAROLINA,Jones,HAY,PRODUCTION,TONS,2900
1996,NORTH CAROLINA,Jones,OATS,PRODUCTION,BU,600
1996,NORTH CAROLINA,Jones,SORGHUM,PRODUCTION,BU,8000
1996,NORTH CAROLINA,Jones,SOYBEANS,PRODUCTION,BU,213000
1996,NORTH CAROLINA,Jones,SWEET POTATOES,PRODUCTION,CWT,6600
1996,NORTH CAROLINA,Jones,TOBACCO,PRODUCTION,LB,5422000
1996,NORTH CAROLINA,Jones,WHEAT,PRODUCTION,BU,180000
1996,NORTH CAROLINA,Jones,WHEAT,PRODUCTION,BU,180000
1996,NORTH CAROLINA,Lee,CORN,PRODUCTION,BU,105000
1996,NORTH CAROLINA,Lee,COTTON,PRODUCTION,480 LB BALES,2300
1996,NORTH CAROLINA,Lee,HAY,PRODUCTION,TONS,4300
1996,NORTH CAROLINA,Lee,OATS,PRODUCTION,BU,54000
1996,NORTH CAROLINA,Lee,POTATOES,PRODUCTION,CWT,500
1996,NORTH CAROLINA,Lee,SORGHUM,PRODUCTION,BU,2700
1996,NORTH CAROLINA,Lee,SOYBEANS,PRODUCTION,BU,112000
1996,NORTH CAROLINA,Lee,SWEET POTATOES,PRODUCTION,CWT,20000
1996,NORTH CAROLINA,Lee,TOBACCO,PRODUCTION,LB,5489000
1996,NORTH CAROLINA,Lee,WHEAT,PRODUCTION,BU,31000
1996,NORTH CAROLINA,Lee,WHEAT,PRODUCTION,BU,31000
1996,NORTH CAROLINA,Lenoir,CORN,PRODUCTION,BU,2135000
1996,NORTH CAROLINA,Lenoir,CORN,PRODUCTION,TONS,3000
1996,NORTH CAROLINA,Lenoir,COTTON,PRODUCTION,480 LB BALES,34400
1996,NORTH CAROLINA,Lenoir,HAY,PRODUCTION,TONS,5700
1996,NORTH CAROLINA,Lenoir,OATS,PRODUCTION,BU,1800
1996,NORTH CAROLINA,Lenoir,POTATOES,PRODUCTION,CWT,17600
1996,NORTH CAROLINA,Lenoir,SORGHUM,PRODUCTION,BU,5300
1996,NORTH CAROLINA,Lenoir,SOYBEANS,PRODUCTION,BU,498000
1996,NORTH CAROLINA,Lenoir,SWEET POTATOES,PRODUCTION,CWT,61500
1996,NORTH CAROLINA,Lenoir,TOBACCO,PRODUCTION,LB,19773000
1996,NORTH CAROLINA,Lenoir,WHEAT,PRODUCTION,BU,604000
1996,NORTH CAROLINA,Lenoir,WHEAT,PRODUCTION,BU,604000
1996,NORTH CAROLINA,Lincoln,BARLEY,PRODUCTION,BU,70000
1996,NORTH CAROLINA,Lincoln,CORN,PRODUCTION,BU,130000
1996,NORTH CAROLINA,Lincoln,CORN,PRODUCTION,TONS,19400
1996,NORTH CAROLINA,Lincoln,HAY,PRODUCTION,TONS,22500
1996,NORTH CAROLINA,Lincoln,OATS,PRODUCTION,BU,17000
1996,NORTH CAROLINA,Lincoln,POTATOES,PRODUCTION,CWT,900
1996,NORTH CAROLINA,Lincoln,SORGHUM,PRODUCTION,BU,2700
1996,NORTH CAROLINA,Lincoln,SOYBEANS,PRODUCTION,BU,204000
1996,NORTH CAROLINA,Lincoln,WHEAT,PRODUCTION,BU,221000
1996,NORTH CAROLINA,Lincoln,WHEAT,PRODUCTION,BU,221000
1996,NORTH CAROLINA,Macon,CORN,PRODUCTION,TONS,9000
1996,NORTH CAROLINA,Macon,HAY,PRODUCTION,TONS,8600
1996,NORTH CAROLINA,Macon,POTATOES,PRODUCTION,CWT,6600
1996,NORTH CAROLINA,Macon,TOBACCO,PRODUCTION,LB,82000
1996,NORTH CAROLINA,Madison,CORN,PRODUCTION,TONS,4200
1996,NORTH CAROLINA,Madison,HAY,PRODUCTION,TONS,11400
1996,NORTH CAROLINA,Madison,POTATOES,PRODUCTION,CWT,3100
1996,NORTH CAROLINA,Madison,TOBACCO,PRODUCTION,LB,3593000
1996,NORTH CAROLINA,Martin,CORN,PRODUCTION,BU,895000
1996,NORTH CAROLINA,Martin,COTTON,PRODUCTION,480 LB BALES,60200
1996,NORTH CAROLINA,Martin,HAY,PRODUCTION,TONS,1500
1996,NORTH CAROLINA,Martin,PEANUTS,PRODUCTION,LB,41850000
1996,NORTH CAROLINA,Martin,POTATOES,PRODUCTION,CWT,1800
1996,NORTH CAROLINA,Martin,SOYBEANS,PRODUCTION,BU,223000
1996,NORTH CAROLINA,Martin,TOBACCO,PRODUCTION,LB,12078000
1996,NORTH CAROLINA,Martin,WHEAT,PRODUCTION,BU,126000
1996,NORTH CAROLINA,Martin,WHEAT,PRODUCTION,BU,126000
1996,NORTH CAROLINA,Mcdowell,CORN,PRODUCTION,BU,48000
1996,NORTH CAROLINA,Mcdowell,CORN,PRODUCTION,TONS,7200
1996,NORTH CAROLINA,Mcdowell,HAY,PRODUCTION,TONS,6800
1996,NORTH CAROLINA,Mcdowell,OATS,PRODUCTION,BU,1200
1996,NORTH CAROLINA,Mcdowell,POTATOES,PRODUCTION,CWT,4100
1996,NORTH CAROLINA,Mcdowell,TOBACCO,PRODUCTION,LB,11000
1996,NORTH CAROLINA,Mecklenburg,BARLEY,PRODUCTION,BU,16000
1996,NORTH CAROLINA,Mecklenburg,CORN,PRODUCTION,BU,28000
1996,NORTH CAROLINA,Mecklenburg,CORN,PRODUCTION,TONS,11000
1996,NORTH CAROLINA,Mecklenburg,HAY,PRODUCTION,TONS,9200
1996,NORTH CAROLINA,Mecklenburg,POTATOES,PRODUCTION,CWT,400
1996,NORTH CAROLINA,Mecklenburg,SOYBEANS,PRODUCTION,BU,41000
1996,NORTH CAROLINA,Mecklenburg,WHEAT,PRODUCTION,BU,56000
1996,NORTH CAROLINA,Mecklenburg,WHEAT,PRODUCTION,BU,56000
1996,NORTH CAROLINA,Mitchell,HAY,PRODUCTION,TONS,4800
1996,NORTH CAROLINA,Mitchell,POTATOES,PRODUCTION,CWT,3600
1996,NORTH CAROLINA,Mitchell,TOBACCO,PRODUCTION,LB,622000
1996,NORTH CAROLINA,Montgomery,CORN,PRODUCTION,BU,135000
1996,NORTH CAROLINA,Montgomery,COTTON,PRODUCTION,480 LB BALES,1000
1996,NORTH CAROLINA,Montgomery,HAY,PRODUCTION,TONS,6600
1996,NORTH CAROLINA,Montgomery,OATS,PRODUCTION,BU,7300
1996,NORTH CAROLINA,Montgomery,POTATOES,PRODUCTION,CWT,3700
1996,NORTH CAROLINA,Montgomery,SORGHUM,PRODUCTION,BU,5000
1996,NORTH CAROLINA,Montgomery,SOYBEANS,PRODUCTION,BU,98000
1996,NORTH CAROLINA,Montgomery,SWEET POTATOES,PRODUCTION,CWT,31000
1996,NORTH CAROLINA,Montgomery,TOBACCO,PRODUCTION,LB,1157000
1996,NORTH CAROLINA,Montgomery,WHEAT,PRODUCTION,BU,28000
1996,NORTH CAROLINA,Montgomery,WHEAT,PRODUCTION,BU,28000
1996,NORTH CAROLINA,Moore,CORN,PRODUCTION,BU,154000
1996,NORTH CAROLINA,Moore,HAY,PRODUCTION,TONS,10600
1996,NORTH CAROLINA,Moore,OATS,PRODUCTION,BU,18000
1996,NORTH CAROLINA,Moore,POTATOES,PRODUCTION,CWT,900
1996,NORTH CAROLINA,Moore,SORGHUM,PRODUCTION,BU,7500
1996,NORTH CAROLINA,Moore,SOYBEANS,PRODUCTION,BU,49000
1996,NORTH CAROLINA,Moore,SWEET POTATOES,PRODUCTION,CWT,12000
1996,NORTH CAROLINA,Moore,TOBACCO,PRODUCTION,LB,6454000
1996,NORTH CAROLINA,Moore,WHEAT,PRODUCTION,BU,130000
1996,NORTH CAROLINA,Moore,WHEAT,PRODUCTION,BU,130000
1996,NORTH CAROLINA,Nash,CORN,PRODUCTION,BU,365000
1996,NORTH CAROLINA,Nash,COTTON,PRODUCTION,480 LB BALES,37200
1996,NORTH CAROLINA,Nash,HAY,PRODUCTION,TONS,15300
1996,NORTH CAROLINA,Nash,OATS,PRODUCTION,BU,16000
1996,NORTH CAROLINA,Nash,PEANUTS,PRODUCTION,LB,7832000
1996,NORTH CAROLINA,Nash,SORGHUM,PRODUCTION,BU,7500
1996,NORTH CAROLINA,Nash,SOYBEANS,PRODUCTION,BU,629000
1996,NORTH CAROLINA,Nash,SWEET POTATOES,PRODUCTION,CWT,954900
1996,NORTH CAROLINA,Nash,TOBACCO,PRODUCTION,LB,23813000
1996,NORTH CAROLINA,Nash,WHEAT,PRODUCTION,BU,330000
1996,NORTH CAROLINA,Nash,WHEAT,PRODUCTION,BU,330000
1996,NORTH CAROLINA,New Hanover,CORN,PRODUCTION,BU,80000
1996,NORTH CAROLINA,New Hanover,POTATOES,PRODUCTION,CWT,3700
1996,NORTH CAROLINA,New Hanover,SOYBEANS,PRODUCTION,BU,34000
1996,NORTH CAROLINA,New Hanover,TOBACCO,PRODUCTION,LB,20000
1996,NORTH CAROLINA,Northampton,CORN,PRODUCTION,BU,610000
1996,NORTH CAROLINA,Northampton,COTTON,PRODUCTION,480 LB BALES,80900
1996,NORTH CAROLINA,Northampton,HAY,PRODUCTION,TONS,3200
1996,NORTH CAROLINA,Northampton,OATS,PRODUCTION,BU,1200
1996,NORTH CAROLINA,Northampton,PEANUTS,PRODUCTION,LB,65165000
1996,NORTH CAROLINA,Northampton,SORGHUM,PRODUCTION,BU,32500
1996,NORTH CAROLINA,Northampton,SOYBEANS,PRODUCTION,BU,253000
1996,NORTH CAROLINA,Northampton,TOBACCO,PRODUCTION,LB,480000
1996,NORTH CAROLINA,Northampton,WHEAT,PRODUCTION,BU,118000
1996,NORTH CAROLINA,Northampton,WHEAT,PRODUCTION,BU,118000
1996,NORTH CAROLINA,Onslow,CORN,PRODUCTION,BU,1568000
1996,NORTH CAROLINA,Onslow,COTTON,PRODUCTION,480 LB BALES,5000
1996,NORTH CAROLINA,Onslow,HAY,PRODUCTION,TONS,6500
1996,NORTH CAROLINA,Onslow,POTATOES,PRODUCTION,CWT,8500
1996,NORTH CAROLINA,Onslow,SOYBEANS,PRODUCTION,BU,271000
1996,NORTH CAROLINA,Onslow,SWEET POTATOES,PRODUCTION,CWT,9200
1996,NORTH CAROLINA,Onslow,TOBACCO,PRODUCTION,LB,4725000
1996,NORTH CAROLINA,Onslow,WHEAT,PRODUCTION,BU,152000
1996,NORTH CAROLINA,Onslow,WHEAT,PRODUCTION,BU,152000
1996,NORTH CAROLINA,Orange,BARLEY,PRODUCTION,BU,24000
1996,NORTH CAROLINA,Orange,CORN,PRODUCTION,BU,158000
1996,NORTH CAROLINA,Orange,CORN,PRODUCTION,TONS,32900
1996,NORTH CAROLINA,Orange,HAY,PRODUCTION,TONS,21400
1996,NORTH CAROLINA,Orange,OATS,PRODUCTION,BU,11000
1996,NORTH CAROLINA,Orange,SOYBEANS,PRODUCTION,BU,88000
1996,NORTH CAROLINA,Orange,TOBACCO,PRODUCTION,LB,4270000
1996,NORTH CAROLINA,Orange,WHEAT,PRODUCTION,BU,63000
1996,NORTH CAROLINA,Orange,WHEAT,PRODUCTION,BU,63000
1996,NORTH CAROLINA,Pamlico,CORN,PRODUCTION,BU,1272000
1996,NORTH CAROLINA,Pamlico,COTTON,PRODUCTION,480 LB BALES,4800
1996,NORTH CAROLINA,Pamlico,HAY,PRODUCTION,TONS,600
1996,NORTH CAROLINA,Pamlico,POTATOES,PRODUCTION,CWT,379400
1996,NORTH CAROLINA,Pamlico,SOYBEANS,PRODUCTION,BU,627000
1996,NORTH CAROLINA,Pamlico,TOBACCO,PRODUCTION,LB,732000
1996,NORTH CAROLINA,Pamlico,WHEAT,PRODUCTION,BU,599000
1996,NORTH CAROLINA,Pamlico,WHEAT,PRODUCTION,BU,599000
1996,NORTH CAROLINA,Pasquotank,CORN,PRODUCTION,BU,2515000
1996,NORTH CAROLINA,Pasquotank,COTTON,PRODUCTION,480 LB BALES,3500
1996,NORTH CAROLINA,Pasquotank,OATS,PRODUCTION,BU,7000
1996,NORTH CAROLINA,Pasquotank,PEANUTS,PRODUCTION,LB,205000
1996,NORTH CAROLINA,Pasquotank,POTATOES,PRODUCTION,CWT,940000
1996,NORTH CAROLINA,Pasquotank,SORGHUM,PRODUCTION,BU,102000
1996,NORTH CAROLINA,Pasquotank,SOYBEANS,PRODUCTION,BU,1406000
1996,NORTH CAROLINA,Pasquotank,WHEAT,PRODUCTION,BU,1156000
1996,NORTH CAROLINA,Pasquotank,WHEAT,PRODUCTION,BU,1156000
1996,NORTH CAROLINA,Pender,CORN,PRODUCTION,BU,1095000
1996,NORTH CAROLINA,Pender,COTTON,PRODUCTION,480 LB BALES,900
1996,NORTH CAROLINA,Pender,HAY,PRODUCTION,TONS,4400
1996,NORTH CAROLINA,Pender,OATS,PRODUCTION,BU,1900
1996,NORTH CAROLINA,Pender,PEANUTS,PRODUCTION,LB,446000
1996,NORTH CAROLINA,Pender,SOYBEANS,PRODUCTION,BU,353000
1996,NORTH CAROLINA,Pender,TOBACCO,PRODUCTION,LB,2880000
1996,NORTH CAROLINA,Pender,WHEAT,PRODUCTION,BU,169000
1996,NORTH CAROLINA,Pender,WHEAT,PRODUCTION,BU,169000
1996,NORTH CAROLINA,Perquimans,CORN,PRODUCTION,BU,2175000
1996,NORTH CAROLINA,Perquimans,COTTON,PRODUCTION,480 LB BALES,17700
1996,NORTH CAROLINA,Perquimans,HAY,PRODUCTION,TONS,900
1996,NORTH CAROLINA,Perquimans,OATS,PRODUCTION,BU,5000
1996,NORTH CAROLINA,Perquimans,PEANUTS,PRODUCTION,LB,8605000
1996,NORTH CAROLINA,Perquimans,POTATOES,PRODUCTION,CWT,19600
1996,NORTH CAROLINA,Perquimans,SOYBEANS,PRODUCTION,BU,920000
1996,NORTH CAROLINA,Perquimans,WHEAT,PRODUCTION,BU,556000
1996,NORTH CAROLINA,Perquimans,WHEAT,PRODUCTION,BU,556000
1996,NORTH CAROLINA,Person,CORN,PRODUCTION,BU,270000
1996,NORTH CAROLINA,Person,CORN,PRODUCTION,TONS,7800
1996,NORTH CAROLINA,Person,HAY,PRODUCTION,TONS,16500
1996,NORTH CAROLINA,Person,OATS,PRODUCTION,BU,7500
1996,NORTH CAROLINA,Person,POTATOES,PRODUCTION,CWT,500
1996,NORTH CAROLINA,Person,SORGHUM,PRODUCTION,BU,2700
1996,NORTH CAROLINA,Person,SOYBEANS,PRODUCTION,BU,192000
1996,NORTH CAROLINA,Person,TOBACCO,PRODUCTION,LB,12160000
1996,NORTH CAROLINA,Person,WHEAT,PRODUCTION,BU,251000
1996,NORTH CAROLINA,Person,WHEAT,PRODUCTION,BU,251000
1996,NORTH CAROLINA,Pitt,CORN,PRODUCTION,BU,2046000
1996,NORTH CAROLINA,Pitt,COTTON,PRODUCTION,480 LB BALES,41500
1996,NORTH CAROLINA,Pitt,HAY,PRODUCTION,TONS,7900
1996,NORTH CAROLINA,Pitt,OATS,PRODUCTION,BU,16000
1996,NORTH CAROLINA,Pitt,PEANUTS,PRODUCTION,LB,11149000
1996,NORTH CAROLINA,Pitt,POTATOES,PRODUCTION,CWT,7200
1996,NORTH CAROLINA,Pitt,SOYBEANS,PRODUCTION,BU,1276000
1996,NORTH CAROLINA,Pitt,SWEET POTATOES,PRODUCTION,CWT,8600
1996,NORTH CAROLINA,Pitt,TOBACCO,PRODUCTION,LB,33587000
1996,NORTH CAROLINA,Pitt,WHEAT,PRODUCTION,BU,1331000
1996,NORTH CAROLINA,Pitt,WHEAT,PRODUCTION,BU,1331000
1996,NORTH CAROLINA,Polk,CORN,PRODUCTION,TONS,4500
1996,NORTH CAROLINA,Polk,HAY,PRODUCTION,TONS,6600
1996,NORTH CAROLINA,Randolph,BARLEY,PRODUCTION,BU,26000
1996,NORTH CAROLINA,Randolph,CORN,PRODUCTION,BU,530000
1996,NORTH CAROLINA,Randolph,CORN,PRODUCTION,TONS,55000
1996,NORTH CAROLINA,Randolph,HAY,PRODUCTION,TONS,50100
1996,NORTH CAROLINA,Randolph,OATS,PRODUCTION,BU,15000
1996,NORTH CAROLINA,Randolph,SORGHUM,PRODUCTION,BU,5100
1996,NORTH CAROLINA,Randolph,SOYBEANS,PRODUCTION,BU,275000
1996,NORTH CAROLINA,Randolph,TOBACCO,PRODUCTION,LB,3071000
1996,NORTH CAROLINA,Randolph,WHEAT,PRODUCTION,BU,130000
1996,NORTH CAROLINA,Randolph,WHEAT,PRODUCTION,BU,130000
1996,NORTH CAROLINA,Richmond,CORN,PRODUCTION,BU,145000
1996,NORTH CAROLINA,Richmond,COTTON,PRODUCTION,480 LB BALES,4000
1996,NORTH CAROLINA,Richmond,HAY,PRODUCTION,TONS,8500
1996,NORTH CAROLINA,Richmond,OATS,PRODUCTION,BU,5900
1996,NORTH CAROLINA,Richmond,SOYBEANS,PRODUCTION,BU,152000
1996,NORTH CAROLINA,Richmond,SWEET POTATOES,PRODUCTION,CWT,11900
1996,NORTH CAROLINA,Richmond,TOBACCO,PRODUCTION,LB,2460000
1996,NORTH CAROLINA,Richmond,WHEAT,PRODUCTION,BU,107000
1996,NORTH CAROLINA,Richmond,WHEAT,PRODUCTION,BU,107000
1996,NORTH CAROLINA,Robeson,CORN,PRODUCTION,BU,4308000
1996,NORTH CAROLINA,Robeson,COTTON,PRODUCTION,480 LB BALES,30400
1996,NORTH CAROLINA,Robeson,HAY,PRODUCTION,TONS,20400
1996,NORTH CAROLINA,Robeson,OATS,PRODUCTION,BU,96000
1996,NORTH CAROLINA,Robeson,PEANUTS,PRODUCTION,LB,286000
1996,NORTH CAROLINA,Robeson,POTATOES,PRODUCTION,CWT,1800
1996,NORTH CAROLINA,Robeson,SORGHUM,PRODUCTION,BU,14700
1996,NORTH CAROLINA,Robeson,SOYBEANS,PRODUCTION,BU,2371000
1996,NORTH CAROLINA,Robeson,TOBACCO,PRODUCTION,LB,27646000
1996,NORTH CAROLINA,Robeson,WHEAT,PRODUCTION,BU,1405000
1996,NORTH CAROLINA,Robeson,WHEAT,PRODUCTION,BU,1405000
1996,NORTH CAROLINA,Rockingham,BARLEY,PRODUCTION,BU,14000
1996,NORTH CAROLINA,Rockingham,CORN,PRODUCTION,BU,150000
1996,NORTH CAROLINA,Rockingham,CORN,PRODUCTION,TONS,10000
1996,NORTH CAROLINA,Rockingham,HAY,PRODUCTION,TONS,22700
1996,NORTH CAROLINA,Rockingham,OATS,PRODUCTION,BU,20000
1996,NORTH CAROLINA,Rockingham,POTATOES,PRODUCTION,CWT,1000
1996,NORTH CAROLINA,Rockingham,SORGHUM,PRODUCTION,BU,5100
1996,NORTH CAROLINA,Rockingham,SOYBEANS,PRODUCTION,BU,83000
1996,NORTH CAROLINA,Rockingham,TOBACCO,PRODUCTION,LB,15746000
1996,NORTH CAROLINA,Rockingham,WHEAT,PRODUCTION,BU,199000
1996,NORTH CAROLINA,Rockingham,WHEAT,PRODUCTION,BU,199000
1996,NORTH CAROLINA,Rowan,BARLEY,PRODUCTION,BU,166000
1996,NORTH CAROLINA,Rowan,CORN,PRODUCTION,BU,512000
1996,NORTH CAROLINA,Rowan,CORN,PRODUCTION,TONS,37500
1996,NORTH CAROLINA,Rowan,COTTON,PRODUCTION,480 LB BALES,2000
1996,NORTH CAROLINA,Rowan,HAY,PRODUCTION,TONS,40600
1996,NORTH CAROLINA,Rowan,OATS,PRODUCTION,BU,30000
1996,NORTH CAROLINA,Rowan,POTATOES,PRODUCTION,CWT,500
1996,NORTH CAROLINA,Rowan,SORGHUM,PRODUCTION,BU,3000
1996,NORTH CAROLINA,Rowan,SOYBEANS,PRODUCTION,BU,357000
1996,NORTH CAROLINA,Rowan,WHEAT,PRODUCTION,BU,220000
1996,NORTH CAROLINA,Rowan,WHEAT,PRODUCTION,BU,220000
1996,NORTH CAROLINA,Rutherford,BARLEY,PRODUCTION,BU,16000
1996,NORTH CAROLINA,Rutherford,CORN,PRODUCTION,BU,85000
1996,NORTH CAROLINA,Rutherford,CORN,PRODUCTION,TONS,7500
1996,NORTH CAROLINA,Rutherford,COTTON,PRODUCTION,480 LB BALES,600
1996,NORTH CAROLINA,Rutherford,HAY,PRODUCTION,TONS,20200
1996,NORTH CAROLINA,Rutherford,OATS,PRODUCTION,BU,29000
1996,NORTH CAROLINA,Rutherford,POTATOES,PRODUCTION,CWT,800
1996,NORTH CAROLINA,Rutherford,SORGHUM,PRODUCTION,BU,10200
1996,NORTH CAROLINA,Rutherford,SWEET POTATOES,PRODUCTION,CWT,5800
1996,NORTH CAROLINA,Rutherford,WHEAT,PRODUCTION,BU,11000
1996,NORTH CAROLINA,Rutherford,WHEAT,PRODUCTION,BU,11000
1996,NORTH CAROLINA,Sampson,CORN,PRODUCTION,BU,2868000
1996,NORTH CAROLINA,Sampson,CORN,PRODUCTION,TONS,13500
1996,NORTH CAROLINA,Sampson,COTTON,PRODUCTION,480 LB BALES,67100
1996,NORTH CAROLINA,Sampson,HAY,PRODUCTION,TONS,38200
1996,NORTH CAROLINA,Sampson,OATS,PRODUCTION,BU,12000
1996,NORTH CAROLINA,Sampson,PEANUTS,PRODUCTION,LB,371000
1996,NORTH CAROLINA,Sampson,POTATOES,PRODUCTION,CWT,24400
1996,NORTH CAROLINA,Sampson,SORGHUM,PRODUCTION,BU,19200
1996,NORTH CAROLINA,Sampson,SOYBEANS,PRODUCTION,BU,972000
1996,NORTH CAROLINA,Sampson,SWEET POTATOES,PRODUCTION,CWT,332700
1996,NORTH CAROLINA,Sampson,TOBACCO,PRODUCTION,LB,21267000
1996,NORTH CAROLINA,Sampson,WHEAT,PRODUCTION,BU,675000
1996,NORTH CAROLINA,Sampson,WHEAT,PRODUCTION,BU,675000
1996,NORTH CAROLINA,Scotland,CORN,PRODUCTION,BU,370000
1996,NORTH CAROLINA,Scotland,COTTON,PRODUCTION,480 LB BALES,17100
1996,NORTH CAROLINA,Scotland,HAY,PRODUCTION,TONS,4800
1996,NORTH CAROLINA,Scotland,OATS,PRODUCTION,BU,7500
1996,NORTH CAROLINA,Scotland,SOYBEANS,PRODUCTION,BU,680000
1996,NORTH CAROLINA,Scotland,TOBACCO,PRODUCTION,LB,1206000
1996,NORTH CAROLINA,Scotland,WHEAT,PRODUCTION,BU,114000
1996,NORTH CAROLINA,Scotland,WHEAT,PRODUCTION,BU,114000
1996,NORTH CAROLINA,Stanly,BARLEY,PRODUCTION,BU,71000
1996,NORTH CAROLINA,Stanly,CORN,PRODUCTION,BU,1335000
1996,NORTH CAROLINA,Stanly,CORN,PRODUCTION,TONS,12000
1996,NORTH CAROLINA,Stanly,COTTON,PRODUCTION,480 LB BALES,9200
1996,NORTH CAROLINA,Stanly,HAY,PRODUCTION,TONS,26400
1996,NORTH CAROLINA,Stanly,OATS,PRODUCTION,BU,11000
1996,NORTH CAROLINA,Stanly,SORGHUM,PRODUCTION,BU,2700
1996,NORTH CAROLINA,Stanly,SOYBEANS,PRODUCTION,BU,658000
1996,NORTH CAROLINA,Stanly,WHEAT,PRODUCTION,BU,496000
1996,NORTH CAROLINA,Stanly,WHEAT,PRODUCTION,BU,496000
1996,NORTH CAROLINA,Stokes,CORN,PRODUCTION,BU,117000
1996,NORTH CAROLINA,Stokes,CORN,PRODUCTION,TONS,6600
1996,NORTH CAROLINA,Stokes,HAY,PRODUCTION,TONS,18400
1996,NORTH CAROLINA,Stokes,OATS,PRODUCTION,BU,20000
1996,NORTH CAROLINA,Stokes,POTATOES,PRODUCTION,CWT,900
1996,NORTH CAROLINA,Stokes,SORGHUM,PRODUCTION,BU,19100
1996,NORTH CAROLINA,Stokes,SOYBEANS,PRODUCTION,BU,33000
1996,NORTH CAROLINA,Stokes,TOBACCO,PRODUCTION,LB,13317000
1996,NORTH CAROLINA,Stokes,WHEAT,PRODUCTION,BU,20000
1996,NORTH CAROLINA,Stokes,WHEAT,PRODUCTION,BU,20000
1996,NORTH CAROLINA,Surry,BARLEY,PRODUCTION,BU,24000
1996,NORTH CAROLINA,Surry,CORN,PRODUCTION,BU,797000
1996,NORTH CAROLINA,Surry,CORN,PRODUCTION,TONS,28200
1996,NORTH CAROLINA,Surry,HAY,PRODUCTION,TONS,36600
1996,NORTH CAROLINA,Surry,OATS,PRODUCTION,BU,1800
1996,NORTH CAROLINA,Surry,POTATOES,PRODUCTION,CWT,2500
1996,NORTH CAROLINA,Surry,SOYBEANS,PRODUCTION,BU,119000
1996,NORTH CAROLINA,Surry,TOBACCO,PRODUCTION,LB,14767000
1996,NORTH CAROLINA,Surry,WHEAT,PRODUCTION,BU,85000
1996,NORTH CAROLINA,Surry,WHEAT,PRODUCTION,BU,85000
1996,NORTH CAROLINA,Swain,HAY,PRODUCTION,TONS,900
1996,NORTH CAROLINA,Swain,POTATOES,PRODUCTION,CWT,500
1996,NORTH CAROLINA,Swain,TOBACCO,PRODUCTION,LB,50000
1996,NORTH CAROLINA,Transylvania,CORN,PRODUCTION,BU,56000
1996,NORTH CAROLINA,Transylvania,CORN,PRODUCTION,TONS,6000
1996,NORTH CAROLINA,Transylvania,HAY,PRODUCTION,TONS,3400
1996,NORTH CAROLINA,Transylvania,POTATOES,PRODUCTION,CWT,100
1996,NORTH CAROLINA,Transylvania,TOBACCO,PRODUCTION,LB,37000
1996,NORTH CAROLINA,Tyrrell,CORN,PRODUCTION,BU,2765000
1996,NORTH CAROLINA,Tyrrell,COTTON,PRODUCTION,480 LB BALES,3800
1996,NORTH CAROLINA,Tyrrell,OATS,PRODUCTION,BU,15000
1996,NORTH CAROLINA,Tyrrell,POTATOES,PRODUCTION,CWT,486000
1996,NORTH CAROLINA,Tyrrell,SORGHUM,PRODUCTION,BU,2900
1996,NORTH CAROLINA,Tyrrell,SOYBEANS,PRODUCTION,BU,614000
1996,NORTH CAROLINA,Tyrrell,WHEAT,PRODUCTION,BU,1178000
1996,NORTH CAROLINA,Tyrrell,WHEAT,PRODUCTION,BU,1178000
1996,NORTH CAROLINA,Union,BARLEY,PRODUCTION,BU,30000
1996,NORTH CAROLINA,Union,CORN,PRODUCTION,BU,2922000
1996,NORTH CAROLINA,Union,CORN,PRODUCTION,TONS,9400
1996,NORTH CAROLINA,Union,COTTON,PRODUCTION,480 LB BALES,9300
1996,NORTH CAROLINA,Union,HAY,PRODUCTION,TONS,25300
1996,NORTH CAROLINA,Union,OATS,PRODUCTION,BU,57000
1996,NORTH CAROLINA,Union,POTATOES,PRODUCTION,CWT,1200
1996,NORTH CAROLINA,Union,SORGHUM,PRODUCTION,BU,5200
1996,NORTH CAROLINA,Union,SOYBEANS,PRODUCTION,BU,1864000
1996,NORTH CAROLINA,Union,WHEAT,PRODUCTION,BU,1075000
1996,NORTH CAROLINA,Union,WHEAT,PRODUCTION,BU,1075000
1996,NORTH CAROLINA,Vance,HAY,PRODUCTION,TONS,3300
1996,NORTH CAROLINA,Vance,OATS,PRODUCTION,BU,5000
1996,NORTH CAROLINA,Vance,POTATOES,PRODUCTION,CWT,2700
1996,NORTH CAROLINA,Vance,SORGHUM,PRODUCTION,BU,2900
1996,NORTH CAROLINA,Vance,SOYBEANS,PRODUCTION,BU,216000
1996,NORTH CAROLINA,Vance,TOBACCO,PRODUCTION,LB,8439000
1996,NORTH CAROLINA,Vance,WHEAT,PRODUCTION,BU,142000
1996,NORTH CAROLINA,Vance,WHEAT,PRODUCTION,BU,142000
1996,NORTH CAROLINA,Wake,CORN,PRODUCTION,BU,125000
1996,NORTH CAROLINA,Wake,CORN,PRODUCTION,TONS,4900
1996,NORTH CAROLINA,Wake,COTTON,PRODUCTION,480 LB BALES,600
1996,NORTH CAROLINA,Wake,HAY,PRODUCTION,TONS,10100
1996,NORTH CAROLINA,Wake,OATS,PRODUCTION,BU,62000
1996,NORTH CAROLINA,Wake,SORGHUM,PRODUCTION,BU,23500
1996,NORTH CAROLINA,Wake,SOYBEANS,PRODUCTION,BU,438000
1996,NORTH CAROLINA,Wake,SWEET POTATOES,PRODUCTION,CWT,28200
1996,NORTH CAROLINA,Wake,TOBACCO,PRODUCTION,LB,20036000
1996,NORTH CAROLINA,Wake,WHEAT,PRODUCTION,BU,238000
1996,NORTH CAROLINA,Wake,WHEAT,PRODUCTION,BU,238000
1996,NORTH CAROLINA,Warren,BARLEY,PRODUCTION,BU,17000
1996,NORTH CAROLINA,Warren,CORN,PRODUCTION,BU,94000
1996,NORTH CAROLINA,Warren,CORN,PRODUCTION,TONS,7800
1996,NORTH CAROLINA,Warren,COTTON,PRODUCTION,480 LB BALES,430
1996,NORTH CAROLINA,Warren,HAY,PRODUCTION,TONS,8900
1996,NORTH CAROLINA,Warren,OATS,PRODUCTION,BU,23000
1996,NORTH CAROLINA,Warren,POTATOES,PRODUCTION,CWT,3200
1996,NORTH CAROLINA,Warren,SORGHUM,PRODUCTION,BU,19100
1996,NORTH CAROLINA,Warren,SOYBEANS,PRODUCTION,BU,257000
1996,NORTH CAROLINA,Warren,TOBACCO,PRODUCTION,LB,6255000
1996,NORTH CAROLINA,Warren,WHEAT,PRODUCTION,BU,106000
1996,NORTH CAROLINA,Warren,WHEAT,PRODUCTION,BU,106000
1996,NORTH CAROLINA,Washington,CORN,PRODUCTION,BU,3007000
1996,NORTH CAROLINA,Washington,COTTON,PRODUCTION,480 LB BALES,7500
1996,NORTH CAROLINA,Washington,HAY,PRODUCTION,TONS,1300
1996,NORTH CAROLINA,Washington,OATS,PRODUCTION,BU,1200
1996,NORTH CAROLINA,Washington,PEANUTS,PRODUCTION,LB,6569000
1996,NORTH CAROLINA,Washington,POTATOES,PRODUCTION,CWT,437000
1996,NORTH CAROLINA,Washington,SORGHUM,PRODUCTION,BU,2800
1996,NORTH CAROLINA,Washington,SOYBEANS,PRODUCTION,BU,979000
1996,NORTH CAROLINA,Washington,TOBACCO,PRODUCTION,LB,1040000
1996,NORTH CAROLINA,Washington,WHEAT,PRODUCTION,BU,1198000
1996,NORTH CAROLINA,Washington,WHEAT,PRODUCTION,BU,1198000
1996,NORTH CAROLINA,Watauga,HAY,PRODUCTION,TONS,12500
1996,NORTH CAROLINA,Watauga,POTATOES,PRODUCTION,CWT,6700
1996,NORTH CAROLINA,Watauga,TOBACCO,PRODUCTION,LB,985000
1996,NORTH CAROLINA,Wayne,CORN,PRODUCTION,BU,2995000
1996,NORTH CAROLINA,Wayne,CORN,PRODUCTION,TONS,4000
1996,NORTH CAROLINA,Wayne,COTTON,PRODUCTION,480 LB BALES,27800
1996,NORTH CAROLINA,Wayne,HAY,PRODUCTION,TONS,17300
1996,NORTH CAROLINA,Wayne,OATS,PRODUCTION,BU,13000
1996,NORTH CAROLINA,Wayne,POTATOES,PRODUCTION,CWT,7200
1996,NORTH CAROLINA,Wayne,SORGHUM,PRODUCTION,BU,3100
1996,NORTH CAROLINA,Wayne,SOYBEANS,PRODUCTION,BU,1317000
1996,NORTH CAROLINA,Wayne,SWEET POTATOES,PRODUCTION,CWT,191500
1996,NORTH CAROLINA,Wayne,TOBACCO,PRODUCTION,LB,20212000
1996,NORTH CAROLINA,Wayne,WHEAT,PRODUCTION,BU,1153000
1996,NORTH CAROLINA,Wayne,WHEAT,PRODUCTION,BU,1153000
1996,NORTH CAROLINA,Wilkes,BARLEY,PRODUCTION,BU,28000
1996,NORTH CAROLINA,Wilkes,CORN,PRODUCTION,BU,221000
1996,NORTH CAROLINA,Wilkes,CORN,PRODUCTION,TONS,52600
1996,NORTH CAROLINA,Wilkes,HAY,PRODUCTION,TONS,48100
1996,NORTH CAROLINA,Wilkes,OATS,PRODUCTION,BU,3900
1996,NORTH CAROLINA,Wilkes,POTATOES,PRODUCTION,CWT,2600
1996,NORTH CAROLINA,Wilkes,SOYBEANS,PRODUCTION,BU,26000
1996,NORTH CAROLINA,Wilkes,TOBACCO,PRODUCTION,LB,1906000
1996,NORTH CAROLINA,Wilkes,WHEAT,PRODUCTION,BU,16000
1996,NORTH CAROLINA,Wilkes,WHEAT,PRODUCTION,BU,16000
1996,NORTH CAROLINA,Wilson,CORN,PRODUCTION,BU,1465000
1996,NORTH CAROLINA,Wilson,COTTON,PRODUCTION,480 LB BALES,23200
1996,NORTH CAROLINA,Wilson,HAY,PRODUCTION,TONS,3900
1996,NORTH CAROLINA,Wilson,OATS,PRODUCTION,BU,6200
1996,NORTH CAROLINA,Wilson,POTATOES,PRODUCTION,CWT,6500
1996,NORTH CAROLINA,Wilson,SOYBEANS,PRODUCTION,BU,937000
1996,NORTH CAROLINA,Wilson,SWEET POTATOES,PRODUCTION,CWT,622800
1996,NORTH CAROLINA,Wilson,TOBACCO,PRODUCTION,LB,21524000
1996,NORTH CAROLINA,Wilson,WHEAT,PRODUCTION,BU,469000
1996,NORTH CAROLINA,Wilson,WHEAT,PRODUCTION,BU,469000
1996,NORTH CAROLINA,Yadkin,BARLEY,PRODUCTION,BU,76000
1996,NORTH CAROLINA,Yadkin,CORN,PRODUCTION,BU,705000
1996,NORTH CAROLINA,Yadkin,CORN,PRODUCTION,TONS,60200
1996,NORTH CAROLINA,Yadkin,HAY,PRODUCTION,TONS,29400
1996,NORTH CAROLINA,Yadkin,OATS,PRODUCTION,BU,4200
1996,NORTH CAROLINA,Yadkin,SORGHUM,PRODUCTION,BU,2900
1996,NORTH CAROLINA,Yadkin,SOYBEANS,PRODUCTION,BU,256000
1996,NORTH CAROLINA,Yadkin,TOBACCO,PRODUCTION,LB,10459000
1996,NORTH CAROLINA,Yadkin,WHEAT,PRODUCTION,BU,202000
1996,NORTH CAROLINA,Yadkin,WHEAT,PRODUCTION,BU,202000
1996,NORTH CAROLINA,Yancey,HAY,PRODUCTION,TONS,4900
1996,NORTH CAROLINA,Yancey,POTATOES,PRODUCTION,CWT,6400
1996,NORTH CAROLINA,Yancey,TOBACCO,PRODUCTION,LB,1650000
1997,NORTH CAROLINA,Alamance,BARLEY,PRODUCTION,BU,11250
1997,NORTH CAROLINA,Alamance,BARLEY,PRODUCTION,BU,12400
1997,NORTH CAROLINA,Alamance,CORN,PRODUCTION,BU,245033
1997,NORTH CAROLINA,Alamance,CORN,PRODUCTION,TONS,24236
1997,NORTH CAROLINA,Alamance,CORN,PRODUCTION,BU,275000
1997,NORTH CAROLINA,Alamance,CORN,PRODUCTION,TONS,30000
1997,NORTH CAROLINA,Alamance,HAY,PRODUCTION,TONS,1160
1997,NORTH CAROLINA,Alamance,HAY,PRODUCTION,TONS,1508
1997,NORTH CAROLINA,Alamance,HAY,PRODUCTION,TONS,21105
1997,NORTH CAROLINA,Alamance,HAY,PRODUCTION,TONS,1099
1997,NORTH CAROLINA,Alamance,HAY,PRODUCTION,TONS,27300
1997,NORTH CAROLINA,Alamance,HAYLAGE,PRODUCTION,TONS,1863
1997,NORTH CAROLINA,Alamance,OATS,PRODUCTION,BU,27900
1997,NORTH CAROLINA,Alamance,OATS,PRODUCTION,BU,33000
1997,NORTH CAROLINA,Alamance,SORGHUM,PRODUCTION,BU,4100
1997,NORTH CAROLINA,Alamance,SORGHUM,PRODUCTION,BU,4500
1997,NORTH CAROLINA,Alamance,SOYBEANS,PRODUCTION,BU,69865
1997,NORTH CAROLINA,Alamance,SOYBEANS,PRODUCTION,BU,82000
1997,NORTH CAROLINA,Alamance,TOBACCO,PRODUCTION,LB,6562373
1997,NORTH CAROLINA,Alamance,TOBACCO,PRODUCTION,LB,6541000
1997,NORTH CAROLINA,Alamance,WHEAT,PRODUCTION,BU,127892
1997,NORTH CAROLINA,Alamance,WHEAT,PRODUCTION,BU,147000
1997,NORTH CAROLINA,Alamance,WHEAT,PRODUCTION,BU,147000
1997,NORTH CAROLINA,Alamance,WOOL,PRODUCTION,LB,244
1997,NORTH CAROLINA,Alamance,WOOL,PRODUCTION,OPERATIONS,6
1997,NORTH CAROLINA,Alexander,BARLEY,PRODUCTION,BU,29300
1997,NORTH CAROLINA,Alexander,BARLEY,PRODUCTION,BU,42000
1997,NORTH CAROLINA,Alexander,CORN,PRODUCTION,BU,77669
1997,NORTH CAROLINA,Alexander,CORN,PRODUCTION,TONS,46960
1997,NORTH CAROLINA,Alexander,CORN,PRODUCTION,BU,84000
1997,NORTH CAROLINA,Alexander,CORN,PRODUCTION,TONS,50000
1997,NORTH CAROLINA,Alexander,HAY,PRODUCTION,TONS,748
1997,NORTH CAROLINA,Alexander,HAY,PRODUCTION,TONS,721
1997,NORTH CAROLINA,Alexander,HAY,PRODUCTION,TONS,22604
1997,NORTH CAROLINA,Alexander,HAY,PRODUCTION,TONS,751
1997,NORTH CAROLINA,Alexander,HAY,PRODUCTION,TONS,28700
1997,NORTH CAROLINA,Alexander,HAYLAGE,PRODUCTION,TONS,3068
1997,NORTH CAROLINA,Alexander,OATS,PRODUCTION,BU,1120
1997,NORTH CAROLINA,Alexander,OATS,PRODUCTION,BU,3000
1997,NORTH CAROLINA,Alexander,SORGHUM,PRODUCTION,BU,5100
1997,NORTH CAROLINA,Alexander,SOYBEANS,PRODUCTION,BU,27708
1997,NORTH CAROLINA,Alexander,SOYBEANS,PRODUCTION,BU,30000
1997,NORTH CAROLINA,Alexander,TOBACCO,PRODUCTION,LB,1705886
1997,NORTH CAROLINA,Alexander,TOBACCO,PRODUCTION,LB,1633000
1997,NORTH CAROLINA,Alexander,WHEAT,PRODUCTION,BU,40970
1997,NORTH CAROLINA,Alexander,WHEAT,PRODUCTION,BU,40000
1997,NORTH CAROLINA,Alexander,WHEAT,PRODUCTION,BU,40000
1997,NORTH CAROLINA,Alexander,WOOL,PRODUCTION,LB,218
1997,NORTH CAROLINA,Alexander,WOOL,PRODUCTION,OPERATIONS,4
1997,NORTH CAROLINA,Alleghany,CORN,PRODUCTION,BU,17220
1997,NORTH CAROLINA,Alleghany,CORN,PRODUCTION,TONS,30352
1997,NORTH CAROLINA,Alleghany,CORN,PRODUCTION,BU,16000
1997,NORTH CAROLINA,Alleghany,CORN,PRODUCTION,TONS,40000
1997,NORTH CAROLINA,Alleghany,HAY,PRODUCTION,TONS,1271
1997,NORTH CAROLINA,Alleghany,HAY,PRODUCTION,TONS,240
1997,NORTH CAROLINA,Alleghany,HAY,PRODUCTION,TONS,17347
1997,NORTH CAROLINA,Alleghany,HAY,PRODUCTION,TONS,1023
1997,NORTH CAROLINA,Alleghany,HAY,PRODUCTION,TONS,21600
1997,NORTH CAROLINA,Alleghany,HAYLAGE,PRODUCTION,TONS,1205
1997,NORTH CAROLINA,Alleghany,POTATOES,PRODUCTION,CWT,1036
1997,NORTH CAROLINA,Alleghany,TOBACCO,PRODUCTION,LB,680323
1997,NORTH CAROLINA,Alleghany,TOBACCO,PRODUCTION,LB,613000
1997,NORTH CAROLINA,Alleghany,WHEAT,PRODUCTION,BU,8000
1997,NORTH CAROLINA,Alleghany,WHEAT,PRODUCTION,BU,8000
1997,NORTH CAROLINA,Alleghany,WOOL,PRODUCTION,LB,3715
1997,NORTH CAROLINA,Alleghany,WOOL,PRODUCTION,OPERATIONS,13
1997,NORTH CAROLINA,Anson,BARLEY,PRODUCTION,BU,1544
1997,NORTH CAROLINA,Anson,BARLEY,PRODUCTION,BU,1700
1997,NORTH CAROLINA,Anson,CORN,PRODUCTION,BU,516212
1997,NORTH CAROLINA,Anson,CORN,PRODUCTION,TONS,NA
1997,NORTH CAROLINA,Anson,CORN,PRODUCTION,BU,530000
1997,NORTH CAROLINA,Anson,CORN,PRODUCTION,TONS,2500
1997,NORTH CAROLINA,Anson,COTTON,PRODUCTION,BALES,607
1997,NORTH CAROLINA,Anson,COTTON,PRODUCTION,480 LB BALES,3500
1997,NORTH CAROLINA,Anson,HAY,PRODUCTION,TONS,214
1997,NORTH CAROLINA,Anson,HAY,PRODUCTION,TONS,989
1997,NORTH CAROLINA,Anson,HAY,PRODUCTION,TONS,9697
1997,NORTH CAROLINA,Anson,HAY,PRODUCTION,TONS,149
1997,NORTH CAROLINA,Anson,HAY,PRODUCTION,TONS,12400
1997,NORTH CAROLINA,Anson,HAYLAGE,PRODUCTION,TONS,533
1997,NORTH CAROLINA,Anson,OATS,PRODUCTION,BU,11580
1997,NORTH CAROLINA,Anson,OATS,PRODUCTION,BU,16000
1997,NORTH CAROLINA,Anson,RYE,PRODUCTION,BU,385
1997,NORTH CAROLINA,Anson,SORGHUM,PRODUCTION,BU,7200
1997,NORTH CAROLINA,Anson,SOYBEANS,PRODUCTION,BU,182238
1997,NORTH CAROLINA,Anson,SOYBEANS,PRODUCTION,BU,187000
1997,NORTH CAROLINA,Anson,TOBACCO,PRODUCTION,LB,174222
1997,NORTH CAROLINA,Anson,TOBACCO,PRODUCTION,LB,420000
1997,NORTH CAROLINA,Anson,WHEAT,PRODUCTION,BU,181423
1997,NORTH CAROLINA,Anson,WHEAT,PRODUCTION,BU,219000
1997,NORTH CAROLINA,Anson,WHEAT,PRODUCTION,BU,219000
1997,NORTH CAROLINA,Ashe,CORN,PRODUCTION,TONS,7717
1997,NORTH CAROLINA,Ashe,CORN,PRODUCTION,TONS,7000
1997,NORTH CAROLINA,Ashe,HAY,PRODUCTION,TONS,2930
1997,NORTH CAROLINA,Ashe,HAY,PRODUCTION,TONS,420
1997,NORTH CAROLINA,Ashe,HAY,PRODUCTION,TONS,14958
1997,NORTH CAROLINA,Ashe,HAY,PRODUCTION,TONS,1378
1997,NORTH CAROLINA,Ashe,HAY,PRODUCTION,TONS,20800
1997,NORTH CAROLINA,Ashe,HAYLAGE,PRODUCTION,TONS,258
1997,NORTH CAROLINA,Ashe,POTATOES,PRODUCTION,CWT,4835
1997,NORTH CAROLINA,Ashe,TOBACCO,PRODUCTION,LB,1271473
1997,NORTH CAROLINA,Ashe,TOBACCO,PRODUCTION,LB,1179000
1997,NORTH CAROLINA,Ashe,WOOL,PRODUCTION,LB,3033
1997,NORTH CAROLINA,Ashe,WOOL,PRODUCTION,OPERATIONS,19
1997,NORTH CAROLINA,Avery,HAY,PRODUCTION,TONS,88
1997,NORTH CAROLINA,Avery,HAY,PRODUCTION,TONS,1519
1997,NORTH CAROLINA,Avery,HAY,PRODUCTION,TONS,331
1997,NORTH CAROLINA,Avery,HAY,PRODUCTION,TONS,1700
1997,NORTH CAROLINA,Avery,POTATOES,PRODUCTION,CWT,2570
1997,NORTH CAROLINA,Avery,TOBACCO,PRODUCTION,LB,276772
1997,NORTH CAROLINA,Avery,TOBACCO,PRODUCTION,LB,223000
1997,NORTH CAROLINA,Beaufort,CORN,PRODUCTION,BU,4852696
1997,NORTH CAROLINA,Beaufort,CORN,PRODUCTION,BU,5100000
1997,NORTH CAROLINA,Beaufort,COTTON,PRODUCTION,BALES,6544
1997,NORTH CAROLINA,Beaufort,COTTON,PRODUCTION,480 LB BALES,10100
1997,NORTH CAROLINA,Beaufort,HAY,PRODUCTION,TONS,445
1997,NORTH CAROLINA,Beaufort,HAY,PRODUCTION,TONS,177
1997,NORTH CAROLINA,Beaufort,HAY,PRODUCTION,TONS,NA
1997,NORTH CAROLINA,Beaufort,HAY,PRODUCTION,TONS,900
1997,NORTH CAROLINA,Beaufort,OATS,PRODUCTION,BU,81656
1997,NORTH CAROLINA,Beaufort,OATS,PRODUCTION,BU,89000
1997,NORTH CAROLINA,Beaufort,PEANUTS,PRODUCTION,LB,1189593
1997,NORTH CAROLINA,Beaufort,PEANUTS,PRODUCTION,LB,937000
1997,NORTH CAROLINA,Beaufort,POTATOES,PRODUCTION,CWT,NA
1997,NORTH CAROLINA,Beaufort,SOYBEANS,PRODUCTION,BU,2110807
1997,NORTH CAROLINA,Beaufort,SOYBEANS,PRODUCTION,BU,2360000
1997,NORTH CAROLINA,Beaufort,SWEET POTATOES,PRODUCTION,CWT,388
1997,NORTH CAROLINA,Beaufort,TOBACCO,PRODUCTION,LB,10394859
1997,NORTH CAROLINA,Beaufort,TOBACCO,PRODUCTION,LB,12859000
1997,NORTH CAROLINA,Beaufort,WHEAT,PRODUCTION,BU,2246269
1997,NORTH CAROLINA,Beaufort,WHEAT,PRODUCTION,BU,2450000
1997,NORTH CAROLINA,Beaufort,WHEAT,PRODUCTION,BU,2450000
1997,NORTH CAROLINA,Beaufort,WOOL,PRODUCTION,LB,NA
1997,NORTH CAROLINA,Beaufort,WOOL,PRODUCTION,OPERATIONS,2
1997,NORTH CAROLINA,Bertie,BARLEY,PRODUCTION,BU,3500
1997,NORTH CAROLINA,Bertie,CORN,PRODUCTION,BU,1614517
1997,NORTH CAROLINA,Bertie,CORN,PRODUCTION,BU,1825000
1997,NORTH CAROLINA,Bertie,COTTON,PRODUCTION,BALES,46366
1997,NORTH CAROLINA,Bertie,COTTON,PRODUCTION,480 LB BALES,46000
1997,NORTH CAROLINA,Bertie,HAY,PRODUCTION,TONS,NA
1997,NORTH CAROLINA,Bertie,HERBS,PRODUCTION,LB,1150000
1997,NORTH CAROLINA,Bertie,OATS,PRODUCTION,BU,4000
1997,NORTH CAROLINA,Bertie,PEANUTS,PRODUCTION,LB,45744354
1997,NORTH CAROLINA,Bertie,PEANUTS,PRODUCTION,LB,46190000
1997,NORTH CAROLINA,Bertie,SORGHUM,PRODUCTION,BU,11271
1997,NORTH CAROLINA,Bertie,SORGHUM,PRODUCTION,BU,12300
1997,NORTH CAROLINA,Bertie,SOYBEANS,PRODUCTION,BU,313650
1997,NORTH CAROLINA,Bertie,SOYBEANS,PRODUCTION,BU,347000
1997,NORTH CAROLINA,Bertie,TOBACCO,PRODUCTION,LB,8748168
1997,NORTH CAROLINA,Bertie,TOBACCO,PRODUCTION,LB,8999000
1997,NORTH CAROLINA,Bertie,WHEAT,PRODUCTION,BU,134119
1997,NORTH CAROLINA,Bertie,WHEAT,PRODUCTION,BU,178000
1997,NORTH CAROLINA,Bertie,WHEAT,PRODUCTION,BU,178000
1997,NORTH CAROLINA,Bladen,CORN,PRODUCTION,BU,1766378
1997,NORTH CAROLINA,Bladen,CORN,PRODUCTION,TONS,982
1997,NORTH CAROLINA,Bladen,CORN,PRODUCTION,BU,1990000
1997,NORTH CAROLINA,Bladen,COTTON,PRODUCTION,BALES,10788
1997,NORTH CAROLINA,Bladen,COTTON,PRODUCTION,480 LB BALES,9500
1997,NORTH CAROLINA,Bladen,HAY,PRODUCTION,TONS,2104
1997,NORTH CAROLINA,Bladen,HAY,PRODUCTION,TONS,12658
1997,NORTH CAROLINA,Bladen,HAY,PRODUCTION,TONS,429
1997,NORTH CAROLINA,Bladen,HAY,PRODUCTION,TONS,16500
1997,NORTH CAROLINA,Bladen,OATS,PRODUCTION,BU,15186
1997,NORTH CAROLINA,Bladen,OATS,PRODUCTION,BU,19000
1997,NORTH CAROLINA,Bladen,PEANUTS,PRODUCTION,LB,6736986
1997,NORTH CAROLINA,Bladen,PEANUTS,PRODUCTION,LB,8647000
1997,NORTH CAROLINA,Bladen,RYE,PRODUCTION,BU,3460
1997,NORTH CAROLINA,Bladen,SOYBEANS,PRODUCTION,BU,370530
1997,NORTH CAROLINA,Bladen,SOYBEANS,PRODUCTION,BU,382000
1997,NORTH CAROLINA,Bladen,TOBACCO,PRODUCTION,LB,8814413
1997,NORTH CAROLINA,Bladen,TOBACCO,PRODUCTION,LB,11600000
1997,NORTH CAROLINA,Bladen,WHEAT,PRODUCTION,BU,164855
1997,NORTH CAROLINA,Bladen,WHEAT,PRODUCTION,BU,225000
1997,NORTH CAROLINA,Bladen,WHEAT,PRODUCTION,BU,225000
1997,NORTH CAROLINA,Bladen,WOOL,PRODUCTION,LB,NA
1997,NORTH CAROLINA,Bladen,WOOL,PRODUCTION,OPERATIONS,1
1997,NORTH CAROLINA,Brunswick,BARLEY,PRODUCTION,BU,6800
1997,NORTH CAROLINA,Brunswick,CORN,PRODUCTION,BU,482199
1997,NORTH CAROLINA,Brunswick,CORN,PRODUCTION,BU,510000
1997,NORTH CAROLINA,Brunswick,COTTON,PRODUCTION,480 LB BALES,1000
1997,NORTH CAROLINA,Brunswick,HAY,PRODUCTION,TONS,NA
1997,NORTH CAROLINA,Brunswick,HAY,PRODUCTION,TONS,2495
1997,NORTH CAROLINA,Brunswick,HAY,PRODUCTION,TONS,3500
1997,NORTH CAROLINA,Brunswick,OATS,PRODUCTION,BU,10245
1997,NORTH CAROLINA,Brunswick,OATS,PRODUCTION,BU,13000
1997,NORTH CAROLINA,Brunswick,SOYBEANS,PRODUCTION,BU,202817
1997,NORTH CAROLINA,Brunswick,SOYBEANS,PRODUCTION,BU,200000
1997,NORTH CAROLINA,Brunswick,SWEET POTATOES,PRODUCTION,CWT,7117
1997,NORTH CAROLINA,Brunswick,TOBACCO,PRODUCTION,LB,4116032
1997,NORTH CAROLINA,Brunswick,TOBACCO,PRODUCTION,LB,5590000
1997,NORTH CAROLINA,Brunswick,WHEAT,PRODUCTION,BU,108589
1997,NORTH CAROLINA,Brunswick,WHEAT,PRODUCTION,BU,138000
1997,NORTH CAROLINA,Brunswick,WHEAT,PRODUCTION,BU,138000
1997,NORTH CAROLINA,Buncombe,CORN,PRODUCTION,BU,40530
1997,NORTH CAROLINA,Buncombe,CORN,PRODUCTION,TONS,34306
1997,NORTH CAROLINA,Buncombe,CORN,PRODUCTION,BU,41000
1997,NORTH CAROLINA,Buncombe,CORN,PRODUCTION,TONS,49000
1997,NORTH CAROLINA,Buncombe,HAY,PRODUCTION,TONS,2445
1997,NORTH CAROLINA,Buncombe,HAY,PRODUCTION,TONS,893
1997,NORTH CAROLINA,Buncombe,HAY,PRODUCTION,TONS,17057
1997,NORTH CAROLINA,Buncombe,HAY,PRODUCTION,TONS,1261
1997,NORTH CAROLINA,Buncombe,HAY,PRODUCTION,TONS,23100
1997,NORTH CAROLINA,Buncombe,HAYLAGE,PRODUCTION,TONS,3060
1997,NORTH CAROLINA,Buncombe,POTATOES,PRODUCTION,CWT,906
1997,NORTH CAROLINA,Buncombe,TOBACCO,PRODUCTION,LB,1811216
1997,NORTH CAROLINA,Buncombe,TOBACCO,PRODUCTION,LB,1960000
1997,NORTH CAROLINA,Buncombe,WOOL,PRODUCTION,LB,4719
1997,NORTH CAROLINA,Buncombe,WOOL,PRODUCTION,OPERATIONS,26
1997,NORTH CAROLINA,Burke,BARLEY,PRODUCTION,BU,1500
1997,NORTH CAROLINA,Burke,CORN,PRODUCTION,BU,96116
1997,NORTH CAROLINA,Burke,CORN,PRODUCTION,TONS,10097
1997,NORTH CAROLINA,Burke,CORN,PRODUCTION,BU,94000
1997,NORTH CAROLINA,Burke,CORN,PRODUCTION,TONS,9500
1997,NORTH CAROLINA,Burke,HAY,PRODUCTION,TONS,36
1997,NORTH CAROLINA,Burke,HAY,PRODUCTION,TONS,461
1997,NORTH CAROLINA,Burke,HAY,PRODUCTION,TONS,7425
1997,NORTH CAROLINA,Burke,HAY,PRODUCTION,TONS,368
1997,NORTH CAROLINA,Burke,HAY,PRODUCTION,TONS,8600
1997,NORTH CAROLINA,Burke,HAYLAGE,PRODUCTION,TONS,1579
1997,NORTH CAROLINA,Burke,OATS,PRODUCTION,BU,2095
1997,NORTH CAROLINA,Burke,OATS,PRODUCTION,BU,2400
1997,NORTH CAROLINA,Burke,SOYBEANS,PRODUCTION,BU,2010
1997,NORTH CAROLINA,Burke,SOYBEANS,PRODUCTION,BU,9000
1997,NORTH CAROLINA,Burke,TOBACCO,PRODUCTION,LB,15199
1997,NORTH CAROLINA,Burke,WHEAT,PRODUCTION,BU,2570
1997,NORTH CAROLINA,Burke,WOOL,PRODUCTION,LB,NA
1997,NORTH CAROLINA,Burke,WOOL,PRODUCTION,OPERATIONS,2
1997,NORTH CAROLINA,Cabarrus,BARLEY,PRODUCTION,BU,51468
1997,NORTH CAROLINA,Cabarrus,BARLEY,PRODUCTION,BU,72700
1997,NORTH CAROLINA,Cabarrus,CORN,PRODUCTION,BU,242601
1997,NORTH CAROLINA,Cabarrus,CORN,PRODUCTION,TONS,4974
1997,NORTH CAROLINA,Cabarrus,CORN,PRODUCTION,BU,255000
1997,NORTH CAROLINA,Cabarrus,CORN,PRODUCTION,TONS,5500
1997,NORTH CAROLINA,Cabarrus,HAY,PRODUCTION,TONS,452
1997,NORTH CAROLINA,Cabarrus,HAY,PRODUCTION,TONS,2204
1997,NORTH CAROLINA,Cabarrus,HAY,PRODUCTION,TONS,16941
1997,NORTH CAROLINA,Cabarrus,HAY,PRODUCTION,TONS,1867
1997,NORTH CAROLINA,Cabarrus,HAY,PRODUCTION,TONS,23500
1997,NORTH CAROLINA,Cabarrus,HAYLAGE,PRODUCTION,TONS,1196
1997,NORTH CAROLINA,Cabarrus,OATS,PRODUCTION,BU,26130
1997,NORTH CAROLINA,Cabarrus,OATS,PRODUCTION,BU,32000
1997,NORTH CAROLINA,Cabarrus,SORGHUM,PRODUCTION,BU,28003
1997,NORTH CAROLINA,Cabarrus,SORGHUM,PRODUCTION,BU,38400
1997,NORTH CAROLINA,Cabarrus,SOYBEANS,PRODUCTION,BU,144887
1997,NORTH CAROLINA,Cabarrus,SOYBEANS,PRODUCTION,BU,153000
1997,NORTH CAROLINA,Cabarrus,WHEAT,PRODUCTION,BU,144212
1997,NORTH CAROLINA,Cabarrus,WHEAT,PRODUCTION,BU,180000
1997,NORTH CAROLINA,Cabarrus,WHEAT,PRODUCTION,BU,180000
1997,NORTH CAROLINA,Cabarrus,WOOL,PRODUCTION,LB,1566
1997,NORTH CAROLINA,Cabarrus,WOOL,PRODUCTION,OPERATIONS,11
1997,NORTH CAROLINA,Caldwell,BARLEY,PRODUCTION,BU,9648
1997,NORTH CAROLINA,Caldwell,BARLEY,PRODUCTION,BU,12400
1997,NORTH CAROLINA,Caldwell,CORN,PRODUCTION,BU,106833
1997,NORTH CAROLINA,Caldwell,CORN,PRODUCTION,TONS,7258
1997,NORTH CAROLINA,Caldwell,CORN,PRODUCTION,BU,108000
1997,NORTH CAROLINA,Caldwell,CORN,PRODUCTION,TONS,17000
1997,NORTH CAROLINA,Caldwell,HAY,PRODUCTION,TONS,145
1997,NORTH CAROLINA,Caldwell,HAY,PRODUCTION,TONS,154
1997,NORTH CAROLINA,Caldwell,HAY,PRODUCTION,TONS,11177
1997,NORTH CAROLINA,Caldwell,HAY,PRODUCTION,TONS,465
1997,NORTH CAROLINA,Caldwell,HAY,PRODUCTION,TONS,12700
1997,NORTH CAROLINA,Caldwell,HAYLAGE,PRODUCTION,TONS,588
1997,NORTH CAROLINA,Caldwell,SOYBEANS,PRODUCTION,BU,18953
1997,NORTH CAROLINA,Caldwell,SOYBEANS,PRODUCTION,BU,19000
1997,NORTH CAROLINA,Caldwell,TOBACCO,PRODUCTION,LB,825363
1997,NORTH CAROLINA,Caldwell,TOBACCO,PRODUCTION,LB,620000
1997,NORTH CAROLINA,Caldwell,WHEAT,PRODUCTION,BU,16140
1997,NORTH CAROLINA,Caldwell,WHEAT,PRODUCTION,BU,20000
1997,NORTH CAROLINA,Caldwell,WHEAT,PRODUCTION,BU,20000
1997,NORTH CAROLINA,Caldwell,WOOL,PRODUCTION,LB,362
1997,NORTH CAROLINA,Caldwell,WOOL,PRODUCTION,OPERATIONS,5
1997,NORTH CAROLINA,Camden,BARLEY,PRODUCTION,BU,17600
1997,NORTH CAROLINA,Camden,CORN,PRODUCTION,BU,1976144
1997,NORTH CAROLINA,Camden,CORN,PRODUCTION,BU,1820000
1997,NORTH CAROLINA,Camden,COTTON,PRODUCTION,BALES,1388
1997,NORTH CAROLINA,Camden,COTTON,PRODUCTION,480 LB BALES,1500
1997,NORTH CAROLINA,Camden,HAY,PRODUCTION,TONS,NA
1997,NORTH CAROLINA,Camden,OATS,PRODUCTION,BU,6000
1997,NORTH CAROLINA,Camden,POTATOES,PRODUCTION,CWT,433220
1997,NORTH CAROLINA,Camden,POTATOES,PRODUCTION,CWT,403800
1997,NORTH CAROLINA,Camden,SOYBEANS,PRODUCTION,BU,928296
1997,NORTH CAROLINA,Camden,SOYBEANS,PRODUCTION,BU,928000
1997,NORTH CAROLINA,Camden,WHEAT,PRODUCTION,BU,849819
1997,NORTH CAROLINA,Camden,WHEAT,PRODUCTION,BU,769000
1997,NORTH CAROLINA,Camden,WHEAT,PRODUCTION,BU,769000
1997,NORTH CAROLINA,Camden,WOOL,PRODUCTION,LB,296
1997,NORTH CAROLINA,Camden,WOOL,PRODUCTION,OPERATIONS,3
1997,NORTH CAROLINA,Carteret,CORN,PRODUCTION,BU,NA
1997,NORTH CAROLINA,Carteret,CORN,PRODUCTION,BU,2300000
1997,NORTH CAROLINA,Carteret,COTTON,PRODUCTION,480 LB BALES,3000
1997,NORTH CAROLINA,Carteret,HAY,PRODUCTION,TONS,NA
1997,NORTH CAROLINA,Carteret,POTATOES,PRODUCTION,CWT,103280
1997,NORTH CAROLINA,Carteret,POTATOES,PRODUCTION,CWT,100500
1997,NORTH CAROLINA,Carteret,SOYBEANS,PRODUCTION,BU,666974
1997,NORTH CAROLINA,Carteret,SOYBEANS,PRODUCTION,BU,670000
1997,NORTH CAROLINA,Carteret,TOBACCO,PRODUCTION,LB,1992127
1997,NORTH CAROLINA,Carteret,TOBACCO,PRODUCTION,LB,1993000
1997,NORTH CAROLINA,Carteret,WHEAT,PRODUCTION,BU,225318
1997,NORTH CAROLINA,Carteret,WHEAT,PRODUCTION,BU,315000
1997,NORTH CAROLINA,Carteret,WHEAT,PRODUCTION,BU,315000
1997,NORTH CAROLINA,Caswell,BARLEY,PRODUCTION,BU,700
1997,NORTH CAROLINA,Caswell,CORN,PRODUCTION,BU,71028
1997,NORTH CAROLINA,Caswell,CORN,PRODUCTION,TONS,2048
1997,NORTH CAROLINA,Caswell,CORN,PRODUCTION,BU,90000
1997,NORTH CAROLINA,Caswell,CORN,PRODUCTION,TONS,7000
1997,NORTH CAROLINA,Caswell,HAY,PRODUCTION,TONS,2778
1997,NORTH CAROLINA,Caswell,HAY,PRODUCTION,TONS,2443
1997,NORTH CAROLINA,Caswell,HAY,PRODUCTION,TONS,13478
1997,NORTH CAROLINA,Caswell,HAY,PRODUCTION,TONS,1092
1997,NORTH CAROLINA,Caswell,HAY,PRODUCTION,TONS,21400
1997,NORTH CAROLINA,Caswell,HAYLAGE,PRODUCTION,TONS,745
1997,NORTH CAROLINA,Caswell,OATS,PRODUCTION,BU,15304
1997,NORTH CAROLINA,Caswell,OATS,PRODUCTION,BU,19000
1997,NORTH CAROLINA,Caswell,POTATOES,PRODUCTION,CWT,NA
1997,NORTH CAROLINA,Caswell,SORGHUM,PRODUCTION,BU,4626
1997,NORTH CAROLINA,Caswell,SORGHUM,PRODUCTION,BU,7500
1997,NORTH CAROLINA,Caswell,SOYBEANS,PRODUCTION,BU,21288
1997,NORTH CAROLINA,Caswell,SOYBEANS,PRODUCTION,BU,24000
1997,NORTH CAROLINA,Caswell,TOBACCO,PRODUCTION,LB,12650982
1997,NORTH CAROLINA,Caswell,TOBACCO,PRODUCTION,LB,12556000
1997,NORTH CAROLINA,Caswell,WHEAT,PRODUCTION,BU,94599
1997,NORTH CAROLINA,Caswell,WHEAT,PRODUCTION,BU,141000
1997,NORTH CAROLINA,Caswell,WHEAT,PRODUCTION,BU,141000
1997,NORTH CAROLINA,Caswell,WOOL,PRODUCTION,LB,268
1997,NORTH CAROLINA,Caswell,WOOL,PRODUCTION,OPERATIONS,3
1997,NORTH CAROLINA,Catawba,BARLEY,PRODUCTION,BU,51090
1997,NORTH CAROLINA,Catawba,BARLEY,PRODUCTION,BU,68500
1997,NORTH CAROLINA,Catawba,CORN,PRODUCTION,BU,140537
1997,NORTH CAROLINA,Catawba,CORN,PRODUCTION,TONS,16871
1997,NORTH CAROLINA,Catawba,CORN,PRODUCTION,BU,140000
1997,NORTH CAROLINA,Catawba,CORN,PRODUCTION,TONS,21000
1997,NORTH CAROLINA,Catawba,GRASSES,PRODUCTION,LB,12200
1997,NORTH CAROLINA,Catawba,HAY,PRODUCTION,TONS,728
1997,NORTH CAROLINA,Catawba,HAY,PRODUCTION,TONS,2763
1997,NORTH CAROLINA,Catawba,HAY,PRODUCTION,TONS,17169
1997,NORTH CAROLINA,Catawba,HAY,PRODUCTION,TONS,754
1997,NORTH CAROLINA,Catawba,HAY,PRODUCTION,TONS,24100
1997,NORTH CAROLINA,Catawba,HAYLAGE,PRODUCTION,TONS,2992
1997,NORTH CAROLINA,Catawba,OATS,PRODUCTION,BU,22504
1997,NORTH CAROLINA,Catawba,OATS,PRODUCTION,BU,22000
1997,NORTH CAROLINA,Catawba,RYE,PRODUCTION,BU,1215
1997,NORTH CAROLINA,Catawba,SORGHUM,PRODUCTION,BU,3800
1997,NORTH CAROLINA,Catawba,SOYBEANS,PRODUCTION,BU,136832
1997,NORTH CAROLINA,Catawba,SOYBEANS,PRODUCTION,BU,161000
1997,NORTH CAROLINA,Catawba,SWEET POTATOES,PRODUCTION,CWT,530
1997,NORTH CAROLINA,Catawba,WHEAT,PRODUCTION,BU,272032
1997,NORTH CAROLINA,Catawba,WHEAT,PRODUCTION,BU,298000
1997,NORTH CAROLINA,Catawba,WHEAT,PRODUCTION,BU,298000
1997,NORTH CAROLINA,Catawba,WOOL,PRODUCTION,LB,NA
1997,NORTH CAROLINA,Catawba,WOOL,PRODUCTION,OPERATIONS,2
1997,NORTH CAROLINA,Chatham,BARLEY,PRODUCTION,BU,4791
1997,NORTH CAROLINA,Chatham,BARLEY,PRODUCTION,BU,10800
1997,NORTH CAROLINA,Chatham,CORN,PRODUCTION,BU,82789
1997,NORTH CAROLINA,Chatham,CORN,PRODUCTION,TONS,18567
1997,NORTH CAROLINA,Chatham,CORN,PRODUCTION,BU,104000
1997,NORTH CAROLINA,Chatham,CORN,PRODUCTION,TONS,22000
1997,NORTH CAROLINA,Chatham,GRASSES,PRODUCTION,LB,12400
1997,NORTH CAROLINA,Chatham,HAY,PRODUCTION,TONS,831
1997,NORTH CAROLINA,Chatham,HAY,PRODUCTION,TONS,2173
1997,NORTH CAROLINA,Chatham,HAY,PRODUCTION,TONS,30468
1997,NORTH CAROLINA,Chatham,HAY,PRODUCTION,TONS,1776
1997,NORTH CAROLINA,Chatham,HAY,PRODUCTION,TONS,37400
1997,NORTH CAROLINA,Chatham,HAYLAGE,PRODUCTION,TONS,3465
1997,NORTH CAROLINA,Chatham,OATS,PRODUCTION,BU,5840
1997,NORTH CAROLINA,Chatham,OATS,PRODUCTION,BU,11000
1997,NORTH CAROLINA,Chatham,POTATOES,PRODUCTION,CWT,NA
1997,NORTH CAROLINA,Chatham,SORGHUM,PRODUCTION,BU,5200
1997,NORTH CAROLINA,Chatham,SOYBEANS,PRODUCTION,BU,34011
1997,NORTH CAROLINA,Chatham,SOYBEANS,PRODUCTION,BU,39000
1997,NORTH CAROLINA,Chatham,TOBACCO,PRODUCTION,LB,1450895
1997,NORTH CAROLINA,Chatham,TOBACCO,PRODUCTION,LB,2000000
1997,NORTH CAROLINA,Chatham,WHEAT,PRODUCTION,BU,31420
1997,NORTH CAROLINA,Chatham,WHEAT,PRODUCTION,BU,42000
1997,NORTH CAROLINA,Chatham,WHEAT,PRODUCTION,BU,42000
1997,NORTH CAROLINA,Chatham,WOOL,PRODUCTION,LB,1294
1997,NORTH CAROLINA,Chatham,WOOL,PRODUCTION,OPERATIONS,8
1997,NORTH CAROLINA,Cherokee,CORN,PRODUCTION,BU,84506
1997,NORTH CAROLINA,Cherokee,CORN,PRODUCTION,BU,55000
1997,NORTH CAROLINA,Cherokee,CORN,PRODUCTION,TONS,4800
1997,NORTH CAROLINA,Cherokee,HAY,PRODUCTION,TONS,NA
1997,NORTH CAROLINA,Cherokee,HAY,PRODUCTION,TONS,5247
1997,NORTH CAROLINA,Cherokee,HAY,PRODUCTION,TONS,425
1997,NORTH CAROLINA,Cherokee,HAY,PRODUCTION,TONS,6200
1997,NORTH CAROLINA,Cherokee,HAYLAGE,PRODUCTION,TONS,245
1997,NORTH CAROLINA,Cherokee,TOBACCO,PRODUCTION,LB,111316
1997,NORTH CAROLINA,Cherokee,TOBACCO,PRODUCTION,LB,173000
1997,NORTH CAROLINA,Chowan,CORN,PRODUCTION,BU,541784
1997,NORTH CAROLINA,Chowan,CORN,PRODUCTION,BU,530000
1997,NORTH CAROLINA,Chowan,COTTON,PRODUCTION,BALES,22298
1997,NORTH CAROLINA,Chowan,COTTON,PRODUCTION,480 LB BALES,22000
1997,NORTH CAROLINA,Chowan,HAY,PRODUCTION,TONS,NA
1997,NORTH CAROLINA,Chowan,OATS,PRODUCTION,BU,11000
1997,NORTH CAROLINA,Chowan,PEANUTS,PRODUCTION,LB,18542517
1997,NORTH CAROLINA,Chowan,PEANUTS,PRODUCTION,LB,18362000
1997,NORTH CAROLINA,Chowan,RYE,PRODUCTION,BU,810
1997,NORTH CAROLINA,Chowan,SORGHUM,PRODUCTION,BU,9572
1997,NORTH CAROLINA,Chowan,SORGHUM,PRODUCTION,BU,9500
1997,NORTH CAROLINA,Chowan,SOYBEANS,PRODUCTION,BU,217649
1997,NORTH CAROLINA,Chowan,SOYBEANS,PRODUCTION,BU,224000
1997,NORTH CAROLINA,Chowan,SWEET POTATOES,PRODUCTION,CWT,38637
1997,NORTH CAROLINA,Chowan,SWEET POTATOES,PRODUCTION,CWT,41600
1997,NORTH CAROLINA,Chowan,TOBACCO,PRODUCTION,LB,650037
1997,NORTH CAROLINA,Chowan,TOBACCO,PRODUCTION,LB,733000
1997,NORTH CAROLINA,Chowan,WHEAT,PRODUCTION,BU,105765
1997,NORTH CAROLINA,Chowan,WHEAT,PRODUCTION,BU,121000
1997,NORTH CAROLINA,Chowan,WHEAT,PRODUCTION,BU,121000
1997,NORTH CAROLINA,Chowan,WOOL,PRODUCTION,LB,NA
1997,NORTH CAROLINA,Chowan,WOOL,PRODUCTION,OPERATIONS,3
1997,NORTH CAROLINA,Clay,BARLEY,PRODUCTION,BU,500
1997,NORTH CAROLINA,Clay,CORN,PRODUCTION,BU,NA
1997,NORTH CAROLINA,Clay,CORN,PRODUCTION,TONS,4700
1997,NORTH CAROLINA,Clay,HAY,PRODUCTION,TONS,574
1997,NORTH CAROLINA,Clay,HAY,PRODUCTION,TONS,6633
1997,NORTH CAROLINA,Clay,HAY,PRODUCTION,TONS,596
1997,NORTH CAROLINA,Clay,HAY,PRODUCTION,TONS,8300
1997,NORTH CAROLINA,Clay,HAYLAGE,PRODUCTION,TONS,NA
1997,NORTH CAROLINA,Clay,POTATOES,PRODUCTION,CWT,1079
1997,NORTH CAROLINA,Clay,TOBACCO,PRODUCTION,LB,135203
1997,NORTH CAROLINA,Clay,TOBACCO,PRODUCTION,LB,144000
1997,NORTH CAROLINA,Clay,WOOL,PRODUCTION,LB,634
1997,NORTH CAROLINA,Clay,WOOL,PRODUCTION,OPERATIONS,5
1997,NORTH CAROLINA,Cleveland,BARLEY,PRODUCTION,BU,49145
1997,NORTH CAROLINA,Cleveland,BARLEY,PRODUCTION,BU,62700
1997,NORTH CAROLINA,Cleveland,CORN,PRODUCTION,BU,110921
1997,NORTH CAROLINA,Cleveland,CORN,PRODUCTION,TONS,9769
1997,NORTH CAROLINA,Cleveland,CORN,PRODUCTION,BU,120000
1997,NORTH CAROLINA,Cleveland,CORN,PRODUCTION,TONS,12000
1997,NORTH CAROLINA,Cleveland,COTTON,PRODUCTION,BALES,2866
1997,NORTH CAROLINA,Cleveland,COTTON,PRODUCTION,480 LB BALES,3000
1997,NORTH CAROLINA,Cleveland,GRASSES,PRODUCTION,LB,14650
1997,NORTH CAROLINA,Cleveland,HAY,PRODUCTION,TONS,1185
1997,NORTH CAROLINA,Cleveland,HAY,PRODUCTION,TONS,3207
1997,NORTH CAROLINA,Cleveland,HAY,PRODUCTION,TONS,18076
1997,NORTH CAROLINA,Cleveland,HAY,PRODUCTION,TONS,1152
1997,NORTH CAROLINA,Cleveland,HAY,PRODUCTION,TONS,27700
1997,NORTH CAROLINA,Cleveland,HAYLAGE,PRODUCTION,TONS,2831
1997,NORTH CAROLINA,Cleveland,OATS,PRODUCTION,BU,11017
1997,NORTH CAROLINA,Cleveland,OATS,PRODUCTION,BU,24000
1997,NORTH CAROLINA,Cleveland,SORGHUM,PRODUCTION,BU,2404
1997,NORTH CAROLINA,Cleveland,SORGHUM,PRODUCTION,BU,7500
1997,NORTH CAROLINA,Cleveland,SOYBEANS,PRODUCTION,BU,162967
1997,NORTH CAROLINA,Cleveland,SOYBEANS,PRODUCTION,BU,200000
1997,NORTH CAROLINA,Cleveland,WHEAT,PRODUCTION,BU,203798
1997,NORTH CAROLINA,Cleveland,WHEAT,PRODUCTION,BU,257000
1997,NORTH CAROLINA,Cleveland,WHEAT,PRODUCTION,BU,257000
1997,NORTH CAROLINA,Cleveland,WOOL,PRODUCTION,LB,1562
1997,NORTH CAROLINA,Cleveland,WOOL,PRODUCTION,OPERATIONS,13
1997,NORTH CAROLINA,Columbus,CORN,PRODUCTION,BU,2674288
1997,NORTH CAROLINA,Columbus,CORN,PRODUCTION,TONS,1159
1997,NORTH CAROLINA,Columbus,CORN,PRODUCTION,BU,2775000
1997,NORTH CAROLINA,Columbus,COTTON,PRODUCTION,BALES,2543
1997,NORTH CAROLINA,Columbus,COTTON,PRODUCTION,480 LB BALES,2700
1997,NORTH CAROLINA,Columbus,HAY,PRODUCTION,TONS,2285
1997,NORTH CAROLINA,Columbus,HAY,PRODUCTION,TONS,8650
1997,NORTH CAROLINA,Columbus,HAY,PRODUCTION,TONS,NA
1997,NORTH CAROLINA,Columbus,HAY,PRODUCTION,TONS,12500
1997,NORTH CAROLINA,Columbus,HAYLAGE,PRODUCTION,TONS,666
1997,NORTH CAROLINA,Columbus,OATS,PRODUCTION,BU,23534
1997,NORTH CAROLINA,Columbus,OATS,PRODUCTION,BU,23000
1997,NORTH CAROLINA,Columbus,PEANUTS,PRODUCTION,LB,2331366
1997,NORTH CAROLINA,Columbus,PEANUTS,PRODUCTION,LB,2700000
1997,NORTH CAROLINA,Columbus,POTATOES,PRODUCTION,CWT,84705
1997,NORTH CAROLINA,Columbus,POTATOES,PRODUCTION,CWT,79600
1997,NORTH CAROLINA,Columbus,SORGHUM,PRODUCTION,BU,7709
1997,NORTH CAROLINA,Columbus,SORGHUM,PRODUCTION,BU,7850
1997,NORTH CAROLINA,Columbus,SOYBEANS,PRODUCTION,BU,1109035
1997,NORTH CAROLINA,Columbus,SOYBEANS,PRODUCTION,BU,1150000
1997,NORTH CAROLINA,Columbus,SWEET POTATOES,PRODUCTION,CWT,203570
1997,NORTH CAROLINA,Columbus,SWEET POTATOES,PRODUCTION,CWT,207000
1997,NORTH CAROLINA,Columbus,TOBACCO,PRODUCTION,LB,26098702
1997,NORTH CAROLINA,Columbus,TOBACCO,PRODUCTION,LB,30942000
1997,NORTH CAROLINA,Columbus,WHEAT,PRODUCTION,BU,690319
1997,NORTH CAROLINA,Columbus,WHEAT,PRODUCTION,BU,785000
1997,NORTH CAROLINA,Columbus,WHEAT,PRODUCTION,BU,785000
1997,NORTH CAROLINA,Craven,CORN,PRODUCTION,BU,1132312
1997,NORTH CAROLINA,Craven,CORN,PRODUCTION,BU,1240000
1997,NORTH CAROLINA,Craven,COTTON,PRODUCTION,BALES,26672
1997,NORTH CAROLINA,Craven,COTTON,PRODUCTION,480 LB BALES,25200
1997,NORTH CAROLINA,Craven,HAY,PRODUCTION,TONS,NA
1997,NORTH CAROLINA,Craven,HAY,PRODUCTION,TONS,1673
1997,NORTH CAROLINA,Craven,HAY,PRODUCTION,TONS,3400
1997,NORTH CAROLINA,Craven,PEANUTS,PRODUCTION,LB,120317
1997,NORTH CAROLINA,Craven,PEANUTS,PRODUCTION,LB,140000
1997,NORTH CAROLINA,Craven,SOYBEANS,PRODUCTION,BU,420442
1997,NORTH CAROLINA,Craven,SOYBEANS,PRODUCTION,BU,470000
1997,NORTH CAROLINA,Craven,SWEET POTATOES,PRODUCTION,CWT,NA
1997,NORTH CAROLINA,Craven,TOBACCO,PRODUCTION,LB,12173232
1997,NORTH CAROLINA,Craven,TOBACCO,PRODUCTION,LB,12452000
1997,NORTH CAROLINA,Craven,WHEAT,PRODUCTION,BU,278111
1997,NORTH CAROLINA,Craven,WHEAT,PRODUCTION,BU,368000
1997,NORTH CAROLINA,Craven,WHEAT,PRODUCTION,BU,368000
1997,NORTH CAROLINA,Cumberland,BARLEY,PRODUCTION,BU,NA
1997,NORTH CAROLINA,Cumberland,BARLEY,PRODUCTION,BU,4000
1997,NORTH CAROLINA,Cumberland,CORN,PRODUCTION,BU,703245
1997,NORTH CAROLINA,Cumberland,CORN,PRODUCTION,BU,945000
1997,NORTH CAROLINA,Cumberland,COTTON,PRODUCTION,BALES,5498
1997,NORTH CAROLINA,Cumberland,COTTON,PRODUCTION,480 LB BALES,8500
1997,NORTH CAROLINA,Cumberland,HAY,PRODUCTION,TONS,NA
1997,NORTH CAROLINA,Cumberland,HAY,PRODUCTION,TONS,706
1997,NORTH CAROLINA,Cumberland,HAY,PRODUCTION,TONS,9151
1997,NORTH CAROLINA,Cumberland,HAY,PRODUCTION,TONS,59
1997,NORTH CAROLINA,Cumberland,HAY,PRODUCTION,TONS,11300
1997,NORTH CAROLINA,Cumberland,HAYLAGE,PRODUCTION,TONS,NA
1997,NORTH CAROLINA,Cumberland,OATS,PRODUCTION,BU,70080
1997,NORTH CAROLINA,Cumberland,OATS,PRODUCTION,BU,78000
1997,NORTH CAROLINA,Cumberland,PEANUTS,PRODUCTION,LB,447000
1997,NORTH CAROLINA,Cumberland,PEANUTS,PRODUCTION,LB,361000
1997,NORTH CAROLINA,Cumberland,RYE,PRODUCTION,BU,16538
1997,NORTH CAROLINA,Cumberland,SORGHUM,PRODUCTION,BU,19600
1997,NORTH CAROLINA,Cumberland,SOYBEANS,PRODUCTION,BU,462524
1997,NORTH CAROLINA,Cumberland,SOYBEANS,PRODUCTION,BU,474000
1997,NORTH CAROLINA,Cumberland,SWEET POTATOES,PRODUCTION,CWT,65632
1997,NORTH CAROLINA,Cumberland,SWEET POTATOES,PRODUCTION,CWT,119000
1997,NORTH CAROLINA,Cumberland,TOBACCO,PRODUCTION,LB,5857489
1997,NORTH CAROLINA,Cumberland,TOBACCO,PRODUCTION,LB,7800000
1997,NORTH CAROLINA,Cumberland,WHEAT,PRODUCTION,BU,293990
1997,NORTH CAROLINA,Cumberland,WHEAT,PRODUCTION,BU,343000
1997,NORTH CAROLINA,Cumberland,WHEAT,PRODUCTION,BU,343000
1997,NORTH CAROLINA,Cumberland,WOOL,PRODUCTION,LB,NA
1997,NORTH CAROLINA,Cumberland,WOOL,PRODUCTION,OPERATIONS,1
1997,NORTH CAROLINA,Currituck,CORN,PRODUCTION,BU,1358385
1997,NORTH CAROLINA,Currituck,CORN,PRODUCTION,BU,1800000
1997,NORTH CAROLINA,Currituck,COTTON,PRODUCTION,BALES,2466
1997,NORTH CAROLINA,Currituck,COTTON,PRODUCTION,480 LB BALES,2700
1997,NORTH CAROLINA,Currituck,HAY,PRODUCTION,TONS,NA
1997,NORTH CAROLINA,Currituck,OATS,PRODUCTION,BU,25000
1997,NORTH CAROLINA,Currituck,PEANUTS,PRODUCTION,LB,101000
1997,NORTH CAROLINA,Currituck,POTATOES,PRODUCTION,CWT,179100
1997,NORTH CAROLINA,Currituck,SORGHUM,PRODUCTION,BU,19074
1997,NORTH CAROLINA,Currituck,SORGHUM,PRODUCTION,BU,21500
1997,NORTH CAROLINA,Currituck,SOYBEANS,PRODUCTION,BU,628881
1997,NORTH CAROLINA,Currituck,SOYBEANS,PRODUCTION,BU,638000
1997,NORTH CAROLINA,Currituck,WHEAT,PRODUCTION,BU,567143
1997,NORTH CAROLINA,Currituck,WHEAT,PRODUCTION,BU,570000
1997,NORTH CAROLINA,Currituck,WHEAT,PRODUCTION,BU,570000
1997,NORTH CAROLINA,Dare,CORN,PRODUCTION,BU,25000
1997,NORTH CAROLINA,Dare,OATS,PRODUCTION,BU,19000
1997,NORTH CAROLINA,Dare,SOYBEANS,PRODUCTION,BU,101692
1997,NORTH CAROLINA,Dare,SOYBEANS,PRODUCTION,BU,109000
1997,NORTH CAROLINA,Davidson,BARLEY,PRODUCTION,BU,80485
1997,NORTH CAROLINA,Davidson,BARLEY,PRODUCTION,BU,103500
1997,NORTH CAROLINA,Davidson,CORN,PRODUCTION,BU,378663
1997,NORTH CAROLINA,Davidson,CORN,PRODUCTION,TONS,24981
1997,NORTH CAROLINA,Davidson,CORN,PRODUCTION,BU,457000
1997,NORTH CAROLINA,Davidson,CORN,PRODUCTION,TONS,32000
1997,NORTH CAROLINA,Davidson,COTTON,PRODUCTION,480 LB BALES,500
1997,NORTH CAROLINA,Davidson,GRASSES,PRODUCTION,LB,5950
1997,NORTH CAROLINA,Davidson,HAY,PRODUCTION,TONS,2169
1997,NORTH CAROLINA,Davidson,HAY,PRODUCTION,TONS,2006
1997,NORTH CAROLINA,Davidson,HAY,PRODUCTION,TONS,24357
1997,NORTH CAROLINA,Davidson,HAY,PRODUCTION,TONS,1640
1997,NORTH CAROLINA,Davidson,HAY,PRODUCTION,TONS,32000
1997,NORTH CAROLINA,Davidson,HAYLAGE,PRODUCTION,TONS,4395
1997,NORTH CAROLINA,Davidson,OATS,PRODUCTION,BU,29060
1997,NORTH CAROLINA,Davidson,OATS,PRODUCTION,BU,28000
1997,NORTH CAROLINA,Davidson,POTATOES,PRODUCTION,CWT,489
1997,NORTH CAROLINA,Davidson,RYE,PRODUCTION,BU,1362
1997,NORTH CAROLINA,Davidson,SORGHUM,PRODUCTION,BU,1350
1997,NORTH CAROLINA,Davidson,SORGHUM,PRODUCTION,BU,6800
1997,NORTH CAROLINA,Davidson,SOYBEANS,PRODUCTION,BU,159507
1997,NORTH CAROLINA,Davidson,SOYBEANS,PRODUCTION,BU,182000
1997,NORTH CAROLINA,Davidson,SWEET POTATOES,PRODUCTION,CWT,4192
1997,NORTH CAROLINA,Davidson,TOBACCO,PRODUCTION,LB,4066764
1997,NORTH CAROLINA,Davidson,TOBACCO,PRODUCTION,LB,4014000
1997,NORTH CAROLINA,Davidson,WHEAT,PRODUCTION,BU,103929
1997,NORTH CAROLINA,Davidson,WHEAT,PRODUCTION,BU,154000
1997,NORTH CAROLINA,Davidson,WHEAT,PRODUCTION,BU,154000
1997,NORTH CAROLINA,Davidson,WOOL,PRODUCTION,LB,294
1997,NORTH CAROLINA,Davidson,WOOL,PRODUCTION,OPERATIONS,8
1997,NORTH CAROLINA,Davie,BARLEY,PRODUCTION,BU,10190
1997,NORTH CAROLINA,Davie,BARLEY,PRODUCTION,BU,14000
1997,NORTH CAROLINA,Davie,CORN,PRODUCTION,BU,396040
1997,NORTH CAROLINA,Davie,CORN,PRODUCTION,TONS,20719
1997,NORTH CAROLINA,Davie,CORN,PRODUCTION,BU,370000
1997,NORTH CAROLINA,Davie,CORN,PRODUCTION,TONS,24000
1997,NORTH CAROLINA,Davie,GRASSES,PRODUCTION,LB,10000
1997,NORTH CAROLINA,Davie,HAY,PRODUCTION,TONS,445
1997,NORTH CAROLINA,Davie,HAY,PRODUCTION,TONS,1714
1997,NORTH CAROLINA,Davie,HAY,PRODUCTION,TONS,19590
1997,NORTH CAROLINA,Davie,HAY,PRODUCTION,TONS,816
1997,NORTH CAROLINA,Davie,HAY,PRODUCTION,TONS,25100
1997,NORTH CAROLINA,Davie,HAYLAGE,PRODUCTION,TONS,2384
1997,NORTH CAROLINA,Davie,OATS,PRODUCTION,BU,2664
1997,NORTH CAROLINA,Davie,OATS,PRODUCTION,BU,4000
1997,NORTH CAROLINA,Davie,SOYBEANS,PRODUCTION,BU,158533
1997,NORTH CAROLINA,Davie,SOYBEANS,PRODUCTION,BU,163000
1997,NORTH CAROLINA,Davie,TOBACCO,PRODUCTION,LB,1186201
1997,NORTH CAROLINA,Davie,TOBACCO,PRODUCTION,LB,1330000
1997,NORTH CAROLINA,Davie,WHEAT,PRODUCTION,BU,147034
1997,NORTH CAROLINA,Davie,WHEAT,PRODUCTION,BU,183000
1997,NORTH CAROLINA,Davie,WHEAT,PRODUCTION,BU,183000
1997,NORTH CAROLINA,Davie,WOOL,PRODUCTION,LB,NA
1997,NORTH CAROLINA,Davie,WOOL,PRODUCTION,OPERATIONS,2
1997,NORTH CAROLINA,Duplin,CORN,PRODUCTION,BU,3629520
1997,NORTH CAROLINA,Duplin,CORN,PRODUCTION,BU,3720000
1997,NORTH CAROLINA,Duplin,COTTON,PRODUCTION,BALES,20637
1997,NORTH CAROLINA,Duplin,COTTON,PRODUCTION,480 LB BALES,20000
1997,NORTH CAROLINA,Duplin,HAY,PRODUCTION,TONS,3381
1997,NORTH CAROLINA,Duplin,HAY,PRODUCTION,TONS,32029
1997,NORTH CAROLINA,Duplin,HAY,PRODUCTION,TONS,NA
1997,NORTH CAROLINA,Duplin,HAY,PRODUCTION,TONS,54600
1997,NORTH CAROLINA,Duplin,HAYLAGE,PRODUCTION,TONS,5432
1997,NORTH CAROLINA,Duplin,OATS,PRODUCTION,BU,20070
1997,NORTH CAROLINA,Duplin,OATS,PRODUCTION,BU,24000
1997,NORTH CAROLINA,Duplin,POTATOES,PRODUCTION,CWT,NA
1997,NORTH CAROLINA,Duplin,RYE,PRODUCTION,BU,9151
1997,NORTH CAROLINA,Duplin,SORGHUM,PRODUCTION,BU,8265
1997,NORTH CAROLINA,Duplin,SORGHUM,PRODUCTION,BU,11000
1997,NORTH CAROLINA,Duplin,SOYBEANS,PRODUCTION,BU,1299438
1997,NORTH CAROLINA,Duplin,SOYBEANS,PRODUCTION,BU,1250000
1997,NORTH CAROLINA,Duplin,SWEET POTATOES,PRODUCTION,CWT,116146
1997,NORTH CAROLINA,Duplin,SWEET POTATOES,PRODUCTION,CWT,124500
1997,NORTH CAROLINA,Duplin,TOBACCO,PRODUCTION,LB,23408558
1997,NORTH CAROLINA,Duplin,TOBACCO,PRODUCTION,LB,25179000
1997,NORTH CAROLINA,Duplin,WHEAT,PRODUCTION,BU,967251
1997,NORTH CAROLINA,Duplin,WHEAT,PRODUCTION,BU,1085000
1997,NORTH CAROLINA,Duplin,WHEAT,PRODUCTION,BU,1085000
1997,NORTH CAROLINA,Duplin,WOOL,PRODUCTION,LB,NA
1997,NORTH CAROLINA,Duplin,WOOL,PRODUCTION,OPERATIONS,2
1997,NORTH CAROLINA,Durham,BARLEY,PRODUCTION,BU,2000
1997,NORTH CAROLINA,Durham,CORN,PRODUCTION,BU,6324
1997,NORTH CAROLINA,Durham,CORN,PRODUCTION,TONS,3096
1997,NORTH CAROLINA,Durham,CORN,PRODUCTION,BU,15000
1997,NORTH CAROLINA,Durham,HAY,PRODUCTION,TONS,538
1997,NORTH CAROLINA,Durham,HAY,PRODUCTION,TONS,2762
1997,NORTH CAROLINA,Durham,HAY,PRODUCTION,TONS,96
1997,NORTH CAROLINA,Durham,HAY,PRODUCTION,TONS,3800
1997,NORTH CAROLINA,Durham,OATS,PRODUCTION,BU,3000
1997,NORTH CAROLINA,Durham,SORGHUM,PRODUCTION,BU,2100
1997,NORTH CAROLINA,Durham,SOYBEANS,PRODUCTION,BU,8966
1997,NORTH CAROLINA,Durham,SOYBEANS,PRODUCTION,BU,16000
1997,NORTH CAROLINA,Durham,TOBACCO,PRODUCTION,LB,2969216
1997,NORTH CAROLINA,Durham,TOBACCO,PRODUCTION,LB,3198000
1997,NORTH CAROLINA,Durham,WHEAT,PRODUCTION,BU,26714
1997,NORTH CAROLINA,Durham,WHEAT,PRODUCTION,BU,36000
1997,NORTH CAROLINA,Durham,WHEAT,PRODUCTION,BU,36000
1997,NORTH CAROLINA,Durham,WOOL,PRODUCTION,LB,1054
1997,NORTH CAROLINA,Durham,WOOL,PRODUCTION,OPERATIONS,6
1997,NORTH CAROLINA,Edgecombe,CORN,PRODUCTION,BU,1527932
1997,NORTH CAROLINA,Edgecombe,CORN,PRODUCTION,BU,1695000
1997,NORTH CAROLINA,Edgecombe,CORN,PRODUCTION,TONS,3000
1997,NORTH CAROLINA,Edgecombe,COTTON,PRODUCTION,BALES,50114
1997,NORTH CAROLINA,Edgecombe,COTTON,PRODUCTION,480 LB BALES,56000
1997,NORTH CAROLINA,Edgecombe,HAY,PRODUCTION,TONS,68
1997,NORTH CAROLINA,Edgecombe,HAY,PRODUCTION,TONS,1333
1997,NORTH CAROLINA,Edgecombe,HAY,PRODUCTION,TONS,4700
1997,NORTH CAROLINA,Edgecombe,OATS,PRODUCTION,BU,NA
1997,NORTH CAROLINA,Edgecombe,OATS,PRODUCTION,BU,28000
1997,NORTH CAROLINA,Edgecombe,PEANUTS,PRODUCTION,LB,27551851
1997,NORTH CAROLINA,Edgecombe,PEANUTS,PRODUCTION,LB,28562000
1997,NORTH CAROLINA,Edgecombe,RYE,PRODUCTION,BU,NA
1997,NORTH CAROLINA,Edgecombe,SORGHUM,PRODUCTION,BU,NA
1997,NORTH CAROLINA,Edgecombe,SORGHUM,PRODUCTION,BU,8800
1997,NORTH CAROLINA,Edgecombe,SOYBEANS,PRODUCTION,BU,569410
1997,NORTH CAROLINA,Edgecombe,SOYBEANS,PRODUCTION,BU,626000
1997,NORTH CAROLINA,Edgecombe,SWEET POTATOES,PRODUCTION,CWT,109604
1997,NORTH CAROLINA,Edgecombe,SWEET POTATOES,PRODUCTION,CWT,287500
1997,NORTH CAROLINA,Edgecombe,TOBACCO,PRODUCTION,LB,18126802
1997,NORTH CAROLINA,Edgecombe,TOBACCO,PRODUCTION,LB,19483000
1997,NORTH CAROLINA,Edgecombe,WHEAT,PRODUCTION,BU,392895
1997,NORTH CAROLINA,Edgecombe,WHEAT,PRODUCTION,BU,470000
1997,NORTH CAROLINA,Edgecombe,WHEAT,PRODUCTION,BU,470000
1997,NORTH CAROLINA,Edgecombe,WOOL,PRODUCTION,LB,NA
1997,NORTH CAROLINA,Edgecombe,WOOL,PRODUCTION,OPERATIONS,2
1997,NORTH CAROLINA,Forsyth,BARLEY,PRODUCTION,BU,7710
1997,NORTH CAROLINA,Forsyth,BARLEY,PRODUCTION,BU,11400
1997,NORTH CAROLINA,Forsyth,CORN,PRODUCTION,BU,137378
1997,NORTH CAROLINA,Forsyth,CORN,PRODUCTION,TONS,10234
1997,NORTH CAROLINA,Forsyth,CORN,PRODUCTION,BU,165000
1997,NORTH CAROLINA,Forsyth,CORN,PRODUCTION,TONS,9000
1997,NORTH CAROLINA,Forsyth,HAY,PRODUCTION,TONS,1010
1997,NORTH CAROLINA,Forsyth,HAY,PRODUCTION,TONS,873
1997,NORTH CAROLINA,Forsyth,HAY,PRODUCTION,TONS,11147
1997,NORTH CAROLINA,Forsyth,HAY,PRODUCTION,TONS,731
1997,NORTH CAROLINA,Forsyth,HAY,PRODUCTION,TONS,13600
1997,NORTH CAROLINA,Forsyth,HAYLAGE,PRODUCTION,TONS,546
1997,NORTH CAROLINA,Forsyth,OATS,PRODUCTION,BU,16165
1997,NORTH CAROLINA,Forsyth,OATS,PRODUCTION,BU,24000
1997,NORTH CAROLINA,Forsyth,POTATOES,PRODUCTION,CWT,4545
1997,NORTH CAROLINA,Forsyth,RYE,PRODUCTION,BU,3090
1997,NORTH CAROLINA,Forsyth,SOYBEANS,PRODUCTION,BU,95386
1997,NORTH CAROLINA,Forsyth,SOYBEANS,PRODUCTION,BU,84000
1997,NORTH CAROLINA,Forsyth,SWEET POTATOES,PRODUCTION,CWT,698
1997,NORTH CAROLINA,Forsyth,TOBACCO,PRODUCTION,LB,5265782
1997,NORTH CAROLINA,Forsyth,TOBACCO,PRODUCTION,LB,5300000
1997,NORTH CAROLINA,Forsyth,WHEAT,PRODUCTION,BU,112244
1997,NORTH CAROLINA,Forsyth,WHEAT,PRODUCTION,BU,106000
1997,NORTH CAROLINA,Forsyth,WHEAT,PRODUCTION,BU,106000
1997,NORTH CAROLINA,Forsyth,WOOL,PRODUCTION,LB,450
1997,NORTH CAROLINA,Forsyth,WOOL,PRODUCTION,OPERATIONS,7
1997,NORTH CAROLINA,Franklin,BARLEY,PRODUCTION,BU,17440
1997,NORTH CAROLINA,Franklin,BARLEY,PRODUCTION,BU,20700
1997,NORTH CAROLINA,Franklin,CORN,PRODUCTION,BU,179585
1997,NORTH CAROLINA,Franklin,CORN,PRODUCTION,TONS,15446
1997,NORTH CAROLINA,Franklin,CORN,PRODUCTION,BU,165000
1997,NORTH CAROLINA,Franklin,CORN,PRODUCTION,TONS,24000
1997,NORTH CAROLINA,Franklin,COTTON,PRODUCTION,BALES,164
1997,NORTH CAROLINA,Franklin,COTTON,PRODUCTION,480 LB BALES,350
1997,NORTH CAROLINA,Franklin,HAY,PRODUCTION,TONS,1333
1997,NORTH CAROLINA,Franklin,HAY,PRODUCTION,TONS,1774
1997,NORTH CAROLINA,Franklin,HAY,PRODUCTION,TONS,14084
1997,NORTH CAROLINA,Franklin,HAY,PRODUCTION,TONS,431
1997,NORTH CAROLINA,Franklin,HAY,PRODUCTION,TONS,19700
1997,NORTH CAROLINA,Franklin,HAYLAGE,PRODUCTION,TONS,270
1997,NORTH CAROLINA,Franklin,OATS,PRODUCTION,BU,22534
1997,NORTH CAROLINA,Franklin,OATS,PRODUCTION,BU,25000
1997,NORTH CAROLINA,Franklin,SORGHUM,PRODUCTION,BU,21000
1997,NORTH CAROLINA,Franklin,SOYBEANS,PRODUCTION,BU,355134
1997,NORTH CAROLINA,Franklin,SOYBEANS,PRODUCTION,BU,380000
1997,NORTH CAROLINA,Franklin,SWEET POTATOES,PRODUCTION,CWT,8882
1997,NORTH CAROLINA,Franklin,TOBACCO,PRODUCTION,LB,17113186
1997,NORTH CAROLINA,Franklin,TOBACCO,PRODUCTION,LB,17486000
1997,NORTH CAROLINA,Franklin,WHEAT,PRODUCTION,BU,430047
1997,NORTH CAROLINA,Franklin,WHEAT,PRODUCTION,BU,506000
1997,NORTH CAROLINA,Franklin,WHEAT,PRODUCTION,BU,506000
1997,NORTH CAROLINA,Franklin,WOOL,PRODUCTION,LB,NA
1997,NORTH CAROLINA,Franklin,WOOL,PRODUCTION,OPERATIONS,4
1997,NORTH CAROLINA,Gaston,BARLEY,PRODUCTION,BU,7680
1997,NORTH CAROLINA,Gaston,BARLEY,PRODUCTION,BU,23800
1997,NORTH CAROLINA,Gaston,CORN,PRODUCTION,BU,62980
1997,NORTH CAROLINA,Gaston,CORN,PRODUCTION,TONS,8514
1997,NORTH CAROLINA,Gaston,CORN,PRODUCTION,BU,60000
1997,NORTH CAROLINA,Gaston,CORN,PRODUCTION,TONS,15000
1997,NORTH CAROLINA,Gaston,HAY,PRODUCTION,TONS,659
1997,NORTH CAROLINA,Gaston,HAY,PRODUCTION,TONS,864
1997,NORTH CAROLINA,Gaston,HAY,PRODUCTION,TONS,9199
1997,NORTH CAROLINA,Gaston,HAY,PRODUCTION,TONS,622
1997,NORTH CAROLINA,Gaston,HAY,PRODUCTION,TONS,13900
1997,NORTH CAROLINA,Gaston,HAYLAGE,PRODUCTION,TONS,2355
1997,NORTH CAROLINA,Gaston,OATS,PRODUCTION,BU,7990
1997,NORTH CAROLINA,Gaston,OATS,PRODUCTION,BU,22000
1997,NORTH CAROLINA,Gaston,SORGHUM,PRODUCTION,BU,8600
1997,NORTH CAROLINA,Gaston,SOYBEANS,PRODUCTION,BU,33360
1997,NORTH CAROLINA,Gaston,SOYBEANS,PRODUCTION,BU,36000
1997,NORTH CAROLINA,Gaston,WHEAT,PRODUCTION,BU,30357
1997,NORTH CAROLINA,Gaston,WHEAT,PRODUCTION,BU,55000
1997,NORTH CAROLINA,Gaston,WHEAT,PRODUCTION,BU,55000
1997,NORTH CAROLINA,Gaston,WOOL,PRODUCTION,LB,NA
1997,NORTH CAROLINA,Gaston,WOOL,PRODUCTION,OPERATIONS,1
1997,NORTH CAROLINA,Gates,CORN,PRODUCTION,BU,593636
1997,NORTH CAROLINA,Gates,CORN,PRODUCTION,BU,755000
1997,NORTH CAROLINA,Gates,COTTON,PRODUCTION,BALES,19536
1997,NORTH CAROLINA,Gates,COTTON,PRODUCTION,480 LB BALES,19700
1997,NORTH CAROLINA,Gates,HAY,PRODUCTION,TONS,NA
1997,NORTH CAROLINA,Gates,HAY,PRODUCTION,TONS,1100
1997,NORTH CAROLINA,Gates,OATS,PRODUCTION,BU,3790
1997,NORTH CAROLINA,Gates,OATS,PRODUCTION,BU,4000
1997,NORTH CAROLINA,Gates,PEANUTS,PRODUCTION,LB,20827013
1997,NORTH CAROLINA,Gates,PEANUTS,PRODUCTION,LB,20457000
1997,NORTH CAROLINA,Gates,SORGHUM,PRODUCTION,BU,4800
1997,NORTH CAROLINA,Gates,SOYBEANS,PRODUCTION,BU,279188
1997,NORTH CAROLINA,Gates,SOYBEANS,PRODUCTION,BU,354000
1997,NORTH CAROLINA,Gates,TOBACCO,PRODUCTION,LB,379000
1997,NORTH CAROLINA,Gates,WHEAT,PRODUCTION,BU,150657
1997,NORTH CAROLINA,Gates,WHEAT,PRODUCTION,BU,138000
1997,NORTH CAROLINA,Gates,WHEAT,PRODUCTION,BU,138000
1997,NORTH CAROLINA,Gates,WOOL,PRODUCTION,LB,206
1997,NORTH CAROLINA,Gates,WOOL,PRODUCTION,OPERATIONS,4
1997,NORTH CAROLINA,Graham,CORN,PRODUCTION,BU,232
1997,NORTH CAROLINA,Graham,CORN,PRODUCTION,TONS,1718
1997,NORTH CAROLINA,Graham,HAY,PRODUCTION,TONS,1257
1997,NORTH CAROLINA,Graham,HAY,PRODUCTION,TONS,NA
1997,NORTH CAROLINA,Graham,HAY,PRODUCTION,TONS,1300
1997,NORTH CAROLINA,Graham,TOBACCO,PRODUCTION,LB,110569
1997,NORTH CAROLINA,Graham,TOBACCO,PRODUCTION,LB,192000
1997,NORTH CAROLINA,Granville,BARLEY,PRODUCTION,BU,7000
1997,NORTH CAROLINA,Granville,CORN,PRODUCTION,BU,99124
1997,NORTH CAROLINA,Granville,CORN,PRODUCTION,TONS,10571
1997,NORTH CAROLINA,Granville,CORN,PRODUCTION,BU,103000
1997,NORTH CAROLINA,Granville,CORN,PRODUCTION,TONS,15000
1997,NORTH CAROLINA,Granville,HAY,PRODUCTION,TONS,1656
1997,NORTH CAROLINA,Granville,HAY,PRODUCTION,TONS,4409
1997,NORTH CAROLINA,Granville,HAY,PRODUCTION,TONS,11891
1997,NORTH CAROLINA,Granville,HAY,PRODUCTION,TONS,368
1997,NORTH CAROLINA,Granville,HAY,PRODUCTION,TONS,20500
1997,NORTH CAROLINA,Granville,HAYLAGE,PRODUCTION,TONS,351
1997,NORTH CAROLINA,Granville,OATS,PRODUCTION,BU,9505
1997,NORTH CAROLINA,Granville,OATS,PRODUCTION,BU,11000
1997,NORTH CAROLINA,Granville,SORGHUM,PRODUCTION,BU,3000
1997,NORTH CAROLINA,Granville,SOYBEANS,PRODUCTION,BU,50584
1997,NORTH CAROLINA,Granville,SOYBEANS,PRODUCTION,BU,55000
1997,NORTH CAROLINA,Granville,TOBACCO,PRODUCTION,LB,18366712
1997,NORTH CAROLINA,Granville,TOBACCO,PRODUCTION,LB,18475000
1997,NORTH CAROLINA,Granville,WHEAT,PRODUCTION,BU,162587
1997,NORTH CAROLINA,Granville,WHEAT,PRODUCTION,BU,195000
1997,NORTH CAROLINA,Granville,WHEAT,PRODUCTION,BU,195000
1997,NORTH CAROLINA,Granville,WOOL,PRODUCTION,LB,402
1997,NORTH CAROLINA,Granville,WOOL,PRODUCTION,OPERATIONS,8
1997,NORTH CAROLINA,Greene,BARLEY,PRODUCTION,BU,800
1997,NORTH CAROLINA,Greene,CORN,PRODUCTION,BU,1211982
1997,NORTH CAROLINA,Greene,CORN,PRODUCTION,BU,1315000
1997,NORTH CAROLINA,Greene,COTTON,PRODUCTION,BALES,25255
1997,NORTH CAROLINA,Greene,COTTON,PRODUCTION,480 LB BALES,24300
1997,NORTH CAROLINA,Greene,HAY,PRODUCTION,TONS,991
1997,NORTH CAROLINA,Greene,HAY,PRODUCTION,TONS,3777
1997,NORTH CAROLINA,Greene,HAY,PRODUCTION,TONS,6600
1997,NORTH CAROLINA,Greene,HAYLAGE,PRODUCTION,TONS,382
1997,NORTH CAROLINA,Greene,OATS,PRODUCTION,BU,8154
1997,NORTH CAROLINA,Greene,OATS,PRODUCTION,BU,9000
1997,NORTH CAROLINA,Greene,PEANUTS,PRODUCTION,LB,200000
1997,NORTH CAROLINA,Greene,POTATOES,PRODUCTION,CWT,NA
1997,NORTH CAROLINA,Greene,SOYBEANS,PRODUCTION,BU,660085
1997,NORTH CAROLINA,Greene,SOYBEANS,PRODUCTION,BU,720000
1997,NORTH CAROLINA,Greene,SWEET POTATOES,PRODUCTION,CWT,NA
1997,NORTH CAROLINA,Greene,SWEET POTATOES,PRODUCTION,CWT,125000
1997,NORTH CAROLINA,Greene,TOBACCO,PRODUCTION,LB,19957343
1997,NORTH CAROLINA,Greene,TOBACCO,PRODUCTION,LB,20832000
1997,NORTH CAROLINA,Greene,WHEAT,PRODUCTION,BU,540405
1997,NORTH CAROLINA,Greene,WHEAT,PRODUCTION,BU,662000
1997,NORTH CAROLINA,Greene,WHEAT,PRODUCTION,BU,662000
1997,NORTH CAROLINA,Greene,WOOL,PRODUCTION,LB,740
1997,NORTH CAROLINA,Greene,WOOL,PRODUCTION,OPERATIONS,7
1997,NORTH CAROLINA,Guilford,BARLEY,PRODUCTION,BU,11500
1997,NORTH CAROLINA,Guilford,BARLEY,PRODUCTION,BU,9800
1997,NORTH CAROLINA,Guilford,CORN,PRODUCTION,BU,301819
1997,NORTH CAROLINA,Guilford,CORN,PRODUCTION,TONS,33594
1997,NORTH CAROLINA,Guilford,CORN,PRODUCTION,BU,360000
1997,NORTH CAROLINA,Guilford,CORN,PRODUCTION,TONS,34000
1997,NORTH CAROLINA,Guilford,HAY,PRODUCTION,TONS,1396
1997,NORTH CAROLINA,Guilford,HAY,PRODUCTION,TONS,2413
1997,NORTH CAROLINA,Guilford,HAY,PRODUCTION,TONS,19553
1997,NORTH CAROLINA,Guilford,HAY,PRODUCTION,TONS,1790
1997,NORTH CAROLINA,Guilford,HAY,PRODUCTION,TONS,26500
1997,NORTH CAROLINA,Guilford,HAYLAGE,PRODUCTION,TONS,1345
1997,NORTH CAROLINA,Guilford,OATS,PRODUCTION,BU,30017
1997,NORTH CAROLINA,Guilford,OATS,PRODUCTION,BU,26000
1997,NORTH CAROLINA,Guilford,POTATOES,PRODUCTION,CWT,NA
1997,NORTH CAROLINA,Guilford,RYE,PRODUCTION,BU,672
1997,NORTH CAROLINA,Guilford,SORGHUM,PRODUCTION,BU,2840
1997,NORTH CAROLINA,Guilford,SORGHUM,PRODUCTION,BU,3300
1997,NORTH CAROLINA,Guilford,SOYBEANS,PRODUCTION,BU,108643
1997,NORTH CAROLINA,Guilford,SOYBEANS,PRODUCTION,BU,107000
1997,NORTH CAROLINA,Guilford,SWEET POTATOES,PRODUCTION,CWT,744
1997,NORTH CAROLINA,Guilford,TOBACCO,PRODUCTION,LB,11689102
1997,NORTH CAROLINA,Guilford,TOBACCO,PRODUCTION,LB,11800000
1997,NORTH CAROLINA,Guilford,WHEAT,PRODUCTION,BU,276910
1997,NORTH CAROLINA,Guilford,WHEAT,PRODUCTION,BU,290000
1997,NORTH CAROLINA,Guilford,WHEAT,PRODUCTION,BU,290000
1997,NORTH CAROLINA,Guilford,WOOL,PRODUCTION,LB,1307
1997,NORTH CAROLINA,Guilford,WOOL,PRODUCTION,OPERATIONS,7
1997,NORTH CAROLINA,Halifax,CORN,PRODUCTION,BU,531439
1997,NORTH CAROLINA,Halifax,CORN,PRODUCTION,TONS,10213
1997,NORTH CAROLINA,Halifax,CORN,PRODUCTION,BU,675000
1997,NORTH CAROLINA,Halifax,CORN,PRODUCTION,TONS,6000
1997,NORTH CAROLINA,Halifax,COTTON,PRODUCTION,BALES,67437
1997,NORTH CAROLINA,Halifax,COTTON,PRODUCTION,480 LB BALES,65800
1997,NORTH CAROLINA,Halifax,HAY,PRODUCTION,TONS,448
1997,NORTH CAROLINA,Halifax,HAY,PRODUCTION,TONS,2745
1997,NORTH CAROLINA,Halifax,HAY,PRODUCTION,TONS,58
1997,NORTH CAROLINA,Halifax,HAY,PRODUCTION,TONS,4700
1997,NORTH CAROLINA,Halifax,HAYLAGE,PRODUCTION,TONS,792
1997,NORTH CAROLINA,Halifax,OATS,PRODUCTION,BU,NA
1997,NORTH CAROLINA,Halifax,OATS,PRODUCTION,BU,11000
1997,NORTH CAROLINA,Halifax,PEANUTS,PRODUCTION,LB,44440470
1997,NORTH CAROLINA,Halifax,PEANUTS,PRODUCTION,LB,44538000
1997,NORTH CAROLINA,Halifax,RYE,PRODUCTION,BU,4680
1997,NORTH CAROLINA,Halifax,SORGHUM,PRODUCTION,BU,7100
1997,NORTH CAROLINA,Halifax,SOYBEANS,PRODUCTION,BU,213384
1997,NORTH CAROLINA,Halifax,SOYBEANS,PRODUCTION,BU,239000
1997,NORTH CAROLINA,Halifax,SWEET POTATOES,PRODUCTION,CWT,34925
1997,NORTH CAROLINA,Halifax,SWEET POTATOES,PRODUCTION,CWT,52300
1997,NORTH CAROLINA,Halifax,TOBACCO,PRODUCTION,LB,8405079
1997,NORTH CAROLINA,Halifax,TOBACCO,PRODUCTION,LB,8783000
1997,NORTH CAROLINA,Halifax,WHEAT,PRODUCTION,BU,149115
1997,NORTH CAROLINA,Halifax,WHEAT,PRODUCTION,BU,161000
1997,NORTH CAROLINA,Halifax,WHEAT,PRODUCTION,BU,161000
1997,NORTH CAROLINA,Halifax,WOOL,PRODUCTION,LB,NA
1997,NORTH CAROLINA,Halifax,WOOL,PRODUCTION,OPERATIONS,3
1997,NORTH CAROLINA,Harnett,BARLEY,PRODUCTION,BU,NA
1997,NORTH CAROLINA,Harnett,BARLEY,PRODUCTION,BU,24200
1997,NORTH CAROLINA,Harnett,CORN,PRODUCTION,BU,365457
1997,NORTH CAROLINA,Harnett,CORN,PRODUCTION,TONS,10181
1997,NORTH CAROLINA,Harnett,CORN,PRODUCTION,BU,395000
1997,NORTH CAROLINA,Harnett,CORN,PRODUCTION,TONS,8000
1997,NORTH CAROLINA,Harnett,COTTON,PRODUCTION,BALES,13878
1997,NORTH CAROLINA,Harnett,COTTON,PRODUCTION,480 LB BALES,16300
1997,NORTH CAROLINA,Harnett,HAY,PRODUCTION,TONS,76
1997,NORTH CAROLINA,Harnett,HAY,PRODUCTION,TONS,1893
1997,NORTH CAROLINA,Harnett,HAY,PRODUCTION,TONS,6530
1997,NORTH CAROLINA,Harnett,HAY,PRODUCTION,TONS,46
1997,NORTH CAROLINA,Harnett,HAY,PRODUCTION,TONS,9100
1997,NORTH CAROLINA,Harnett,HAYLAGE,PRODUCTION,TONS,1344
1997,NORTH CAROLINA,Harnett,OATS,PRODUCTION,BU,34150
1997,NORTH CAROLINA,Harnett,OATS,PRODUCTION,BU,38000
1997,NORTH CAROLINA,Harnett,RYE,PRODUCTION,BU,5200
1997,NORTH CAROLINA,Harnett,SORGHUM,PRODUCTION,BU,3500
1997,NORTH CAROLINA,Harnett,SOYBEANS,PRODUCTION,BU,390846
1997,NORTH CAROLINA,Harnett,SOYBEANS,PRODUCTION,BU,440000
1997,NORTH CAROLINA,Harnett,SWEET POTATOES,PRODUCTION,CWT,97999
1997,NORTH CAROLINA,Harnett,SWEET POTATOES,PRODUCTION,CWT,135000
1997,NORTH CAROLINA,Harnett,TOBACCO,PRODUCTION,LB,20521075
1997,NORTH CAROLINA,Harnett,TOBACCO,PRODUCTION,LB,21520000
1997,NORTH CAROLINA,Harnett,WHEAT,PRODUCTION,BU,168102
1997,NORTH CAROLINA,Harnett,WHEAT,PRODUCTION,BU,225000
1997,NORTH CAROLINA,Harnett,WHEAT,PRODUCTION,BU,225000
1997,NORTH CAROLINA,Haywood,CORN,PRODUCTION,BU,20313
1997,NORTH CAROLINA,Haywood,CORN,PRODUCTION,TONS,42516
1997,NORTH CAROLINA,Haywood,CORN,PRODUCTION,BU,25000
1997,NORTH CAROLINA,Haywood,CORN,PRODUCTION,TONS,40000
1997,NORTH CAROLINA,Haywood,HAY,PRODUCTION,TONS,1008
1997,NORTH CAROLINA,Haywood,HAY,PRODUCTION,TONS,452
1997,NORTH CAROLINA,Haywood,HAY,PRODUCTION,TONS,12601
1997,NORTH CAROLINA,Haywood,HAY,PRODUCTION,TONS,701
1997,NORTH CAROLINA,Haywood,HAY,PRODUCTION,TONS,16600
1997,NORTH CAROLINA,Haywood,HAYLAGE,PRODUCTION,TONS,536
1997,NORTH CAROLINA,Haywood,POTATOES,PRODUCTION,CWT,1834
1997,NORTH CAROLINA,Haywood,TOBACCO,PRODUCTION,LB,1326278
1997,NORTH CAROLINA,Haywood,TOBACCO,PRODUCTION,LB,1465000
1997,NORTH CAROLINA,Haywood,WOOL,PRODUCTION,LB,2537
1997,NORTH CAROLINA,Haywood,WOOL,PRODUCTION,OPERATIONS,19
1997,NORTH CAROLINA,Henderson,CORN,PRODUCTION,BU,279400
1997,NORTH CAROLINA,Henderson,CORN,PRODUCTION,TONS,60237
1997,NORTH CAROLINA,Henderson,CORN,PRODUCTION,BU,210000
1997,NORTH CAROLINA,Henderson,CORN,PRODUCTION,TONS,56000
1997,NORTH CAROLINA,Henderson,HAY,PRODUCTION,TONS,356
1997,NORTH CAROLINA,Henderson,HAY,PRODUCTION,TONS,1377
1997,NORTH CAROLINA,Henderson,HAY,PRODUCTION,TONS,8439
1997,NORTH CAROLINA,Henderson,HAY,PRODUCTION,TONS,691
1997,NORTH CAROLINA,Henderson,HAY,PRODUCTION,TONS,13400
1997,NORTH CAROLINA,Henderson,HAYLAGE,PRODUCTION,TONS,2878
1997,NORTH CAROLINA,Henderson,POTATOES,PRODUCTION,CWT,2130
1997,NORTH CAROLINA,Henderson,TOBACCO,PRODUCTION,LB,123500
1997,NORTH CAROLINA,Henderson,TOBACCO,PRODUCTION,LB,38000
1997,NORTH CAROLINA,Henderson,WOOL,PRODUCTION,LB,NA
1997,NORTH CAROLINA,Henderson,WOOL,PRODUCTION,OPERATIONS,3
1997,NORTH CAROLINA,Hertford,CORN,PRODUCTION,BU,714184
1997,NORTH CAROLINA,Hertford,CORN,PRODUCTION,BU,865000
1997,NORTH CAROLINA,Hertford,COTTON,PRODUCTION,BALES,24178
1997,NORTH CAROLINA,Hertford,COTTON,PRODUCTION,480 LB BALES,24000
1997,NORTH CAROLINA,Hertford,HAY,PRODUCTION,TONS,NA
1997,NORTH CAROLINA,Hertford,HAY,PRODUCTION,TONS,800
1997,NORTH CAROLINA,Hertford,PEANUTS,PRODUCTION,LB,27424879
1997,NORTH CAROLINA,Hertford,PEANUTS,PRODUCTION,LB,27665000
1997,NORTH CAROLINA,Hertford,SORGHUM,PRODUCTION,BU,14800
1997,NORTH CAROLINA,Hertford,SOYBEANS,PRODUCTION,BU,177597
1997,NORTH CAROLINA,Hertford,SOYBEANS,PRODUCTION,BU,204000
1997,NORTH CAROLINA,Hertford,SWEET POTATOES,PRODUCTION,CWT,2598
1997,NORTH CAROLINA,Hertford,TOBACCO,PRODUCTION,LB,4185310
1997,NORTH CAROLINA,Hertford,TOBACCO,PRODUCTION,LB,4378000
1997,NORTH CAROLINA,Hertford,WHEAT,PRODUCTION,BU,72925
1997,NORTH CAROLINA,Hertford,WHEAT,PRODUCTION,BU,77000
1997,NORTH CAROLINA,Hertford,WHEAT,PRODUCTION,BU,77000
1997,NORTH CAROLINA,Hertford,WOOL,PRODUCTION,LB,NA
1997,NORTH CAROLINA,Hertford,WOOL,PRODUCTION,OPERATIONS,1
1997,NORTH CAROLINA,Hoke,CORN,PRODUCTION,BU,154494
1997,NORTH CAROLINA,Hoke,CORN,PRODUCTION,BU,200000
1997,NORTH CAROLINA,Hoke,COTTON,PRODUCTION,BALES,26087
1997,NORTH CAROLINA,Hoke,COTTON,PRODUCTION,480 LB BALES,23200
1997,NORTH CAROLINA,Hoke,HAY,PRODUCTION,TONS,NA
1997,NORTH CAROLINA,Hoke,HAY,PRODUCTION,TONS,6850
1997,NORTH CAROLINA,Hoke,HAY,PRODUCTION,TONS,6900
1997,NORTH CAROLINA,Hoke,OATS,PRODUCTION,BU,14850
1997,NORTH CAROLINA,Hoke,OATS,PRODUCTION,BU,17000
1997,NORTH CAROLINA,Hoke,RYE,PRODUCTION,BU,15585
1997,NORTH CAROLINA,Hoke,SOYBEANS,PRODUCTION,BU,195991
1997,NORTH CAROLINA,Hoke,SOYBEANS,PRODUCTION,BU,258000
1997,NORTH CAROLINA,Hoke,TOBACCO,PRODUCTION,LB,3884960
1997,NORTH CAROLINA,Hoke,TOBACCO,PRODUCTION,LB,3850000
1997,NORTH CAROLINA,Hoke,WHEAT,PRODUCTION,BU,194073
1997,NORTH CAROLINA,Hoke,WHEAT,PRODUCTION,BU,245000
1997,NORTH CAROLINA,Hoke,WHEAT,PRODUCTION,BU,245000
1997,NORTH CAROLINA,Hyde,CORN,PRODUCTION,BU,4101717
1997,NORTH CAROLINA,Hyde,CORN,PRODUCTION,BU,3500000
1997,NORTH CAROLINA,Hyde,COTTON,PRODUCTION,BALES,8551
1997,NORTH CAROLINA,Hyde,COTTON,PRODUCTION,480 LB BALES,11400
1997,NORTH CAROLINA,Hyde,HAY,PRODUCTION,TONS,NA
1997,NORTH CAROLINA,Hyde,HAY,PRODUCTION,TONS,600
1997,NORTH CAROLINA,Hyde,POTATOES,PRODUCTION,CWT,48500
1997,NORTH CAROLINA,Hyde,SORGHUM,PRODUCTION,BU,2340
1997,NORTH CAROLINA,Hyde,SORGHUM,PRODUCTION,BU,3300
1997,NORTH CAROLINA,Hyde,SOYBEANS,PRODUCTION,BU,1393517
1997,NORTH CAROLINA,Hyde,SOYBEANS,PRODUCTION,BU,1350000
1997,NORTH CAROLINA,Hyde,WHEAT,PRODUCTION,BU,987892
1997,NORTH CAROLINA,Hyde,WHEAT,PRODUCTION,BU,1098000
1997,NORTH CAROLINA,Hyde,WHEAT,PRODUCTION,BU,1098000
1997,NORTH CAROLINA,Iredell,BARLEY,PRODUCTION,BU,142645
1997,NORTH CAROLINA,Iredell,BARLEY,PRODUCTION,BU,155800
1997,NORTH CAROLINA,Iredell,CORN,PRODUCTION,BU,485646
1997,NORTH CAROLINA,Iredell,CORN,PRODUCTION,TONS,150399
1997,NORTH CAROLINA,Iredell,CORN,PRODUCTION,BU,525000
1997,NORTH CAROLINA,Iredell,CORN,PRODUCTION,TONS,160000
1997,NORTH CAROLINA,Iredell,COTTON,PRODUCTION,480 LB BALES,400
1997,NORTH CAROLINA,Iredell,GRASSES,PRODUCTION,LB,NA
1997,NORTH CAROLINA,Iredell,HAY,PRODUCTION,TONS,4395
1997,NORTH CAROLINA,Iredell,HAY,PRODUCTION,TONS,3433
1997,NORTH CAROLINA,Iredell,HAY,PRODUCTION,TONS,54049
1997,NORTH CAROLINA,Iredell,HAY,PRODUCTION,TONS,1653
1997,NORTH CAROLINA,Iredell,HAY,PRODUCTION,TONS,74000
1997,NORTH CAROLINA,Iredell,HAYLAGE,PRODUCTION,TONS,7063
1997,NORTH CAROLINA,Iredell,OATS,PRODUCTION,BU,33505
1997,NORTH CAROLINA,Iredell,OATS,PRODUCTION,BU,33000
1997,NORTH CAROLINA,Iredell,SORGHUM,PRODUCTION,BU,7500
1997,NORTH CAROLINA,Iredell,SOYBEANS,PRODUCTION,BU,286461
1997,NORTH CAROLINA,Iredell,SOYBEANS,PRODUCTION,BU,303000
1997,NORTH CAROLINA,Iredell,TOBACCO,PRODUCTION,LB,1147337
1997,NORTH CAROLINA,Iredell,TOBACCO,PRODUCTION,LB,1327000
1997,NORTH CAROLINA,Iredell,WHEAT,PRODUCTION,BU,317541
1997,NORTH CAROLINA,Iredell,WHEAT,PRODUCTION,BU,320000
1997,NORTH CAROLINA,Iredell,WHEAT,PRODUCTION,BU,320000
1997,NORTH CAROLINA,Iredell,WOOL,PRODUCTION,LB,898
1997,NORTH CAROLINA,Iredell,WOOL,PRODUCTION,OPERATIONS,9
1997,NORTH CAROLINA,Jackson,CORN,PRODUCTION,BU,1970
1997,NORTH CAROLINA,Jackson,GINSENG,PRODUCTION,LB,NA
1997,NORTH CAROLINA,Jackson,HAY,PRODUCTION,TONS,1597
1997,NORTH CAROLINA,Jackson,HAY,PRODUCTION,TONS,NA
1997,NORTH CAROLINA,Jackson,HAY,PRODUCTION,TONS,1700
1997,NORTH CAROLINA,Jackson,POTATOES,PRODUCTION,CWT,712
1997,NORTH CAROLINA,Jackson,TOBACCO,PRODUCTION,LB,45764
1997,NORTH CAROLINA,Jackson,TOBACCO,PRODUCTION,LB,65000
1997,NORTH CAROLINA,Johnston,BARLEY,PRODUCTION,BU,3800
1997,NORTH CAROLINA,Johnston,BARLEY,PRODUCTION,BU,3600
1997,NORTH CAROLINA,Johnston,CORN,PRODUCTION,BU,905321
1997,NORTH CAROLINA,Johnston,CORN,PRODUCTION,TONS,4160
1997,NORTH CAROLINA,Johnston,CORN,PRODUCTION,BU,1075000
1997,NORTH CAROLINA,Johnston,CORN,PRODUCTION,TONS,2400
1997,NORTH CAROLINA,Johnston,COTTON,PRODUCTION,BALES,17114
1997,NORTH CAROLINA,Johnston,COTTON,PRODUCTION,480 LB BALES,15300
1997,NORTH CAROLINA,Johnston,HAY,PRODUCTION,TONS,98
1997,NORTH CAROLINA,Johnston,HAY,PRODUCTION,TONS,3365
1997,NORTH CAROLINA,Johnston,HAY,PRODUCTION,TONS,15101
1997,NORTH CAROLINA,Johnston,HAY,PRODUCTION,TONS,505
1997,NORTH CAROLINA,Johnston,HAY,PRODUCTION,TONS,22100
1997,NORTH CAROLINA,Johnston,HAYLAGE,PRODUCTION,TONS,187
1997,NORTH CAROLINA,Johnston,OATS,PRODUCTION,BU,48744
1997,NORTH CAROLINA,Johnston,OATS,PRODUCTION,BU,57000
1997,NORTH CAROLINA,Johnston,PEANUTS,PRODUCTION,LB,197180
1997,NORTH CAROLINA,Johnston,PEANUTS,PRODUCTION,LB,155000
1997,NORTH CAROLINA,Johnston,POTATOES,PRODUCTION,CWT,44841
1997,NORTH CAROLINA,Johnston,POTATOES,PRODUCTION,CWT,42700
1997,NORTH CAROLINA,Johnston,RYE,PRODUCTION,BU,21400
1997,NORTH CAROLINA,Johnston,SORGHUM,PRODUCTION,BU,6815
1997,NORTH CAROLINA,Johnston,SORGHUM,PRODUCTION,BU,8200
1997,NORTH CAROLINA,Johnston,SOYBEANS,PRODUCTION,BU,1107164
1997,NORTH CAROLINA,Johnston,SOYBEANS,PRODUCTION,BU,1264000
1997,NORTH CAROLINA,Johnston,SWEET POTATOES,PRODUCTION,CWT,1061506
1997,NORTH CAROLINA,Johnston,SWEET POTATOES,PRODUCTION,CWT,1074000
1997,NORTH CAROLINA,Johnston,TOBACCO,PRODUCTION,LB,37314602
1997,NORTH CAROLINA,Johnston,TOBACCO,PRODUCTION,LB,38591000
1997,NORTH CAROLINA,Johnston,WHEAT,PRODUCTION,BU,639631
1997,NORTH CAROLINA,Johnston,WHEAT,PRODUCTION,BU,700000
1997,NORTH CAROLINA,Johnston,WHEAT,PRODUCTION,BU,700000
1997,NORTH CAROLINA,Johnston,WOOL,PRODUCTION,LB,290
1997,NORTH CAROLINA,Johnston,WOOL,PRODUCTION,OPERATIONS,7
1997,NORTH CAROLINA,Jones,CORN,PRODUCTION,BU,935269
1997,NORTH CAROLINA,Jones,CORN,PRODUCTION,BU,990000
1997,NORTH CAROLINA,Jones,COTTON,PRODUCTION,BALES,26677
1997,NORTH CAROLINA,Jones,COTTON,PRODUCTION,480 LB BALES,30500
1997,NORTH CAROLINA,Jones,HAY,PRODUCTION,TONS,418
1997,NORTH CAROLINA,Jones,HAY,PRODUCTION,TONS,2391
1997,NORTH CAROLINA,Jones,HAY,PRODUCTION,TONS,3000
1997,NORTH CAROLINA,Jones,HAYLAGE,PRODUCTION,TONS,NA
1997,NORTH CAROLINA,Jones,SOYBEANS,PRODUCTION,BU,306205
1997,NORTH CAROLINA,Jones,SOYBEANS,PRODUCTION,BU,306000
1997,NORTH CAROLINA,Jones,SWEET POTATOES,PRODUCTION,CWT,3696
1997,NORTH CAROLINA,Jones,TOBACCO,PRODUCTION,LB,8590094
1997,NORTH CAROLINA,Jones,TOBACCO,PRODUCTION,LB,8649000
1997,NORTH CAROLINA,Jones,WHEAT,PRODUCTION,BU,228032
1997,NORTH CAROLINA,Jones,WHEAT,PRODUCTION,BU,250000
1997,NORTH CAROLINA,Jones,WHEAT,PRODUCTION,BU,250000
1997,NORTH CAROLINA,Jones,WOOL,PRODUCTION,LB,NA
1997,NORTH CAROLINA,Jones,WOOL,PRODUCTION,OPERATIONS,2
1997,NORTH CAROLINA,Lee,CORN,PRODUCTION,BU,87570
1997,NORTH CAROLINA,Lee,CORN,PRODUCTION,BU,97000
1997,NORTH CAROLINA,Lee,COTTON,PRODUCTION,BALES,1554
1997,NORTH CAROLINA,Lee,COTTON,PRODUCTION,480 LB BALES,1300
1997,NORTH CAROLINA,Lee,HAY,PRODUCTION,TONS,334
1997,NORTH CAROLINA,Lee,HAY,PRODUCTION,TONS,3280
1997,NORTH CAROLINA,Lee,HAY,PRODUCTION,TONS,83
1997,NORTH CAROLINA,Lee,HAY,PRODUCTION,TONS,4300
1997,NORTH CAROLINA,Lee,HAYLAGE,PRODUCTION,TONS,534
1997,NORTH CAROLINA,Lee,OATS,PRODUCTION,BU,23349
1997,NORTH CAROLINA,Lee,OATS,PRODUCTION,BU,35000
1997,NORTH CAROLINA,Lee,RYE,PRODUCTION,BU,7110
1997,NORTH CAROLINA,Lee,SOYBEANS,PRODUCTION,BU,68426
1997,NORTH CAROLINA,Lee,SOYBEANS,PRODUCTION,BU,72000
1997,NORTH CAROLINA,Lee,SWEET POTATOES,PRODUCTION,CWT,3333
1997,NORTH CAROLINA,Lee,TOBACCO,PRODUCTION,LB,7618380
1997,NORTH CAROLINA,Lee,TOBACCO,PRODUCTION,LB,7085000
1997,NORTH CAROLINA,Lee,WHEAT,PRODUCTION,BU,53137
1997,NORTH CAROLINA,Lee,WHEAT,PRODUCTION,BU,61000
1997,NORTH CAROLINA,Lee,WHEAT,PRODUCTION,BU,61000
1997,NORTH CAROLINA,Lenoir,BARLEY,PRODUCTION,BU,13500
1997,NORTH CAROLINA,Lenoir,CORN,PRODUCTION,BU,2010111
1997,NORTH CAROLINA,Lenoir,CORN,PRODUCTION,TONS,4540
1997,NORTH CAROLINA,Lenoir,CORN,PRODUCTION,BU,2080000
1997,NORTH CAROLINA,Lenoir,CORN,PRODUCTION,TONS,4400
1997,NORTH CAROLINA,Lenoir,COTTON,PRODUCTION,BALES,47550
1997,NORTH CAROLINA,Lenoir,COTTON,PRODUCTION,480 LB BALES,39500
1997,NORTH CAROLINA,Lenoir,HAY,PRODUCTION,TONS,306
1997,NORTH CAROLINA,Lenoir,HAY,PRODUCTION,TONS,2980
1997,NORTH CAROLINA,Lenoir,HAY,PRODUCTION,TONS,5900
1997,NORTH CAROLINA,Lenoir,HAYLAGE,PRODUCTION,TONS,719
1997,NORTH CAROLINA,Lenoir,OATS,PRODUCTION,BU,10470
1997,NORTH CAROLINA,Lenoir,OATS,PRODUCTION,BU,9500
1997,NORTH CAROLINA,Lenoir,PEANUTS,PRODUCTION,LB,60000
1997,NORTH CAROLINA,Lenoir,RYE,PRODUCTION,BU,8730
1997,NORTH CAROLINA,Lenoir,SOYBEANS,PRODUCTION,BU,693843
1997,NORTH CAROLINA,Lenoir,SOYBEANS,PRODUCTION,BU,750000
1997,NORTH CAROLINA,Lenoir,SWEET POTATOES,PRODUCTION,CWT,NA
1997,NORTH CAROLINA,Lenoir,SWEET POTATOES,PRODUCTION,CWT,67500
1997,NORTH CAROLINA,Lenoir,TOBACCO,PRODUCTION,LB,25609384
1997,NORTH CAROLINA,Lenoir,TOBACCO,PRODUCTION,LB,25550000
1997,NORTH CAROLINA,Lenoir,WHEAT,PRODUCTION,BU,705889
1997,NORTH CAROLINA,Lenoir,WHEAT,PRODUCTION,BU,775000
1997,NORTH CAROLINA,Lenoir,WHEAT,PRODUCTION,BU,775000
1997,NORTH CAROLINA,Lincoln,BARLEY,PRODUCTION,BU,46545
1997,NORTH CAROLINA,Lincoln,BARLEY,PRODUCTION,BU,61500
1997,NORTH CAROLINA,Lincoln,CORN,PRODUCTION,BU,109138
1997,NORTH CAROLINA,Lincoln,CORN,PRODUCTION,TONS,18608
1997,NORTH CAROLINA,Lincoln,CORN,PRODUCTION,BU,134000
1997,NORTH CAROLINA,Lincoln,CORN,PRODUCTION,TONS,23000
1997,NORTH CAROLINA,Lincoln,HAY,PRODUCTION,TONS,1356
1997,NORTH CAROLINA,Lincoln,HAY,PRODUCTION,TONS,2194
1997,NORTH CAROLINA,Lincoln,HAY,PRODUCTION,TONS,14990
1997,NORTH CAROLINA,Lincoln,HAY,PRODUCTION,TONS,2068
1997,NORTH CAROLINA,Lincoln,HAY,PRODUCTION,TONS,23500
1997,NORTH CAROLINA,Lincoln,HAYLAGE,PRODUCTION,TONS,5484
1997,NORTH CAROLINA,Lincoln,OATS,PRODUCTION,BU,26160
1997,NORTH CAROLINA,Lincoln,OATS,PRODUCTION,BU,31000
1997,NORTH CAROLINA,Lincoln,RYE,PRODUCTION,BU,1940
1997,NORTH CAROLINA,Lincoln,SORGHUM,PRODUCTION,BU,20100
1997,NORTH CAROLINA,Lincoln,SOYBEANS,PRODUCTION,BU,108087
1997,NORTH CAROLINA,Lincoln,SOYBEANS,PRODUCTION,BU,124000
1997,NORTH CAROLINA,Lincoln,WHEAT,PRODUCTION,BU,148570
1997,NORTH CAROLINA,Lincoln,WHEAT,PRODUCTION,BU,182000
1997,NORTH CAROLINA,Lincoln,WHEAT,PRODUCTION,BU,182000
1997,NORTH CAROLINA,Lincoln,WOOL,PRODUCTION,LB,444
1997,NORTH CAROLINA,Lincoln,WOOL,PRODUCTION,OPERATIONS,4
1997,NORTH CAROLINA,Macon,CORN,PRODUCTION,BU,6950
1997,NORTH CAROLINA,Macon,CORN,PRODUCTION,TONS,9142
1997,NORTH CAROLINA,Macon,CORN,PRODUCTION,TONS,9000
1997,NORTH CAROLINA,Macon,HAY,PRODUCTION,TONS,NA
1997,NORTH CAROLINA,Macon,HAY,PRODUCTION,TONS,211
1997,NORTH CAROLINA,Macon,HAY,PRODUCTION,TONS,6631
1997,NORTH CAROLINA,Macon,HAY,PRODUCTION,TONS,290
1997,NORTH CAROLINA,Macon,HAY,PRODUCTION,TONS,8300
1997,NORTH CAROLINA,Macon,POTATOES,PRODUCTION,CWT,798
1997,NORTH CAROLINA,Macon,TOBACCO,PRODUCTION,LB,59451
1997,NORTH CAROLINA,Macon,TOBACCO,PRODUCTION,LB,63000
1997,NORTH CAROLINA,Macon,WOOL,PRODUCTION,LB,180
1997,NORTH CAROLINA,Macon,WOOL,PRODUCTION,OPERATIONS,4
1997,NORTH CAROLINA,Madison,CORN,PRODUCTION,BU,6991
1997,NORTH CAROLINA,Madison,CORN,PRODUCTION,TONS,3249
1997,NORTH CAROLINA,Madison,CORN,PRODUCTION,TONS,4800
1997,NORTH CAROLINA,Madison,HAY,PRODUCTION,TONS,807
1997,NORTH CAROLINA,Madison,HAY,PRODUCTION,TONS,266
1997,NORTH CAROLINA,Madison,HAY,PRODUCTION,TONS,8633
1997,NORTH CAROLINA,Madison,HAY,PRODUCTION,TONS,262
1997,NORTH CAROLINA,Madison,HAY,PRODUCTION,TONS,11700
1997,NORTH CAROLINA,Madison,HAYLAGE,PRODUCTION,TONS,225
1997,NORTH CAROLINA,Madison,POTATOES,PRODUCTION,CWT,2945
1997,NORTH CAROLINA,Madison,SWEET POTATOES,PRODUCTION,CWT,514
1997,NORTH CAROLINA,Madison,TOBACCO,PRODUCTION,LB,3346401
1997,NORTH CAROLINA,Madison,TOBACCO,PRODUCTION,LB,3600000
1997,NORTH CAROLINA,Madison,WOOL,PRODUCTION,LB,4956
1997,NORTH CAROLINA,Madison,WOOL,PRODUCTION,OPERATIONS,21
1997,NORTH CAROLINA,Martin,CORN,PRODUCTION,BU,703449
1997,NORTH CAROLINA,Martin,CORN,PRODUCTION,BU,790000
1997,NORTH CAROLINA,Martin,COTTON,PRODUCTION,BALES,52249
1997,NORTH CAROLINA,Martin,COTTON,PRODUCTION,480 LB BALES,52000
1997,NORTH CAROLINA,Martin,HAY,PRODUCTION,TONS,NA
1997,NORTH CAROLINA,Martin,HAY,PRODUCTION,TONS,1000
1997,NORTH CAROLINA,Martin,PEANUTS,PRODUCTION,LB,41363617
1997,NORTH CAROLINA,Martin,PEANUTS,PRODUCTION,LB,42550000
1997,NORTH CAROLINA,Martin,SOYBEANS,PRODUCTION,BU,252171
1997,NORTH CAROLINA,Martin,SOYBEANS,PRODUCTION,BU,270000
1997,NORTH CAROLINA,Martin,SWEET POTATOES,PRODUCTION,CWT,1045
1997,NORTH CAROLINA,Martin,TOBACCO,PRODUCTION,LB,12910512
1997,NORTH CAROLINA,Martin,TOBACCO,PRODUCTION,LB,14023000
1997,NORTH CAROLINA,Martin,WHEAT,PRODUCTION,BU,147730
1997,NORTH CAROLINA,Martin,WHEAT,PRODUCTION,BU,184000
1997,NORTH CAROLINA,Martin,WHEAT,PRODUCTION,BU,184000
1997,NORTH CAROLINA,Mcdowell,CORN,PRODUCTION,BU,55288
1997,NORTH CAROLINA,Mcdowell,CORN,PRODUCTION,TONS,11064
1997,NORTH CAROLINA,Mcdowell,CORN,PRODUCTION,BU,54000
1997,NORTH CAROLINA,Mcdowell,CORN,PRODUCTION,TONS,9500
1997,NORTH CAROLINA,Mcdowell,HAY,PRODUCTION,TONS,495
1997,NORTH CAROLINA,Mcdowell,HAY,PRODUCTION,TONS,151
1997,NORTH CAROLINA,Mcdowell,HAY,PRODUCTION,TONS,5853
1997,NORTH CAROLINA,Mcdowell,HAY,PRODUCTION,TONS,42
1997,NORTH CAROLINA,Mcdowell,HAY,PRODUCTION,TONS,7200
1997,NORTH CAROLINA,Mcdowell,HAYLAGE,PRODUCTION,TONS,203
1997,NORTH CAROLINA,Mcdowell,POTATOES,PRODUCTION,CWT,92
1997,NORTH CAROLINA,Mcdowell,SOYBEANS,PRODUCTION,BU,NA
1997,NORTH CAROLINA,Mcdowell,TOBACCO,PRODUCTION,LB,11250
1997,NORTH CAROLINA,Mcdowell,TOBACCO,PRODUCTION,LB,15000
1997,NORTH CAROLINA,Mecklenburg,BARLEY,PRODUCTION,BU,6640
1997,NORTH CAROLINA,Mecklenburg,BARLEY,PRODUCTION,BU,12500
1997,NORTH CAROLINA,Mecklenburg,CORN,PRODUCTION,BU,26041
1997,NORTH CAROLINA,Mecklenburg,CORN,PRODUCTION,TONS,8994
1997,NORTH CAROLINA,Mecklenburg,CORN,PRODUCTION,BU,25000
1997,NORTH CAROLINA,Mecklenburg,CORN,PRODUCTION,TONS,9500
1997,NORTH CAROLINA,Mecklenburg,GRASSES,PRODUCTION,LB,NA
1997,NORTH CAROLINA,Mecklenburg,HAY,PRODUCTION,TONS,523
1997,NORTH CAROLINA,Mecklenburg,HAY,PRODUCTION,TONS,2237
1997,NORTH CAROLINA,Mecklenburg,HAY,PRODUCTION,TONS,6405
1997,NORTH CAROLINA,Mecklenburg,HAY,PRODUCTION,TONS,NA
1997,NORTH CAROLINA,Mecklenburg,HAY,PRODUCTION,TONS,10200
1997,NORTH CAROLINA,Mecklenburg,HAYLAGE,PRODUCTION,TONS,NA
1997,NORTH CAROLINA,Mecklenburg,OATS,PRODUCTION,BU,1050
1997,NORTH CAROLINA,Mecklenburg,SOYBEANS,PRODUCTION,BU,26488
1997,NORTH CAROLINA,Mecklenburg,SOYBEANS,PRODUCTION,BU,23000
1997,NORTH CAROLINA,Mecklenburg,WHEAT,PRODUCTION,BU,81759
1997,NORTH CAROLINA,Mecklenburg,WHEAT,PRODUCTION,BU,95000
1997,NORTH CAROLINA,Mecklenburg,WHEAT,PRODUCTION,BU,95000
1997,NORTH CAROLINA,Mecklenburg,WOOL,PRODUCTION,LB,NA
1997,NORTH CAROLINA,Mecklenburg,WOOL,PRODUCTION,OPERATIONS,4
1997,NORTH CAROLINA,Mitchell,CORN,PRODUCTION,BU,5865
1997,NORTH CAROLINA,Mitchell,HAY,PRODUCTION,TONS,137
1997,NORTH CAROLINA,Mitchell,HAY,PRODUCTION,TONS,20
1997,NORTH CAROLINA,Mitchell,HAY,PRODUCTION,TONS,4498
1997,NORTH CAROLINA,Mitchell,HAY,PRODUCTION,TONS,488
1997,NORTH CAROLINA,Mitchell,HAY,PRODUCTION,TONS,6000
1997,NORTH CAROLINA,Mitchell,HAYLAGE,PRODUCTION,TONS,14
1997,NORTH CAROLINA,Mitchell,POTATOES,PRODUCTION,CWT,697
1997,NORTH CAROLINA,Mitchell,TOBACCO,PRODUCTION,LB,591852
1997,NORTH CAROLINA,Mitchell,TOBACCO,PRODUCTION,LB,600000
1997,NORTH CAROLINA,Mitchell,WOOL,PRODUCTION,LB,372
1997,NORTH CAROLINA,Mitchell,WOOL,PRODUCTION,OPERATIONS,4
1997,NORTH CAROLINA,Montgomery,CORN,PRODUCTION,BU,61397
1997,NORTH CAROLINA,Montgomery,CORN,PRODUCTION,BU,108000
1997,NORTH CAROLINA,Montgomery,COTTON,PRODUCTION,480 LB BALES,400
1997,NORTH CAROLINA,Montgomery,HAY,PRODUCTION,TONS,347
1997,NORTH CAROLINA,Montgomery,HAY,PRODUCTION,TONS,5895
1997,NORTH CAROLINA,Montgomery,HAY,PRODUCTION,TONS,78
1997,NORTH CAROLINA,Montgomery,HAY,PRODUCTION,TONS,6900
1997,NORTH CAROLINA,Montgomery,SORGHUM,PRODUCTION,BU,4200
1997,NORTH CAROLINA,Montgomery,SOYBEANS,PRODUCTION,BU,12935
1997,NORTH CAROLINA,Montgomery,SOYBEANS,PRODUCTION,BU,70000
1997,NORTH CAROLINA,Montgomery,SWEET POTATOES,PRODUCTION,CWT,2662
1997,NORTH CAROLINA,Montgomery,TOBACCO,PRODUCTION,LB,860423
1997,NORTH CAROLINA,Montgomery,TOBACCO,PRODUCTION,LB,1147000
1997,NORTH CAROLINA,Montgomery,WHEAT,PRODUCTION,BU,9020
1997,NORTH CAROLINA,Montgomery,WHEAT,PRODUCTION,BU,25000
1997,NORTH CAROLINA,Montgomery,WHEAT,PRODUCTION,BU,25000
1997,NORTH CAROLINA,Moore,BARLEY,PRODUCTION,BU,3200
1997,NORTH CAROLINA,Moore,CORN,PRODUCTION,BU,137408
1997,NORTH CAROLINA,Moore,CORN,PRODUCTION,BU,135000
1997,NORTH CAROLINA,Moore,COTTON,PRODUCTION,BALES,NA
1997,NORTH CAROLINA,Moore,COTTON,PRODUCTION,480 LB BALES,350
1997,NORTH CAROLINA,Moore,HAY,PRODUCTION,TONS,1726
1997,NORTH CAROLINA,Moore,HAY,PRODUCTION,TONS,10105
1997,NORTH CAROLINA,Moore,HAY,PRODUCTION,TONS,325
1997,NORTH CAROLINA,Moore,HAY,PRODUCTION,TONS,12500
1997,NORTH CAROLINA,Moore,HAYLAGE,PRODUCTION,TONS,NA
1997,NORTH CAROLINA,Moore,OATS,PRODUCTION,BU,14739
1997,NORTH CAROLINA,Moore,OATS,PRODUCTION,BU,16000
1997,NORTH CAROLINA,Moore,RYE,PRODUCTION,BU,16908
1997,NORTH CAROLINA,Moore,SORGHUM,PRODUCTION,BU,NA
1997,NORTH CAROLINA,Moore,SORGHUM,PRODUCTION,BU,7600
1997,NORTH CAROLINA,Moore,SOYBEANS,PRODUCTION,BU,60991
1997,NORTH CAROLINA,Moore,SOYBEANS,PRODUCTION,BU,68000
1997,NORTH CAROLINA,Moore,SWEET POTATOES,PRODUCTION,CWT,12641
1997,NORTH CAROLINA,Moore,TOBACCO,PRODUCTION,LB,8054343
1997,NORTH CAROLINA,Moore,TOBACCO,PRODUCTION,LB,7683000
1997,NORTH CAROLINA,Moore,WHEAT,PRODUCTION,BU,114035
1997,NORTH CAROLINA,Moore,WHEAT,PRODUCTION,BU,130000
1997,NORTH CAROLINA,Moore,WHEAT,PRODUCTION,BU,130000
1997,NORTH CAROLINA,Moore,WOOL,PRODUCTION,LB,1497
1997,NORTH CAROLINA,Moore,WOOL,PRODUCTION,OPERATIONS,7
1997,NORTH CAROLINA,Nash,BARLEY,PRODUCTION,BU,1400
1997,NORTH CAROLINA,Nash,CORN,PRODUCTION,BU,224734
1997,NORTH CAROLINA,Nash,CORN,PRODUCTION,BU,280000
1997,NORTH CAROLINA,Nash,COTTON,PRODUCTION,BALES,26236
1997,NORTH CAROLINA,Nash,COTTON,PRODUCTION,480 LB BALES,26500
1997,NORTH CAROLINA,Nash,HAY,PRODUCTION,TONS,61
1997,NORTH CAROLINA,Nash,HAY,PRODUCTION,TONS,502
1997,NORTH CAROLINA,Nash,HAY,PRODUCTION,TONS,9451
1997,NORTH CAROLINA,Nash,HAY,PRODUCTION,TONS,86
1997,NORTH CAROLINA,Nash,HAY,PRODUCTION,TONS,14500
1997,NORTH CAROLINA,Nash,HAYLAGE,PRODUCTION,TONS,1080
1997,NORTH CAROLINA,Nash,OATS,PRODUCTION,BU,39220
1997,NORTH CAROLINA,Nash,OATS,PRODUCTION,BU,42000
1997,NORTH CAROLINA,Nash,PEANUTS,PRODUCTION,LB,6758667
1997,NORTH CAROLINA,Nash,PEANUTS,PRODUCTION,LB,6602000
1997,NORTH CAROLINA,Nash,SORGHUM,PRODUCTION,BU,12200
1997,NORTH CAROLINA,Nash,SOYBEANS,PRODUCTION,BU,631678
1997,NORTH CAROLINA,Nash,SOYBEANS,PRODUCTION,BU,740000
1997,NORTH CAROLINA,Nash,SWEET POTATOES,PRODUCTION,CWT,1159804
1997,NORTH CAROLINA,Nash,SWEET POTATOES,PRODUCTION,CWT,1074000
1997,NORTH CAROLINA,Nash,TOBACCO,PRODUCTION,LB,31367920
1997,NORTH CAROLINA,Nash,TOBACCO,PRODUCTION,LB,31433000
1997,NORTH CAROLINA,Nash,WHEAT,PRODUCTION,BU,426325
1997,NORTH CAROLINA,Nash,WHEAT,PRODUCTION,BU,475000
1997,NORTH CAROLINA,Nash,WHEAT,PRODUCTION,BU,475000
1997,NORTH CAROLINA,Nash,WOOL,PRODUCTION,LB,NA
1997,NORTH CAROLINA,Nash,WOOL,PRODUCTION,OPERATIONS,1
1997,NORTH CAROLINA,New Hanover,CORN,PRODUCTION,BU,106570
1997,NORTH CAROLINA,New Hanover,CORN,PRODUCTION,BU,114000
1997,NORTH CAROLINA,New Hanover,HAY,PRODUCTION,TONS,NA
1997,NORTH CAROLINA,New Hanover,SOYBEANS,PRODUCTION,BU,46986
1997,NORTH CAROLINA,New Hanover,SOYBEANS,PRODUCTION,BU,60000
1997,NORTH CAROLINA,New Hanover,TOBACCO,PRODUCTION,LB,140000
1997,NORTH CAROLINA,Northampton,CORN,PRODUCTION,BU,392443
1997,NORTH CAROLINA,Northampton,CORN,PRODUCTION,TONS,1061
1997,NORTH CAROLINA,Northampton,CORN,PRODUCTION,BU,425000
1997,NORTH CAROLINA,Northampton,COTTON,PRODUCTION,BALES,69406
1997,NORTH CAROLINA,Northampton,COTTON,PRODUCTION,480 LB BALES,66000
1997,NORTH CAROLINA,Northampton,HAY,PRODUCTION,TONS,NA
1997,NORTH CAROLINA,Northampton,HAY,PRODUCTION,TONS,3500
1997,NORTH CAROLINA,Northampton,PEANUTS,PRODUCTION,LB,54917367
1997,NORTH CAROLINA,Northampton,PEANUTS,PRODUCTION,LB,52020000
1997,NORTH CAROLINA,Northampton,SORGHUM,PRODUCTION,BU,18227
1997,NORTH CAROLINA,Northampton,SORGHUM,PRODUCTION,BU,20300
1997,NORTH CAROLINA,Northampton,SOYBEANS,PRODUCTION,BU,213305
1997,NORTH CAROLINA,Northampton,SOYBEANS,PRODUCTION,BU,252000
1997,NORTH CAROLINA,Northampton,TOBACCO,PRODUCTION,LB,653320
1997,NORTH CAROLINA,Northampton,TOBACCO,PRODUCTION,LB,635000
1997,NORTH CAROLINA,Northampton,WHEAT,PRODUCTION,BU,134984
1997,NORTH CAROLINA,Northampton,WHEAT,PRODUCTION,BU,130000
1997,NORTH CAROLINA,Northampton,WHEAT,PRODUCTION,BU,130000
1997,NORTH CAROLINA,Northampton,WOOL,PRODUCTION,LB,NA
1997,NORTH CAROLINA,Northampton,WOOL,PRODUCTION,OPERATIONS,1
1997,NORTH CAROLINA,Onslow,CORN,PRODUCTION,BU,986887
1997,NORTH CAROLINA,Onslow,CORN,PRODUCTION,BU,1050000
1997,NORTH CAROLINA,Onslow,COTTON,PRODUCTION,BALES,5557
1997,NORTH CAROLINA,Onslow,COTTON,PRODUCTION,480 LB BALES,6200
1997,NORTH CAROLINA,Onslow,HAY,PRODUCTION,TONS,431
1997,NORTH CAROLINA,Onslow,HAY,PRODUCTION,TONS,4628
1997,NORTH CAROLINA,Onslow,HAY,PRODUCTION,TONS,5500
1997,NORTH CAROLINA,Onslow,OATS,PRODUCTION,BU,1147
1997,NORTH CAROLINA,Onslow,SORGHUM,PRODUCTION,BU,2800
1997,NORTH CAROLINA,Onslow,SOYBEANS,PRODUCTION,BU,342315
1997,NORTH CAROLINA,Onslow,SOYBEANS,PRODUCTION,BU,329000
1997,NORTH CAROLINA,Onslow,SWEET POTATOES,PRODUCTION,CWT,5788
1997,NORTH CAROLINA,Onslow,TOBACCO,PRODUCTION,LB,7594624
1997,NORTH CAROLINA,Onslow,TOBACCO,PRODUCTION,LB,8388000
1997,NORTH CAROLINA,Onslow,WHEAT,PRODUCTION,BU,144202
1997,NORTH CAROLINA,Onslow,WHEAT,PRODUCTION,BU,212000
1997,NORTH CAROLINA,Onslow,WHEAT,PRODUCTION,BU,212000
1997,NORTH CAROLINA,Orange,BARLEY,PRODUCTION,BU,19755
1997,NORTH CAROLINA,Orange,BARLEY,PRODUCTION,BU,24900
1997,NORTH CAROLINA,Orange,CORN,PRODUCTION,BU,118711
1997,NORTH CAROLINA,Orange,CORN,PRODUCTION,TONS,25808
1997,NORTH CAROLINA,Orange,CORN,PRODUCTION,BU,140000
1997,NORTH CAROLINA,Orange,CORN,PRODUCTION,TONS,31000
1997,NORTH CAROLINA,Orange,HAY,PRODUCTION,TONS,316
1997,NORTH CAROLINA,Orange,HAY,PRODUCTION,TONS,3864
1997,NORTH CAROLINA,Orange,HAY,PRODUCTION,TONS,16109
1997,NORTH CAROLINA,Orange,HAY,PRODUCTION,TONS,500
1997,NORTH CAROLINA,Orange,HAY,PRODUCTION,TONS,24200
1997,NORTH CAROLINA,Orange,HAYLAGE,PRODUCTION,TONS,1472
1997,NORTH CAROLINA,Orange,OATS,PRODUCTION,BU,15466
1997,NORTH CAROLINA,Orange,OATS,PRODUCTION,BU,17000
1997,NORTH CAROLINA,Orange,SORGHUM,PRODUCTION,BU,1208
1997,NORTH CAROLINA,Orange,SOYBEANS,PRODUCTION,BU,59176
1997,NORTH CAROLINA,Orange,SOYBEANS,PRODUCTION,BU,66000
1997,NORTH CAROLINA,Orange,TOBACCO,PRODUCTION,LB,3778885
1997,NORTH CAROLINA,Orange,TOBACCO,PRODUCTION,LB,4100000
1997,NORTH CAROLINA,Orange,WHEAT,PRODUCTION,BU,91084
1997,NORTH CAROLINA,Orange,WHEAT,PRODUCTION,BU,120000
1997,NORTH CAROLINA,Orange,WHEAT,PRODUCTION,BU,120000
1997,NORTH CAROLINA,Orange,WOOL,PRODUCTION,LB,4009
1997,NORTH CAROLINA,Orange,WOOL,PRODUCTION,OPERATIONS,18
1997,NORTH CAROLINA,Pamlico,CORN,PRODUCTION,BU,1330639
1997,NORTH CAROLINA,Pamlico,CORN,PRODUCTION,BU,1240000
1997,NORTH CAROLINA,Pamlico,COTTON,PRODUCTION,BALES,10356
1997,NORTH CAROLINA,Pamlico,COTTON,PRODUCTION,480 LB BALES,7000
1997,NORTH CAROLINA,Pamlico,HAY,PRODUCTION,TONS,NA
1997,NORTH CAROLINA,Pamlico,HAY,PRODUCTION,TONS,800
1997,NORTH CAROLINA,Pamlico,POTATOES,PRODUCTION,CWT,516524
1997,NORTH CAROLINA,Pamlico,POTATOES,PRODUCTION,CWT,503500
1997,NORTH CAROLINA,Pamlico,SOYBEANS,PRODUCTION,BU,769470
1997,NORTH CAROLINA,Pamlico,SOYBEANS,PRODUCTION,BU,750000
1997,NORTH CAROLINA,Pamlico,TOBACCO,PRODUCTION,LB,1037278
1997,NORTH CAROLINA,Pamlico,TOBACCO,PRODUCTION,LB,1146000
1997,NORTH CAROLINA,Pamlico,WHEAT,PRODUCTION,BU,634955
1997,NORTH CAROLINA,Pamlico,WHEAT,PRODUCTION,BU,664000
1997,NORTH CAROLINA,Pamlico,WHEAT,PRODUCTION,BU,664000
1997,NORTH CAROLINA,Pasquotank,CORN,PRODUCTION,BU,2394621
1997,NORTH CAROLINA,Pasquotank,CORN,PRODUCTION,BU,2295000
1997,NORTH CAROLINA,Pasquotank,COTTON,PRODUCTION,BALES,4766
1997,NORTH CAROLINA,Pasquotank,COTTON,PRODUCTION,480 LB BALES,4200
1997,NORTH CAROLINA,Pasquotank,HAY,PRODUCTION,TONS,NA
1997,NORTH CAROLINA,Pasquotank,OATS,PRODUCTION,BU,NA
1997,NORTH CAROLINA,Pasquotank,OATS,PRODUCTION,BU,8000
1997,NORTH CAROLINA,Pasquotank,PEANUTS,PRODUCTION,LB,332172
1997,NORTH CAROLINA,Pasquotank,PEANUTS,PRODUCTION,LB,248000
1997,NORTH CAROLINA,Pasquotank,POTATOES,PRODUCTION,CWT,862141
1997,NORTH CAROLINA,Pasquotank,POTATOES,PRODUCTION,CWT,844000
1997,NORTH CAROLINA,Pasquotank,SORGHUM,PRODUCTION,BU,69065
1997,NORTH CAROLINA,Pasquotank,SORGHUM,PRODUCTION,BU,73000
1997,NORTH CAROLINA,Pasquotank,SOYBEANS,PRODUCTION,BU,1354164
1997,NORTH CAROLINA,Pasquotank,SOYBEANS,PRODUCTION,BU,1457000
1997,NORTH CAROLINA,Pasquotank,SWEET POTATOES,PRODUCTION,CWT,1078
1997,NORTH CAROLINA,Pasquotank,WHEAT,PRODUCTION,BU,1196782
1997,NORTH CAROLINA,Pasquotank,WHEAT,PRODUCTION,BU,1200000
1997,NORTH CAROLINA,Pasquotank,WHEAT,PRODUCTION,BU,1200000
1997,NORTH CAROLINA,Pasquotank,WOOL,PRODUCTION,LB,NA
1997,NORTH CAROLINA,Pasquotank,WOOL,PRODUCTION,OPERATIONS,3
1997,NORTH CAROLINA,Pender,CORN,PRODUCTION,BU,1102109
1997,NORTH CAROLINA,Pender,CORN,PRODUCTION,BU,1110000
1997,NORTH CAROLINA,Pender,COTTON,PRODUCTION,480 LB BALES,700
1997,NORTH CAROLINA,Pender,HAY,PRODUCTION,TONS,291
1997,NORTH CAROLINA,Pender,HAY,PRODUCTION,TONS,3366
1997,NORTH CAROLINA,Pender,HAY,PRODUCTION,TONS,4200
1997,NORTH CAROLINA,Pender,PEANUTS,PRODUCTION,LB,360000
1997,NORTH CAROLINA,Pender,SORGHUM,PRODUCTION,BU,8250
1997,NORTH CAROLINA,Pender,SOYBEANS,PRODUCTION,BU,458489
1997,NORTH CAROLINA,Pender,SOYBEANS,PRODUCTION,BU,398000
1997,NORTH CAROLINA,Pender,TOBACCO,PRODUCTION,LB,4126163
1997,NORTH CAROLINA,Pender,TOBACCO,PRODUCTION,LB,4747000
1997,NORTH CAROLINA,Pender,WHEAT,PRODUCTION,BU,229695
1997,NORTH CAROLINA,Pender,WHEAT,PRODUCTION,BU,264000
1997,NORTH CAROLINA,Pender,WHEAT,PRODUCTION,BU,264000
1997,NORTH CAROLINA,Pender,WOOL,PRODUCTION,LB,442
1997,NORTH CAROLINA,Pender,WOOL,PRODUCTION,OPERATIONS,3
1997,NORTH CAROLINA,Perquimans,BARLEY,PRODUCTION,BU,3500
1997,NORTH CAROLINA,Perquimans,CORN,PRODUCTION,BU,1778509
1997,NORTH CAROLINA,Perquimans,CORN,PRODUCTION,BU,2015000
1997,NORTH CAROLINA,Perquimans,COTTON,PRODUCTION,BALES,18162
1997,NORTH CAROLINA,Perquimans,COTTON,PRODUCTION,480 LB BALES,17000
1997,NORTH CAROLINA,Perquimans,HAY,PRODUCTION,TONS,72
1997,NORTH CAROLINA,Perquimans,HAY,PRODUCTION,TONS,225
1997,NORTH CAROLINA,Perquimans,HAY,PRODUCTION,TONS,500
1997,NORTH CAROLINA,Perquimans,OATS,PRODUCTION,BU,9176
1997,NORTH CAROLINA,Perquimans,OATS,PRODUCTION,BU,9000
1997,NORTH CAROLINA,Perquimans,PEANUTS,PRODUCTION,LB,7496175
1997,NORTH CAROLINA,Perquimans,PEANUTS,PRODUCTION,LB,7840000
1997,NORTH CAROLINA,Perquimans,SORGHUM,PRODUCTION,BU,NA
1997,NORTH CAROLINA,Perquimans,SORGHUM,PRODUCTION,BU,6100
1997,NORTH CAROLINA,Perquimans,SOYBEANS,PRODUCTION,BU,1004743
1997,NORTH CAROLINA,Perquimans,SOYBEANS,PRODUCTION,BU,1036000
1997,NORTH CAROLINA,Perquimans,WHEAT,PRODUCTION,BU,612595
1997,NORTH CAROLINA,Perquimans,WHEAT,PRODUCTION,BU,627000
1997,NORTH CAROLINA,Perquimans,WHEAT,PRODUCTION,BU,627000
1997,NORTH CAROLINA,Perquimans,WOOL,PRODUCTION,LB,NA
1997,NORTH CAROLINA,Perquimans,WOOL,PRODUCTION,OPERATIONS,3
1997,NORTH CAROLINA,Person,BARLEY,PRODUCTION,BU,9300
1997,NORTH CAROLINA,Person,CORN,PRODUCTION,BU,244650
1997,NORTH CAROLINA,Person,CORN,PRODUCTION,TONS,8892
1997,NORTH CAROLINA,Person,CORN,PRODUCTION,BU,246000
1997,NORTH CAROLINA,Person,CORN,PRODUCTION,TONS,9000
1997,NORTH CAROLINA,Person,HAY,PRODUCTION,TONS,351
1997,NORTH CAROLINA,Person,HAY,PRODUCTION,TONS,2555
1997,NORTH CAROLINA,Person,HAY,PRODUCTION,TONS,11664
1997,NORTH CAROLINA,Person,HAY,PRODUCTION,TONS,256
1997,NORTH CAROLINA,Person,HAY,PRODUCTION,TONS,16900
1997,NORTH CAROLINA,Person,HAYLAGE,PRODUCTION,TONS,574
1997,NORTH CAROLINA,Person,OATS,PRODUCTION,BU,20342
1997,NORTH CAROLINA,Person,OATS,PRODUCTION,BU,24000
1997,NORTH CAROLINA,Person,POTATOES,PRODUCTION,CWT,78
1997,NORTH CAROLINA,Person,SORGHUM,PRODUCTION,BU,14290
1997,NORTH CAROLINA,Person,SORGHUM,PRODUCTION,BU,20000
1997,NORTH CAROLINA,Person,SOYBEANS,PRODUCTION,BU,167446
1997,NORTH CAROLINA,Person,SOYBEANS,PRODUCTION,BU,168000
1997,NORTH CAROLINA,Person,TOBACCO,PRODUCTION,LB,13615212
1997,NORTH CAROLINA,Person,TOBACCO,PRODUCTION,LB,13385000
1997,NORTH CAROLINA,Person,WHEAT,PRODUCTION,BU,322576
1997,NORTH CAROLINA,Person,WHEAT,PRODUCTION,BU,360000
1997,NORTH CAROLINA,Person,WHEAT,PRODUCTION,BU,360000
1997,NORTH CAROLINA,Person,WOOL,PRODUCTION,LB,NA
1997,NORTH CAROLINA,Person,WOOL,PRODUCTION,OPERATIONS,4
1997,NORTH CAROLINA,Pitt,BARLEY,PRODUCTION,BU,10500
1997,NORTH CAROLINA,Pitt,CORN,PRODUCTION,BU,1951449
1997,NORTH CAROLINA,Pitt,CORN,PRODUCTION,BU,2025000
1997,NORTH CAROLINA,Pitt,COTTON,PRODUCTION,BALES,42829
1997,NORTH CAROLINA,Pitt,COTTON,PRODUCTION,480 LB BALES,42600
1997,NORTH CAROLINA,Pitt,HAY,PRODUCTION,TONS,931
1997,NORTH CAROLINA,Pitt,HAY,PRODUCTION,TONS,5865
1997,NORTH CAROLINA,Pitt,HAY,PRODUCTION,TONS,8400
1997,NORTH CAROLINA,Pitt,HAYLAGE,PRODUCTION,TONS,NA
1997,NORTH CAROLINA,Pitt,OATS,PRODUCTION,BU,55283
1997,NORTH CAROLINA,Pitt,OATS,PRODUCTION,BU,63000
1997,NORTH CAROLINA,Pitt,PEANUTS,PRODUCTION,LB,10539514
1997,NORTH CAROLINA,Pitt,PEANUTS,PRODUCTION,LB,11630000
1997,NORTH CAROLINA,Pitt,POTATOES,PRODUCTION,CWT,1204
1997,NORTH CAROLINA,Pitt,SOYBEANS,PRODUCTION,BU,1205975
1997,NORTH CAROLINA,Pitt,SOYBEANS,PRODUCTION,BU,1295000
1997,NORTH CAROLINA,Pitt,SWEET POTATOES,PRODUCTION,CWT,5555
1997,NORTH CAROLINA,Pitt,TOBACCO,PRODUCTION,LB,38192850
1997,NORTH CAROLINA,Pitt,TOBACCO,PRODUCTION,LB,41100000
1997,NORTH CAROLINA,Pitt,WHEAT,PRODUCTION,BU,1031145
1997,NORTH CAROLINA,Pitt,WHEAT,PRODUCTION,BU,1244000
1997,NORTH CAROLINA,Pitt,WHEAT,PRODUCTION,BU,1244000
1997,NORTH CAROLINA,Pitt,WOOL,PRODUCTION,LB,2218
1997,NORTH CAROLINA,Pitt,WOOL,PRODUCTION,OPERATIONS,8
1997,NORTH CAROLINA,Polk,BARLEY,PRODUCTION,BU,2000
1997,NORTH CAROLINA,Polk,CORN,PRODUCTION,BU,3820
1997,NORTH CAROLINA,Polk,CORN,PRODUCTION,TONS,1840
1997,NORTH CAROLINA,Polk,CORN,PRODUCTION,TONS,3000
1997,NORTH CAROLINA,Polk,HAY,PRODUCTION,TONS,646
1997,NORTH CAROLINA,Polk,HAY,PRODUCTION,TONS,NA
1997,NORTH CAROLINA,Polk,HAY,PRODUCTION,TONS,6476
1997,NORTH CAROLINA,Polk,HAY,PRODUCTION,TONS,245
1997,NORTH CAROLINA,Polk,HAY,PRODUCTION,TONS,8100
1997,NORTH CAROLINA,Polk,HAYLAGE,PRODUCTION,TONS,NA
1997,NORTH CAROLINA,Polk,OATS,PRODUCTION,BU,2365
1997,NORTH CAROLINA,Polk,OATS,PRODUCTION,BU,3000
1997,NORTH CAROLINA,Polk,SOYBEANS,PRODUCTION,BU,10000
1997,NORTH CAROLINA,Polk,WHEAT,PRODUCTION,BU,13741
1997,NORTH CAROLINA,Randolph,BARLEY,PRODUCTION,BU,18430
1997,NORTH CAROLINA,Randolph,BARLEY,PRODUCTION,BU,19500
1997,NORTH CAROLINA,Randolph,CORN,PRODUCTION,BU,418214
1997,NORTH CAROLINA,Randolph,CORN,PRODUCTION,TONS,39781
1997,NORTH CAROLINA,Randolph,CORN,PRODUCTION,BU,502000
1997,NORTH CAROLINA,Randolph,CORN,PRODUCTION,TONS,50000
1997,NORTH CAROLINA,Randolph,GRASSES,PRODUCTION,LB,36350
1997,NORTH CAROLINA,Randolph,HAY,PRODUCTION,TONS,867
1997,NORTH CAROLINA,Randolph,HAY,PRODUCTION,TONS,5939
1997,NORTH CAROLINA,Randolph,HAY,PRODUCTION,TONS,33437
1997,NORTH CAROLINA,Randolph,HAY,PRODUCTION,TONS,955
1997,NORTH CAROLINA,Randolph,HAY,PRODUCTION,TONS,45200
1997,NORTH CAROLINA,Randolph,HAYLAGE,PRODUCTION,TONS,9717
1997,NORTH CAROLINA,Randolph,OATS,PRODUCTION,BU,28386
1997,NORTH CAROLINA,Randolph,OATS,PRODUCTION,BU,28000
1997,NORTH CAROLINA,Randolph,RYE,PRODUCTION,BU,2270
1997,NORTH CAROLINA,Randolph,SORGHUM,PRODUCTION,BU,4700
1997,NORTH CAROLINA,Randolph,SOYBEANS,PRODUCTION,BU,158794
1997,NORTH CAROLINA,Randolph,SOYBEANS,PRODUCTION,BU,172000
1997,NORTH CAROLINA,Randolph,TOBACCO,PRODUCTION,LB,3079428
1997,NORTH CAROLINA,Randolph,TOBACCO,PRODUCTION,LB,3440000
1997,NORTH CAROLINA,Randolph,WHEAT,PRODUCTION,BU,154419
1997,NORTH CAROLINA,Randolph,WHEAT,PRODUCTION,BU,188000
1997,NORTH CAROLINA,Randolph,WHEAT,PRODUCTION,BU,188000
1997,NORTH CAROLINA,Randolph,WOOL,PRODUCTION,LB,1117
1997,NORTH CAROLINA,Randolph,WOOL,PRODUCTION,OPERATIONS,6
1997,NORTH CAROLINA,Richmond,CORN,PRODUCTION,BU,139342
1997,NORTH CAROLINA,Richmond,CORN,PRODUCTION,BU,115000
1997,NORTH CAROLINA,Richmond,COTTON,PRODUCTION,BALES,NA
1997,NORTH CAROLINA,Richmond,COTTON,PRODUCTION,480 LB BALES,4900
1997,NORTH CAROLINA,Richmond,HAY,PRODUCTION,TONS,887
1997,NORTH CAROLINA,Richmond,HAY,PRODUCTION,TONS,5687
1997,NORTH CAROLINA,Richmond,HAY,PRODUCTION,TONS,111
1997,NORTH CAROLINA,Richmond,HAY,PRODUCTION,TONS,7300
1997,NORTH CAROLINA,Richmond,OATS,PRODUCTION,BU,4766
1997,NORTH CAROLINA,Richmond,OATS,PRODUCTION,BU,6000
1997,NORTH CAROLINA,Richmond,RYE,PRODUCTION,BU,18048
1997,NORTH CAROLINA,Richmond,SOYBEANS,PRODUCTION,BU,71823
1997,NORTH CAROLINA,Richmond,SOYBEANS,PRODUCTION,BU,93000
1997,NORTH CAROLINA,Richmond,SWEET POTATOES,PRODUCTION,CWT,12265
1997,NORTH CAROLINA,Richmond,TOBACCO,PRODUCTION,LB,2651680
1997,NORTH CAROLINA,Richmond,TOBACCO,PRODUCTION,LB,2791000
1997,NORTH CAROLINA,Richmond,WHEAT,PRODUCTION,BU,89823
1997,NORTH CAROLINA,Richmond,WHEAT,PRODUCTION,BU,125000
1997,NORTH CAROLINA,Richmond,WHEAT,PRODUCTION,BU,125000
1997,NORTH CAROLINA,Richmond,WOOL,PRODUCTION,LB,NA
1997,NORTH CAROLINA,Richmond,WOOL,PRODUCTION,OPERATIONS,1
1997,NORTH CAROLINA,Robeson,BARLEY,PRODUCTION,BU,4000
1997,NORTH CAROLINA,Robeson,CORN,PRODUCTION,BU,3731986
1997,NORTH CAROLINA,Robeson,CORN,PRODUCTION,BU,3720000
1997,NORTH CAROLINA,Robeson,CORN,PRODUCTION,TONS,2000
1997,NORTH CAROLINA,Robeson,COTTON,PRODUCTION,BALES,40587
1997,NORTH CAROLINA,Robeson,COTTON,PRODUCTION,480 LB BALES,37400
1997,NORTH CAROLINA,Robeson,HAY,PRODUCTION,TONS,NA
1997,NORTH CAROLINA,Robeson,HAY,PRODUCTION,TONS,1228
1997,NORTH CAROLINA,Robeson,HAY,PRODUCTION,TONS,16955
1997,NORTH CAROLINA,Robeson,HAY,PRODUCTION,TONS,97
1997,NORTH CAROLINA,Robeson,HAY,PRODUCTION,TONS,17600
1997,NORTH CAROLINA,Robeson,OATS,PRODUCTION,BU,37775
1997,NORTH CAROLINA,Robeson,OATS,PRODUCTION,BU,51000
1997,NORTH CAROLINA,Robeson,PEANUTS,PRODUCTION,LB,264770
1997,NORTH CAROLINA,Robeson,PEANUTS,PRODUCTION,LB,309000
1997,NORTH CAROLINA,Robeson,POTATOES,PRODUCTION,CWT,1140
1997,NORTH CAROLINA,Robeson,RYE,PRODUCTION,BU,2220
1997,NORTH CAROLINA,Robeson,SORGHUM,PRODUCTION,BU,10000
1997,NORTH CAROLINA,Robeson,SOYBEANS,PRODUCTION,BU,2029608
1997,NORTH CAROLINA,Robeson,SOYBEANS,PRODUCTION,BU,2434000
1997,NORTH CAROLINA,Robeson,SWEET POTATOES,PRODUCTION,CWT,534
1997,NORTH CAROLINA,Robeson,TOBACCO,PRODUCTION,LB,36556026
1997,NORTH CAROLINA,Robeson,TOBACCO,PRODUCTION,LB,36800000
1997,NORTH CAROLINA,Robeson,WHEAT,PRODUCTION,BU,1942677
1997,NORTH CAROLINA,Robeson,WHEAT,PRODUCTION,BU,2085000
1997,NORTH CAROLINA,Robeson,WHEAT,PRODUCTION,BU,2085000
1997,NORTH CAROLINA,Robeson,WOOL,PRODUCTION,LB,NA
1997,NORTH CAROLINA,Robeson,WOOL,PRODUCTION,OPERATIONS,3
1997,NORTH CAROLINA,Rockingham,BARLEY,PRODUCTION,BU,NA
1997,NORTH CAROLINA,Rockingham,BARLEY,PRODUCTION,BU,16200
1997,NORTH CAROLINA,Rockingham,CORN,PRODUCTION,BU,128618
1997,NORTH CAROLINA,Rockingham,CORN,PRODUCTION,TONS,10900
1997,NORTH CAROLINA,Rockingham,CORN,PRODUCTION,BU,145000
1997,NORTH CAROLINA,Rockingham,CORN,PRODUCTION,TONS,13000
1997,NORTH CAROLINA,Rockingham,HAY,PRODUCTION,TONS,935
1997,NORTH CAROLINA,Rockingham,HAY,PRODUCTION,TONS,1688
1997,NORTH CAROLINA,Rockingham,HAY,PRODUCTION,TONS,15184
1997,NORTH CAROLINA,Rockingham,HAY,PRODUCTION,TONS,1099
1997,NORTH CAROLINA,Rockingham,HAY,PRODUCTION,TONS,20400
1997,NORTH CAROLINA,Rockingham,HAYLAGE,PRODUCTION,TONS,1106
1997,NORTH CAROLINA,Rockingham,OATS,PRODUCTION,BU,14846
1997,NORTH CAROLINA,Rockingham,OATS,PRODUCTION,BU,18000
1997,NORTH CAROLINA,Rockingham,POTATOES,PRODUCTION,CWT,5065
1997,NORTH CAROLINA,Rockingham,SORGHUM,PRODUCTION,BU,1480
1997,NORTH CAROLINA,Rockingham,SOYBEANS,PRODUCTION,BU,56190
1997,NORTH CAROLINA,Rockingham,SOYBEANS,PRODUCTION,BU,62000
1997,NORTH CAROLINA,Rockingham,SWEET POTATOES,PRODUCTION,CWT,1097
1997,NORTH CAROLINA,Rockingham,TOBACCO,PRODUCTION,LB,15881347
1997,NORTH CAROLINA,Rockingham,TOBACCO,PRODUCTION,LB,16275000
1997,NORTH CAROLINA,Rockingham,WHEAT,PRODUCTION,BU,230391
1997,NORTH CAROLINA,Rockingham,WHEAT,PRODUCTION,BU,284000
1997,NORTH CAROLINA,Rockingham,WHEAT,PRODUCTION,BU,284000
1997,NORTH CAROLINA,Rockingham,WOOL,PRODUCTION,LB,744
1997,NORTH CAROLINA,Rockingham,WOOL,PRODUCTION,OPERATIONS,6
1997,NORTH CAROLINA,Rowan,BARLEY,PRODUCTION,BU,120559
1997,NORTH CAROLINA,Rowan,BARLEY,PRODUCTION,BU,176900
1997,NORTH CAROLINA,Rowan,CORN,PRODUCTION,BU,462362
1997,NORTH CAROLINA,Rowan,CORN,PRODUCTION,TONS,37105
1997,NORTH CAROLINA,Rowan,CORN,PRODUCTION,BU,456000
1997,NORTH CAROLINA,Rowan,CORN,PRODUCTION,TONS,46000
1997,NORTH CAROLINA,Rowan,COTTON,PRODUCTION,480 LB BALES,1000
1997,NORTH CAROLINA,Rowan,GRASSES,PRODUCTION,LB,37600
1997,NORTH CAROLINA,Rowan,HAY,PRODUCTION,TONS,2172
1997,NORTH CAROLINA,Rowan,HAY,PRODUCTION,TONS,2472
1997,NORTH CAROLINA,Rowan,HAY,PRODUCTION,TONS,31660
1997,NORTH CAROLINA,Rowan,HAY,PRODUCTION,TONS,835
1997,NORTH CAROLINA,Rowan,HAY,PRODUCTION,TONS,40100
1997,NORTH CAROLINA,Rowan,HAYLAGE,PRODUCTION,TONS,3839
1997,NORTH CAROLINA,Rowan,OATS,PRODUCTION,BU,27344
1997,NORTH CAROLINA,Rowan,OATS,PRODUCTION,BU,27000
1997,NORTH CAROLINA,Rowan,SORGHUM,PRODUCTION,BU,2167
1997,NORTH CAROLINA,Rowan,SORGHUM,PRODUCTION,BU,2400
1997,NORTH CAROLINA,Rowan,SOYBEANS,PRODUCTION,BU,251556
1997,NORTH CAROLINA,Rowan,SOYBEANS,PRODUCTION,BU,302000
1997,NORTH CAROLINA,Rowan,WHEAT,PRODUCTION,BU,319851
1997,NORTH CAROLINA,Rowan,WHEAT,PRODUCTION,BU,337000
1997,NORTH CAROLINA,Rowan,WHEAT,PRODUCTION,BU,337000
1997,NORTH CAROLINA,Rowan,WOOL,PRODUCTION,LB,947
1997,NORTH CAROLINA,Rowan,WOOL,PRODUCTION,OPERATIONS,8
1997,NORTH CAROLINA,Rutherford,BARLEY,PRODUCTION,BU,8520
1997,NORTH CAROLINA,Rutherford,BARLEY,PRODUCTION,BU,12000
1997,NORTH CAROLINA,Rutherford,CORN,PRODUCTION,BU,48667
1997,NORTH CAROLINA,Rutherford,CORN,PRODUCTION,TONS,6285
1997,NORTH CAROLINA,Rutherford,CORN,PRODUCTION,BU,49000
1997,NORTH CAROLINA,Rutherford,CORN,PRODUCTION,TONS,6500
1997,NORTH CAROLINA,Rutherford,COTTON,PRODUCTION,BALES,400
1997,NORTH CAROLINA,Rutherford,COTTON,PRODUCTION,480 LB BALES,450
1997,NORTH CAROLINA,Rutherford,HAY,PRODUCTION,TONS,596
1997,NORTH CAROLINA,Rutherford,HAY,PRODUCTION,TONS,423
1997,NORTH CAROLINA,Rutherford,HAY,PRODUCTION,TONS,15316
1997,NORTH CAROLINA,Rutherford,HAY,PRODUCTION,TONS,1143
1997,NORTH CAROLINA,Rutherford,HAY,PRODUCTION,TONS,19100
1997,NORTH CAROLINA,Rutherford,HAYLAGE,PRODUCTION,TONS,779
1997,NORTH CAROLINA,Rutherford,OATS,PRODUCTION,BU,2505
1997,NORTH CAROLINA,Rutherford,OATS,PRODUCTION,BU,7600
1997,NORTH CAROLINA,Rutherford,POTATOES,PRODUCTION,CWT,160
1997,NORTH CAROLINA,Rutherford,SORGHUM,PRODUCTION,BU,6400
1997,NORTH CAROLINA,Rutherford,SOYBEANS,PRODUCTION,BU,20166
1997,NORTH CAROLINA,Rutherford,SOYBEANS,PRODUCTION,BU,17000
1997,NORTH CAROLINA,Rutherford,SWEET POTATOES,PRODUCTION,CWT,1205
1997,NORTH CAROLINA,Rutherford,TOBACCO,PRODUCTION,LB,39408
1997,NORTH CAROLINA,Rutherford,WHEAT,PRODUCTION,BU,14099
1997,NORTH CAROLINA,Rutherford,WOOL,PRODUCTION,LB,1103
1997,NORTH CAROLINA,Rutherford,WOOL,PRODUCTION,OPERATIONS,8
1997,NORTH CAROLINA,Sampson,BARLEY,PRODUCTION,BU,5425
1997,NORTH CAROLINA,Sampson,BARLEY,PRODUCTION,BU,7000
1997,NORTH CAROLINA,Sampson,CORN,PRODUCTION,BU,2210806
1997,NORTH CAROLINA,Sampson,CORN,PRODUCTION,TONS,11210
1997,NORTH CAROLINA,Sampson,CORN,PRODUCTION,BU,2445000
1997,NORTH CAROLINA,Sampson,CORN,PRODUCTION,TONS,10000
1997,NORTH CAROLINA,Sampson,COTTON,PRODUCTION,BALES,66511
1997,NORTH CAROLINA,Sampson,COTTON,PRODUCTION,480 LB BALES,71000
1997,NORTH CAROLINA,Sampson,HAY,PRODUCTION,TONS,932
1997,NORTH CAROLINA,Sampson,HAY,PRODUCTION,TONS,2094
1997,NORTH CAROLINA,Sampson,HAY,PRODUCTION,TONS,29036
1997,NORTH CAROLINA,Sampson,HAY,PRODUCTION,TONS,497
1997,NORTH CAROLINA,Sampson,HAY,PRODUCTION,TONS,50600
1997,NORTH CAROLINA,Sampson,HAYLAGE,PRODUCTION,TONS,2575
1997,NORTH CAROLINA,Sampson,OATS,PRODUCTION,BU,12300
1997,NORTH CAROLINA,Sampson,OATS,PRODUCTION,BU,16000
1997,NORTH CAROLINA,Sampson,PEANUTS,PRODUCTION,LB,405766
1997,NORTH CAROLINA,Sampson,PEANUTS,PRODUCTION,LB,468000
1997,NORTH CAROLINA,Sampson,POTATOES,PRODUCTION,CWT,NA
1997,NORTH CAROLINA,Sampson,RYE,PRODUCTION,BU,19728
1997,NORTH CAROLINA,Sampson,SORGHUM,PRODUCTION,BU,3000
1997,NORTH CAROLINA,Sampson,SOYBEANS,PRODUCTION,BU,1402809
1997,NORTH CAROLINA,Sampson,SOYBEANS,PRODUCTION,BU,1420000
1997,NORTH CAROLINA,Sampson,SWEET POTATOES,PRODUCTION,CWT,556839
1997,NORTH CAROLINA,Sampson,SWEET POTATOES,PRODUCTION,CWT,605000
1997,NORTH CAROLINA,Sampson,TOBACCO,PRODUCTION,LB,23132468
1997,NORTH CAROLINA,Sampson,TOBACCO,PRODUCTION,LB,25128000
1997,NORTH CAROLINA,Sampson,WHEAT,PRODUCTION,BU,806206
1997,NORTH CAROLINA,Sampson,WHEAT,PRODUCTION,BU,908000
1997,NORTH CAROLINA,Sampson,WHEAT,PRODUCTION,BU,908000
1997,NORTH CAROLINA,Scotland,CORN,PRODUCTION,BU,245913
1997,NORTH CAROLINA,Scotland,CORN,PRODUCTION,BU,295000
1997,NORTH CAROLINA,Scotland,COTTON,PRODUCTION,BALES,21225
1997,NORTH CAROLINA,Scotland,COTTON,PRODUCTION,480 LB BALES,21500
1997,NORTH CAROLINA,Scotland,HAY,PRODUCTION,TONS,NA
1997,NORTH CAROLINA,Scotland,HAY,PRODUCTION,TONS,5212
1997,NORTH CAROLINA,Scotland,HAY,PRODUCTION,TONS,5600
1997,NORTH CAROLINA,Scotland,OATS,PRODUCTION,BU,9550
1997,NORTH CAROLINA,Scotland,OATS,PRODUCTION,BU,11000
1997,NORTH CAROLINA,Scotland,SOYBEANS,PRODUCTION,BU,238180
1997,NORTH CAROLINA,Scotland,SOYBEANS,PRODUCTION,BU,405000
1997,NORTH CAROLINA,Scotland,TOBACCO,PRODUCTION,LB,1353808
1997,NORTH CAROLINA,Scotland,TOBACCO,PRODUCTION,LB,1618000
1997,NORTH CAROLINA,Scotland,WHEAT,PRODUCTION,BU,179877
1997,NORTH CAROLINA,Scotland,WHEAT,PRODUCTION,BU,245000
1997,NORTH CAROLINA,Scotland,WHEAT,PRODUCTION,BU,245000
1997,NORTH CAROLINA,Scotland,WOOL,PRODUCTION,LB,464
1997,NORTH CAROLINA,Scotland,WOOL,PRODUCTION,OPERATIONS,3
1997,NORTH CAROLINA,Stanly,BARLEY,PRODUCTION,BU,66310
1997,NORTH CAROLINA,Stanly,BARLEY,PRODUCTION,BU,77700
1997,NORTH CAROLINA,Stanly,CORN,PRODUCTION,BU,1174933
1997,NORTH CAROLINA,Stanly,CORN,PRODUCTION,TONS,12474
1997,NORTH CAROLINA,Stanly,CORN,PRODUCTION,BU,1340000
1997,NORTH CAROLINA,Stanly,CORN,PRODUCTION,TONS,13000
1997,NORTH CAROLINA,Stanly,COTTON,PRODUCTION,BALES,9447
1997,NORTH CAROLINA,Stanly,COTTON,PRODUCTION,480 LB BALES,9900
1997,NORTH CAROLINA,Stanly,GRASSES,PRODUCTION,LB,17550
1997,NORTH CAROLINA,Stanly,HAY,PRODUCTION,TONS,1648
1997,NORTH CAROLINA,Stanly,HAY,PRODUCTION,TONS,4560
1997,NORTH CAROLINA,Stanly,HAY,PRODUCTION,TONS,15560
1997,NORTH CAROLINA,Stanly,HAY,PRODUCTION,TONS,818
1997,NORTH CAROLINA,Stanly,HAY,PRODUCTION,TONS,26000
1997,NORTH CAROLINA,Stanly,HAYLAGE,PRODUCTION,TONS,2253
1997,NORTH CAROLINA,Stanly,OATS,PRODUCTION,BU,56701
1997,NORTH CAROLINA,Stanly,OATS,PRODUCTION,BU,57000
1997,NORTH CAROLINA,Stanly,SORGHUM,PRODUCTION,BU,NA
1997,NORTH CAROLINA,Stanly,SORGHUM,PRODUCTION,BU,3600
1997,NORTH CAROLINA,Stanly,SOYBEANS,PRODUCTION,BU,470839
1997,NORTH CAROLINA,Stanly,SOYBEANS,PRODUCTION,BU,614000
1997,NORTH CAROLINA,Stanly,WHEAT,PRODUCTION,BU,477439
1997,NORTH CAROLINA,Stanly,WHEAT,PRODUCTION,BU,664000
1997,NORTH CAROLINA,Stanly,WHEAT,PRODUCTION,BU,664000
1997,NORTH CAROLINA,Stanly,WOOL,PRODUCTION,LB,1069
1997,NORTH CAROLINA,Stanly,WOOL,PRODUCTION,OPERATIONS,8
1997,NORTH CAROLINA,Stokes,BARLEY,PRODUCTION,BU,1240
1997,NORTH CAROLINA,Stokes,BARLEY,PRODUCTION,BU,2100
1997,NORTH CAROLINA,Stokes,CORN,PRODUCTION,BU,61437
1997,NORTH CAROLINA,Stokes,CORN,PRODUCTION,TONS,9567
1997,NORTH CAROLINA,Stokes,CORN,PRODUCTION,BU,80000
1997,NORTH CAROLINA,Stokes,CORN,PRODUCTION,TONS,9000
1997,NORTH CAROLINA,Stokes,HAY,PRODUCTION,TONS,628
1997,NORTH CAROLINA,Stokes,HAY,PRODUCTION,TONS,1250
1997,NORTH CAROLINA,Stokes,HAY,PRODUCTION,TONS,13714
1997,NORTH CAROLINA,Stokes,HAY,PRODUCTION,TONS,766
1997,NORTH CAROLINA,Stokes,HAY,PRODUCTION,TONS,17500
1997,NORTH CAROLINA,Stokes,HAYLAGE,PRODUCTION,TONS,318
1997,NORTH CAROLINA,Stokes,OATS,PRODUCTION,BU,7156
1997,NORTH CAROLINA,Stokes,OATS,PRODUCTION,BU,9000
1997,NORTH CAROLINA,Stokes,POTATOES,PRODUCTION,CWT,1837
1997,NORTH CAROLINA,Stokes,RYE,PRODUCTION,BU,478
1997,NORTH CAROLINA,Stokes,SORGHUM,PRODUCTION,BU,17200
1997,NORTH CAROLINA,Stokes,SOYBEANS,PRODUCTION,BU,20610
1997,NORTH CAROLINA,Stokes,SOYBEANS,PRODUCTION,BU,24000
1997,NORTH CAROLINA,Stokes,SWEET POTATOES,PRODUCTION,CWT,1267
1997,NORTH CAROLINA,Stokes,TOBACCO,PRODUCTION,LB,14005978
1997,NORTH CAROLINA,Stokes,TOBACCO,PRODUCTION,LB,14100000
1997,NORTH CAROLINA,Stokes,WHEAT,PRODUCTION,BU,33077
1997,NORTH CAROLINA,Stokes,WHEAT,PRODUCTION,BU,58000
1997,NORTH CAROLINA,Stokes,WHEAT,PRODUCTION,BU,58000
1997,NORTH CAROLINA,Stokes,WOOL,PRODUCTION,LB,1700
1997,NORTH CAROLINA,Stokes,WOOL,PRODUCTION,OPERATIONS,11
1997,NORTH CAROLINA,Surry,BARLEY,PRODUCTION,BU,31755
1997,NORTH CAROLINA,Surry,BARLEY,PRODUCTION,BU,30800
1997,NORTH CAROLINA,Surry,CORN,PRODUCTION,BU,610752
1997,NORTH CAROLINA,Surry,CORN,PRODUCTION,TONS,27061
1997,NORTH CAROLINA,Surry,CORN,PRODUCTION,BU,566000
1997,NORTH CAROLINA,Surry,CORN,PRODUCTION,TONS,25000
1997,NORTH CAROLINA,Surry,HAY,PRODUCTION,TONS,1749
1997,NORTH CAROLINA,Surry,HAY,PRODUCTION,TONS,1956
1997,NORTH CAROLINA,Surry,HAY,PRODUCTION,TONS,29042
1997,NORTH CAROLINA,Surry,HAY,PRODUCTION,TONS,1308
1997,NORTH CAROLINA,Surry,HAY,PRODUCTION,TONS,34200
1997,NORTH CAROLINA,Surry,HAYLAGE,PRODUCTION,TONS,452
1997,NORTH CAROLINA,Surry,OATS,PRODUCTION,BU,2535
1997,NORTH CAROLINA,Surry,OATS,PRODUCTION,BU,3000
1997,NORTH CAROLINA,Surry,POTATOES,PRODUCTION,CWT,1507
1997,NORTH CAROLINA,Surry,RYE,PRODUCTION,BU,11646
1997,NORTH CAROLINA,Surry,SOYBEANS,PRODUCTION,BU,124763
1997,NORTH CAROLINA,Surry,SOYBEANS,PRODUCTION,BU,115000
1997,NORTH CAROLINA,Surry,TOBACCO,PRODUCTION,LB,16162270
1997,NORTH CAROLINA,Surry,TOBACCO,PRODUCTION,LB,15696000
1997,NORTH CAROLINA,Surry,WHEAT,PRODUCTION,BU,150350
1997,NORTH CAROLINA,Surry,WHEAT,PRODUCTION,BU,151000
1997,NORTH CAROLINA,Surry,WHEAT,PRODUCTION,BU,151000
1997,NORTH CAROLINA,Surry,WOOL,PRODUCTION,LB,1102
1997,NORTH CAROLINA,Surry,WOOL,PRODUCTION,OPERATIONS,5
1997,NORTH CAROLINA,Swain,CORN,PRODUCTION,BU,1870
1997,NORTH CAROLINA,Swain,HAY,PRODUCTION,TONS,NA
1997,NORTH CAROLINA,Swain,HAY,PRODUCTION,TONS,1705
1997,NORTH CAROLINA,Swain,HAY,PRODUCTION,TONS,1400
1997,NORTH CAROLINA,Swain,POTATOES,PRODUCTION,CWT,677
1997,NORTH CAROLINA,Swain,TOBACCO,PRODUCTION,LB,NA
1997,NORTH CAROLINA,Swain,TOBACCO,PRODUCTION,LB,72000
1997,NORTH CAROLINA,Swain,WOOL,PRODUCTION,LB,NA
1997,NORTH CAROLINA,Swain,WOOL,PRODUCTION,OPERATIONS,2
1997,NORTH CAROLINA,Transylvania,CORN,PRODUCTION,BU,23104
1997,NORTH CAROLINA,Transylvania,CORN,PRODUCTION,TONS,8367
1997,NORTH CAROLINA,Transylvania,CORN,PRODUCTION,BU,48000
1997,NORTH CAROLINA,Transylvania,CORN,PRODUCTION,TONS,7500
1997,NORTH CAROLINA,Transylvania,HAY,PRODUCTION,TONS,NA
1997,NORTH CAROLINA,Transylvania,HAY,PRODUCTION,TONS,3715
1997,NORTH CAROLINA,Transylvania,HAY,PRODUCTION,TONS,156
1997,NORTH CAROLINA,Transylvania,HAY,PRODUCTION,TONS,4200
1997,NORTH CAROLINA,Transylvania,HAYLAGE,PRODUCTION,TONS,315
1997,NORTH CAROLINA,Transylvania,POTATOES,PRODUCTION,CWT,412
1997,NORTH CAROLINA,Transylvania,TOBACCO,PRODUCTION,LB,41241
1997,NORTH CAROLINA,Transylvania,TOBACCO,PRODUCTION,LB,36000
1997,NORTH CAROLINA,Transylvania,WOOL,PRODUCTION,LB,NA
1997,NORTH CAROLINA,Transylvania,WOOL,PRODUCTION,OPERATIONS,1
1997,NORTH CAROLINA,Tyrrell,CORN,PRODUCTION,BU,2251522
1997,NORTH CAROLINA,Tyrrell,CORN,PRODUCTION,BU,2250000
1997,NORTH CAROLINA,Tyrrell,COTTON,PRODUCTION,BALES,1917
1997,NORTH CAROLINA,Tyrrell,COTTON,PRODUCTION,480 LB BALES,2400
1997,NORTH CAROLINA,Tyrrell,HAY,PRODUCTION,TONS,NA
1997,NORTH CAROLINA,Tyrrell,OATS,PRODUCTION,BU,NA
1997,NORTH CAROLINA,Tyrrell,OATS,PRODUCTION,BU,65000
1997,NORTH CAROLINA,Tyrrell,PEANUTS,PRODUCTION,LB,367000
1997,NORTH CAROLINA,Tyrrell,POTATOES,PRODUCTION,CWT,470313
1997,NORTH CAROLINA,Tyrrell,POTATOES,PRODUCTION,CWT,447500
1997,NORTH CAROLINA,Tyrrell,SOYBEANS,PRODUCTION,BU,1084660
1997,NORTH CAROLINA,Tyrrell,SOYBEANS,PRODUCTION,BU,1030000
1997,NORTH CAROLINA,Tyrrell,WHEAT,PRODUCTION,BU,766554
1997,NORTH CAROLINA,Tyrrell,WHEAT,PRODUCTION,BU,1100000
1997,NORTH CAROLINA,Tyrrell,WHEAT,PRODUCTION,BU,1100000
1997,NORTH CAROLINA,Tyrrell,WOOL,PRODUCTION,LB,NA
1997,NORTH CAROLINA,Tyrrell,WOOL,PRODUCTION,OPERATIONS,2
1997,NORTH CAROLINA,Union,BARLEY,PRODUCTION,BU,6200
1997,NORTH CAROLINA,Union,BARLEY,PRODUCTION,BU,16200
1997,NORTH CAROLINA,Union,CORN,PRODUCTION,BU,2568688
1997,NORTH CAROLINA,Union,CORN,PRODUCTION,TONS,3975
1997,NORTH CAROLINA,Union,CORN,PRODUCTION,BU,2596000
1997,NORTH CAROLINA,Union,CORN,PRODUCTION,TONS,6500
1997,NORTH CAROLINA,Union,COTTON,PRODUCTION,BALES,10213
1997,NORTH CAROLINA,Union,COTTON,PRODUCTION,480 LB BALES,10100
1997,NORTH CAROLINA,Union,GRASSES,PRODUCTION,LB,38000
1997,NORTH CAROLINA,Union,HAY,PRODUCTION,TONS,654
1997,NORTH CAROLINA,Union,HAY,PRODUCTION,TONS,3823
1997,NORTH CAROLINA,Union,HAY,PRODUCTION,TONS,22489
1997,NORTH CAROLINA,Union,HAY,PRODUCTION,TONS,1488
1997,NORTH CAROLINA,Union,HAY,PRODUCTION,TONS,30100
1997,NORTH CAROLINA,Union,HAYLAGE,PRODUCTION,TONS,556
1997,NORTH CAROLINA,Union,OATS,PRODUCTION,BU,40132
1997,NORTH CAROLINA,Union,OATS,PRODUCTION,BU,57000
1997,NORTH CAROLINA,Union,SORGHUM,PRODUCTION,BU,3966
1997,NORTH CAROLINA,Union,SORGHUM,PRODUCTION,BU,6800
1997,NORTH CAROLINA,Union,SOYBEANS,PRODUCTION,BU,1429273
1997,NORTH CAROLINA,Union,SOYBEANS,PRODUCTION,BU,1652000
1997,NORTH CAROLINA,Union,WHEAT,PRODUCTION,BU,1908210
1997,NORTH CAROLINA,Union,WHEAT,PRODUCTION,BU,1968000
1997,NORTH CAROLINA,Union,WHEAT,PRODUCTION,BU,1968000
1997,NORTH CAROLINA,Union,WOOL,PRODUCTION,LB,1375
1997,NORTH CAROLINA,Union,WOOL,PRODUCTION,OPERATIONS,19
1997,NORTH CAROLINA,Vance,CORN,PRODUCTION,BU,7510
1997,NORTH CAROLINA,Vance,HAY,PRODUCTION,TONS,108
1997,NORTH CAROLINA,Vance,HAY,PRODUCTION,TONS,522
1997,NORTH CAROLINA,Vance,HAY,PRODUCTION,TONS,1836
1997,NORTH CAROLINA,Vance,HAY,PRODUCTION,TONS,264
1997,NORTH CAROLINA,Vance,HAY,PRODUCTION,TONS,2700
1997,NORTH CAROLINA,Vance,HAYLAGE,PRODUCTION,TONS,54
1997,NORTH CAROLINA,Vance,OATS,PRODUCTION,BU,5056
1997,NORTH CAROLINA,Vance,OATS,PRODUCTION,BU,5000
1997,NORTH CAROLINA,Vance,SOYBEANS,PRODUCTION,BU,130087
1997,NORTH CAROLINA,Vance,SOYBEANS,PRODUCTION,BU,140000
1997,NORTH CAROLINA,Vance,TOBACCO,PRODUCTION,LB,9794344
1997,NORTH CAROLINA,Vance,TOBACCO,PRODUCTION,LB,10400000
1997,NORTH CAROLINA,Vance,WHEAT,PRODUCTION,BU,166999
1997,NORTH CAROLINA,Vance,WHEAT,PRODUCTION,BU,193000
1997,NORTH CAROLINA,Vance,WHEAT,PRODUCTION,BU,193000
1997,NORTH CAROLINA,Vance,WOOL,PRODUCTION,LB,NA
1997,NORTH CAROLINA,Vance,WOOL,PRODUCTION,OPERATIONS,1
1997,NORTH CAROLINA,Wake,BARLEY,PRODUCTION,BU,6000
1997,NORTH CAROLINA,Wake,CORN,PRODUCTION,BU,99175
1997,NORTH CAROLINA,Wake,CORN,PRODUCTION,TONS,6136
1997,NORTH CAROLINA,Wake,CORN,PRODUCTION,BU,112000
1997,NORTH CAROLINA,Wake,CORN,PRODUCTION,TONS,8000
1997,NORTH CAROLINA,Wake,COTTON,PRODUCTION,BALES,NA
1997,NORTH CAROLINA,Wake,COTTON,PRODUCTION,480 LB BALES,350
1997,NORTH CAROLINA,Wake,HAY,PRODUCTION,TONS,522
1997,NORTH CAROLINA,Wake,HAY,PRODUCTION,TONS,1596
1997,NORTH CAROLINA,Wake,HAY,PRODUCTION,TONS,4743
1997,NORTH CAROLINA,Wake,HAY,PRODUCTION,TONS,138
1997,NORTH CAROLINA,Wake,HAY,PRODUCTION,TONS,8100
1997,NORTH CAROLINA,Wake,HAYLAGE,PRODUCTION,TONS,2956
1997,NORTH CAROLINA,Wake,OATS,PRODUCTION,BU,40375
1997,NORTH CAROLINA,Wake,OATS,PRODUCTION,BU,51000
1997,NORTH CAROLINA,Wake,RYE,PRODUCTION,BU,4731
1997,NORTH CAROLINA,Wake,SORGHUM,PRODUCTION,BU,2705
1997,NORTH CAROLINA,Wake,SORGHUM,PRODUCTION,BU,7500
1997,NORTH CAROLINA,Wake,SOYBEANS,PRODUCTION,BU,247540
1997,NORTH CAROLINA,Wake,SOYBEANS,PRODUCTION,BU,276000
1997,NORTH CAROLINA,Wake,SWEET POTATOES,PRODUCTION,CWT,36859
1997,NORTH CAROLINA,Wake,SWEET POTATOES,PRODUCTION,CWT,43000
1997,NORTH CAROLINA,Wake,TOBACCO,PRODUCTION,LB,25916400
1997,NORTH CAROLINA,Wake,TOBACCO,PRODUCTION,LB,26800000
1997,NORTH CAROLINA,Wake,WHEAT,PRODUCTION,BU,224785
1997,NORTH CAROLINA,Wake,WHEAT,PRODUCTION,BU,327000
1997,NORTH CAROLINA,Wake,WHEAT,PRODUCTION,BU,327000
1997,NORTH CAROLINA,Wake,WOOL,PRODUCTION,LB,2143
1997,NORTH CAROLINA,Wake,WOOL,PRODUCTION,OPERATIONS,14
1997,NORTH CAROLINA,Warren,BARLEY,PRODUCTION,BU,17845
1997,NORTH CAROLINA,Warren,BARLEY,PRODUCTION,BU,22500
1997,NORTH CAROLINA,Warren,CORN,PRODUCTION,BU,51443
1997,NORTH CAROLINA,Warren,CORN,PRODUCTION,TONS,10900
1997,NORTH CAROLINA,Warren,CORN,PRODUCTION,BU,62000
1997,NORTH CAROLINA,Warren,CORN,PRODUCTION,TONS,10000
1997,NORTH CAROLINA,Warren,HAY,PRODUCTION,TONS,471
1997,NORTH CAROLINA,Warren,HAY,PRODUCTION,TONS,3938
1997,NORTH CAROLINA,Warren,HAY,PRODUCTION,TONS,7119
1997,NORTH CAROLINA,Warren,HAY,PRODUCTION,TONS,273
1997,NORTH CAROLINA,Warren,HAY,PRODUCTION,TONS,13500
1997,NORTH CAROLINA,Warren,HAYLAGE,PRODUCTION,TONS,1090
1997,NORTH CAROLINA,Warren,OATS,PRODUCTION,BU,23884
1997,NORTH CAROLINA,Warren,OATS,PRODUCTION,BU,29000
1997,NORTH CAROLINA,Warren,SORGHUM,PRODUCTION,BU,9470
1997,NORTH CAROLINA,Warren,SORGHUM,PRODUCTION,BU,17400
1997,NORTH CAROLINA,Warren,SOYBEANS,PRODUCTION,BU,145166
1997,NORTH CAROLINA,Warren,SOYBEANS,PRODUCTION,BU,152000
1997,NORTH CAROLINA,Warren,TOBACCO,PRODUCTION,LB,6674752
1997,NORTH CAROLINA,Warren,TOBACCO,PRODUCTION,LB,6700000
1997,NORTH CAROLINA,Warren,WHEAT,PRODUCTION,BU,103896
1997,NORTH CAROLINA,Warren,WHEAT,PRODUCTION,BU,139000
1997,NORTH CAROLINA,Warren,WHEAT,PRODUCTION,BU,139000
1997,NORTH CAROLINA,Warren,WOOL,PRODUCTION,LB,NA
1997,NORTH CAROLINA,Warren,WOOL,PRODUCTION,OPERATIONS,2
1997,NORTH CAROLINA,Washington,CORN,PRODUCTION,BU,3516323
1997,NORTH CAROLINA,Washington,CORN,PRODUCTION,BU,3300000
1997,NORTH CAROLINA,Washington,COTTON,PRODUCTION,BALES,10023
1997,NORTH CAROLINA,Washington,COTTON,PRODUCTION,480 LB BALES,9200
1997,NORTH CAROLINA,Washington,HAY,PRODUCTION,TONS,NA
1997,NORTH CAROLINA,Washington,HAY,PRODUCTION,TONS,2100
1997,NORTH CAROLINA,Washington,PEANUTS,PRODUCTION,LB,8362544
1997,NORTH CAROLINA,Washington,PEANUTS,PRODUCTION,LB,8025000
1997,NORTH CAROLINA,Washington,POTATOES,PRODUCTION,CWT,581100
1997,NORTH CAROLINA,Washington,POTATOES,PRODUCTION,CWT,542000
1997,NORTH CAROLINA,Washington,SORGHUM,PRODUCTION,BU,18600
1997,NORTH CAROLINA,Washington,SOYBEANS,PRODUCTION,BU,1404132
1997,NORTH CAROLINA,Washington,SOYBEANS,PRODUCTION,BU,1496000
1997,NORTH CAROLINA,Washington,TOBACCO,PRODUCTION,LB,1090359
1997,NORTH CAROLINA,Washington,TOBACCO,PRODUCTION,LB,1193000
1997,NORTH CAROLINA,Washington,WHEAT,PRODUCTION,BU,1439604
1997,NORTH CAROLINA,Washington,WHEAT,PRODUCTION,BU,1655000
1997,NORTH CAROLINA,Washington,WHEAT,PRODUCTION,BU,1655000
1997,NORTH CAROLINA,Washington,WOOL,PRODUCTION,LB,84
1997,NORTH CAROLINA,Washington,WOOL,PRODUCTION,OPERATIONS,3
1997,NORTH CAROLINA,Watauga,BARLEY,PRODUCTION,BU,1200
1997,NORTH CAROLINA,Watauga,CORN,PRODUCTION,TONS,2897
1997,NORTH CAROLINA,Watauga,CORN,PRODUCTION,TONS,3000
1997,NORTH CAROLINA,Watauga,HAY,PRODUCTION,TONS,720
1997,NORTH CAROLINA,Watauga,HAY,PRODUCTION,TONS,NA
1997,NORTH CAROLINA,Watauga,HAY,PRODUCTION,TONS,8929
1997,NORTH CAROLINA,Watauga,HAY,PRODUCTION,TONS,1735
1997,NORTH CAROLINA,Watauga,HAY,PRODUCTION,TONS,10900
1997,NORTH CAROLINA,Watauga,POTATOES,PRODUCTION,CWT,4258
1997,NORTH CAROLINA,Watauga,TOBACCO,PRODUCTION,LB,1422908
1997,NORTH CAROLINA,Watauga,TOBACCO,PRODUCTION,LB,1187000
1997,NORTH CAROLINA,Watauga,WOOL,PRODUCTION,LB,961
1997,NORTH CAROLINA,Watauga,WOOL,PRODUCTION,OPERATIONS,12
1997,NORTH CAROLINA,Wayne,BARLEY,PRODUCTION,BU,7600
1997,NORTH CAROLINA,Wayne,CORN,PRODUCTION,BU,2118351
1997,NORTH CAROLINA,Wayne,CORN,PRODUCTION,TONS,3265
1997,NORTH CAROLINA,Wayne,CORN,PRODUCTION,BU,2440000
1997,NORTH CAROLINA,Wayne,CORN,PRODUCTION,TONS,3200
1997,NORTH CAROLINA,Wayne,COTTON,PRODUCTION,BALES,28844
1997,NORTH CAROLINA,Wayne,COTTON,PRODUCTION,480 LB BALES,28600
1997,NORTH CAROLINA,Wayne,HAY,PRODUCTION,TONS,1138
1997,NORTH CAROLINA,Wayne,HAY,PRODUCTION,TONS,12455
1997,NORTH CAROLINA,Wayne,HAY,PRODUCTION,TONS,NA
1997,NORTH CAROLINA,Wayne,HAY,PRODUCTION,TONS,16400
1997,NORTH CAROLINA,Wayne,HAYLAGE,PRODUCTION,TONS,585
1997,NORTH CAROLINA,Wayne,OATS,PRODUCTION,BU,55881
1997,NORTH CAROLINA,Wayne,OATS,PRODUCTION,BU,56000
1997,NORTH CAROLINA,Wayne,RYE,PRODUCTION,BU,10737
1997,NORTH CAROLINA,Wayne,SOYBEANS,PRODUCTION,BU,1524355
1997,NORTH CAROLINA,Wayne,SOYBEANS,PRODUCTION,BU,1700000
1997,NORTH CAROLINA,Wayne,SWEET POTATOES,PRODUCTION,CWT,151254
1997,NORTH CAROLINA,Wayne,SWEET POTATOES,PRODUCTION,CWT,186000
1997,NORTH CAROLINA,Wayne,TOBACCO,PRODUCTION,LB,24044288
1997,NORTH CAROLINA,Wayne,TOBACCO,PRODUCTION,LB,24550000
1997,NORTH CAROLINA,Wayne,WHEAT,PRODUCTION,BU,1270397
1997,NORTH CAROLINA,Wayne,WHEAT,PRODUCTION,BU,1370000
1997,NORTH CAROLINA,Wayne,WHEAT,PRODUCTION,BU,1370000
1997,NORTH CAROLINA,Wayne,WOOL,PRODUCTION,LB,312
1997,NORTH CAROLINA,Wayne,WOOL,PRODUCTION,OPERATIONS,7
1997,NORTH CAROLINA,Wilkes,BARLEY,PRODUCTION,BU,30810
1997,NORTH CAROLINA,Wilkes,BARLEY,PRODUCTION,BU,30700
1997,NORTH CAROLINA,Wilkes,CORN,PRODUCTION,BU,239229
1997,NORTH CAROLINA,Wilkes,CORN,PRODUCTION,TONS,107804
1997,NORTH CAROLINA,Wilkes,CORN,PRODUCTION,BU,216000
1997,NORTH CAROLINA,Wilkes,CORN,PRODUCTION,TONS,68000
1997,NORTH CAROLINA,Wilkes,HAY,PRODUCTION,TONS,2168
1997,NORTH CAROLINA,Wilkes,HAY,PRODUCTION,TONS,889
1997,NORTH CAROLINA,Wilkes,HAY,PRODUCTION,TONS,43008
1997,NORTH CAROLINA,Wilkes,HAY,PRODUCTION,TONS,2324
1997,NORTH CAROLINA,Wilkes,HAY,PRODUCTION,TONS,52900
1997,NORTH CAROLINA,Wilkes,HAYLAGE,PRODUCTION,TONS,4493
1997,NORTH CAROLINA,Wilkes,POTATOES,PRODUCTION,CWT,1169
1997,NORTH CAROLINA,Wilkes,SOYBEANS,PRODUCTION,BU,17042
1997,NORTH CAROLINA,Wilkes,SOYBEANS,PRODUCTION,BU,16000
1997,NORTH CAROLINA,Wilkes,TOBACCO,PRODUCTION,LB,2299020
1997,NORTH CAROLINA,Wilkes,TOBACCO,PRODUCTION,LB,1984000
1997,NORTH CAROLINA,Wilkes,WHEAT,PRODUCTION,BU,12078
1997,NORTH CAROLINA,Wilkes,WHEAT,PRODUCTION,BU,15000
1997,NORTH CAROLINA,Wilkes,WHEAT,PRODUCTION,BU,15000
1997,NORTH CAROLINA,Wilkes,WOOL,PRODUCTION,LB,NA
1997,NORTH CAROLINA,Wilkes,WOOL,PRODUCTION,OPERATIONS,4
1997,NORTH CAROLINA,Wilson,CORN,PRODUCTION,BU,1131252
1997,NORTH CAROLINA,Wilson,CORN,PRODUCTION,BU,1153000
1997,NORTH CAROLINA,Wilson,COTTON,PRODUCTION,BALES,21967
1997,NORTH CAROLINA,Wilson,COTTON,PRODUCTION,480 LB BALES,22500
1997,NORTH CAROLINA,Wilson,HAY,PRODUCTION,TONS,NA
1997,NORTH CAROLINA,Wilson,HAY,PRODUCTION,TONS,508
1997,NORTH CAROLINA,Wilson,HAY,PRODUCTION,TONS,2405
1997,NORTH CAROLINA,Wilson,HAY,PRODUCTION,TONS,3500
1997,NORTH CAROLINA,Wilson,OATS,PRODUCTION,BU,9211
1997,NORTH CAROLINA,Wilson,OATS,PRODUCTION,BU,11000
1997,NORTH CAROLINA,Wilson,PEANUTS,PRODUCTION,LB,NA
1997,NORTH CAROLINA,Wilson,PEANUTS,PRODUCTION,LB,131000
1997,NORTH CAROLINA,Wilson,POTATOES,PRODUCTION,CWT,NA
1997,NORTH CAROLINA,Wilson,SOYBEANS,PRODUCTION,BU,992562
1997,NORTH CAROLINA,Wilson,SOYBEANS,PRODUCTION,BU,1065000
1997,NORTH CAROLINA,Wilson,SWEET POTATOES,PRODUCTION,CWT,556100
1997,NORTH CAROLINA,Wilson,SWEET POTATOES,PRODUCTION,CWT,621000
1997,NORTH CAROLINA,Wilson,TOBACCO,PRODUCTION,LB,26059348
1997,NORTH CAROLINA,Wilson,TOBACCO,PRODUCTION,LB,28736000
1997,NORTH CAROLINA,Wilson,WHEAT,PRODUCTION,BU,612662
1997,NORTH CAROLINA,Wilson,WHEAT,PRODUCTION,BU,729000
1997,NORTH CAROLINA,Wilson,WHEAT,PRODUCTION,BU,729000
1997,NORTH CAROLINA,Yadkin,BARLEY,PRODUCTION,BU,87780
1997,NORTH CAROLINA,Yadkin,BARLEY,PRODUCTION,BU,92900
1997,NORTH CAROLINA,Yadkin,CORN,PRODUCTION,BU,659259
1997,NORTH CAROLINA,Yadkin,CORN,PRODUCTION,TONS,67740
1997,NORTH CAROLINA,Yadkin,CORN,PRODUCTION,BU,695000
1997,NORTH CAROLINA,Yadkin,CORN,PRODUCTION,TONS,75000
1997,NORTH CAROLINA,Yadkin,GRASSES,PRODUCTION,LB,18450
1997,NORTH CAROLINA,Yadkin,HAY,PRODUCTION,TONS,2461
1997,NORTH CAROLINA,Yadkin,HAY,PRODUCTION,TONS,1567
1997,NORTH CAROLINA,Yadkin,HAY,PRODUCTION,TONS,25881
1997,NORTH CAROLINA,Yadkin,HAY,PRODUCTION,TONS,1116
1997,NORTH CAROLINA,Yadkin,HAY,PRODUCTION,TONS,33200
1997,NORTH CAROLINA,Yadkin,HAYLAGE,PRODUCTION,TONS,1777
1997,NORTH CAROLINA,Yadkin,OATS,PRODUCTION,BU,14329
1997,NORTH CAROLINA,Yadkin,OATS,PRODUCTION,BU,15000
1997,NORTH CAROLINA,Yadkin,SOYBEANS,PRODUCTION,BU,225328
1997,NORTH CAROLINA,Yadkin,SOYBEANS,PRODUCTION,BU,230000
1997,NORTH CAROLINA,Yadkin,TOBACCO,PRODUCTION,LB,9703269
1997,NORTH CAROLINA,Yadkin,TOBACCO,PRODUCTION,LB,9800000
1997,NORTH CAROLINA,Yadkin,WHEAT,PRODUCTION,BU,278482
1997,NORTH CAROLINA,Yadkin,WHEAT,PRODUCTION,BU,276000
1997,NORTH CAROLINA,Yadkin,WHEAT,PRODUCTION,BU,276000
1997,NORTH CAROLINA,Yadkin,WOOL,PRODUCTION,LB,298
1997,NORTH CAROLINA,Yadkin,WOOL,PRODUCTION,OPERATIONS,7
1997,NORTH CAROLINA,Yancey,CORN,PRODUCTION,BU,3483
1997,NORTH CAROLINA,Yancey,CORN,PRODUCTION,TONS,1983
1997,NORTH CAROLINA,Yancey,CORN,PRODUCTION,TONS,2200
1997,NORTH CAROLINA,Yancey,HAY,PRODUCTION,TONS,591
1997,NORTH CAROLINA,Yancey,HAY,PRODUCTION,TONS,78
1997,NORTH CAROLINA,Yancey,HAY,PRODUCTION,TONS,2842
1997,NORTH CAROLINA,Yancey,HAY,PRODUCTION,TONS,294
1997,NORTH CAROLINA,Yancey,HAY,PRODUCTION,TONS,3800
1997,NORTH CAROLINA,Yancey,HAYLAGE,PRODUCTION,TONS,128
1997,NORTH CAROLINA,Yancey,POTATOES,PRODUCTION,CWT,2867
1997,NORTH CAROLINA,Yancey,TOBACCO,PRODUCTION,LB,1874846
1997,NORTH CAROLINA,Yancey,TOBACCO,PRODUCTION,LB,1666000
1997,NORTH CAROLINA,Yancey,WOOL,PRODUCTION,LB,NA
1997,NORTH CAROLINA,Yancey,WOOL,PRODUCTION,OPERATIONS,2
1998,NORTH CAROLINA,Alamance,CORN,PRODUCTION,BU,112000
1998,NORTH CAROLINA,Alamance,CORN,PRODUCTION,TONS,22400
1998,NORTH CAROLINA,Alamance,HAY,PRODUCTION,TONS,37300
1998,NORTH CAROLINA,Alamance,OATS,PRODUCTION,BU,16000
1998,NORTH CAROLINA,Alamance,SOYBEANS,PRODUCTION,BU,51400
1998,NORTH CAROLINA,Alamance,TOBACCO,PRODUCTION,LB,5309000
1998,NORTH CAROLINA,Alamance,WHEAT,PRODUCTION,BU,158500
1998,NORTH CAROLINA,Alamance,WHEAT,PRODUCTION,BU,158500
1998,NORTH CAROLINA,Alexander,BARLEY,PRODUCTION,BU,34600
1998,NORTH CAROLINA,Alexander,CORN,PRODUCTION,BU,62000
1998,NORTH CAROLINA,Alexander,CORN,PRODUCTION,TONS,20400
1998,NORTH CAROLINA,Alexander,HAY,PRODUCTION,TONS,28000
1998,NORTH CAROLINA,Alexander,SOYBEANS,PRODUCTION,BU,26500
1998,NORTH CAROLINA,Alexander,TOBACCO,PRODUCTION,LB,1402000
1998,NORTH CAROLINA,Alexander,WHEAT,PRODUCTION,BU,21000
1998,NORTH CAROLINA,Alexander,WHEAT,PRODUCTION,BU,21000
1998,NORTH CAROLINA,Alleghany,CORN,PRODUCTION,BU,37000
1998,NORTH CAROLINA,Alleghany,CORN,PRODUCTION,TONS,35000
1998,NORTH CAROLINA,Alleghany,HAY,PRODUCTION,TONS,37000
1998,NORTH CAROLINA,Alleghany,TOBACCO,PRODUCTION,LB,651000
1998,NORTH CAROLINA,Alleghany,WHEAT,PRODUCTION,BU,8000
1998,NORTH CAROLINA,Alleghany,WHEAT,PRODUCTION,BU,8000
1998,NORTH CAROLINA,Anson,CORN,PRODUCTION,BU,360000
1998,NORTH CAROLINA,Anson,COTTON,PRODUCTION,480 LB BALES,5000
1998,NORTH CAROLINA,Anson,HAY,PRODUCTION,TONS,12200
1998,NORTH CAROLINA,Anson,OATS,PRODUCTION,BU,14000
1998,NORTH CAROLINA,Anson,SOYBEANS,PRODUCTION,BU,302000
1998,NORTH CAROLINA,Anson,TOBACCO,PRODUCTION,LB,124000
1998,NORTH CAROLINA,Anson,WHEAT,PRODUCTION,BU,114000
1998,NORTH CAROLINA,Anson,WHEAT,PRODUCTION,BU,114000
1998,NORTH CAROLINA,Ashe,CORN,PRODUCTION,TONS,2700
1998,NORTH CAROLINA,Ashe,HAY,PRODUCTION,TONS,25700
1998,NORTH CAROLINA,Ashe,TOBACCO,PRODUCTION,LB,1235000
1998,NORTH CAROLINA,Avery,HAY,PRODUCTION,TONS,2400
1998,NORTH CAROLINA,Avery,TOBACCO,PRODUCTION,LB,212000
1998,NORTH CAROLINA,Beaufort,CORN,PRODUCTION,BU,4535000
1998,NORTH CAROLINA,Beaufort,COTTON,PRODUCTION,480 LB BALES,15000
1998,NORTH CAROLINA,Beaufort,HAY,PRODUCTION,TONS,900
1998,NORTH CAROLINA,Beaufort,OATS,PRODUCTION,BU,78000
1998,NORTH CAROLINA,Beaufort,PEANUTS,PRODUCTION,LB,659000
1998,NORTH CAROLINA,Beaufort,POTATOES,PRODUCTION,CWT,33200
1998,NORTH CAROLINA,Beaufort,SORGHUM,PRODUCTION,BU,9600
1998,NORTH CAROLINA,Beaufort,SOYBEANS,PRODUCTION,BU,2288000
1998,NORTH CAROLINA,Beaufort,TOBACCO,PRODUCTION,LB,9749000
1998,NORTH CAROLINA,Beaufort,WHEAT,PRODUCTION,BU,2272000
1998,NORTH CAROLINA,Beaufort,WHEAT,PRODUCTION,BU,2272000
1998,NORTH CAROLINA,Bertie,CORN,PRODUCTION,BU,1859000
1998,NORTH CAROLINA,Bertie,COTTON,PRODUCTION,480 LB BALES,55000
1998,NORTH CAROLINA,Bertie,PEANUTS,PRODUCTION,LB,51448000
1998,NORTH CAROLINA,Bertie,SOYBEANS,PRODUCTION,BU,586000
1998,NORTH CAROLINA,Bertie,TOBACCO,PRODUCTION,LB,6893000
1998,NORTH CAROLINA,Bertie,WHEAT,PRODUCTION,BU,155000
1998,NORTH CAROLINA,Bertie,WHEAT,PRODUCTION,BU,155000
1998,NORTH CAROLINA,Bladen,CORN,PRODUCTION,BU,1587000
1998,NORTH CAROLINA,Bladen,COTTON,PRODUCTION,480 LB BALES,10000
1998,NORTH CAROLINA,Bladen,HAY,PRODUCTION,TONS,17000
1998,NORTH CAROLINA,Bladen,OATS,PRODUCTION,BU,10000
1998,NORTH CAROLINA,Bladen,PEANUTS,PRODUCTION,LB,10079000
1998,NORTH CAROLINA,Bladen,SOYBEANS,PRODUCTION,BU,555000
1998,NORTH CAROLINA,Bladen,TOBACCO,PRODUCTION,LB,7308000
1998,NORTH CAROLINA,Bladen,WHEAT,PRODUCTION,BU,234000
1998,NORTH CAROLINA,Bladen,WHEAT,PRODUCTION,BU,234000
1998,NORTH CAROLINA,Brunswick,CORN,PRODUCTION,BU,334000
1998,NORTH CAROLINA,Brunswick,COTTON,PRODUCTION,480 LB BALES,700
1998,NORTH CAROLINA,Brunswick,HAY,PRODUCTION,TONS,4600
1998,NORTH CAROLINA,Brunswick,SORGHUM,PRODUCTION,BU,22800
1998,NORTH CAROLINA,Brunswick,SOYBEANS,PRODUCTION,BU,246000
1998,NORTH CAROLINA,Brunswick,TOBACCO,PRODUCTION,LB,2888000
1998,NORTH CAROLINA,Brunswick,WHEAT,PRODUCTION,BU,68500
1998,NORTH CAROLINA,Brunswick,WHEAT,PRODUCTION,BU,68500
1998,NORTH CAROLINA,Buncombe,CORN,PRODUCTION,BU,23700
1998,NORTH CAROLINA,Buncombe,CORN,PRODUCTION,TONS,35500
1998,NORTH CAROLINA,Buncombe,HAY,PRODUCTION,TONS,24200
1998,NORTH CAROLINA,Buncombe,TOBACCO,PRODUCTION,LB,1601000
1998,NORTH CAROLINA,Burke,CORN,PRODUCTION,BU,157000
1998,NORTH CAROLINA,Burke,CORN,PRODUCTION,TONS,7100
1998,NORTH CAROLINA,Burke,HAY,PRODUCTION,TONS,10100
1998,NORTH CAROLINA,Burke,SOYBEANS,PRODUCTION,BU,8500
1998,NORTH CAROLINA,Burke,WHEAT,PRODUCTION,BU,7800
1998,NORTH CAROLINA,Burke,WHEAT,PRODUCTION,BU,7800
1998,NORTH CAROLINA,Cabarrus,BARLEY,PRODUCTION,BU,38700
1998,NORTH CAROLINA,Cabarrus,CORN,PRODUCTION,BU,85000
1998,NORTH CAROLINA,Cabarrus,CORN,PRODUCTION,TONS,3400
1998,NORTH CAROLINA,Cabarrus,COTTON,PRODUCTION,480 LB BALES,500
1998,NORTH CAROLINA,Cabarrus,HAY,PRODUCTION,TONS,28200
1998,NORTH CAROLINA,Cabarrus,OATS,PRODUCTION,BU,18000
1998,NORTH CAROLINA,Cabarrus,SORGHUM,PRODUCTION,BU,25000
1998,NORTH CAROLINA,Cabarrus,SOYBEANS,PRODUCTION,BU,137000
1998,NORTH CAROLINA,Cabarrus,WHEAT,PRODUCTION,BU,127000
1998,NORTH CAROLINA,Cabarrus,WHEAT,PRODUCTION,BU,127000
1998,NORTH CAROLINA,Caldwell,BARLEY,PRODUCTION,BU,11500
1998,NORTH CAROLINA,Caldwell,CORN,PRODUCTION,BU,98400
1998,NORTH CAROLINA,Caldwell,CORN,PRODUCTION,TONS,7500
1998,NORTH CAROLINA,Caldwell,HAY,PRODUCTION,TONS,10600
1998,NORTH CAROLINA,Caldwell,SOYBEANS,PRODUCTION,BU,17000
1998,NORTH CAROLINA,Caldwell,TOBACCO,PRODUCTION,LB,594000
1998,NORTH CAROLINA,Caldwell,WHEAT,PRODUCTION,BU,16400
1998,NORTH CAROLINA,Caldwell,WHEAT,PRODUCTION,BU,16400
1998,NORTH CAROLINA,Camden,BARLEY,PRODUCTION,BU,11200
1998,NORTH CAROLINA,Camden,CORN,PRODUCTION,BU,1680000
1998,NORTH CAROLINA,Camden,COTTON,PRODUCTION,480 LB BALES,1500
1998,NORTH CAROLINA,Camden,POTATOES,PRODUCTION,CWT,536800
1998,NORTH CAROLINA,Camden,SOYBEANS,PRODUCTION,BU,910000
1998,NORTH CAROLINA,Camden,WHEAT,PRODUCTION,BU,565000
1998,NORTH CAROLINA,Camden,WHEAT,PRODUCTION,BU,565000
1998,NORTH CAROLINA,Carteret,CORN,PRODUCTION,BU,1100000
1998,NORTH CAROLINA,Carteret,COTTON,PRODUCTION,480 LB BALES,4000
1998,NORTH CAROLINA,Carteret,POTATOES,PRODUCTION,CWT,109300
1998,NORTH CAROLINA,Carteret,SORGHUM,PRODUCTION,BU,7700
1998,NORTH CAROLINA,Carteret,SOYBEANS,PRODUCTION,BU,483000
1998,NORTH CAROLINA,Carteret,TOBACCO,PRODUCTION,LB,698000
1998,NORTH CAROLINA,Carteret,WHEAT,PRODUCTION,BU,259000
1998,NORTH CAROLINA,Carteret,WHEAT,PRODUCTION,BU,259000
1998,NORTH CAROLINA,Caswell,CORN,PRODUCTION,BU,73200
1998,NORTH CAROLINA,Caswell,CORN,PRODUCTION,TONS,3600
1998,NORTH CAROLINA,Caswell,HAY,PRODUCTION,TONS,31000
1998,NORTH CAROLINA,Caswell,OATS,PRODUCTION,BU,16000
1998,NORTH CAROLINA,Caswell,SORGHUM,PRODUCTION,BU,9300
1998,NORTH CAROLINA,Caswell,SOYBEANS,PRODUCTION,BU,18000
1998,NORTH CAROLINA,Caswell,TOBACCO,PRODUCTION,LB,10401000
1998,NORTH CAROLINA,Caswell,WHEAT,PRODUCTION,BU,108000
1998,NORTH CAROLINA,Caswell,WHEAT,PRODUCTION,BU,108000
1998,NORTH CAROLINA,Catawba,BARLEY,PRODUCTION,BU,43600
1998,NORTH CAROLINA,Catawba,CORN,PRODUCTION,BU,79000
1998,NORTH CAROLINA,Catawba,CORN,PRODUCTION,TONS,7600
1998,NORTH CAROLINA,Catawba,HAY,PRODUCTION,TONS,28700
1998,NORTH CAROLINA,Catawba,OATS,PRODUCTION,BU,16000
1998,NORTH CAROLINA,Catawba,SOYBEANS,PRODUCTION,BU,97500
1998,NORTH CAROLINA,Catawba,WHEAT,PRODUCTION,BU,198000
1998,NORTH CAROLINA,Catawba,WHEAT,PRODUCTION,BU,198000
1998,NORTH CAROLINA,Chatham,BARLEY,PRODUCTION,BU,11400
1998,NORTH CAROLINA,Chatham,CORN,PRODUCTION,BU,102000
1998,NORTH CAROLINA,Chatham,CORN,PRODUCTION,TONS,15000
1998,NORTH CAROLINA,Chatham,HAY,PRODUCTION,TONS,35700
1998,NORTH CAROLINA,Chatham,SOYBEANS,PRODUCTION,BU,23200
1998,NORTH CAROLINA,Chatham,TOBACCO,PRODUCTION,LB,1881000
1998,NORTH CAROLINA,Chatham,WHEAT,PRODUCTION,BU,39000
1998,NORTH CAROLINA,Chatham,WHEAT,PRODUCTION,BU,39000
1998,NORTH CAROLINA,Cherokee,CORN,PRODUCTION,BU,36200
1998,NORTH CAROLINA,Cherokee,CORN,PRODUCTION,TONS,3900
1998,NORTH CAROLINA,Cherokee,HAY,PRODUCTION,TONS,8100
1998,NORTH CAROLINA,Cherokee,SOYBEANS,PRODUCTION,BU,7300
1998,NORTH CAROLINA,Cherokee,TOBACCO,PRODUCTION,LB,152000
1998,NORTH CAROLINA,Chowan,CORN,PRODUCTION,BU,555000
1998,NORTH CAROLINA,Chowan,COTTON,PRODUCTION,480 LB BALES,31000
1998,NORTH CAROLINA,Chowan,PEANUTS,PRODUCTION,LB,20845000
1998,NORTH CAROLINA,Chowan,SORGHUM,PRODUCTION,BU,17700
1998,NORTH CAROLINA,Chowan,SOYBEANS,PRODUCTION,BU,306000
1998,NORTH CAROLINA,Chowan,SWEET POTATOES,PRODUCTION,CWT,47900
1998,NORTH CAROLINA,Chowan,TOBACCO,PRODUCTION,LB,685000
1998,NORTH CAROLINA,Chowan,WHEAT,PRODUCTION,BU,140000
1998,NORTH CAROLINA,Chowan,WHEAT,PRODUCTION,BU,140000
1998,NORTH CAROLINA,Clay,CORN,PRODUCTION,BU,34100
1998,NORTH CAROLINA,Clay,CORN,PRODUCTION,TONS,2500
1998,NORTH CAROLINA,Clay,HAY,PRODUCTION,TONS,8600
1998,NORTH CAROLINA,Clay,SOYBEANS,PRODUCTION,BU,6400
1998,NORTH CAROLINA,Clay,TOBACCO,PRODUCTION,LB,116000
1998,NORTH CAROLINA,Cleveland,BARLEY,PRODUCTION,BU,52900
1998,NORTH CAROLINA,Cleveland,CORN,PRODUCTION,BU,83500
1998,NORTH CAROLINA,Cleveland,CORN,PRODUCTION,TONS,15800
1998,NORTH CAROLINA,Cleveland,COTTON,PRODUCTION,480 LB BALES,4000
1998,NORTH CAROLINA,Cleveland,HAY,PRODUCTION,TONS,29200
1998,NORTH CAROLINA,Cleveland,OATS,PRODUCTION,BU,19000
1998,NORTH CAROLINA,Cleveland,SORGHUM,PRODUCTION,BU,7900
1998,NORTH CAROLINA,Cleveland,SOYBEANS,PRODUCTION,BU,224000
1998,NORTH CAROLINA,Cleveland,WHEAT,PRODUCTION,BU,312500
1998,NORTH CAROLINA,Cleveland,WHEAT,PRODUCTION,BU,312500
1998,NORTH CAROLINA,Columbus,CORN,PRODUCTION,BU,1473000
1998,NORTH CAROLINA,Columbus,COTTON,PRODUCTION,480 LB BALES,3500
1998,NORTH CAROLINA,Columbus,HAY,PRODUCTION,TONS,10700
1998,NORTH CAROLINA,Columbus,OATS,PRODUCTION,BU,13000
1998,NORTH CAROLINA,Columbus,PEANUTS,PRODUCTION,LB,2972000
1998,NORTH CAROLINA,Columbus,POTATOES,PRODUCTION,CWT,67500
1998,NORTH CAROLINA,Columbus,SOYBEANS,PRODUCTION,BU,1184000
1998,NORTH CAROLINA,Columbus,SWEET POTATOES,PRODUCTION,CWT,224000
1998,NORTH CAROLINA,Columbus,TOBACCO,PRODUCTION,LB,19287000
1998,NORTH CAROLINA,Columbus,WHEAT,PRODUCTION,BU,468500
1998,NORTH CAROLINA,Columbus,WHEAT,PRODUCTION,BU,468500
1998,NORTH CAROLINA,Craven,CORN,PRODUCTION,BU,970000
1998,NORTH CAROLINA,Craven,COTTON,PRODUCTION,480 LB BALES,24000
1998,NORTH CAROLINA,Craven,HAY,PRODUCTION,TONS,2600
1998,NORTH CAROLINA,Craven,PEANUTS,PRODUCTION,LB,114000
1998,NORTH CAROLINA,Craven,SOYBEANS,PRODUCTION,BU,616000
1998,NORTH CAROLINA,Craven,TOBACCO,PRODUCTION,LB,9257000
1998,NORTH CAROLINA,Craven,WHEAT,PRODUCTION,BU,221000
1998,NORTH CAROLINA,Craven,WHEAT,PRODUCTION,BU,221000
1998,NORTH CAROLINA,Cumberland,CORN,PRODUCTION,BU,405000
1998,NORTH CAROLINA,Cumberland,COTTON,PRODUCTION,480 LB BALES,9000
1998,NORTH CAROLINA,Cumberland,HAY,PRODUCTION,TONS,11000
1998,NORTH CAROLINA,Cumberland,OATS,PRODUCTION,BU,53000
1998,NORTH CAROLINA,Cumberland,PEANUTS,PRODUCTION,LB,380000
1998,NORTH CAROLINA,Cumberland,SOYBEANS,PRODUCTION,BU,476000
1998,NORTH CAROLINA,Cumberland,SWEET POTATOES,PRODUCTION,CWT,128300
1998,NORTH CAROLINA,Cumberland,TOBACCO,PRODUCTION,LB,5578000
1998,NORTH CAROLINA,Cumberland,WHEAT,PRODUCTION,BU,260000
1998,NORTH CAROLINA,Cumberland,WHEAT,PRODUCTION,BU,260000
1998,NORTH CAROLINA,Currituck,CORN,PRODUCTION,BU,1185000
1998,NORTH CAROLINA,Currituck,COTTON,PRODUCTION,480 LB BALES,2000
1998,NORTH CAROLINA,Currituck,PEANUTS,PRODUCTION,LB,194000
1998,NORTH CAROLINA,Currituck,POTATOES,PRODUCTION,CWT,173800
1998,NORTH CAROLINA,Currituck,SOYBEANS,PRODUCTION,BU,528000
1998,NORTH CAROLINA,Currituck,WHEAT,PRODUCTION,BU,655000
1998,NORTH CAROLINA,Currituck,WHEAT,PRODUCTION,BU,655000
1998,NORTH CAROLINA,Dare,SOYBEANS,PRODUCTION,BU,95000
1998,NORTH CAROLINA,Dare,WHEAT,PRODUCTION,BU,7000
1998,NORTH CAROLINA,Dare,WHEAT,PRODUCTION,BU,7000
1998,NORTH CAROLINA,Davidson,BARLEY,PRODUCTION,BU,92600
1998,NORTH CAROLINA,Davidson,CORN,PRODUCTION,BU,318000
1998,NORTH CAROLINA,Davidson,CORN,PRODUCTION,TONS,13100
1998,NORTH CAROLINA,Davidson,COTTON,PRODUCTION,480 LB BALES,600
1998,NORTH CAROLINA,Davidson,HAY,PRODUCTION,TONS,33000
1998,NORTH CAROLINA,Davidson,OATS,PRODUCTION,BU,25000
1998,NORTH CAROLINA,Davidson,SOYBEANS,PRODUCTION,BU,92500
1998,NORTH CAROLINA,Davidson,TOBACCO,PRODUCTION,LB,3194000
1998,NORTH CAROLINA,Davidson,WHEAT,PRODUCTION,BU,157000
1998,NORTH CAROLINA,Davidson,WHEAT,PRODUCTION,BU,157000
1998,NORTH CAROLINA,Davie,BARLEY,PRODUCTION,BU,12500
1998,NORTH CAROLINA,Davie,CORN,PRODUCTION,BU,113000
1998,NORTH CAROLINA,Davie,CORN,PRODUCTION,TONS,7600
1998,NORTH CAROLINA,Davie,HAY,PRODUCTION,TONS,25000
1998,NORTH CAROLINA,Davie,SOYBEANS,PRODUCTION,BU,73500
1998,NORTH CAROLINA,Davie,TOBACCO,PRODUCTION,LB,1070000
1998,NORTH CAROLINA,Davie,WHEAT,PRODUCTION,BU,137000
1998,NORTH CAROLINA,Davie,WHEAT,PRODUCTION,BU,137000
1998,NORTH CAROLINA,Duplin,CORN,PRODUCTION,BU,1840000
1998,NORTH CAROLINA,Duplin,COTTON,PRODUCTION,480 LB BALES,13000
1998,NORTH CAROLINA,Duplin,HAY,PRODUCTION,TONS,53400
1998,NORTH CAROLINA,Duplin,OATS,PRODUCTION,BU,29000
1998,NORTH CAROLINA,Duplin,SOYBEANS,PRODUCTION,BU,1440000
1998,NORTH CAROLINA,Duplin,SWEET POTATOES,PRODUCTION,CWT,126200
1998,NORTH CAROLINA,Duplin,TOBACCO,PRODUCTION,LB,16005000
1998,NORTH CAROLINA,Duplin,WHEAT,PRODUCTION,BU,962000
1998,NORTH CAROLINA,Duplin,WHEAT,PRODUCTION,BU,962000
1998,NORTH CAROLINA,Durham,CORN,PRODUCTION,BU,16000
1998,NORTH CAROLINA,Durham,CORN,PRODUCTION,TONS,1700
1998,NORTH CAROLINA,Durham,HAY,PRODUCTION,TONS,4500
1998,NORTH CAROLINA,Durham,SOYBEANS,PRODUCTION,BU,8800
1998,NORTH CAROLINA,Durham,TOBACCO,PRODUCTION,LB,2789000
1998,NORTH CAROLINA,Durham,WHEAT,PRODUCTION,BU,29500
1998,NORTH CAROLINA,Durham,WHEAT,PRODUCTION,BU,29500
1998,NORTH CAROLINA,Edgecombe,CORN,PRODUCTION,BU,1255000
1998,NORTH CAROLINA,Edgecombe,CORN,PRODUCTION,TONS,2400
1998,NORTH CAROLINA,Edgecombe,COTTON,PRODUCTION,480 LB BALES,65000
1998,NORTH CAROLINA,Edgecombe,HAY,PRODUCTION,TONS,4100
1998,NORTH CAROLINA,Edgecombe,OATS,PRODUCTION,BU,21000
1998,NORTH CAROLINA,Edgecombe,PEANUTS,PRODUCTION,LB,34716000
1998,NORTH CAROLINA,Edgecombe,SORGHUM,PRODUCTION,BU,16100
1998,NORTH CAROLINA,Edgecombe,SOYBEANS,PRODUCTION,BU,870000
1998,NORTH CAROLINA,Edgecombe,SWEET POTATOES,PRODUCTION,CWT,328700
1998,NORTH CAROLINA,Edgecombe,TOBACCO,PRODUCTION,LB,15173000
1998,NORTH CAROLINA,Edgecombe,WHEAT,PRODUCTION,BU,325000
1998,NORTH CAROLINA,Edgecombe,WHEAT,PRODUCTION,BU,325000
1998,NORTH CAROLINA,Forsyth,BARLEY,PRODUCTION,BU,9200
1998,NORTH CAROLINA,Forsyth,CORN,PRODUCTION,BU,98500
1998,NORTH CAROLINA,Forsyth,CORN,PRODUCTION,TONS,4700
1998,NORTH CAROLINA,Forsyth,HAY,PRODUCTION,TONS,18400
1998,NORTH CAROLINA,Forsyth,OATS,PRODUCTION,BU,12000
1998,NORTH CAROLINA,Forsyth,SOYBEANS,PRODUCTION,BU,47500
1998,NORTH CAROLINA,Forsyth,TOBACCO,PRODUCTION,LB,4765000
1998,NORTH CAROLINA,Forsyth,WHEAT,PRODUCTION,BU,86500
1998,NORTH CAROLINA,Forsyth,WHEAT,PRODUCTION,BU,86500
1998,NORTH CAROLINA,Franklin,BARLEY,PRODUCTION,BU,10600
1998,NORTH CAROLINA,Franklin,CORN,PRODUCTION,BU,60000
1998,NORTH CAROLINA,Franklin,CORN,PRODUCTION,TONS,2900
1998,NORTH CAROLINA,Franklin,COTTON,PRODUCTION,480 LB BALES,800
1998,NORTH CAROLINA,Franklin,HAY,PRODUCTION,TONS,12800
1998,NORTH CAROLINA,Franklin,OATS,PRODUCTION,BU,10000
1998,NORTH CAROLINA,Franklin,SORGHUM,PRODUCTION,BU,17400
1998,NORTH CAROLINA,Franklin,SOYBEANS,PRODUCTION,BU,257000
1998,NORTH CAROLINA,Franklin,TOBACCO,PRODUCTION,LB,14513000
1998,NORTH CAROLINA,Franklin,WHEAT,PRODUCTION,BU,320000
1998,NORTH CAROLINA,Franklin,WHEAT,PRODUCTION,BU,320000
1998,NORTH CAROLINA,Gaston,BARLEY,PRODUCTION,BU,28400
1998,NORTH CAROLINA,Gaston,CORN,PRODUCTION,BU,8800
1998,NORTH CAROLINA,Gaston,CORN,PRODUCTION,TONS,14500
1998,NORTH CAROLINA,Gaston,HAY,PRODUCTION,TONS,13000
1998,NORTH CAROLINA,Gaston,OATS,PRODUCTION,BU,13000
1998,NORTH CAROLINA,Gaston,SOYBEANS,PRODUCTION,BU,15000
1998,NORTH CAROLINA,Gaston,WHEAT,PRODUCTION,BU,35000
1998,NORTH CAROLINA,Gaston,WHEAT,PRODUCTION,BU,35000
1998,NORTH CAROLINA,Gates,CORN,PRODUCTION,BU,625000
1998,NORTH CAROLINA,Gates,COTTON,PRODUCTION,480 LB BALES,26000
1998,NORTH CAROLINA,Gates,HAY,PRODUCTION,TONS,1400
1998,NORTH CAROLINA,Gates,PEANUTS,PRODUCTION,LB,25780000
1998,NORTH CAROLINA,Gates,SOYBEANS,PRODUCTION,BU,374000
1998,NORTH CAROLINA,Gates,TOBACCO,PRODUCTION,LB,257000
1998,NORTH CAROLINA,Gates,WHEAT,PRODUCTION,BU,97500
1998,NORTH CAROLINA,Gates,WHEAT,PRODUCTION,BU,97500
1998,NORTH CAROLINA,Graham,HAY,PRODUCTION,TONS,1400
1998,NORTH CAROLINA,Graham,TOBACCO,PRODUCTION,LB,141000
1998,NORTH CAROLINA,Granville,CORN,PRODUCTION,BU,66000
1998,NORTH CAROLINA,Granville,CORN,PRODUCTION,TONS,19000
1998,NORTH CAROLINA,Granville,HAY,PRODUCTION,TONS,15600
1998,NORTH CAROLINA,Granville,SOYBEANS,PRODUCTION,BU,57200
1998,NORTH CAROLINA,Granville,TOBACCO,PRODUCTION,LB,15090000
1998,NORTH CAROLINA,Granville,WHEAT,PRODUCTION,BU,142000
1998,NORTH CAROLINA,Granville,WHEAT,PRODUCTION,BU,142000
1998,NORTH CAROLINA,Greene,CORN,PRODUCTION,BU,1180000
1998,NORTH CAROLINA,Greene,COTTON,PRODUCTION,480 LB BALES,26000
1998,NORTH CAROLINA,Greene,HAY,PRODUCTION,TONS,5000
1998,NORTH CAROLINA,Greene,OATS,PRODUCTION,BU,15000
1998,NORTH CAROLINA,Greene,PEANUTS,PRODUCTION,LB,203000
1998,NORTH CAROLINA,Greene,SOYBEANS,PRODUCTION,BU,992000
1998,NORTH CAROLINA,Greene,SWEET POTATOES,PRODUCTION,CWT,115700
1998,NORTH CAROLINA,Greene,TOBACCO,PRODUCTION,LB,15222000
1998,NORTH CAROLINA,Greene,WHEAT,PRODUCTION,BU,438000
1998,NORTH CAROLINA,Greene,WHEAT,PRODUCTION,BU,438000
1998,NORTH CAROLINA,Guilford,CORN,PRODUCTION,BU,123500
1998,NORTH CAROLINA,Guilford,CORN,PRODUCTION,TONS,14300
1998,NORTH CAROLINA,Guilford,HAY,PRODUCTION,TONS,28500
1998,NORTH CAROLINA,Guilford,OATS,PRODUCTION,BU,18000
1998,NORTH CAROLINA,Guilford,SOYBEANS,PRODUCTION,BU,50000
1998,NORTH CAROLINA,Guilford,TOBACCO,PRODUCTION,LB,9237000
1998,NORTH CAROLINA,Guilford,WHEAT,PRODUCTION,BU,266000
1998,NORTH CAROLINA,Guilford,WHEAT,PRODUCTION,BU,266000
1998,NORTH CAROLINA,Halifax,CORN,PRODUCTION,BU,578000
1998,NORTH CAROLINA,Halifax,CORN,PRODUCTION,TONS,5700
1998,NORTH CAROLINA,Halifax,COTTON,PRODUCTION,480 LB BALES,90000
1998,NORTH CAROLINA,Halifax,HAY,PRODUCTION,TONS,5900
1998,NORTH CAROLINA,Halifax,PEANUTS,PRODUCTION,LB,62840000
1998,NORTH CAROLINA,Halifax,SOYBEANS,PRODUCTION,BU,325000
1998,NORTH CAROLINA,Halifax,SWEET POTATOES,PRODUCTION,CWT,59500
1998,NORTH CAROLINA,Halifax,TOBACCO,PRODUCTION,LB,7836000
1998,NORTH CAROLINA,Halifax,WHEAT,PRODUCTION,BU,188000
1998,NORTH CAROLINA,Halifax,WHEAT,PRODUCTION,BU,188000
1998,NORTH CAROLINA,Harnett,BARLEY,PRODUCTION,BU,16400
1998,NORTH CAROLINA,Harnett,CORN,PRODUCTION,BU,169000
1998,NORTH CAROLINA,Harnett,CORN,PRODUCTION,TONS,1400
1998,NORTH CAROLINA,Harnett,COTTON,PRODUCTION,480 LB BALES,15000
1998,NORTH CAROLINA,Harnett,HAY,PRODUCTION,TONS,10300
1998,NORTH CAROLINA,Harnett,OATS,PRODUCTION,BU,30000
1998,NORTH CAROLINA,Harnett,SOYBEANS,PRODUCTION,BU,475000
1998,NORTH CAROLINA,Harnett,SWEET POTATOES,PRODUCTION,CWT,144800
1998,NORTH CAROLINA,Harnett,TOBACCO,PRODUCTION,LB,17776000
1998,NORTH CAROLINA,Harnett,WHEAT,PRODUCTION,BU,188000
1998,NORTH CAROLINA,Harnett,WHEAT,PRODUCTION,BU,188000
1998,NORTH CAROLINA,Haywood,CORN,PRODUCTION,TONS,26000
1998,NORTH CAROLINA,Haywood,HAY,PRODUCTION,TONS,20200
1998,NORTH CAROLINA,Haywood,TOBACCO,PRODUCTION,LB,1303000
1998,NORTH CAROLINA,Henderson,CORN,PRODUCTION,BU,243000
1998,NORTH CAROLINA,Henderson,CORN,PRODUCTION,TONS,41500
1998,NORTH CAROLINA,Henderson,HAY,PRODUCTION,TONS,11600
1998,NORTH CAROLINA,Henderson,TOBACCO,PRODUCTION,LB,35000
1998,NORTH CAROLINA,Hertford,CORN,PRODUCTION,BU,930000
1998,NORTH CAROLINA,Hertford,COTTON,PRODUCTION,480 LB BALES,29000
1998,NORTH CAROLINA,Hertford,HAY,PRODUCTION,TONS,900
1998,NORTH CAROLINA,Hertford,PEANUTS,PRODUCTION,LB,36332000
1998,NORTH CAROLINA,Hertford,SOYBEANS,PRODUCTION,BU,304000
1998,NORTH CAROLINA,Hertford,TOBACCO,PRODUCTION,LB,3726000
1998,NORTH CAROLINA,Hertford,WHEAT,PRODUCTION,BU,57000
1998,NORTH CAROLINA,Hertford,WHEAT,PRODUCTION,BU,57000
1998,NORTH CAROLINA,Hoke,CORN,PRODUCTION,BU,67000
1998,NORTH CAROLINA,Hoke,COTTON,PRODUCTION,480 LB BALES,21000
1998,NORTH CAROLINA,Hoke,HAY,PRODUCTION,TONS,5700
1998,NORTH CAROLINA,Hoke,SOYBEANS,PRODUCTION,BU,214000
1998,NORTH CAROLINA,Hoke,TOBACCO,PRODUCTION,LB,2718000
1998,NORTH CAROLINA,Hoke,WHEAT,PRODUCTION,BU,191000
1998,NORTH CAROLINA,Hoke,WHEAT,PRODUCTION,BU,191000
1998,NORTH CAROLINA,Hyde,CORN,PRODUCTION,BU,2410000
1998,NORTH CAROLINA,Hyde,COTTON,PRODUCTION,480 LB BALES,17000
1998,NORTH CAROLINA,Hyde,HAY,PRODUCTION,TONS,600
1998,NORTH CAROLINA,Hyde,POTATOES,PRODUCTION,CWT,48400
1998,NORTH CAROLINA,Hyde,SORGHUM,PRODUCTION,BU,27000
1998,NORTH CAROLINA,Hyde,SOYBEANS,PRODUCTION,BU,1188000
1998,NORTH CAROLINA,Hyde,WHEAT,PRODUCTION,BU,948000
1998,NORTH CAROLINA,Hyde,WHEAT,PRODUCTION,BU,948000
1998,NORTH CAROLINA,Iredell,BARLEY,PRODUCTION,BU,134700
1998,NORTH CAROLINA,Iredell,CORN,PRODUCTION,BU,121000
1998,NORTH CAROLINA,Iredell,CORN,PRODUCTION,TONS,85400
1998,NORTH CAROLINA,Iredell,COTTON,PRODUCTION,480 LB BALES,1000
1998,NORTH CAROLINA,Iredell,HAY,PRODUCTION,TONS,74300
1998,NORTH CAROLINA,Iredell,OATS,PRODUCTION,BU,18000
1998,NORTH CAROLINA,Iredell,SOYBEANS,PRODUCTION,BU,187000
1998,NORTH CAROLINA,Iredell,TOBACCO,PRODUCTION,LB,929000
1998,NORTH CAROLINA,Iredell,WHEAT,PRODUCTION,BU,204000
1998,NORTH CAROLINA,Iredell,WHEAT,PRODUCTION,BU,204000
1998,NORTH CAROLINA,Jackson,HAY,PRODUCTION,TONS,2200
1998,NORTH CAROLINA,Jackson,TOBACCO,PRODUCTION,LB,51000
1998,NORTH CAROLINA,Johnston,CORN,PRODUCTION,BU,435000
1998,NORTH CAROLINA,Johnston,COTTON,PRODUCTION,480 LB BALES,13000
1998,NORTH CAROLINA,Johnston,HAY,PRODUCTION,TONS,18600
1998,NORTH CAROLINA,Johnston,OATS,PRODUCTION,BU,49000
1998,NORTH CAROLINA,Johnston,PEANUTS,PRODUCTION,LB,188000
1998,NORTH CAROLINA,Johnston,SOYBEANS,PRODUCTION,BU,1156000
1998,NORTH CAROLINA,Johnston,SWEET POTATOES,PRODUCTION,CWT,1057900
1998,NORTH CAROLINA,Johnston,TOBACCO,PRODUCTION,LB,27843000
1998,NORTH CAROLINA,Johnston,WHEAT,PRODUCTION,BU,580000
1998,NORTH CAROLINA,Johnston,WHEAT,PRODUCTION,BU,580000
1998,NORTH CAROLINA,Jones,CORN,PRODUCTION,BU,544000
1998,NORTH CAROLINA,Jones,COTTON,PRODUCTION,480 LB BALES,38000
1998,NORTH CAROLINA,Jones,HAY,PRODUCTION,TONS,2900
1998,NORTH CAROLINA,Jones,SOYBEANS,PRODUCTION,BU,350000
1998,NORTH CAROLINA,Jones,TOBACCO,PRODUCTION,LB,6447000
1998,NORTH CAROLINA,Jones,WHEAT,PRODUCTION,BU,272000
1998,NORTH CAROLINA,Jones,WHEAT,PRODUCTION,BU,272000
1998,NORTH CAROLINA,Lee,CORN,PRODUCTION,BU,30500
1998,NORTH CAROLINA,Lee,COTTON,PRODUCTION,480 LB BALES,2800
1998,NORTH CAROLINA,Lee,HAY,PRODUCTION,TONS,4700
1998,NORTH CAROLINA,Lee,OATS,PRODUCTION,BU,20000
1998,NORTH CAROLINA,Lee,SOYBEANS,PRODUCTION,BU,61400
1998,NORTH CAROLINA,Lee,TOBACCO,PRODUCTION,LB,4957000
1998,NORTH CAROLINA,Lee,WHEAT,PRODUCTION,BU,64000
1998,NORTH CAROLINA,Lee,WHEAT,PRODUCTION,BU,64000
1998,NORTH CAROLINA,Lenoir,BARLEY,PRODUCTION,BU,9400
1998,NORTH CAROLINA,Lenoir,CORN,PRODUCTION,BU,1705000
1998,NORTH CAROLINA,Lenoir,CORN,PRODUCTION,TONS,2600
1998,NORTH CAROLINA,Lenoir,COTTON,PRODUCTION,480 LB BALES,37000
1998,NORTH CAROLINA,Lenoir,HAY,PRODUCTION,TONS,5000
1998,NORTH CAROLINA,Lenoir,SOYBEANS,PRODUCTION,BU,778000
1998,NORTH CAROLINA,Lenoir,SWEET POTATOES,PRODUCTION,CWT,74200
1998,NORTH CAROLINA,Lenoir,TOBACCO,PRODUCTION,LB,18552000
1998,NORTH CAROLINA,Lenoir,WHEAT,PRODUCTION,BU,674000
1998,NORTH CAROLINA,Lenoir,WHEAT,PRODUCTION,BU,674000
1998,NORTH CAROLINA,Lincoln,BARLEY,PRODUCTION,BU,59400
1998,NORTH CAROLINA,Lincoln,CORN,PRODUCTION,BU,148000
1998,NORTH CAROLINA,Lincoln,CORN,PRODUCTION,TONS,14600
1998,NORTH CAROLINA,Lincoln,HAY,PRODUCTION,TONS,27500
1998,NORTH CAROLINA,Lincoln,SOYBEANS,PRODUCTION,BU,147000
1998,NORTH CAROLINA,Lincoln,WHEAT,PRODUCTION,BU,254000
1998,NORTH CAROLINA,Lincoln,WHEAT,PRODUCTION,BU,254000
1998,NORTH CAROLINA,Macon,CORN,PRODUCTION,BU,22400
1998,NORTH CAROLINA,Macon,CORN,PRODUCTION,TONS,4400
1998,NORTH CAROLINA,Macon,HAY,PRODUCTION,TONS,9500
1998,NORTH CAROLINA,Macon,TOBACCO,PRODUCTION,LB,46000
1998,NORTH CAROLINA,Madison,CORN,PRODUCTION,BU,22100
1998,NORTH CAROLINA,Madison,CORN,PRODUCTION,TONS,3300
1998,NORTH CAROLINA,Madison,HAY,PRODUCTION,TONS,13200
1998,NORTH CAROLINA,Madison,TOBACCO,PRODUCTION,LB,3306000
1998,NORTH CAROLINA,Martin,CORN,PRODUCTION,BU,608000
1998,NORTH CAROLINA,Martin,COTTON,PRODUCTION,480 LB BALES,55000
1998,NORTH CAROLINA,Martin,HAY,PRODUCTION,TONS,1500
1998,NORTH CAROLINA,Martin,PEANUTS,PRODUCTION,LB,44055000
1998,NORTH CAROLINA,Martin,SORGHUM,PRODUCTION,BU,10900
1998,NORTH CAROLINA,Martin,SOYBEANS,PRODUCTION,BU,348000
1998,NORTH CAROLINA,Martin,TOBACCO,PRODUCTION,LB,10397000
1998,NORTH CAROLINA,Martin,WHEAT,PRODUCTION,BU,142000
1998,NORTH CAROLINA,Martin,WHEAT,PRODUCTION,BU,142000
1998,NORTH CAROLINA,Mcdowell,CORN,PRODUCTION,BU,56200
1998,NORTH CAROLINA,Mcdowell,CORN,PRODUCTION,TONS,6800
1998,NORTH CAROLINA,Mcdowell,HAY,PRODUCTION,TONS,6800
1998,NORTH CAROLINA,Mcdowell,SOYBEANS,PRODUCTION,BU,25600
1998,NORTH CAROLINA,Mecklenburg,BARLEY,PRODUCTION,BU,9600
1998,NORTH CAROLINA,Mecklenburg,CORN,PRODUCTION,BU,17700
1998,NORTH CAROLINA,Mecklenburg,CORN,PRODUCTION,TONS,11200
1998,NORTH CAROLINA,Mecklenburg,HAY,PRODUCTION,TONS,17000
1998,NORTH CAROLINA,Mecklenburg,SOYBEANS,PRODUCTION,BU,15000
1998,NORTH CAROLINA,Mecklenburg,WHEAT,PRODUCTION,BU,48500
1998,NORTH CAROLINA,Mecklenburg,WHEAT,PRODUCTION,BU,48500
1998,NORTH CAROLINA,Mitchell,CORN,PRODUCTION,BU,22200
1998,NORTH CAROLINA,Mitchell,HAY,PRODUCTION,TONS,6700
1998,NORTH CAROLINA,Mitchell,TOBACCO,PRODUCTION,LB,568000
1998,NORTH CAROLINA,Montgomery,CORN,PRODUCTION,BU,58000
1998,NORTH CAROLINA,Montgomery,COTTON,PRODUCTION,480 LB BALES,2000
1998,NORTH CAROLINA,Montgomery,HAY,PRODUCTION,TONS,9800
1998,NORTH CAROLINA,Montgomery,SOYBEANS,PRODUCTION,BU,25000
1998,NORTH CAROLINA,Montgomery,TOBACCO,PRODUCTION,LB,1020000
1998,NORTH CAROLINA,Montgomery,WHEAT,PRODUCTION,BU,14000
1998,NORTH CAROLINA,Montgomery,WHEAT,PRODUCTION,BU,14000
1998,NORTH CAROLINA,Moore,CORN,PRODUCTION,BU,39000
1998,NORTH CAROLINA,Moore,COTTON,PRODUCTION,480 LB BALES,400
1998,NORTH CAROLINA,Moore,HAY,PRODUCTION,TONS,15300
1998,NORTH CAROLINA,Moore,SOYBEANS,PRODUCTION,BU,55000
1998,NORTH CAROLINA,Moore,TOBACCO,PRODUCTION,LB,5582000
1998,NORTH CAROLINA,Moore,WHEAT,PRODUCTION,BU,128500
1998,NORTH CAROLINA,Moore,WHEAT,PRODUCTION,BU,128500
1998,NORTH CAROLINA,Nash,CORN,PRODUCTION,BU,158000
1998,NORTH CAROLINA,Nash,CORN,PRODUCTION,TONS,2200
1998,NORTH CAROLINA,Nash,COTTON,PRODUCTION,480 LB BALES,25000
1998,NORTH CAROLINA,Nash,HAY,PRODUCTION,TONS,12400
1998,NORTH CAROLINA,Nash,OATS,PRODUCTION,BU,37000
1998,NORTH CAROLINA,Nash,PEANUTS,PRODUCTION,LB,9537000
1998,NORTH CAROLINA,Nash,SOYBEANS,PRODUCTION,BU,758000
1998,NORTH CAROLINA,Nash,SWEET POTATOES,PRODUCTION,CWT,1208400
1998,NORTH CAROLINA,Nash,TOBACCO,PRODUCTION,LB,23680000
1998,NORTH CAROLINA,Nash,WHEAT,PRODUCTION,BU,589000
1998,NORTH CAROLINA,Nash,WHEAT,PRODUCTION,BU,589000
1998,NORTH CAROLINA,New Hanover,CORN,PRODUCTION,BU,20000
1998,NORTH CAROLINA,New Hanover,SOYBEANS,PRODUCTION,BU,23000
1998,NORTH CAROLINA,New Hanover,TOBACCO,PRODUCTION,LB,33000
1998,NORTH CAROLINA,Northampton,CORN,PRODUCTION,BU,332000
1998,NORTH CAROLINA,Northampton,COTTON,PRODUCTION,480 LB BALES,84000
1998,NORTH CAROLINA,Northampton,HAY,PRODUCTION,TONS,3000
1998,NORTH CAROLINA,Northampton,PEANUTS,PRODUCTION,LB,64992000
1998,NORTH CAROLINA,Northampton,SORGHUM,PRODUCTION,BU,9400
1998,NORTH CAROLINA,Northampton,SOYBEANS,PRODUCTION,BU,348000
1998,NORTH CAROLINA,Northampton,TOBACCO,PRODUCTION,LB,591000
1998,NORTH CAROLINA,Northampton,WHEAT,PRODUCTION,BU,131000
1998,NORTH CAROLINA,Northampton,WHEAT,PRODUCTION,BU,131000
1998,NORTH CAROLINA,Onslow,CORN,PRODUCTION,BU,994000
1998,NORTH CAROLINA,Onslow,COTTON,PRODUCTION,480 LB BALES,3500
1998,NORTH CAROLINA,Onslow,HAY,PRODUCTION,TONS,4800
1998,NORTH CAROLINA,Onslow,SOYBEANS,PRODUCTION,BU,420000
1998,NORTH CAROLINA,Onslow,TOBACCO,PRODUCTION,LB,4546000
1998,NORTH CAROLINA,Onslow,WHEAT,PRODUCTION,BU,199000
1998,NORTH CAROLINA,Onslow,WHEAT,PRODUCTION,BU,199000
1998,NORTH CAROLINA,Orange,BARLEY,PRODUCTION,BU,20700
1998,NORTH CAROLINA,Orange,CORN,PRODUCTION,BU,71000
1998,NORTH CAROLINA,Orange,CORN,PRODUCTION,TONS,24500
1998,NORTH CAROLINA,Orange,HAY,PRODUCTION,TONS,19800
1998,NORTH CAROLINA,Orange,OATS,PRODUCTION,BU,11000
1998,NORTH CAROLINA,Orange,SOYBEANS,PRODUCTION,BU,44000
1998,NORTH CAROLINA,Orange,TOBACCO,PRODUCTION,LB,4233000
1998,NORTH CAROLINA,Orange,WHEAT,PRODUCTION,BU,63500
1998,NORTH CAROLINA,Orange,WHEAT,PRODUCTION,BU,63500
1998,NORTH CAROLINA,Pamlico,CORN,PRODUCTION,BU,783000
1998,NORTH CAROLINA,Pamlico,COTTON,PRODUCTION,480 LB BALES,5000
1998,NORTH CAROLINA,Pamlico,HAY,PRODUCTION,TONS,600
1998,NORTH CAROLINA,Pamlico,POTATOES,PRODUCTION,CWT,429100
1998,NORTH CAROLINA,Pamlico,SOYBEANS,PRODUCTION,BU,546000
1998,NORTH CAROLINA,Pamlico,TOBACCO,PRODUCTION,LB,621000
1998,NORTH CAROLINA,Pamlico,WHEAT,PRODUCTION,BU,427000
1998,NORTH CAROLINA,Pamlico,WHEAT,PRODUCTION,BU,427000
1998,NORTH CAROLINA,Pasquotank,CORN,PRODUCTION,BU,2315000
1998,NORTH CAROLINA,Pasquotank,COTTON,PRODUCTION,480 LB BALES,4500
1998,NORTH CAROLINA,Pasquotank,PEANUTS,PRODUCTION,LB,325000
1998,NORTH CAROLINA,Pasquotank,POTATOES,PRODUCTION,CWT,815900
1998,NORTH CAROLINA,Pasquotank,SORGHUM,PRODUCTION,BU,128900
1998,NORTH CAROLINA,Pasquotank,SOYBEANS,PRODUCTION,BU,1376000
1998,NORTH CAROLINA,Pasquotank,WHEAT,PRODUCTION,BU,1090000
1998,NORTH CAROLINA,Pasquotank,WHEAT,PRODUCTION,BU,1090000
1998,NORTH CAROLINA,Pender,CORN,PRODUCTION,BU,806000
1998,NORTH CAROLINA,Pender,COTTON,PRODUCTION,480 LB BALES,300
1998,NORTH CAROLINA,Pender,HAY,PRODUCTION,TONS,4000
1998,NORTH CAROLINA,Pender,PEANUTS,PRODUCTION,LB,931000
1998,NORTH CAROLINA,Pender,SOYBEANS,PRODUCTION,BU,392000
1998,NORTH CAROLINA,Pender,TOBACCO,PRODUCTION,LB,2553000
1998,NORTH CAROLINA,Pender,WHEAT,PRODUCTION,BU,239000
1998,NORTH CAROLINA,Pender,WHEAT,PRODUCTION,BU,239000
1998,NORTH CAROLINA,Perquimans,CORN,PRODUCTION,BU,1810000
1998,NORTH CAROLINA,Perquimans,COTTON,PRODUCTION,480 LB BALES,23000
1998,NORTH CAROLINA,Perquimans,HAY,PRODUCTION,TONS,600
1998,NORTH CAROLINA,Perquimans,OATS,PRODUCTION,BU,22000
1998,NORTH CAROLINA,Perquimans,PEANUTS,PRODUCTION,LB,9838000
1998,NORTH CAROLINA,Perquimans,SOYBEANS,PRODUCTION,BU,1155000
1998,NORTH CAROLINA,Perquimans,WHEAT,PRODUCTION,BU,688000
1998,NORTH CAROLINA,Perquimans,WHEAT,PRODUCTION,BU,688000
1998,NORTH CAROLINA,Person,CORN,PRODUCTION,BU,170000
1998,NORTH CAROLINA,Person,CORN,PRODUCTION,TONS,3200
1998,NORTH CAROLINA,Person,HAY,PRODUCTION,TONS,20600
1998,NORTH CAROLINA,Person,OATS,PRODUCTION,BU,12000
1998,NORTH CAROLINA,Person,SOYBEANS,PRODUCTION,BU,129500
1998,NORTH CAROLINA,Person,TOBACCO,PRODUCTION,LB,11801000
1998,NORTH CAROLINA,Person,WHEAT,PRODUCTION,BU,265000
1998,NORTH CAROLINA,Person,WHEAT,PRODUCTION,BU,265000
1998,NORTH CAROLINA,Pitt,CORN,PRODUCTION,BU,1610000
1998,NORTH CAROLINA,Pitt,COTTON,PRODUCTION,480 LB BALES,47000
1998,NORTH CAROLINA,Pitt,HAY,PRODUCTION,TONS,6800
1998,NORTH CAROLINA,Pitt,OATS,PRODUCTION,BU,45000
1998,NORTH CAROLINA,Pitt,PEANUTS,PRODUCTION,LB,12191000
1998,NORTH CAROLINA,Pitt,SOYBEANS,PRODUCTION,BU,1220000
1998,NORTH CAROLINA,Pitt,TOBACCO,PRODUCTION,LB,28884000
1998,NORTH CAROLINA,Pitt,WHEAT,PRODUCTION,BU,884000
1998,NORTH CAROLINA,Pitt,WHEAT,PRODUCTION,BU,884000
1998,NORTH CAROLINA,Polk,HAY,PRODUCTION,TONS,9100
1998,NORTH CAROLINA,Polk,SOYBEANS,PRODUCTION,BU,5600
1998,NORTH CAROLINA,Randolph,BARLEY,PRODUCTION,BU,20200
1998,NORTH CAROLINA,Randolph,CORN,PRODUCTION,BU,341000
1998,NORTH CAROLINA,Randolph,CORN,PRODUCTION,TONS,24800
1998,NORTH CAROLINA,Randolph,HAY,PRODUCTION,TONS,52500
1998,NORTH CAROLINA,Randolph,OATS,PRODUCTION,BU,17000
1998,NORTH CAROLINA,Randolph,SOYBEANS,PRODUCTION,BU,116400
1998,NORTH CAROLINA,Randolph,TOBACCO,PRODUCTION,LB,3184000
1998,NORTH CAROLINA,Randolph,WHEAT,PRODUCTION,BU,159000
1998,NORTH CAROLINA,Randolph,WHEAT,PRODUCTION,BU,159000
1998,NORTH CAROLINA,Richmond,CORN,PRODUCTION,BU,82000
1998,NORTH CAROLINA,Richmond,COTTON,PRODUCTION,480 LB BALES,4500
1998,NORTH CAROLINA,Richmond,HAY,PRODUCTION,TONS,8200
1998,NORTH CAROLINA,Richmond,SOYBEANS,PRODUCTION,BU,78000
1998,NORTH CAROLINA,Richmond,TOBACCO,PRODUCTION,LB,2390000
1998,NORTH CAROLINA,Richmond,WHEAT,PRODUCTION,BU,85000
1998,NORTH CAROLINA,Richmond,WHEAT,PRODUCTION,BU,85000
1998,NORTH CAROLINA,Robeson,CORN,PRODUCTION,BU,1384000
1998,NORTH CAROLINA,Robeson,CORN,PRODUCTION,TONS,1100
1998,NORTH CAROLINA,Robeson,COTTON,PRODUCTION,480 LB BALES,33000
1998,NORTH CAROLINA,Robeson,HAY,PRODUCTION,TONS,16500
1998,NORTH CAROLINA,Robeson,OATS,PRODUCTION,BU,33000
1998,NORTH CAROLINA,Robeson,PEANUTS,PRODUCTION,LB,254000
1998,NORTH CAROLINA,Robeson,SOYBEANS,PRODUCTION,BU,2325000
1998,NORTH CAROLINA,Robeson,TOBACCO,PRODUCTION,LB,23130000
1998,NORTH CAROLINA,Robeson,WHEAT,PRODUCTION,BU,1670000
1998,NORTH CAROLINA,Robeson,WHEAT,PRODUCTION,BU,1670000
1998,NORTH CAROLINA,Rockingham,BARLEY,PRODUCTION,BU,15000
1998,NORTH CAROLINA,Rockingham,CORN,PRODUCTION,BU,73500
1998,NORTH CAROLINA,Rockingham,CORN,PRODUCTION,TONS,10800
1998,NORTH CAROLINA,Rockingham,HAY,PRODUCTION,TONS,19400
1998,NORTH CAROLINA,Rockingham,OATS,PRODUCTION,BU,14000
1998,NORTH CAROLINA,Rockingham,SOYBEANS,PRODUCTION,BU,36000
1998,NORTH CAROLINA,Rockingham,TOBACCO,PRODUCTION,LB,13981000
1998,NORTH CAROLINA,Rockingham,WHEAT,PRODUCTION,BU,199500
1998,NORTH CAROLINA,Rockingham,WHEAT,PRODUCTION,BU,199500
1998,NORTH CAROLINA,Rowan,BARLEY,PRODUCTION,BU,128100
1998,NORTH CAROLINA,Rowan,CORN,PRODUCTION,BU,262500
1998,NORTH CAROLINA,Rowan,CORN,PRODUCTION,TONS,17000
1998,NORTH CAROLINA,Rowan,COTTON,PRODUCTION,480 LB BALES,900
1998,NORTH CAROLINA,Rowan,HAY,PRODUCTION,TONS,40700
1998,NORTH CAROLINA,Rowan,OATS,PRODUCTION,BU,20000
1998,NORTH CAROLINA,Rowan,SOYBEANS,PRODUCTION,BU,290000
1998,NORTH CAROLINA,Rowan,WHEAT,PRODUCTION,BU,200000
1998,NORTH CAROLINA,Rowan,WHEAT,PRODUCTION,BU,200000
1998,NORTH CAROLINA,Rutherford,BARLEY,PRODUCTION,BU,13000
1998,NORTH CAROLINA,Rutherford,CORN,PRODUCTION,BU,35800
1998,NORTH CAROLINA,Rutherford,CORN,PRODUCTION,TONS,4600
1998,NORTH CAROLINA,Rutherford,COTTON,PRODUCTION,480 LB BALES,400
1998,NORTH CAROLINA,Rutherford,HAY,PRODUCTION,TONS,23400
1998,NORTH CAROLINA,Rutherford,SOYBEANS,PRODUCTION,BU,6600
1998,NORTH CAROLINA,Rutherford,WHEAT,PRODUCTION,BU,12400
1998,NORTH CAROLINA,Rutherford,WHEAT,PRODUCTION,BU,12400
1998,NORTH CAROLINA,Sampson,CORN,PRODUCTION,BU,794000
1998,NORTH CAROLINA,Sampson,CORN,PRODUCTION,TONS,8700
1998,NORTH CAROLINA,Sampson,COTTON,PRODUCTION,480 LB BALES,59000
1998,NORTH CAROLINA,Sampson,HAY,PRODUCTION,TONS,45000
1998,NORTH CAROLINA,Sampson,OATS,PRODUCTION,BU,19000
1998,NORTH CAROLINA,Sampson,PEANUTS,PRODUCTION,LB,607000
1998,NORTH CAROLINA,Sampson,SOYBEANS,PRODUCTION,BU,1398000
1998,NORTH CAROLINA,Sampson,SWEET POTATOES,PRODUCTION,CWT,669000
1998,NORTH CAROLINA,Sampson,TOBACCO,PRODUCTION,LB,16819000
1998,NORTH CAROLINA,Sampson,WHEAT,PRODUCTION,BU,896000
1998,NORTH CAROLINA,Sampson,WHEAT,PRODUCTION,BU,896000
1998,NORTH CAROLINA,Scotland,CORN,PRODUCTION,BU,67000
1998,NORTH CAROLINA,Scotland,COTTON,PRODUCTION,480 LB BALES,20000
1998,NORTH CAROLINA,Scotland,HAY,PRODUCTION,TONS,4900
1998,NORTH CAROLINA,Scotland,SOYBEANS,PRODUCTION,BU,267000
1998,NORTH CAROLINA,Scotland,TOBACCO,PRODUCTION,LB,1091000
1998,NORTH CAROLINA,Scotland,WHEAT,PRODUCTION,BU,198000
1998,NORTH CAROLINA,Scotland,WHEAT,PRODUCTION,BU,198000
1998,NORTH CAROLINA,Stanly,BARLEY,PRODUCTION,BU,56300
1998,NORTH CAROLINA,Stanly,CORN,PRODUCTION,BU,806000
1998,NORTH CAROLINA,Stanly,CORN,PRODUCTION,TONS,5500
1998,NORTH CAROLINA,Stanly,COTTON,PRODUCTION,480 LB BALES,10500
1998,NORTH CAROLINA,Stanly,HAY,PRODUCTION,TONS,33300
1998,NORTH CAROLINA,Stanly,OATS,PRODUCTION,BU,27000
1998,NORTH CAROLINA,Stanly,SOYBEANS,PRODUCTION,BU,464000
1998,NORTH CAROLINA,Stanly,WHEAT,PRODUCTION,BU,427000
1998,NORTH CAROLINA,Stanly,WHEAT,PRODUCTION,BU,427000
1998,NORTH CAROLINA,Stokes,CORN,PRODUCTION,BU,42300
1998,NORTH CAROLINA,Stokes,CORN,PRODUCTION,TONS,4400
1998,NORTH CAROLINA,Stokes,HAY,PRODUCTION,TONS,17400
1998,NORTH CAROLINA,Stokes,SORGHUM,PRODUCTION,BU,10900
1998,NORTH CAROLINA,Stokes,SOYBEANS,PRODUCTION,BU,17600
1998,NORTH CAROLINA,Stokes,TOBACCO,PRODUCTION,LB,11762000
1998,NORTH CAROLINA,Stokes,WHEAT,PRODUCTION,BU,33000
1998,NORTH CAROLINA,Stokes,WHEAT,PRODUCTION,BU,33000
1998,NORTH CAROLINA,Surry,BARLEY,PRODUCTION,BU,23400
1998,NORTH CAROLINA,Surry,CORN,PRODUCTION,BU,436000
1998,NORTH CAROLINA,Surry,CORN,PRODUCTION,TONS,12600
1998,NORTH CAROLINA,Surry,HAY,PRODUCTION,TONS,47600
1998,NORTH CAROLINA,Surry,SOYBEANS,PRODUCTION,BU,98000
1998,NORTH CAROLINA,Surry,TOBACCO,PRODUCTION,LB,13301000
1998,NORTH CAROLINA,Surry,WHEAT,PRODUCTION,BU,114000
1998,NORTH CAROLINA,Surry,WHEAT,PRODUCTION,BU,114000
1998,NORTH CAROLINA,Swain,HAY,PRODUCTION,TONS,1400
1998,NORTH CAROLINA,Swain,TOBACCO,PRODUCTION,LB,33000
1998,NORTH CAROLINA,Transylvania,CORN,PRODUCTION,BU,53900
1998,NORTH CAROLINA,Transylvania,CORN,PRODUCTION,TONS,3600
1998,NORTH CAROLINA,Transylvania,HAY,PRODUCTION,TONS,4200
1998,NORTH CAROLINA,Transylvania,TOBACCO,PRODUCTION,LB,50000
1998,NORTH CAROLINA,Tyrrell,CORN,PRODUCTION,BU,2315000
1998,NORTH CAROLINA,Tyrrell,COTTON,PRODUCTION,480 LB BALES,4000
1998,NORTH CAROLINA,Tyrrell,OATS,PRODUCTION,BU,41000
1998,NORTH CAROLINA,Tyrrell,PEANUTS,PRODUCTION,LB,367000
1998,NORTH CAROLINA,Tyrrell,POTATOES,PRODUCTION,CWT,450300
1998,NORTH CAROLINA,Tyrrell,SOYBEANS,PRODUCTION,BU,1125000
1998,NORTH CAROLINA,Tyrrell,WHEAT,PRODUCTION,BU,868500
1998,NORTH CAROLINA,Tyrrell,WHEAT,PRODUCTION,BU,868500
1998,NORTH CAROLINA,Union,BARLEY,PRODUCTION,BU,50200
1998,NORTH CAROLINA,Union,CORN,PRODUCTION,BU,1492000
1998,NORTH CAROLINA,Union,CORN,PRODUCTION,TONS,8000
1998,NORTH CAROLINA,Union,COTTON,PRODUCTION,480 LB BALES,11000
1998,NORTH CAROLINA,Union,HAY,PRODUCTION,TONS,38300
1998,NORTH CAROLINA,Union,OATS,PRODUCTION,BU,46000
1998,NORTH CAROLINA,Union,SORGHUM,PRODUCTION,BU,35400
1998,NORTH CAROLINA,Union,SOYBEANS,PRODUCTION,BU,1415000
1998,NORTH CAROLINA,Union,WHEAT,PRODUCTION,BU,1182500
1998,NORTH CAROLINA,Union,WHEAT,PRODUCTION,BU,1182500
1998,NORTH CAROLINA,Vance,HAY,PRODUCTION,TONS,3400
1998,NORTH CAROLINA,Vance,SOYBEANS,PRODUCTION,BU,61400
1998,NORTH CAROLINA,Vance,TOBACCO,PRODUCTION,LB,9343000
1998,NORTH CAROLINA,Vance,WHEAT,PRODUCTION,BU,192000
1998,NORTH CAROLINA,Vance,WHEAT,PRODUCTION,BU,192000
1998,NORTH CAROLINA,Wake,CORN,PRODUCTION,BU,51000
1998,NORTH CAROLINA,Wake,COTTON,PRODUCTION,480 LB BALES,700
1998,NORTH CAROLINA,Wake,HAY,PRODUCTION,TONS,10400
1998,NORTH CAROLINA,Wake,OATS,PRODUCTION,BU,50000
1998,NORTH CAROLINA,Wake,SORGHUM,PRODUCTION,BU,9900
1998,NORTH CAROLINA,Wake,SOYBEANS,PRODUCTION,BU,252000
1998,NORTH CAROLINA,Wake,SWEET POTATOES,PRODUCTION,CWT,46000
1998,NORTH CAROLINA,Wake,TOBACCO,PRODUCTION,LB,21001000
1998,NORTH CAROLINA,Wake,WHEAT,PRODUCTION,BU,209000
1998,NORTH CAROLINA,Wake,WHEAT,PRODUCTION,BU,209000
1998,NORTH CAROLINA,Warren,BARLEY,PRODUCTION,BU,13900
1998,NORTH CAROLINA,Warren,CORN,PRODUCTION,BU,59200
1998,NORTH CAROLINA,Warren,CORN,PRODUCTION,TONS,9500
1998,NORTH CAROLINA,Warren,COTTON,PRODUCTION,480 LB BALES,600
1998,NORTH CAROLINA,Warren,HAY,PRODUCTION,TONS,14300
1998,NORTH CAROLINA,Warren,OATS,PRODUCTION,BU,22000
1998,NORTH CAROLINA,Warren,SORGHUM,PRODUCTION,BU,18700
1998,NORTH CAROLINA,Warren,SOYBEANS,PRODUCTION,BU,146600
1998,NORTH CAROLINA,Warren,TOBACCO,PRODUCTION,LB,7720000
1998,NORTH CAROLINA,Warren,WHEAT,PRODUCTION,BU,181500
1998,NORTH CAROLINA,Warren,WHEAT,PRODUCTION,BU,181500
1998,NORTH CAROLINA,Washington,CORN,PRODUCTION,BU,2875000
1998,NORTH CAROLINA,Washington,CORN,PRODUCTION,TONS,1700
1998,NORTH CAROLINA,Washington,COTTON,PRODUCTION,480 LB BALES,11000
1998,NORTH CAROLINA,Washington,HAY,PRODUCTION,TONS,2200
1998,NORTH CAROLINA,Washington,PEANUTS,PRODUCTION,LB,7133000
1998,NORTH CAROLINA,Washington,POTATOES,PRODUCTION,CWT,556300
1998,NORTH CAROLINA,Washington,SOYBEANS,PRODUCTION,BU,1425000
1998,NORTH CAROLINA,Washington,TOBACCO,PRODUCTION,LB,1047000
1998,NORTH CAROLINA,Washington,WHEAT,PRODUCTION,BU,1100000
1998,NORTH CAROLINA,Washington,WHEAT,PRODUCTION,BU,1100000
1998,NORTH CAROLINA,Watauga,CORN,PRODUCTION,TONS,2600
1998,NORTH CAROLINA,Watauga,HAY,PRODUCTION,TONS,15200
1998,NORTH CAROLINA,Watauga,TOBACCO,PRODUCTION,LB,962000
1998,NORTH CAROLINA,Wayne,CORN,PRODUCTION,BU,1273000
1998,NORTH CAROLINA,Wayne,COTTON,PRODUCTION,480 LB BALES,33000
1998,NORTH CAROLINA,Wayne,HAY,PRODUCTION,TONS,13000
1998,NORTH CAROLINA,Wayne,OATS,PRODUCTION,BU,36000
1998,NORTH CAROLINA,Wayne,SOYBEANS,PRODUCTION,BU,1904000
1998,NORTH CAROLINA,Wayne,SWEET POTATOES,PRODUCTION,CWT,242100
1998,NORTH CAROLINA,Wayne,TOBACCO,PRODUCTION,LB,18317000
1998,NORTH CAROLINA,Wayne,WHEAT,PRODUCTION,BU,1455000
1998,NORTH CAROLINA,Wayne,WHEAT,PRODUCTION,BU,1455000
1998,NORTH CAROLINA,Wilkes,BARLEY,PRODUCTION,BU,21900
1998,NORTH CAROLINA,Wilkes,CORN,PRODUCTION,BU,164000
1998,NORTH CAROLINA,Wilkes,CORN,PRODUCTION,TONS,29200
1998,NORTH CAROLINA,Wilkes,HAY,PRODUCTION,TONS,53300
1998,NORTH CAROLINA,Wilkes,SOYBEANS,PRODUCTION,BU,10000
1998,NORTH CAROLINA,Wilkes,TOBACCO,PRODUCTION,LB,1747000
1998,NORTH CAROLINA,Wilkes,WHEAT,PRODUCTION,BU,7600
1998,NORTH CAROLINA,Wilkes,WHEAT,PRODUCTION,BU,7600
1998,NORTH CAROLINA,Wilson,CORN,PRODUCTION,BU,635000
1998,NORTH CAROLINA,Wilson,COTTON,PRODUCTION,480 LB BALES,27000
1998,NORTH CAROLINA,Wilson,HAY,PRODUCTION,TONS,3600
1998,NORTH CAROLINA,Wilson,OATS,PRODUCTION,BU,18000
1998,NORTH CAROLINA,Wilson,PEANUTS,PRODUCTION,LB,120000
1998,NORTH CAROLINA,Wilson,SOYBEANS,PRODUCTION,BU,1064000
1998,NORTH CAROLINA,Wilson,SWEET POTATOES,PRODUCTION,CWT,760000
1998,NORTH CAROLINA,Wilson,TOBACCO,PRODUCTION,LB,21639000
1998,NORTH CAROLINA,Wilson,WHEAT,PRODUCTION,BU,516000
1998,NORTH CAROLINA,Wilson,WHEAT,PRODUCTION,BU,516000
1998,NORTH CAROLINA,Yadkin,BARLEY,PRODUCTION,BU,79500
1998,NORTH CAROLINA,Yadkin,CORN,PRODUCTION,BU,569000
1998,NORTH CAROLINA,Yadkin,CORN,PRODUCTION,TONS,22400
1998,NORTH CAROLINA,Yadkin,HAY,PRODUCTION,TONS,39200
1998,NORTH CAROLINA,Yadkin,SOYBEANS,PRODUCTION,BU,165000
1998,NORTH CAROLINA,Yadkin,TOBACCO,PRODUCTION,LB,9405000
1998,NORTH CAROLINA,Yadkin,WHEAT,PRODUCTION,BU,223000
1998,NORTH CAROLINA,Yadkin,WHEAT,PRODUCTION,BU,223000
1998,NORTH CAROLINA,Yancey,CORN,PRODUCTION,BU,20600
1998,NORTH CAROLINA,Yancey,CORN,PRODUCTION,TONS,2300
1998,NORTH CAROLINA,Yancey,HAY,PRODUCTION,TONS,4300
1998,NORTH CAROLINA,Yancey,TOBACCO,PRODUCTION,LB,1275000
1999,NORTH CAROLINA,Alamance,CORN,PRODUCTION,BU,144000
1999,NORTH CAROLINA,Alamance,CORN,PRODUCTION,TONS,30400
1999,NORTH CAROLINA,Alamance,HAY,PRODUCTION,TONS,34600
1999,NORTH CAROLINA,Alamance,OATS,PRODUCTION,BU,19000
1999,NORTH CAROLINA,Alamance,SOYBEANS,PRODUCTION,BU,42000
1999,NORTH CAROLINA,Alamance,TOBACCO,PRODUCTION,LB,4678000
1999,NORTH CAROLINA,Alamance,WHEAT,PRODUCTION,BU,200000
1999,NORTH CAROLINA,Alamance,WHEAT,PRODUCTION,BU,200000
1999,NORTH CAROLINA,Alexander,BARLEY,PRODUCTION,BU,30000
1999,NORTH CAROLINA,Alexander,CORN,PRODUCTION,BU,34000
1999,NORTH CAROLINA,Alexander,CORN,PRODUCTION,TONS,41800
1999,NORTH CAROLINA,Alexander,HAY,PRODUCTION,TONS,30300
1999,NORTH CAROLINA,Alexander,SOYBEANS,PRODUCTION,BU,19000
1999,NORTH CAROLINA,Alexander,TOBACCO,PRODUCTION,LB,1246000
1999,NORTH CAROLINA,Alexander,WHEAT,PRODUCTION,BU,25000
1999,NORTH CAROLINA,Alexander,WHEAT,PRODUCTION,BU,25000
1999,NORTH CAROLINA,Alleghany,CORN,PRODUCTION,BU,14000
1999,NORTH CAROLINA,Alleghany,CORN,PRODUCTION,TONS,64500
1999,NORTH CAROLINA,Alleghany,HAY,PRODUCTION,TONS,35200
1999,NORTH CAROLINA,Alleghany,TOBACCO,PRODUCTION,LB,733000
1999,NORTH CAROLINA,Anson,CORN,PRODUCTION,BU,462000
1999,NORTH CAROLINA,Anson,COTTON,PRODUCTION,480 LB BALES,7700
1999,NORTH CAROLINA,Anson,HAY,PRODUCTION,TONS,11300
1999,NORTH CAROLINA,Anson,OATS,PRODUCTION,BU,19000
1999,NORTH CAROLINA,Anson,SOYBEANS,PRODUCTION,BU,250000
1999,NORTH CAROLINA,Anson,TOBACCO,PRODUCTION,LB,177000
1999,NORTH CAROLINA,Anson,WHEAT,PRODUCTION,BU,149000
1999,NORTH CAROLINA,Anson,WHEAT,PRODUCTION,BU,149000
1999,NORTH CAROLINA,Ashe,CORN,PRODUCTION,TONS,4200
1999,NORTH CAROLINA,Ashe,HAY,PRODUCTION,TONS,27600
1999,NORTH CAROLINA,Ashe,TOBACCO,PRODUCTION,LB,1501000
1999,NORTH CAROLINA,Avery,HAY,PRODUCTION,TONS,2500
1999,NORTH CAROLINA,Avery,TOBACCO,PRODUCTION,LB,229000
1999,NORTH CAROLINA,Beaufort,CORN,PRODUCTION,BU,4557000
1999,NORTH CAROLINA,Beaufort,COTTON,PRODUCTION,480 LB BALES,24700
1999,NORTH CAROLINA,Beaufort,HAY,PRODUCTION,TONS,800
1999,NORTH CAROLINA,Beaufort,OATS,PRODUCTION,BU,122300
1999,NORTH CAROLINA,Beaufort,PEANUTS,PRODUCTION,LB,281000
1999,NORTH CAROLINA,Beaufort,SORGHUM,PRODUCTION,BU,10500
1999,NORTH CAROLINA,Beaufort,SOYBEANS,PRODUCTION,BU,1422000
1999,NORTH CAROLINA,Beaufort,TOBACCO,PRODUCTION,LB,6879000
1999,NORTH CAROLINA,Beaufort,WHEAT,PRODUCTION,BU,2162000
1999,NORTH CAROLINA,Beaufort,WHEAT,PRODUCTION,BU,2162000
1999,NORTH CAROLINA,Bertie,CORN,PRODUCTION,BU,1338000
1999,NORTH CAROLINA,Bertie,COTTON,PRODUCTION,480 LB BALES,38800
1999,NORTH CAROLINA,Bertie,HAY,PRODUCTION,TONS,400
1999,NORTH CAROLINA,Bertie,PEANUTS,PRODUCTION,LB,40116000
1999,NORTH CAROLINA,Bertie,SOYBEANS,PRODUCTION,BU,369000
1999,NORTH CAROLINA,Bertie,TOBACCO,PRODUCTION,LB,4883000
1999,NORTH CAROLINA,Bertie,WHEAT,PRODUCTION,BU,181000
1999,NORTH CAROLINA,Bertie,WHEAT,PRODUCTION,BU,181000
1999,NORTH CAROLINA,Bladen,CORN,PRODUCTION,BU,1481000
1999,NORTH CAROLINA,Bladen,COTTON,PRODUCTION,480 LB BALES,8300
1999,NORTH CAROLINA,Bladen,HAY,PRODUCTION,TONS,15700
1999,NORTH CAROLINA,Bladen,OATS,PRODUCTION,BU,21000
1999,NORTH CAROLINA,Bladen,PEANUTS,PRODUCTION,LB,7488000
1999,NORTH CAROLINA,Bladen,SOYBEANS,PRODUCTION,BU,536000
1999,NORTH CAROLINA,Bladen,TOBACCO,PRODUCTION,LB,6249000
1999,NORTH CAROLINA,Bladen,WHEAT,PRODUCTION,BU,329000
1999,NORTH CAROLINA,Bladen,WHEAT,PRODUCTION,BU,329000
1999,NORTH CAROLINA,Brunswick,CORN,PRODUCTION,BU,227000
1999,NORTH CAROLINA,Brunswick,COTTON,PRODUCTION,480 LB BALES,700
1999,NORTH CAROLINA,Brunswick,HAY,PRODUCTION,TONS,4550
1999,NORTH CAROLINA,Brunswick,SORGHUM,PRODUCTION,BU,22500
1999,NORTH CAROLINA,Brunswick,SOYBEANS,PRODUCTION,BU,160000
1999,NORTH CAROLINA,Brunswick,TOBACCO,PRODUCTION,LB,3046000
1999,NORTH CAROLINA,Brunswick,WHEAT,PRODUCTION,BU,92000
1999,NORTH CAROLINA,Brunswick,WHEAT,PRODUCTION,BU,92000
1999,NORTH CAROLINA,Buncombe,CORN,PRODUCTION,BU,21800
1999,NORTH CAROLINA,Buncombe,CORN,PRODUCTION,TONS,38000
1999,NORTH CAROLINA,Buncombe,HAY,PRODUCTION,TONS,29800
1999,NORTH CAROLINA,Buncombe,TOBACCO,PRODUCTION,LB,1713000
1999,NORTH CAROLINA,Burke,CORN,PRODUCTION,BU,65000
1999,NORTH CAROLINA,Burke,CORN,PRODUCTION,TONS,7500
1999,NORTH CAROLINA,Burke,HAY,PRODUCTION,TONS,13300
1999,NORTH CAROLINA,Burke,SOYBEANS,PRODUCTION,BU,24500
1999,NORTH CAROLINA,Cabarrus,BARLEY,PRODUCTION,BU,80300
1999,NORTH CAROLINA,Cabarrus,CORN,PRODUCTION,BU,216000
1999,NORTH CAROLINA,Cabarrus,CORN,PRODUCTION,TONS,7400
1999,NORTH CAROLINA,Cabarrus,COTTON,PRODUCTION,480 LB BALES,2000
1999,NORTH CAROLINA,Cabarrus,HAY,PRODUCTION,TONS,23800
1999,NORTH CAROLINA,Cabarrus,OATS,PRODUCTION,BU,40000
1999,NORTH CAROLINA,Cabarrus,SORGHUM,PRODUCTION,BU,27500
1999,NORTH CAROLINA,Cabarrus,SOYBEANS,PRODUCTION,BU,124000
1999,NORTH CAROLINA,Cabarrus,WHEAT,PRODUCTION,BU,124000
1999,NORTH CAROLINA,Cabarrus,WHEAT,PRODUCTION,BU,124000
1999,NORTH CAROLINA,Caldwell,CORN,PRODUCTION,BU,63000
1999,NORTH CAROLINA,Caldwell,CORN,PRODUCTION,TONS,14000
1999,NORTH CAROLINA,Caldwell,HAY,PRODUCTION,TONS,14300
1999,NORTH CAROLINA,Caldwell,SOYBEANS,PRODUCTION,BU,24000
1999,NORTH CAROLINA,Caldwell,TOBACCO,PRODUCTION,LB,468000
1999,NORTH CAROLINA,Caldwell,WHEAT,PRODUCTION,BU,15000
1999,NORTH CAROLINA,Caldwell,WHEAT,PRODUCTION,BU,15000
1999,NORTH CAROLINA,Camden,CORN,PRODUCTION,BU,1646000
1999,NORTH CAROLINA,Camden,COTTON,PRODUCTION,480 LB BALES,2200
1999,NORTH CAROLINA,Camden,OATS,PRODUCTION,BU,21000
1999,NORTH CAROLINA,Camden,POTATOES,PRODUCTION,CWT,580900
1999,NORTH CAROLINA,Camden,SOYBEANS,PRODUCTION,BU,469000
1999,NORTH CAROLINA,Camden,WHEAT,PRODUCTION,BU,667000
1999,NORTH CAROLINA,Camden,WHEAT,PRODUCTION,BU,667000
1999,NORTH CAROLINA,Carteret,CORN,PRODUCTION,BU,2102000
1999,NORTH CAROLINA,Carteret,COTTON,PRODUCTION,480 LB BALES,4300
1999,NORTH CAROLINA,Carteret,HAY,PRODUCTION,TONS,400
1999,NORTH CAROLINA,Carteret,POTATOES,PRODUCTION,CWT,93300
1999,NORTH CAROLINA,Carteret,SORGHUM,PRODUCTION,BU,10000
1999,NORTH CAROLINA,Carteret,SOYBEANS,PRODUCTION,BU,265000
1999,NORTH CAROLINA,Carteret,TOBACCO,PRODUCTION,LB,728000
1999,NORTH CAROLINA,Carteret,WHEAT,PRODUCTION,BU,177000
1999,NORTH CAROLINA,Carteret,WHEAT,PRODUCTION,BU,177000
1999,NORTH CAROLINA,Caswell,CORN,PRODUCTION,BU,78000
1999,NORTH CAROLINA,Caswell,CORN,PRODUCTION,TONS,4000
1999,NORTH CAROLINA,Caswell,HAY,PRODUCTION,TONS,27600
1999,NORTH CAROLINA,Caswell,OATS,PRODUCTION,BU,14000
1999,NORTH CAROLINA,Caswell,SORGHUM,PRODUCTION,BU,9500
1999,NORTH CAROLINA,Caswell,SOYBEANS,PRODUCTION,BU,32000
1999,NORTH CAROLINA,Caswell,TOBACCO,PRODUCTION,LB,8616000
1999,NORTH CAROLINA,Caswell,WHEAT,PRODUCTION,BU,91000
1999,NORTH CAROLINA,Caswell,WHEAT,PRODUCTION,BU,91000
1999,NORTH CAROLINA,Catawba,BARLEY,PRODUCTION,BU,48000
1999,NORTH CAROLINA,Catawba,CORN,PRODUCTION,BU,108000
1999,NORTH CAROLINA,Catawba,CORN,PRODUCTION,TONS,17500
1999,NORTH CAROLINA,Catawba,HAY,PRODUCTION,TONS,28100
1999,NORTH CAROLINA,Catawba,OATS,PRODUCTION,BU,28000
1999,NORTH CAROLINA,Catawba,SOYBEANS,PRODUCTION,BU,116000
1999,NORTH CAROLINA,Catawba,WHEAT,PRODUCTION,BU,164000
1999,NORTH CAROLINA,Catawba,WHEAT,PRODUCTION,BU,164000
1999,NORTH CAROLINA,Chatham,CORN,PRODUCTION,BU,45000
1999,NORTH CAROLINA,Chatham,CORN,PRODUCTION,TONS,25200
1999,NORTH CAROLINA,Chatham,COTTON,PRODUCTION,480 LB BALES,400
1999,NORTH CAROLINA,Chatham,HAY,PRODUCTION,TONS,36600
1999,NORTH CAROLINA,Chatham,SOYBEANS,PRODUCTION,BU,28000
1999,NORTH CAROLINA,Chatham,TOBACCO,PRODUCTION,LB,1583000
1999,NORTH CAROLINA,Chatham,WHEAT,PRODUCTION,BU,52000
1999,NORTH CAROLINA,Chatham,WHEAT,PRODUCTION,BU,52000
1999,NORTH CAROLINA,Cherokee,CORN,PRODUCTION,BU,54000
1999,NORTH CAROLINA,Cherokee,CORN,PRODUCTION,TONS,3500
1999,NORTH CAROLINA,Cherokee,HAY,PRODUCTION,TONS,8400
1999,NORTH CAROLINA,Cherokee,SOYBEANS,PRODUCTION,BU,8000
1999,NORTH CAROLINA,Cherokee,TOBACCO,PRODUCTION,LB,78000
1999,NORTH CAROLINA,Chowan,CORN,PRODUCTION,BU,376000
1999,NORTH CAROLINA,Chowan,COTTON,PRODUCTION,480 LB BALES,24000
1999,NORTH CAROLINA,Chowan,HAY,PRODUCTION,TONS,400
1999,NORTH CAROLINA,Chowan,PEANUTS,PRODUCTION,LB,17606000
1999,NORTH CAROLINA,Chowan,SORGHUM,PRODUCTION,BU,27000
1999,NORTH CAROLINA,Chowan,SOYBEANS,PRODUCTION,BU,149000
1999,NORTH CAROLINA,Chowan,SWEET POTATOES,PRODUCTION,CWT,25600
1999,NORTH CAROLINA,Chowan,TOBACCO,PRODUCTION,LB,409000
1999,NORTH CAROLINA,Chowan,WHEAT,PRODUCTION,BU,126000
1999,NORTH CAROLINA,Chowan,WHEAT,PRODUCTION,BU,126000
1999,NORTH CAROLINA,Clay,CORN,PRODUCTION,BU,22500
1999,NORTH CAROLINA,Clay,CORN,PRODUCTION,TONS,2600
1999,NORTH CAROLINA,Clay,HAY,PRODUCTION,TONS,8800
1999,NORTH CAROLINA,Clay,TOBACCO,PRODUCTION,LB,146000
1999,NORTH CAROLINA,Cleveland,BARLEY,PRODUCTION,BU,47600
1999,NORTH CAROLINA,Cleveland,CORN,PRODUCTION,BU,84000
1999,NORTH CAROLINA,Cleveland,CORN,PRODUCTION,TONS,8500
1999,NORTH CAROLINA,Cleveland,COTTON,PRODUCTION,480 LB BALES,2650
1999,NORTH CAROLINA,Cleveland,HAY,PRODUCTION,TONS,26500
1999,NORTH CAROLINA,Cleveland,OATS,PRODUCTION,BU,32000
1999,NORTH CAROLINA,Cleveland,SOYBEANS,PRODUCTION,BU,145000
1999,NORTH CAROLINA,Cleveland,WHEAT,PRODUCTION,BU,225000
1999,NORTH CAROLINA,Cleveland,WHEAT,PRODUCTION,BU,225000
1999,NORTH CAROLINA,Columbus,CORN,PRODUCTION,BU,1623000
1999,NORTH CAROLINA,Columbus,COTTON,PRODUCTION,480 LB BALES,3200
1999,NORTH CAROLINA,Columbus,HAY,PRODUCTION,TONS,10800
1999,NORTH CAROLINA,Columbus,OATS,PRODUCTION,BU,48400
1999,NORTH CAROLINA,Columbus,PEANUTS,PRODUCTION,LB,2375000
1999,NORTH CAROLINA,Columbus,POTATOES,PRODUCTION,CWT,61200
1999,NORTH CAROLINA,Columbus,SOYBEANS,PRODUCTION,BU,1322000
1999,NORTH CAROLINA,Columbus,SWEET POTATOES,PRODUCTION,CWT,141000
1999,NORTH CAROLINA,Columbus,TOBACCO,PRODUCTION,LB,16425000
1999,NORTH CAROLINA,Columbus,WHEAT,PRODUCTION,BU,597000
1999,NORTH CAROLINA,Columbus,WHEAT,PRODUCTION,BU,597000
1999,NORTH CAROLINA,Craven,CORN,PRODUCTION,BU,858000
1999,NORTH CAROLINA,Craven,COTTON,PRODUCTION,480 LB BALES,16500
1999,NORTH CAROLINA,Craven,HAY,PRODUCTION,TONS,2300
1999,NORTH CAROLINA,Craven,PEANUTS,PRODUCTION,LB,84000
1999,NORTH CAROLINA,Craven,SOYBEANS,PRODUCTION,BU,389000
1999,NORTH CAROLINA,Craven,TOBACCO,PRODUCTION,LB,6086000
1999,NORTH CAROLINA,Craven,WHEAT,PRODUCTION,BU,230000
1999,NORTH CAROLINA,Craven,WHEAT,PRODUCTION,BU,230000
1999,NORTH CAROLINA,Cumberland,CORN,PRODUCTION,BU,444000
1999,NORTH CAROLINA,Cumberland,COTTON,PRODUCTION,480 LB BALES,9200
1999,NORTH CAROLINA,Cumberland,HAY,PRODUCTION,TONS,13000
1999,NORTH CAROLINA,Cumberland,OATS,PRODUCTION,BU,58000
1999,NORTH CAROLINA,Cumberland,PEANUTS,PRODUCTION,LB,324000
1999,NORTH CAROLINA,Cumberland,SOYBEANS,PRODUCTION,BU,313000
1999,NORTH CAROLINA,Cumberland,SWEET POTATOES,PRODUCTION,CWT,81100
1999,NORTH CAROLINA,Cumberland,TOBACCO,PRODUCTION,LB,4674000
1999,NORTH CAROLINA,Cumberland,WHEAT,PRODUCTION,BU,278000
1999,NORTH CAROLINA,Cumberland,WHEAT,PRODUCTION,BU,278000
1999,NORTH CAROLINA,Currituck,CORN,PRODUCTION,BU,1219000
1999,NORTH CAROLINA,Currituck,COTTON,PRODUCTION,480 LB BALES,1500
1999,NORTH CAROLINA,Currituck,HAY,PRODUCTION,TONS,400
1999,NORTH CAROLINA,Currituck,PEANUTS,PRODUCTION,LB,151000
1999,NORTH CAROLINA,Currituck,POTATOES,PRODUCTION,CWT,190300
1999,NORTH CAROLINA,Currituck,SOYBEANS,PRODUCTION,BU,317000
1999,NORTH CAROLINA,Currituck,WHEAT,PRODUCTION,BU,485000
1999,NORTH CAROLINA,Currituck,WHEAT,PRODUCTION,BU,485000
1999,NORTH CAROLINA,Dare,SOYBEANS,PRODUCTION,BU,19000
1999,NORTH CAROLINA,Dare,WHEAT,PRODUCTION,BU,14000
1999,NORTH CAROLINA,Dare,WHEAT,PRODUCTION,BU,14000
1999,NORTH CAROLINA,Davidson,BARLEY,PRODUCTION,BU,98100
1999,NORTH CAROLINA,Davidson,CORN,PRODUCTION,BU,201000
1999,NORTH CAROLINA,Davidson,CORN,PRODUCTION,TONS,29900
1999,NORTH CAROLINA,Davidson,COTTON,PRODUCTION,480 LB BALES,700
1999,NORTH CAROLINA,Davidson,HAY,PRODUCTION,TONS,34100
1999,NORTH CAROLINA,Davidson,OATS,PRODUCTION,BU,30000
1999,NORTH CAROLINA,Davidson,SOYBEANS,PRODUCTION,BU,131000
1999,NORTH CAROLINA,Davidson,TOBACCO,PRODUCTION,LB,2991000
1999,NORTH CAROLINA,Davidson,WHEAT,PRODUCTION,BU,135000
1999,NORTH CAROLINA,Davidson,WHEAT,PRODUCTION,BU,135000
1999,NORTH CAROLINA,Davie,CORN,PRODUCTION,BU,278000
1999,NORTH CAROLINA,Davie,CORN,PRODUCTION,TONS,21300
1999,NORTH CAROLINA,Davie,HAY,PRODUCTION,TONS,26600
1999,NORTH CAROLINA,Davie,SOYBEANS,PRODUCTION,BU,140000
1999,NORTH CAROLINA,Davie,TOBACCO,PRODUCTION,LB,915000
1999,NORTH CAROLINA,Davie,WHEAT,PRODUCTION,BU,186000
1999,NORTH CAROLINA,Davie,WHEAT,PRODUCTION,BU,186000
1999,NORTH CAROLINA,Duplin,CORN,PRODUCTION,BU,2282000
1999,NORTH CAROLINA,Duplin,COTTON,PRODUCTION,480 LB BALES,22200
1999,NORTH CAROLINA,Duplin,HAY,PRODUCTION,TONS,53800
1999,NORTH CAROLINA,Duplin,OATS,PRODUCTION,BU,43000
1999,NORTH CAROLINA,Duplin,SOYBEANS,PRODUCTION,BU,1324000
1999,NORTH CAROLINA,Duplin,SWEET POTATOES,PRODUCTION,CWT,83700
1999,NORTH CAROLINA,Duplin,TOBACCO,PRODUCTION,LB,13691000
1999,NORTH CAROLINA,Duplin,WHEAT,PRODUCTION,BU,985000
1999,NORTH CAROLINA,Duplin,WHEAT,PRODUCTION,BU,985000
1999,NORTH CAROLINA,Durham,HAY,PRODUCTION,TONS,4400
1999,NORTH CAROLINA,Durham,SOYBEANS,PRODUCTION,BU,10000
1999,NORTH CAROLINA,Durham,TOBACCO,PRODUCTION,LB,1996000
1999,NORTH CAROLINA,Durham,WHEAT,PRODUCTION,BU,37000
1999,NORTH CAROLINA,Durham,WHEAT,PRODUCTION,BU,37000
1999,NORTH CAROLINA,Edgecombe,CORN,PRODUCTION,BU,794000
1999,NORTH CAROLINA,Edgecombe,COTTON,PRODUCTION,480 LB BALES,35400
1999,NORTH CAROLINA,Edgecombe,HAY,PRODUCTION,TONS,3800
1999,NORTH CAROLINA,Edgecombe,OATS,PRODUCTION,BU,32000
1999,NORTH CAROLINA,Edgecombe,PEANUTS,PRODUCTION,LB,19391000
1999,NORTH CAROLINA,Edgecombe,SORGHUM,PRODUCTION,BU,18000
1999,NORTH CAROLINA,Edgecombe,SOYBEANS,PRODUCTION,BU,539000
1999,NORTH CAROLINA,Edgecombe,SWEET POTATOES,PRODUCTION,CWT,209600
1999,NORTH CAROLINA,Edgecombe,TOBACCO,PRODUCTION,LB,10866000
1999,NORTH CAROLINA,Edgecombe,WHEAT,PRODUCTION,BU,232000
1999,NORTH CAROLINA,Edgecombe,WHEAT,PRODUCTION,BU,232000
1999,NORTH CAROLINA,Forsyth,CORN,PRODUCTION,BU,71000
1999,NORTH CAROLINA,Forsyth,CORN,PRODUCTION,TONS,7000
1999,NORTH CAROLINA,Forsyth,HAY,PRODUCTION,TONS,16700
1999,NORTH CAROLINA,Forsyth,OATS,PRODUCTION,BU,15000
1999,NORTH CAROLINA,Forsyth,SOYBEANS,PRODUCTION,BU,67000
1999,NORTH CAROLINA,Forsyth,TOBACCO,PRODUCTION,LB,4085000
1999,NORTH CAROLINA,Forsyth,WHEAT,PRODUCTION,BU,54000
1999,NORTH CAROLINA,Forsyth,WHEAT,PRODUCTION,BU,54000
1999,NORTH CAROLINA,Franklin,BARLEY,PRODUCTION,BU,15600
1999,NORTH CAROLINA,Franklin,CORN,PRODUCTION,BU,54000
1999,NORTH CAROLINA,Franklin,CORN,PRODUCTION,TONS,15800
1999,NORTH CAROLINA,Franklin,COTTON,PRODUCTION,480 LB BALES,400
1999,NORTH CAROLINA,Franklin,HAY,PRODUCTION,TONS,14500
1999,NORTH CAROLINA,Franklin,OATS,PRODUCTION,BU,32000
1999,NORTH CAROLINA,Franklin,SORGHUM,PRODUCTION,BU,10000
1999,NORTH CAROLINA,Franklin,SOYBEANS,PRODUCTION,BU,303000
1999,NORTH CAROLINA,Franklin,TOBACCO,PRODUCTION,LB,11395000
1999,NORTH CAROLINA,Franklin,WHEAT,PRODUCTION,BU,385000
1999,NORTH CAROLINA,Franklin,WHEAT,PRODUCTION,BU,385000
1999,NORTH CAROLINA,Gaston,CORN,PRODUCTION,BU,15000
1999,NORTH CAROLINA,Gaston,CORN,PRODUCTION,TONS,21300
1999,NORTH CAROLINA,Gaston,HAY,PRODUCTION,TONS,11400
1999,NORTH CAROLINA,Gaston,OATS,PRODUCTION,BU,23000
1999,NORTH CAROLINA,Gaston,SOYBEANS,PRODUCTION,BU,11000
1999,NORTH CAROLINA,Gaston,WHEAT,PRODUCTION,BU,24000
1999,NORTH CAROLINA,Gaston,WHEAT,PRODUCTION,BU,24000
1999,NORTH CAROLINA,Gates,CORN,PRODUCTION,BU,370000
1999,NORTH CAROLINA,Gates,COTTON,PRODUCTION,480 LB BALES,23500
1999,NORTH CAROLINA,Gates,HAY,PRODUCTION,TONS,1500
1999,NORTH CAROLINA,Gates,PEANUTS,PRODUCTION,LB,19384000
1999,NORTH CAROLINA,Gates,SOYBEANS,PRODUCTION,BU,224000
1999,NORTH CAROLINA,Gates,TOBACCO,PRODUCTION,LB,227000
1999,NORTH CAROLINA,Gates,WHEAT,PRODUCTION,BU,115000
1999,NORTH CAROLINA,Gates,WHEAT,PRODUCTION,BU,115000
1999,NORTH CAROLINA,Graham,HAY,PRODUCTION,TONS,1700
1999,NORTH CAROLINA,Graham,TOBACCO,PRODUCTION,LB,141000
1999,NORTH CAROLINA,Granville,CORN,PRODUCTION,BU,51000
1999,NORTH CAROLINA,Granville,CORN,PRODUCTION,TONS,12500
1999,NORTH CAROLINA,Granville,HAY,PRODUCTION,TONS,21300
1999,NORTH CAROLINA,Granville,SOYBEANS,PRODUCTION,BU,71000
1999,NORTH CAROLINA,Granville,TOBACCO,PRODUCTION,LB,11924000
1999,NORTH CAROLINA,Granville,WHEAT,PRODUCTION,BU,200000
1999,NORTH CAROLINA,Granville,WHEAT,PRODUCTION,BU,200000
1999,NORTH CAROLINA,Greene,CORN,PRODUCTION,BU,698000
1999,NORTH CAROLINA,Greene,COTTON,PRODUCTION,480 LB BALES,15100
1999,NORTH CAROLINA,Greene,HAY,PRODUCTION,TONS,4300
1999,NORTH CAROLINA,Greene,PEANUTS,PRODUCTION,LB,152000
1999,NORTH CAROLINA,Greene,SOYBEANS,PRODUCTION,BU,505000
1999,NORTH CAROLINA,Greene,SWEET POTATOES,PRODUCTION,CWT,65100
1999,NORTH CAROLINA,Greene,TOBACCO,PRODUCTION,LB,11693000
1999,NORTH CAROLINA,Greene,WHEAT,PRODUCTION,BU,449000
1999,NORTH CAROLINA,Greene,WHEAT,PRODUCTION,BU,449000
1999,NORTH CAROLINA,Guilford,BARLEY,PRODUCTION,BU,21700
1999,NORTH CAROLINA,Guilford,CORN,PRODUCTION,BU,309000
1999,NORTH CAROLINA,Guilford,CORN,PRODUCTION,TONS,27000
1999,NORTH CAROLINA,Guilford,HAY,PRODUCTION,TONS,31500
1999,NORTH CAROLINA,Guilford,OATS,PRODUCTION,BU,42000
1999,NORTH CAROLINA,Guilford,SOYBEANS,PRODUCTION,BU,156000
1999,NORTH CAROLINA,Guilford,TOBACCO,PRODUCTION,LB,9392000
1999,NORTH CAROLINA,Guilford,WHEAT,PRODUCTION,BU,331000
1999,NORTH CAROLINA,Guilford,WHEAT,PRODUCTION,BU,331000
1999,NORTH CAROLINA,Halifax,CORN,PRODUCTION,BU,376000
1999,NORTH CAROLINA,Halifax,CORN,PRODUCTION,TONS,4700
1999,NORTH CAROLINA,Halifax,COTTON,PRODUCTION,480 LB BALES,51000
1999,NORTH CAROLINA,Halifax,HAY,PRODUCTION,TONS,7400
1999,NORTH CAROLINA,Halifax,PEANUTS,PRODUCTION,LB,43606000
1999,NORTH CAROLINA,Halifax,SOYBEANS,PRODUCTION,BU,241000
1999,NORTH CAROLINA,Halifax,SWEET POTATOES,PRODUCTION,CWT,45000
1999,NORTH CAROLINA,Halifax,TOBACCO,PRODUCTION,LB,5006000
1999,NORTH CAROLINA,Halifax,WHEAT,PRODUCTION,BU,140000
1999,NORTH CAROLINA,Halifax,WHEAT,PRODUCTION,BU,140000
1999,NORTH CAROLINA,Harnett,BARLEY,PRODUCTION,BU,32000
1999,NORTH CAROLINA,Harnett,CORN,PRODUCTION,BU,233000
1999,NORTH CAROLINA,Harnett,CORN,PRODUCTION,TONS,4000
1999,NORTH CAROLINA,Harnett,COTTON,PRODUCTION,480 LB BALES,9500
1999,NORTH CAROLINA,Harnett,HAY,PRODUCTION,TONS,10600
1999,NORTH CAROLINA,Harnett,OATS,PRODUCTION,BU,55000
1999,NORTH CAROLINA,Harnett,SOYBEANS,PRODUCTION,BU,438000
1999,NORTH CAROLINA,Harnett,SWEET POTATOES,PRODUCTION,CWT,128800
1999,NORTH CAROLINA,Harnett,TOBACCO,PRODUCTION,LB,15231000
1999,NORTH CAROLINA,Harnett,WHEAT,PRODUCTION,BU,221000
1999,NORTH CAROLINA,Harnett,WHEAT,PRODUCTION,BU,221000
1999,NORTH CAROLINA,Haywood,CORN,PRODUCTION,TONS,40000
1999,NORTH CAROLINA,Haywood,HAY,PRODUCTION,TONS,23400
1999,NORTH CAROLINA,Haywood,TOBACCO,PRODUCTION,LB,1500000
1999,NORTH CAROLINA,Henderson,CORN,PRODUCTION,BU,173000
1999,NORTH CAROLINA,Henderson,CORN,PRODUCTION,TONS,53500
1999,NORTH CAROLINA,Henderson,HAY,PRODUCTION,TONS,16700
1999,NORTH CAROLINA,Henderson,TOBACCO,PRODUCTION,LB,35000
1999,NORTH CAROLINA,Hertford,CORN,PRODUCTION,BU,685000
1999,NORTH CAROLINA,Hertford,COTTON,PRODUCTION,480 LB BALES,25800
1999,NORTH CAROLINA,Hertford,HAY,PRODUCTION,TONS,1100
1999,NORTH CAROLINA,Hertford,PEANUTS,PRODUCTION,LB,26984000
1999,NORTH CAROLINA,Hertford,SOYBEANS,PRODUCTION,BU,170000
1999,NORTH CAROLINA,Hertford,TOBACCO,PRODUCTION,LB,2394000
1999,NORTH CAROLINA,Hertford,WHEAT,PRODUCTION,BU,43000
1999,NORTH CAROLINA,Hertford,WHEAT,PRODUCTION,BU,43000
1999,NORTH CAROLINA,Hoke,CORN,PRODUCTION,BU,78000
1999,NORTH CAROLINA,Hoke,COTTON,PRODUCTION,480 LB BALES,20500
1999,NORTH CAROLINA,Hoke,HAY,PRODUCTION,TONS,5600
1999,NORTH CAROLINA,Hoke,OATS,PRODUCTION,BU,16000
1999,NORTH CAROLINA,Hoke,SOYBEANS,PRODUCTION,BU,160000
1999,NORTH CAROLINA,Hoke,TOBACCO,PRODUCTION,LB,2402000
1999,NORTH CAROLINA,Hoke,WHEAT,PRODUCTION,BU,205000
1999,NORTH CAROLINA,Hoke,WHEAT,PRODUCTION,BU,205000
1999,NORTH CAROLINA,Hyde,CORN,PRODUCTION,BU,2002000
1999,NORTH CAROLINA,Hyde,COTTON,PRODUCTION,480 LB BALES,13500
1999,NORTH CAROLINA,Hyde,HAY,PRODUCTION,TONS,600
1999,NORTH CAROLINA,Hyde,POTATOES,PRODUCTION,CWT,46100
1999,NORTH CAROLINA,Hyde,SORGHUM,PRODUCTION,BU,24500
1999,NORTH CAROLINA,Hyde,SOYBEANS,PRODUCTION,BU,291000
1999,NORTH CAROLINA,Hyde,WHEAT,PRODUCTION,BU,583000
1999,NORTH CAROLINA,Hyde,WHEAT,PRODUCTION,BU,583000
1999,NORTH CAROLINA,Iredell,BARLEY,PRODUCTION,BU,129000
1999,NORTH CAROLINA,Iredell,CORN,PRODUCTION,BU,174000
1999,NORTH CAROLINA,Iredell,CORN,PRODUCTION,TONS,149400
1999,NORTH CAROLINA,Iredell,COTTON,PRODUCTION,480 LB BALES,1100
1999,NORTH CAROLINA,Iredell,HAY,PRODUCTION,TONS,73700
1999,NORTH CAROLINA,Iredell,OATS,PRODUCTION,BU,32000
1999,NORTH CAROLINA,Iredell,SOYBEANS,PRODUCTION,BU,200000
1999,NORTH CAROLINA,Iredell,TOBACCO,PRODUCTION,LB,1020000
1999,NORTH CAROLINA,Iredell,WHEAT,PRODUCTION,BU,172000
1999,NORTH CAROLINA,Iredell,WHEAT,PRODUCTION,BU,172000
1999,NORTH CAROLINA,Jackson,HAY,PRODUCTION,TONS,2600
1999,NORTH CAROLINA,Jackson,TOBACCO,PRODUCTION,LB,52000
1999,NORTH CAROLINA,Johnston,CORN,PRODUCTION,BU,323000
1999,NORTH CAROLINA,Johnston,COTTON,PRODUCTION,480 LB BALES,12400
1999,NORTH CAROLINA,Johnston,HAY,PRODUCTION,TONS,19500
1999,NORTH CAROLINA,Johnston,OATS,PRODUCTION,BU,98000
1999,NORTH CAROLINA,Johnston,PEANUTS,PRODUCTION,LB,145000
1999,NORTH CAROLINA,Johnston,SORGHUM,PRODUCTION,BU,7000
1999,NORTH CAROLINA,Johnston,SOYBEANS,PRODUCTION,BU,941000
1999,NORTH CAROLINA,Johnston,SWEET POTATOES,PRODUCTION,CWT,785000
1999,NORTH CAROLINA,Johnston,TOBACCO,PRODUCTION,LB,21290000
1999,NORTH CAROLINA,Johnston,WHEAT,PRODUCTION,BU,566000
1999,NORTH CAROLINA,Johnston,WHEAT,PRODUCTION,BU,566000
1999,NORTH CAROLINA,Jones,CORN,PRODUCTION,BU,487000
1999,NORTH CAROLINA,Jones,COTTON,PRODUCTION,480 LB BALES,17700
1999,NORTH CAROLINA,Jones,HAY,PRODUCTION,TONS,3000
1999,NORTH CAROLINA,Jones,SOYBEANS,PRODUCTION,BU,243000
1999,NORTH CAROLINA,Jones,TOBACCO,PRODUCTION,LB,4357000
1999,NORTH CAROLINA,Jones,WHEAT,PRODUCTION,BU,280000
1999,NORTH CAROLINA,Jones,WHEAT,PRODUCTION,BU,280000
1999,NORTH CAROLINA,Lee,CORN,PRODUCTION,BU,24000
1999,NORTH CAROLINA,Lee,COTTON,PRODUCTION,480 LB BALES,2100
1999,NORTH CAROLINA,Lee,HAY,PRODUCTION,TONS,4800
1999,NORTH CAROLINA,Lee,OATS,PRODUCTION,BU,36000
1999,NORTH CAROLINA,Lee,SOYBEANS,PRODUCTION,BU,59000
1999,NORTH CAROLINA,Lee,TOBACCO,PRODUCTION,LB,4353000
1999,NORTH CAROLINA,Lee,WHEAT,PRODUCTION,BU,66000
1999,NORTH CAROLINA,Lee,WHEAT,PRODUCTION,BU,66000
1999,NORTH CAROLINA,Lenoir,CORN,PRODUCTION,BU,1288000
1999,NORTH CAROLINA,Lenoir,CORN,PRODUCTION,TONS,3000
1999,NORTH CAROLINA,Lenoir,COTTON,PRODUCTION,480 LB BALES,32700
1999,NORTH CAROLINA,Lenoir,HAY,PRODUCTION,TONS,5900
1999,NORTH CAROLINA,Lenoir,SOYBEANS,PRODUCTION,BU,581000
1999,NORTH CAROLINA,Lenoir,SWEET POTATOES,PRODUCTION,CWT,37200
1999,NORTH CAROLINA,Lenoir,TOBACCO,PRODUCTION,LB,13456000
1999,NORTH CAROLINA,Lenoir,WHEAT,PRODUCTION,BU,600000
1999,NORTH CAROLINA,Lenoir,WHEAT,PRODUCTION,BU,600000
1999,NORTH CAROLINA,Lincoln,BARLEY,PRODUCTION,BU,80000
1999,NORTH CAROLINA,Lincoln,CORN,PRODUCTION,BU,125000
1999,NORTH CAROLINA,Lincoln,CORN,PRODUCTION,TONS,29100
1999,NORTH CAROLINA,Lincoln,HAY,PRODUCTION,TONS,24500
1999,NORTH CAROLINA,Lincoln,OATS,PRODUCTION,BU,26000
1999,NORTH CAROLINA,Lincoln,SOYBEANS,PRODUCTION,BU,86000
1999,NORTH CAROLINA,Lincoln,WHEAT,PRODUCTION,BU,177000
1999,NORTH CAROLINA,Lincoln,WHEAT,PRODUCTION,BU,177000
1999,NORTH CAROLINA,Macon,CORN,PRODUCTION,TONS,5000
1999,NORTH CAROLINA,Macon,HAY,PRODUCTION,TONS,9900
1999,NORTH CAROLINA,Macon,TOBACCO,PRODUCTION,LB,81000
1999,NORTH CAROLINA,Madison,CORN,PRODUCTION,BU,16000
1999,NORTH CAROLINA,Madison,CORN,PRODUCTION,TONS,2600
1999,NORTH CAROLINA,Madison,HAY,PRODUCTION,TONS,16200
1999,NORTH CAROLINA,Madison,TOBACCO,PRODUCTION,LB,3121000
1999,NORTH CAROLINA,Martin,CORN,PRODUCTION,BU,283000
1999,NORTH CAROLINA,Martin,COTTON,PRODUCTION,480 LB BALES,49400
1999,NORTH CAROLINA,Martin,HAY,PRODUCTION,TONS,1700
1999,NORTH CAROLINA,Martin,PEANUTS,PRODUCTION,LB,33907000
1999,NORTH CAROLINA,Martin,SOYBEANS,PRODUCTION,BU,199000
1999,NORTH CAROLINA,Martin,TOBACCO,PRODUCTION,LB,8377000
1999,NORTH CAROLINA,Martin,WHEAT,PRODUCTION,BU,90000
1999,NORTH CAROLINA,Martin,WHEAT,PRODUCTION,BU,90000
1999,NORTH CAROLINA,Mcdowell,CORN,PRODUCTION,BU,56000
1999,NORTH CAROLINA,Mcdowell,CORN,PRODUCTION,TONS,4600
1999,NORTH CAROLINA,Mcdowell,HAY,PRODUCTION,TONS,6700
1999,NORTH CAROLINA,Mcdowell,SOYBEANS,PRODUCTION,BU,7000
1999,NORTH CAROLINA,Mecklenburg,CORN,PRODUCTION,BU,37000
1999,NORTH CAROLINA,Mecklenburg,CORN,PRODUCTION,TONS,9600
1999,NORTH CAROLINA,Mecklenburg,HAY,PRODUCTION,TONS,13600
1999,NORTH CAROLINA,Mecklenburg,SOYBEANS,PRODUCTION,BU,33000
1999,NORTH CAROLINA,Mecklenburg,WHEAT,PRODUCTION,BU,72000
1999,NORTH CAROLINA,Mecklenburg,WHEAT,PRODUCTION,BU,72000
1999,NORTH CAROLINA,Mitchell,HAY,PRODUCTION,TONS,7000
1999,NORTH CAROLINA,Mitchell,TOBACCO,PRODUCTION,LB,637000
1999,NORTH CAROLINA,Montgomery,CORN,PRODUCTION,BU,25000
1999,NORTH CAROLINA,Montgomery,COTTON,PRODUCTION,480 LB BALES,1700
1999,NORTH CAROLINA,Montgomery,HAY,PRODUCTION,TONS,9600
1999,NORTH CAROLINA,Montgomery,SOYBEANS,PRODUCTION,BU,15000
1999,NORTH CAROLINA,Montgomery,TOBACCO,PRODUCTION,LB,713000
1999,NORTH CAROLINA,Montgomery,WHEAT,PRODUCTION,BU,13000
1999,NORTH CAROLINA,Montgomery,WHEAT,PRODUCTION,BU,13000
1999,NORTH CAROLINA,Moore,CORN,PRODUCTION,BU,45000
1999,NORTH CAROLINA,Moore,COTTON,PRODUCTION,480 LB BALES,500
1999,NORTH CAROLINA,Moore,HAY,PRODUCTION,TONS,17100
1999,NORTH CAROLINA,Moore,SOYBEANS,PRODUCTION,BU,56000
1999,NORTH CAROLINA,Moore,TOBACCO,PRODUCTION,LB,4321000
1999,NORTH CAROLINA,Moore,WHEAT,PRODUCTION,BU,73000
1999,NORTH CAROLINA,Moore,WHEAT,PRODUCTION,BU,73000
1999,NORTH CAROLINA,Nash,CORN,PRODUCTION,BU,115000
1999,NORTH CAROLINA,Nash,COTTON,PRODUCTION,480 LB BALES,19000
1999,NORTH CAROLINA,Nash,HAY,PRODUCTION,TONS,15900
1999,NORTH CAROLINA,Nash,OATS,PRODUCTION,BU,44000
1999,NORTH CAROLINA,Nash,PEANUTS,PRODUCTION,LB,5513000
1999,NORTH CAROLINA,Nash,SOYBEANS,PRODUCTION,BU,642000
1999,NORTH CAROLINA,Nash,SWEET POTATOES,PRODUCTION,CWT,840700
1999,NORTH CAROLINA,Nash,TOBACCO,PRODUCTION,LB,16764000
1999,NORTH CAROLINA,Nash,WHEAT,PRODUCTION,BU,437000
1999,NORTH CAROLINA,Nash,WHEAT,PRODUCTION,BU,437000
1999,NORTH CAROLINA,New Hanover,SOYBEANS,PRODUCTION,BU,11000
1999,NORTH CAROLINA,New Hanover,TOBACCO,PRODUCTION,LB,67000
1999,NORTH CAROLINA,Northampton,CORN,PRODUCTION,BU,209000
1999,NORTH CAROLINA,Northampton,COTTON,PRODUCTION,480 LB BALES,67900
1999,NORTH CAROLINA,Northampton,HAY,PRODUCTION,TONS,2400
1999,NORTH CAROLINA,Northampton,PEANUTS,PRODUCTION,LB,56562000
1999,NORTH CAROLINA,Northampton,SORGHUM,PRODUCTION,BU,9000
1999,NORTH CAROLINA,Northampton,SOYBEANS,PRODUCTION,BU,156000
1999,NORTH CAROLINA,Northampton,TOBACCO,PRODUCTION,LB,411000
1999,NORTH CAROLINA,Northampton,WHEAT,PRODUCTION,BU,77000
1999,NORTH CAROLINA,Northampton,WHEAT,PRODUCTION,BU,77000
1999,NORTH CAROLINA,Onslow,CORN,PRODUCTION,BU,772000
1999,NORTH CAROLINA,Onslow,COTTON,PRODUCTION,480 LB BALES,4000
1999,NORTH CAROLINA,Onslow,HAY,PRODUCTION,TONS,5500
1999,NORTH CAROLINA,Onslow,SOYBEANS,PRODUCTION,BU,512000
1999,NORTH CAROLINA,Onslow,TOBACCO,PRODUCTION,LB,4263000
1999,NORTH CAROLINA,Onslow,WHEAT,PRODUCTION,BU,204000
1999,NORTH CAROLINA,Onslow,WHEAT,PRODUCTION,BU,204000
1999,NORTH CAROLINA,Orange,BARLEY,PRODUCTION,BU,29300
1999,NORTH CAROLINA,Orange,CORN,PRODUCTION,BU,83000
1999,NORTH CAROLINA,Orange,CORN,PRODUCTION,TONS,31500
1999,NORTH CAROLINA,Orange,HAY,PRODUCTION,TONS,26500
1999,NORTH CAROLINA,Orange,SOYBEANS,PRODUCTION,BU,52000
1999,NORTH CAROLINA,Orange,TOBACCO,PRODUCTION,LB,2998000
1999,NORTH CAROLINA,Orange,WHEAT,PRODUCTION,BU,131000
1999,NORTH CAROLINA,Orange,WHEAT,PRODUCTION,BU,131000
1999,NORTH CAROLINA,Pamlico,CORN,PRODUCTION,BU,848000
1999,NORTH CAROLINA,Pamlico,COTTON,PRODUCTION,480 LB BALES,4600
1999,NORTH CAROLINA,Pamlico,HAY,PRODUCTION,TONS,600
1999,NORTH CAROLINA,Pamlico,POTATOES,PRODUCTION,CWT,469000
1999,NORTH CAROLINA,Pamlico,SOYBEANS,PRODUCTION,BU,420000
1999,NORTH CAROLINA,Pamlico,TOBACCO,PRODUCTION,LB,714000
1999,NORTH CAROLINA,Pamlico,WHEAT,PRODUCTION,BU,436000
1999,NORTH CAROLINA,Pamlico,WHEAT,PRODUCTION,BU,436000
1999,NORTH CAROLINA,Pasquotank,CORN,PRODUCTION,BU,1979000
1999,NORTH CAROLINA,Pasquotank,COTTON,PRODUCTION,480 LB BALES,4800
1999,NORTH CAROLINA,Pasquotank,OATS,PRODUCTION,BU,15000
1999,NORTH CAROLINA,Pasquotank,PEANUTS,PRODUCTION,LB,302000
1999,NORTH CAROLINA,Pasquotank,POTATOES,PRODUCTION,CWT,820300
1999,NORTH CAROLINA,Pasquotank,SORGHUM,PRODUCTION,BU,140000
1999,NORTH CAROLINA,Pasquotank,SOYBEANS,PRODUCTION,BU,1054000
1999,NORTH CAROLINA,Pasquotank,WHEAT,PRODUCTION,BU,1364000
1999,NORTH CAROLINA,Pasquotank,WHEAT,PRODUCTION,BU,1364000
1999,NORTH CAROLINA,Pender,CORN,PRODUCTION,BU,732000
1999,NORTH CAROLINA,Pender,COTTON,PRODUCTION,480 LB BALES,2200
1999,NORTH CAROLINA,Pender,HAY,PRODUCTION,TONS,3900
1999,NORTH CAROLINA,Pender,PEANUTS,PRODUCTION,LB,675000
1999,NORTH CAROLINA,Pender,SOYBEANS,PRODUCTION,BU,411000
1999,NORTH CAROLINA,Pender,TOBACCO,PRODUCTION,LB,2865000
1999,NORTH CAROLINA,Pender,WHEAT,PRODUCTION,BU,235000
1999,NORTH CAROLINA,Pender,WHEAT,PRODUCTION,BU,235000
1999,NORTH CAROLINA,Perquimans,CORN,PRODUCTION,BU,1283000
1999,NORTH CAROLINA,Perquimans,COTTON,PRODUCTION,480 LB BALES,23400
1999,NORTH CAROLINA,Perquimans,HAY,PRODUCTION,TONS,700
1999,NORTH CAROLINA,Perquimans,PEANUTS,PRODUCTION,LB,8276000
1999,NORTH CAROLINA,Perquimans,SOYBEANS,PRODUCTION,BU,693000
1999,NORTH CAROLINA,Perquimans,WHEAT,PRODUCTION,BU,748000
1999,NORTH CAROLINA,Perquimans,WHEAT,PRODUCTION,BU,748000
1999,NORTH CAROLINA,Person,CORN,PRODUCTION,BU,154000
1999,NORTH CAROLINA,Person,CORN,PRODUCTION,TONS,5100
1999,NORTH CAROLINA,Person,HAY,PRODUCTION,TONS,17800
1999,NORTH CAROLINA,Person,OATS,PRODUCTION,BU,15000
1999,NORTH CAROLINA,Person,SOYBEANS,PRODUCTION,BU,192000
1999,NORTH CAROLINA,Person,TOBACCO,PRODUCTION,LB,8995000
1999,NORTH CAROLINA,Person,WHEAT,PRODUCTION,BU,275000
1999,NORTH CAROLINA,Person,WHEAT,PRODUCTION,BU,275000
1999,NORTH CAROLINA,Pitt,CORN,PRODUCTION,BU,942000
1999,NORTH CAROLINA,Pitt,COTTON,PRODUCTION,480 LB BALES,32800
1999,NORTH CAROLINA,Pitt,HAY,PRODUCTION,TONS,6700
1999,NORTH CAROLINA,Pitt,OATS,PRODUCTION,BU,23000
1999,NORTH CAROLINA,Pitt,PEANUTS,PRODUCTION,LB,7858000
1999,NORTH CAROLINA,Pitt,SOYBEANS,PRODUCTION,BU,903000
1999,NORTH CAROLINA,Pitt,TOBACCO,PRODUCTION,LB,22545000
1999,NORTH CAROLINA,Pitt,WHEAT,PRODUCTION,BU,750000
1999,NORTH CAROLINA,Pitt,WHEAT,PRODUCTION,BU,750000
1999,NORTH CAROLINA,Polk,CORN,PRODUCTION,TONS,2300
1999,NORTH CAROLINA,Polk,HAY,PRODUCTION,TONS,8500
1999,NORTH CAROLINA,Randolph,BARLEY,PRODUCTION,BU,34700
1999,NORTH CAROLINA,Randolph,CORN,PRODUCTION,BU,246000
1999,NORTH CAROLINA,Randolph,CORN,PRODUCTION,TONS,48000
1999,NORTH CAROLINA,Randolph,HAY,PRODUCTION,TONS,50100
1999,NORTH CAROLINA,Randolph,OATS,PRODUCTION,BU,35000
1999,NORTH CAROLINA,Randolph,SOYBEANS,PRODUCTION,BU,171000
1999,NORTH CAROLINA,Randolph,TOBACCO,PRODUCTION,LB,2880000
1999,NORTH CAROLINA,Randolph,WHEAT,PRODUCTION,BU,157000
1999,NORTH CAROLINA,Randolph,WHEAT,PRODUCTION,BU,157000
1999,NORTH CAROLINA,Richmond,CORN,PRODUCTION,BU,62000
1999,NORTH CAROLINA,Richmond,COTTON,PRODUCTION,480 LB BALES,6000
1999,NORTH CAROLINA,Richmond,HAY,PRODUCTION,TONS,8000
1999,NORTH CAROLINA,Richmond,SOYBEANS,PRODUCTION,BU,34000
1999,NORTH CAROLINA,Richmond,TOBACCO,PRODUCTION,LB,1702000
1999,NORTH CAROLINA,Richmond,WHEAT,PRODUCTION,BU,36000
1999,NORTH CAROLINA,Richmond,WHEAT,PRODUCTION,BU,36000
1999,NORTH CAROLINA,Robeson,CORN,PRODUCTION,BU,2372000
1999,NORTH CAROLINA,Robeson,COTTON,PRODUCTION,480 LB BALES,30500
1999,NORTH CAROLINA,Robeson,HAY,PRODUCTION,TONS,17800
1999,NORTH CAROLINA,Robeson,OATS,PRODUCTION,BU,48000
1999,NORTH CAROLINA,Robeson,PEANUTS,PRODUCTION,LB,192000
1999,NORTH CAROLINA,Robeson,SOYBEANS,PRODUCTION,BU,2501000
1999,NORTH CAROLINA,Robeson,TOBACCO,PRODUCTION,LB,20868000
1999,NORTH CAROLINA,Robeson,WHEAT,PRODUCTION,BU,2085000
1999,NORTH CAROLINA,Robeson,WHEAT,PRODUCTION,BU,2085000
1999,NORTH CAROLINA,Rockingham,BARLEY,PRODUCTION,BU,27100
1999,NORTH CAROLINA,Rockingham,CORN,PRODUCTION,BU,97000
1999,NORTH CAROLINA,Rockingham,CORN,PRODUCTION,TONS,17300
1999,NORTH CAROLINA,Rockingham,HAY,PRODUCTION,TONS,22000
1999,NORTH CAROLINA,Rockingham,OATS,PRODUCTION,BU,12000
1999,NORTH CAROLINA,Rockingham,SOYBEANS,PRODUCTION,BU,57000
1999,NORTH CAROLINA,Rockingham,TOBACCO,PRODUCTION,LB,13221000
1999,NORTH CAROLINA,Rockingham,WHEAT,PRODUCTION,BU,244000
1999,NORTH CAROLINA,Rockingham,WHEAT,PRODUCTION,BU,244000
1999,NORTH CAROLINA,Rowan,BARLEY,PRODUCTION,BU,196400
1999,NORTH CAROLINA,Rowan,CORN,PRODUCTION,BU,301000
1999,NORTH CAROLINA,Rowan,CORN,PRODUCTION,TONS,32000
1999,NORTH CAROLINA,Rowan,COTTON,PRODUCTION,480 LB BALES,1200
1999,NORTH CAROLINA,Rowan,HAY,PRODUCTION,TONS,37000
1999,NORTH CAROLINA,Rowan,OATS,PRODUCTION,BU,16000
1999,NORTH CAROLINA,Rowan,SOYBEANS,PRODUCTION,BU,378000
1999,NORTH CAROLINA,Rowan,WHEAT,PRODUCTION,BU,364000
1999,NORTH CAROLINA,Rowan,WHEAT,PRODUCTION,BU,364000
1999,NORTH CAROLINA,Rutherford,CORN,PRODUCTION,TONS,3000
1999,NORTH CAROLINA,Rutherford,COTTON,PRODUCTION,480 LB BALES,500
1999,NORTH CAROLINA,Rutherford,HAY,PRODUCTION,TONS,26400
1999,NORTH CAROLINA,Rutherford,SOYBEANS,PRODUCTION,BU,12200
1999,NORTH CAROLINA,Rutherford,WHEAT,PRODUCTION,BU,26000
1999,NORTH CAROLINA,Rutherford,WHEAT,PRODUCTION,BU,26000
1999,NORTH CAROLINA,Sampson,CORN,PRODUCTION,BU,1204000
1999,NORTH CAROLINA,Sampson,CORN,PRODUCTION,TONS,10900
1999,NORTH CAROLINA,Sampson,COTTON,PRODUCTION,480 LB BALES,40000
1999,NORTH CAROLINA,Sampson,HAY,PRODUCTION,TONS,53600
1999,NORTH CAROLINA,Sampson,OATS,PRODUCTION,BU,40000
1999,NORTH CAROLINA,Sampson,PEANUTS,PRODUCTION,LB,581000
1999,NORTH CAROLINA,Sampson,SOYBEANS,PRODUCTION,BU,1119000
1999,NORTH CAROLINA,Sampson,SWEET POTATOES,PRODUCTION,CWT,528300
1999,NORTH CAROLINA,Sampson,TOBACCO,PRODUCTION,LB,15628000
1999,NORTH CAROLINA,Sampson,WHEAT,PRODUCTION,BU,1124000
1999,NORTH CAROLINA,Sampson,WHEAT,PRODUCTION,BU,1124000
1999,NORTH CAROLINA,Scotland,CORN,PRODUCTION,BU,92000
1999,NORTH CAROLINA,Scotland,COTTON,PRODUCTION,480 LB BALES,14700
1999,NORTH CAROLINA,Scotland,HAY,PRODUCTION,TONS,4000
1999,NORTH CAROLINA,Scotland,OATS,PRODUCTION,BU,18000
1999,NORTH CAROLINA,Scotland,SOYBEANS,PRODUCTION,BU,213000
1999,NORTH CAROLINA,Scotland,TOBACCO,PRODUCTION,LB,936000
1999,NORTH CAROLINA,Scotland,WHEAT,PRODUCTION,BU,185000
1999,NORTH CAROLINA,Scotland,WHEAT,PRODUCTION,BU,185000
1999,NORTH CAROLINA,Stanly,BARLEY,PRODUCTION,BU,85400
1999,NORTH CAROLINA,Stanly,CORN,PRODUCTION,BU,768000
1999,NORTH CAROLINA,Stanly,CORN,PRODUCTION,TONS,5600
1999,NORTH CAROLINA,Stanly,COTTON,PRODUCTION,480 LB BALES,14700
1999,NORTH CAROLINA,Stanly,HAY,PRODUCTION,TONS,29200
1999,NORTH CAROLINA,Stanly,OATS,PRODUCTION,BU,43000
1999,NORTH CAROLINA,Stanly,SOYBEANS,PRODUCTION,BU,549000
1999,NORTH CAROLINA,Stanly,WHEAT,PRODUCTION,BU,412000
1999,NORTH CAROLINA,Stanly,WHEAT,PRODUCTION,BU,412000
1999,NORTH CAROLINA,Stokes,CORN,PRODUCTION,BU,52000
1999,NORTH CAROLINA,Stokes,CORN,PRODUCTION,TONS,3800
1999,NORTH CAROLINA,Stokes,HAY,PRODUCTION,TONS,21300
1999,NORTH CAROLINA,Stokes,SOYBEANS,PRODUCTION,BU,33000
1999,NORTH CAROLINA,Stokes,TOBACCO,PRODUCTION,LB,10621000
1999,NORTH CAROLINA,Stokes,WHEAT,PRODUCTION,BU,43000
1999,NORTH CAROLINA,Stokes,WHEAT,PRODUCTION,BU,43000
1999,NORTH CAROLINA,Surry,BARLEY,PRODUCTION,BU,24300
1999,NORTH CAROLINA,Surry,CORN,PRODUCTION,BU,316000
1999,NORTH CAROLINA,Surry,CORN,PRODUCTION,TONS,15000
1999,NORTH CAROLINA,Surry,HAY,PRODUCTION,TONS,50000
1999,NORTH CAROLINA,Surry,SOYBEANS,PRODUCTION,BU,190000
1999,NORTH CAROLINA,Surry,TOBACCO,PRODUCTION,LB,12210000
1999,NORTH CAROLINA,Surry,WHEAT,PRODUCTION,BU,117000
1999,NORTH CAROLINA,Surry,WHEAT,PRODUCTION,BU,117000
1999,NORTH CAROLINA,Swain,HAY,PRODUCTION,TONS,1600
1999,NORTH CAROLINA,Swain,TOBACCO,PRODUCTION,LB,30000
1999,NORTH CAROLINA,Transylvania,CORN,PRODUCTION,BU,56200
1999,NORTH CAROLINA,Transylvania,CORN,PRODUCTION,TONS,2800
1999,NORTH CAROLINA,Transylvania,HAY,PRODUCTION,TONS,7400
1999,NORTH CAROLINA,Transylvania,TOBACCO,PRODUCTION,LB,47000
1999,NORTH CAROLINA,Tyrrell,CORN,PRODUCTION,BU,2763000
1999,NORTH CAROLINA,Tyrrell,COTTON,PRODUCTION,480 LB BALES,3500
1999,NORTH CAROLINA,Tyrrell,HAY,PRODUCTION,TONS,400
1999,NORTH CAROLINA,Tyrrell,OATS,PRODUCTION,BU,38000
1999,NORTH CAROLINA,Tyrrell,PEANUTS,PRODUCTION,LB,174000
1999,NORTH CAROLINA,Tyrrell,POTATOES,PRODUCTION,CWT,462700
1999,NORTH CAROLINA,Tyrrell,SOYBEANS,PRODUCTION,BU,560000
1999,NORTH CAROLINA,Tyrrell,WHEAT,PRODUCTION,BU,940000
1999,NORTH CAROLINA,Tyrrell,WHEAT,PRODUCTION,BU,940000
1999,NORTH CAROLINA,Union,BARLEY,PRODUCTION,BU,120200
1999,NORTH CAROLINA,Union,CORN,PRODUCTION,BU,1806000
1999,NORTH CAROLINA,Union,CORN,PRODUCTION,TONS,7400
1999,NORTH CAROLINA,Union,COTTON,PRODUCTION,480 LB BALES,12500
1999,NORTH CAROLINA,Union,HAY,PRODUCTION,TONS,37000
1999,NORTH CAROLINA,Union,OATS,PRODUCTION,BU,86400
1999,NORTH CAROLINA,Union,SORGHUM,PRODUCTION,BU,25000
1999,NORTH CAROLINA,Union,SOYBEANS,PRODUCTION,BU,997000
1999,NORTH CAROLINA,Union,WHEAT,PRODUCTION,BU,1740000
1999,NORTH CAROLINA,Union,WHEAT,PRODUCTION,BU,1740000
1999,NORTH CAROLINA,Vance,CORN,PRODUCTION,BU,9000
1999,NORTH CAROLINA,Vance,HAY,PRODUCTION,TONS,3800
1999,NORTH CAROLINA,Vance,SOYBEANS,PRODUCTION,BU,113000
1999,NORTH CAROLINA,Vance,TOBACCO,PRODUCTION,LB,7018000
1999,NORTH CAROLINA,Vance,WHEAT,PRODUCTION,BU,227000
1999,NORTH CAROLINA,Vance,WHEAT,PRODUCTION,BU,227000
1999,NORTH CAROLINA,Wake,CORN,PRODUCTION,BU,14000
1999,NORTH CAROLINA,Wake,COTTON,PRODUCTION,480 LB BALES,300
1999,NORTH CAROLINA,Wake,HAY,PRODUCTION,TONS,10700
1999,NORTH CAROLINA,Wake,OATS,PRODUCTION,BU,61000
1999,NORTH CAROLINA,Wake,SOYBEANS,PRODUCTION,BU,242000
1999,NORTH CAROLINA,Wake,SWEET POTATOES,PRODUCTION,CWT,35100
1999,NORTH CAROLINA,Wake,TOBACCO,PRODUCTION,LB,17300000
1999,NORTH CAROLINA,Wake,WHEAT,PRODUCTION,BU,209000
1999,NORTH CAROLINA,Wake,WHEAT,PRODUCTION,BU,209000
1999,NORTH CAROLINA,Warren,BARLEY,PRODUCTION,BU,18900
1999,NORTH CAROLINA,Warren,CORN,PRODUCTION,BU,32000
1999,NORTH CAROLINA,Warren,CORN,PRODUCTION,TONS,9500
1999,NORTH CAROLINA,Warren,COTTON,PRODUCTION,480 LB BALES,500
1999,NORTH CAROLINA,Warren,HAY,PRODUCTION,TONS,13000
1999,NORTH CAROLINA,Warren,OATS,PRODUCTION,BU,22000
1999,NORTH CAROLINA,Warren,SORGHUM,PRODUCTION,BU,8000
1999,NORTH CAROLINA,Warren,SOYBEANS,PRODUCTION,BU,188000
1999,NORTH CAROLINA,Warren,TOBACCO,PRODUCTION,LB,4445000
1999,NORTH CAROLINA,Warren,WHEAT,PRODUCTION,BU,132000
1999,NORTH CAROLINA,Warren,WHEAT,PRODUCTION,BU,132000
1999,NORTH CAROLINA,Washington,CORN,PRODUCTION,BU,2319000
1999,NORTH CAROLINA,Washington,COTTON,PRODUCTION,480 LB BALES,8800
1999,NORTH CAROLINA,Washington,HAY,PRODUCTION,TONS,2500
1999,NORTH CAROLINA,Washington,PEANUTS,PRODUCTION,LB,6558000
1999,NORTH CAROLINA,Washington,POTATOES,PRODUCTION,CWT,463200
1999,NORTH CAROLINA,Washington,SORGHUM,PRODUCTION,BU,4000
1999,NORTH CAROLINA,Washington,SOYBEANS,PRODUCTION,BU,919000
1999,NORTH CAROLINA,Washington,TOBACCO,PRODUCTION,LB,743000
1999,NORTH CAROLINA,Washington,WHEAT,PRODUCTION,BU,1061000
1999,NORTH CAROLINA,Washington,WHEAT,PRODUCTION,BU,1061000
1999,NORTH CAROLINA,Watauga,HAY,PRODUCTION,TONS,16200
1999,NORTH CAROLINA,Watauga,TOBACCO,PRODUCTION,LB,1256000
1999,NORTH CAROLINA,Wayne,CORN,PRODUCTION,BU,1445000
1999,NORTH CAROLINA,Wayne,CORN,PRODUCTION,TONS,4200
1999,NORTH CAROLINA,Wayne,COTTON,PRODUCTION,480 LB BALES,24400
1999,NORTH CAROLINA,Wayne,HAY,PRODUCTION,TONS,16300
1999,NORTH CAROLINA,Wayne,OATS,PRODUCTION,BU,34000
1999,NORTH CAROLINA,Wayne,SOYBEANS,PRODUCTION,BU,1574000
1999,NORTH CAROLINA,Wayne,SWEET POTATOES,PRODUCTION,CWT,140300
1999,NORTH CAROLINA,Wayne,TOBACCO,PRODUCTION,LB,14903000
1999,NORTH CAROLINA,Wayne,WHEAT,PRODUCTION,BU,1123000
1999,NORTH CAROLINA,Wayne,WHEAT,PRODUCTION,BU,1123000
1999,NORTH CAROLINA,Wilkes,CORN,PRODUCTION,BU,99000
1999,NORTH CAROLINA,Wilkes,CORN,PRODUCTION,TONS,52000
1999,NORTH CAROLINA,Wilkes,HAY,PRODUCTION,TONS,62200
1999,NORTH CAROLINA,Wilkes,SOYBEANS,PRODUCTION,BU,14000
1999,NORTH CAROLINA,Wilkes,TOBACCO,PRODUCTION,LB,1564000
1999,NORTH CAROLINA,Wilkes,WHEAT,PRODUCTION,BU,31000
1999,NORTH CAROLINA,Wilkes,WHEAT,PRODUCTION,BU,31000
1999,NORTH CAROLINA,Wilson,CORN,PRODUCTION,BU,530000
1999,NORTH CAROLINA,Wilson,COTTON,PRODUCTION,480 LB BALES,18300
1999,NORTH CAROLINA,Wilson,HAY,PRODUCTION,TONS,3600
1999,NORTH CAROLINA,Wilson,OATS,PRODUCTION,BU,26000
1999,NORTH CAROLINA,Wilson,SOYBEANS,PRODUCTION,BU,951000
1999,NORTH CAROLINA,Wilson,SWEET POTATOES,PRODUCTION,CWT,457300
1999,NORTH CAROLINA,Wilson,TOBACCO,PRODUCTION,LB,16858000
1999,NORTH CAROLINA,Wilson,WHEAT,PRODUCTION,BU,454000
1999,NORTH CAROLINA,Wilson,WHEAT,PRODUCTION,BU,454000
1999,NORTH CAROLINA,Yadkin,BARLEY,PRODUCTION,BU,109400
1999,NORTH CAROLINA,Yadkin,CORN,PRODUCTION,BU,600000
1999,NORTH CAROLINA,Yadkin,CORN,PRODUCTION,TONS,41500
1999,NORTH CAROLINA,Yadkin,HAY,PRODUCTION,TONS,41000
1999,NORTH CAROLINA,Yadkin,SOYBEANS,PRODUCTION,BU,287000
1999,NORTH CAROLINA,Yadkin,TOBACCO,PRODUCTION,LB,7728000
1999,NORTH CAROLINA,Yadkin,WHEAT,PRODUCTION,BU,210000
1999,NORTH CAROLINA,Yadkin,WHEAT,PRODUCTION,BU,210000
1999,NORTH CAROLINA,Yancey,CORN,PRODUCTION,TONS,2400
1999,NORTH CAROLINA,Yancey,HAY,PRODUCTION,TONS,5600
1999,NORTH CAROLINA,Yancey,TOBACCO,PRODUCTION,LB,1173000
2000,NORTH CAROLINA,Alamance,CORN,PRODUCTION,BU,334000
2000,NORTH CAROLINA,Alamance,CORN,PRODUCTION,TONS,37200
2000,NORTH CAROLINA,Alamance,HAY,PRODUCTION,TONS,38100
2000,NORTH CAROLINA,Alamance,OATS,PRODUCTION,BU,28000
2000,NORTH CAROLINA,Alamance,SOYBEANS,PRODUCTION,BU,78000
2000,NORTH CAROLINA,Alamance,TOBACCO,PRODUCTION,LB,3694000
2000,NORTH CAROLINA,Alamance,WHEAT,PRODUCTION,BU,170000
2000,NORTH CAROLINA,Alamance,WHEAT,PRODUCTION,BU,170000
2000,NORTH CAROLINA,Alexander,BARLEY,PRODUCTION,BU,23600
2000,NORTH CAROLINA,Alexander,CORN,PRODUCTION,BU,20000
2000,NORTH CAROLINA,Alexander,CORN,PRODUCTION,TONS,50500
2000,NORTH CAROLINA,Alexander,HAY,PRODUCTION,TONS,33300
2000,NORTH CAROLINA,Alexander,SOYBEANS,PRODUCTION,BU,30000
2000,NORTH CAROLINA,Alexander,TOBACCO,PRODUCTION,LB,625000
2000,NORTH CAROLINA,Alexander,WHEAT,PRODUCTION,BU,38000
2000,NORTH CAROLINA,Alexander,WHEAT,PRODUCTION,BU,38000
2000,NORTH CAROLINA,Alleghany,CORN,PRODUCTION,TONS,57800
2000,NORTH CAROLINA,Alleghany,HAY,PRODUCTION,TONS,31800
2000,NORTH CAROLINA,Alleghany,TOBACCO,PRODUCTION,LB,421000
2000,NORTH CAROLINA,Anson,CORN,PRODUCTION,BU,583000
2000,NORTH CAROLINA,Anson,COTTON,PRODUCTION,480 LB BALES,7800
2000,NORTH CAROLINA,Anson,HAY,PRODUCTION,TONS,13700
2000,NORTH CAROLINA,Anson,OATS,PRODUCTION,BU,36000
2000,NORTH CAROLINA,Anson,SOYBEANS,PRODUCTION,BU,300000
2000,NORTH CAROLINA,Anson,TOBACCO,PRODUCTION,LB,167000
2000,NORTH CAROLINA,Anson,WHEAT,PRODUCTION,BU,158000
2000,NORTH CAROLINA,Anson,WHEAT,PRODUCTION,BU,158000
2000,NORTH CAROLINA,Ashe,HAY,PRODUCTION,TONS,28600
2000,NORTH CAROLINA,Ashe,TOBACCO,PRODUCTION,LB,1036000
2000,NORTH CAROLINA,Avery,HAY,PRODUCTION,TONS,3600
2000,NORTH CAROLINA,Avery,TOBACCO,PRODUCTION,LB,207000
2000,NORTH CAROLINA,Beaufort,CORN,PRODUCTION,BU,5206000
2000,NORTH CAROLINA,Beaufort,COTTON,PRODUCTION,480 LB BALES,42700
2000,NORTH CAROLINA,Beaufort,HAY,PRODUCTION,TONS,1500
2000,NORTH CAROLINA,Beaufort,OATS,PRODUCTION,BU,117000
2000,NORTH CAROLINA,Beaufort,PEANUTS,PRODUCTION,LB,498000
2000,NORTH CAROLINA,Beaufort,SORGHUM,PRODUCTION,BU,9500
2000,NORTH CAROLINA,Beaufort,SOYBEANS,PRODUCTION,BU,1888000
2000,NORTH CAROLINA,Beaufort,TOBACCO,PRODUCTION,LB,7125000
2000,NORTH CAROLINA,Beaufort,WHEAT,PRODUCTION,BU,1710000
2000,NORTH CAROLINA,Beaufort,WHEAT,PRODUCTION,BU,1710000
2000,NORTH CAROLINA,Bertie,CORN,PRODUCTION,BU,2105000
2000,NORTH CAROLINA,Bertie,COTTON,PRODUCTION,480 LB BALES,58500
2000,NORTH CAROLINA,Bertie,HAY,PRODUCTION,TONS,500
2000,NORTH CAROLINA,Bertie,PEANUTS,PRODUCTION,LB,43731000
2000,NORTH CAROLINA,Bertie,SORGHUM,PRODUCTION,BU,26000
2000,NORTH CAROLINA,Bertie,SOYBEANS,PRODUCTION,BU,431000
2000,NORTH CAROLINA,Bertie,TOBACCO,PRODUCTION,LB,3973000
2000,NORTH CAROLINA,Bertie,WHEAT,PRODUCTION,BU,103000
2000,NORTH CAROLINA,Bertie,WHEAT,PRODUCTION,BU,103000
2000,NORTH CAROLINA,Bladen,CORN,PRODUCTION,BU,2393000
2000,NORTH CAROLINA,Bladen,COTTON,PRODUCTION,480 LB BALES,15500
2000,NORTH CAROLINA,Bladen,HAY,PRODUCTION,TONS,21500
2000,NORTH CAROLINA,Bladen,OATS,PRODUCTION,BU,25000
2000,NORTH CAROLINA,Bladen,PEANUTS,PRODUCTION,LB,9643000
2000,NORTH CAROLINA,Bladen,SOYBEANS,PRODUCTION,BU,808000
2000,NORTH CAROLINA,Bladen,TOBACCO,PRODUCTION,LB,5835000
2000,NORTH CAROLINA,Bladen,WHEAT,PRODUCTION,BU,193000
2000,NORTH CAROLINA,Bladen,WHEAT,PRODUCTION,BU,193000
2000,NORTH CAROLINA,Brunswick,CORN,PRODUCTION,BU,408000
2000,NORTH CAROLINA,Brunswick,COTTON,PRODUCTION,480 LB BALES,950
2000,NORTH CAROLINA,Brunswick,HAY,PRODUCTION,TONS,5300
2000,NORTH CAROLINA,Brunswick,SOYBEANS,PRODUCTION,BU,297000
2000,NORTH CAROLINA,Brunswick,TOBACCO,PRODUCTION,LB,2812000
2000,NORTH CAROLINA,Brunswick,WHEAT,PRODUCTION,BU,44000
2000,NORTH CAROLINA,Brunswick,WHEAT,PRODUCTION,BU,44000
2000,NORTH CAROLINA,Buncombe,CORN,PRODUCTION,TONS,36100
2000,NORTH CAROLINA,Buncombe,HAY,PRODUCTION,TONS,36500
2000,NORTH CAROLINA,Buncombe,TOBACCO,PRODUCTION,LB,1918000
2000,NORTH CAROLINA,Burke,CORN,PRODUCTION,BU,83000
2000,NORTH CAROLINA,Burke,CORN,PRODUCTION,TONS,4000
2000,NORTH CAROLINA,Burke,HAY,PRODUCTION,TONS,16700
2000,NORTH CAROLINA,Burke,SOYBEANS,PRODUCTION,BU,8000
2000,NORTH CAROLINA,Cabarrus,BARLEY,PRODUCTION,BU,65800
2000,NORTH CAROLINA,Cabarrus,CORN,PRODUCTION,BU,234000
2000,NORTH CAROLINA,Cabarrus,CORN,PRODUCTION,TONS,14100
2000,NORTH CAROLINA,Cabarrus,COTTON,PRODUCTION,480 LB BALES,800
2000,NORTH CAROLINA,Cabarrus,HAY,PRODUCTION,TONS,25100
2000,NORTH CAROLINA,Cabarrus,OATS,PRODUCTION,BU,66000
2000,NORTH CAROLINA,Cabarrus,SORGHUM,PRODUCTION,BU,11000
2000,NORTH CAROLINA,Cabarrus,SOYBEANS,PRODUCTION,BU,169000
2000,NORTH CAROLINA,Cabarrus,WHEAT,PRODUCTION,BU,116000
2000,NORTH CAROLINA,Cabarrus,WHEAT,PRODUCTION,BU,116000
2000,NORTH CAROLINA,Caldwell,CORN,PRODUCTION,BU,62000
2000,NORTH CAROLINA,Caldwell,CORN,PRODUCTION,TONS,8800
2000,NORTH CAROLINA,Caldwell,HAY,PRODUCTION,TONS,17000
2000,NORTH CAROLINA,Caldwell,SOYBEANS,PRODUCTION,BU,22000
2000,NORTH CAROLINA,Caldwell,TOBACCO,PRODUCTION,LB,249000
2000,NORTH CAROLINA,Caldwell,WHEAT,PRODUCTION,BU,24000
2000,NORTH CAROLINA,Caldwell,WHEAT,PRODUCTION,BU,24000
2000,NORTH CAROLINA,Camden,CORN,PRODUCTION,BU,2030000
2000,NORTH CAROLINA,Camden,COTTON,PRODUCTION,480 LB BALES,2300
2000,NORTH CAROLINA,Camden,POTATOES,PRODUCTION,CWT,619300
2000,NORTH CAROLINA,Camden,SORGHUM,PRODUCTION,BU,9600
2000,NORTH CAROLINA,Camden,SOYBEANS,PRODUCTION,BU,966000
2000,NORTH CAROLINA,Camden,WHEAT,PRODUCTION,BU,594000
2000,NORTH CAROLINA,Camden,WHEAT,PRODUCTION,BU,594000
2000,NORTH CAROLINA,Carteret,CORN,PRODUCTION,BU,2371000
2000,NORTH CAROLINA,Carteret,COTTON,PRODUCTION,480 LB BALES,7500
2000,NORTH CAROLINA,Carteret,HAY,PRODUCTION,TONS,600
2000,NORTH CAROLINA,Carteret,POTATOES,PRODUCTION,CWT,89500
2000,NORTH CAROLINA,Carteret,SORGHUM,PRODUCTION,BU,20400
2000,NORTH CAROLINA,Carteret,SOYBEANS,PRODUCTION,BU,616000
2000,NORTH CAROLINA,Carteret,TOBACCO,PRODUCTION,LB,981000
2000,NORTH CAROLINA,Carteret,WHEAT,PRODUCTION,BU,281000
2000,NORTH CAROLINA,Carteret,WHEAT,PRODUCTION,BU,281000
2000,NORTH CAROLINA,Caswell,CORN,PRODUCTION,BU,68000
2000,NORTH CAROLINA,Caswell,CORN,PRODUCTION,TONS,4200
2000,NORTH CAROLINA,Caswell,HAY,PRODUCTION,TONS,33800
2000,NORTH CAROLINA,Caswell,OATS,PRODUCTION,BU,19000
2000,NORTH CAROLINA,Caswell,SORGHUM,PRODUCTION,BU,11600
2000,NORTH CAROLINA,Caswell,SOYBEANS,PRODUCTION,BU,44000
2000,NORTH CAROLINA,Caswell,TOBACCO,PRODUCTION,LB,6535000
2000,NORTH CAROLINA,Caswell,WHEAT,PRODUCTION,BU,94000
2000,NORTH CAROLINA,Caswell,WHEAT,PRODUCTION,BU,94000
2000,NORTH CAROLINA,Catawba,BARLEY,PRODUCTION,BU,43800
2000,NORTH CAROLINA,Catawba,CORN,PRODUCTION,BU,125000
2000,NORTH CAROLINA,Catawba,CORN,PRODUCTION,TONS,24500
2000,NORTH CAROLINA,Catawba,HAY,PRODUCTION,TONS,31700
2000,NORTH CAROLINA,Catawba,OATS,PRODUCTION,BU,14000
2000,NORTH CAROLINA,Catawba,SOYBEANS,PRODUCTION,BU,143000
2000,NORTH CAROLINA,Catawba,WHEAT,PRODUCTION,BU,177000
2000,NORTH CAROLINA,Catawba,WHEAT,PRODUCTION,BU,177000
2000,NORTH CAROLINA,Chatham,CORN,PRODUCTION,BU,52000
2000,NORTH CAROLINA,Chatham,CORN,PRODUCTION,TONS,27000
2000,NORTH CAROLINA,Chatham,COTTON,PRODUCTION,480 LB BALES,625
2000,NORTH CAROLINA,Chatham,HAY,PRODUCTION,TONS,42700
2000,NORTH CAROLINA,Chatham,OATS,PRODUCTION,BU,20000
2000,NORTH CAROLINA,Chatham,SOYBEANS,PRODUCTION,BU,40000
2000,NORTH CAROLINA,Chatham,TOBACCO,PRODUCTION,LB,1306000
2000,NORTH CAROLINA,Chatham,WHEAT,PRODUCTION,BU,63000
2000,NORTH CAROLINA,Chatham,WHEAT,PRODUCTION,BU,63000
2000,NORTH CAROLINA,Cherokee,CORN,PRODUCTION,BU,54000
2000,NORTH CAROLINA,Cherokee,CORN,PRODUCTION,TONS,7100
2000,NORTH CAROLINA,Cherokee,HAY,PRODUCTION,TONS,9200
2000,NORTH CAROLINA,Cherokee,SOYBEANS,PRODUCTION,BU,9000
2000,NORTH CAROLINA,Cherokee,TOBACCO,PRODUCTION,LB,137000
2000,NORTH CAROLINA,Chowan,CORN,PRODUCTION,BU,408000
2000,NORTH CAROLINA,Chowan,COTTON,PRODUCTION,480 LB BALES,34000
2000,NORTH CAROLINA,Chowan,HAY,PRODUCTION,TONS,400
2000,NORTH CAROLINA,Chowan,PEANUTS,PRODUCTION,LB,20049000
2000,NORTH CAROLINA,Chowan,SORGHUM,PRODUCTION,BU,24000
2000,NORTH CAROLINA,Chowan,SOYBEANS,PRODUCTION,BU,214000
2000,NORTH CAROLINA,Chowan,SWEET POTATOES,PRODUCTION,CWT,36000
2000,NORTH CAROLINA,Chowan,TOBACCO,PRODUCTION,LB,333000
2000,NORTH CAROLINA,Chowan,WHEAT,PRODUCTION,BU,100000
2000,NORTH CAROLINA,Chowan,WHEAT,PRODUCTION,BU,100000
2000,NORTH CAROLINA,Clay,CORN,PRODUCTION,BU,33000
2000,NORTH CAROLINA,Clay,HAY,PRODUCTION,TONS,8800
2000,NORTH CAROLINA,Clay,SOYBEANS,PRODUCTION,BU,5600
2000,NORTH CAROLINA,Clay,TOBACCO,PRODUCTION,LB,128000
2000,NORTH CAROLINA,Cleveland,BARLEY,PRODUCTION,BU,53800
2000,NORTH CAROLINA,Cleveland,CORN,PRODUCTION,BU,28000
2000,NORTH CAROLINA,Cleveland,CORN,PRODUCTION,TONS,15200
2000,NORTH CAROLINA,Cleveland,COTTON,PRODUCTION,480 LB BALES,3700
2000,NORTH CAROLINA,Cleveland,HAY,PRODUCTION,TONS,33700
2000,NORTH CAROLINA,Cleveland,OATS,PRODUCTION,BU,55000
2000,NORTH CAROLINA,Cleveland,SOYBEANS,PRODUCTION,BU,161000
2000,NORTH CAROLINA,Cleveland,WHEAT,PRODUCTION,BU,275000
2000,NORTH CAROLINA,Cleveland,WHEAT,PRODUCTION,BU,275000
2000,NORTH CAROLINA,Columbus,CORN,PRODUCTION,BU,3270000
2000,NORTH CAROLINA,Columbus,COTTON,PRODUCTION,480 LB BALES,6200
2000,NORTH CAROLINA,Columbus,HAY,PRODUCTION,TONS,14900
2000,NORTH CAROLINA,Columbus,OATS,PRODUCTION,BU,46000
2000,NORTH CAROLINA,Columbus,PEANUTS,PRODUCTION,LB,2654000
2000,NORTH CAROLINA,Columbus,POTATOES,PRODUCTION,CWT,59500
2000,NORTH CAROLINA,Columbus,SOYBEANS,PRODUCTION,BU,1791000
2000,NORTH CAROLINA,Columbus,SWEET POTATOES,PRODUCTION,CWT,224000
2000,NORTH CAROLINA,Columbus,TOBACCO,PRODUCTION,LB,14625000
2000,NORTH CAROLINA,Columbus,WHEAT,PRODUCTION,BU,535000
2000,NORTH CAROLINA,Columbus,WHEAT,PRODUCTION,BU,535000
2000,NORTH CAROLINA,Craven,CORN,PRODUCTION,BU,1277000
2000,NORTH CAROLINA,Craven,COTTON,PRODUCTION,480 LB BALES,33200
2000,NORTH CAROLINA,Craven,HAY,PRODUCTION,TONS,4000
2000,NORTH CAROLINA,Craven,SOYBEANS,PRODUCTION,BU,522000
2000,NORTH CAROLINA,Craven,TOBACCO,PRODUCTION,LB,6016000
2000,NORTH CAROLINA,Craven,WHEAT,PRODUCTION,BU,175000
2000,NORTH CAROLINA,Craven,WHEAT,PRODUCTION,BU,175000
2000,NORTH CAROLINA,Cumberland,CORN,PRODUCTION,BU,1032000
2000,NORTH CAROLINA,Cumberland,COTTON,PRODUCTION,480 LB BALES,20900
2000,NORTH CAROLINA,Cumberland,HAY,PRODUCTION,TONS,17300
2000,NORTH CAROLINA,Cumberland,OATS,PRODUCTION,BU,79000
2000,NORTH CAROLINA,Cumberland,PEANUTS,PRODUCTION,LB,390000
2000,NORTH CAROLINA,Cumberland,SOYBEANS,PRODUCTION,BU,548000
2000,NORTH CAROLINA,Cumberland,SWEET POTATOES,PRODUCTION,CWT,225000
2000,NORTH CAROLINA,Cumberland,TOBACCO,PRODUCTION,LB,4174000
2000,NORTH CAROLINA,Cumberland,WHEAT,PRODUCTION,BU,240000
2000,NORTH CAROLINA,Cumberland,WHEAT,PRODUCTION,BU,240000
2000,NORTH CAROLINA,Currituck,CORN,PRODUCTION,BU,1606000
2000,NORTH CAROLINA,Currituck,COTTON,PRODUCTION,480 LB BALES,700
2000,NORTH CAROLINA,Currituck,HAY,PRODUCTION,TONS,400
2000,NORTH CAROLINA,Currituck,PEANUTS,PRODUCTION,LB,159000
2000,NORTH CAROLINA,Currituck,POTATOES,PRODUCTION,CWT,201300
2000,NORTH CAROLINA,Currituck,SORGHUM,PRODUCTION,BU,8000
2000,NORTH CAROLINA,Currituck,SOYBEANS,PRODUCTION,BU,634000
2000,NORTH CAROLINA,Currituck,WHEAT,PRODUCTION,BU,449000
2000,NORTH CAROLINA,Currituck,WHEAT,PRODUCTION,BU,449000
2000,NORTH CAROLINA,Dare,SOYBEANS,PRODUCTION,BU,23000
2000,NORTH CAROLINA,Davidson,BARLEY,PRODUCTION,BU,144000
2000,NORTH CAROLINA,Davidson,CORN,PRODUCTION,BU,219000
2000,NORTH CAROLINA,Davidson,CORN,PRODUCTION,TONS,29800
2000,NORTH CAROLINA,Davidson,COTTON,PRODUCTION,480 LB BALES,975
2000,NORTH CAROLINA,Davidson,HAY,PRODUCTION,TONS,38800
2000,NORTH CAROLINA,Davidson,OATS,PRODUCTION,BU,43000
2000,NORTH CAROLINA,Davidson,SOYBEANS,PRODUCTION,BU,187000
2000,NORTH CAROLINA,Davidson,TOBACCO,PRODUCTION,LB,1875000
2000,NORTH CAROLINA,Davidson,WHEAT,PRODUCTION,BU,102000
2000,NORTH CAROLINA,Davidson,WHEAT,PRODUCTION,BU,102000
2000,NORTH CAROLINA,Davie,BARLEY,PRODUCTION,BU,67700
2000,NORTH CAROLINA,Davie,CORN,PRODUCTION,BU,240000
2000,NORTH CAROLINA,Davie,CORN,PRODUCTION,TONS,24600
2000,NORTH CAROLINA,Davie,HAY,PRODUCTION,TONS,31000
2000,NORTH CAROLINA,Davie,SOYBEANS,PRODUCTION,BU,181000
2000,NORTH CAROLINA,Davie,TOBACCO,PRODUCTION,LB,531000
2000,NORTH CAROLINA,Davie,WHEAT,PRODUCTION,BU,161000
2000,NORTH CAROLINA,Davie,WHEAT,PRODUCTION,BU,161000
2000,NORTH CAROLINA,Duplin,CORN,PRODUCTION,BU,3636000
2000,NORTH CAROLINA,Duplin,CORN,PRODUCTION,TONS,4800
2000,NORTH CAROLINA,Duplin,COTTON,PRODUCTION,480 LB BALES,36800
2000,NORTH CAROLINA,Duplin,HAY,PRODUCTION,TONS,74000
2000,NORTH CAROLINA,Duplin,OATS,PRODUCTION,BU,31000
2000,NORTH CAROLINA,Duplin,SOYBEANS,PRODUCTION,BU,1549000
2000,NORTH CAROLINA,Duplin,SWEET POTATOES,PRODUCTION,CWT,143000
2000,NORTH CAROLINA,Duplin,TOBACCO,PRODUCTION,LB,13687000
2000,NORTH CAROLINA,Duplin,WHEAT,PRODUCTION,BU,848000
2000,NORTH CAROLINA,Duplin,WHEAT,PRODUCTION,BU,848000
2000,NORTH CAROLINA,Durham,HAY,PRODUCTION,TONS,5900
2000,NORTH CAROLINA,Durham,SOYBEANS,PRODUCTION,BU,19000
2000,NORTH CAROLINA,Durham,TOBACCO,PRODUCTION,LB,1821000
2000,NORTH CAROLINA,Durham,WHEAT,PRODUCTION,BU,29000
2000,NORTH CAROLINA,Durham,WHEAT,PRODUCTION,BU,29000
2000,NORTH CAROLINA,Edgecombe,CORN,PRODUCTION,BU,1247000
2000,NORTH CAROLINA,Edgecombe,COTTON,PRODUCTION,480 LB BALES,82000
2000,NORTH CAROLINA,Edgecombe,HAY,PRODUCTION,TONS,6000
2000,NORTH CAROLINA,Edgecombe,OATS,PRODUCTION,BU,50000
2000,NORTH CAROLINA,Edgecombe,PEANUTS,PRODUCTION,LB,30991000
2000,NORTH CAROLINA,Edgecombe,SORGHUM,PRODUCTION,BU,13000
2000,NORTH CAROLINA,Edgecombe,SOYBEANS,PRODUCTION,BU,560000
2000,NORTH CAROLINA,Edgecombe,SWEET POTATOES,PRODUCTION,CWT,352000
2000,NORTH CAROLINA,Edgecombe,TOBACCO,PRODUCTION,LB,11085000
2000,NORTH CAROLINA,Edgecombe,WHEAT,PRODUCTION,BU,167000
2000,NORTH CAROLINA,Edgecombe,WHEAT,PRODUCTION,BU,167000
2000,NORTH CAROLINA,Forsyth,CORN,PRODUCTION,BU,58000
2000,NORTH CAROLINA,Forsyth,CORN,PRODUCTION,TONS,7000
2000,NORTH CAROLINA,Forsyth,HAY,PRODUCTION,TONS,13300
2000,NORTH CAROLINA,Forsyth,OATS,PRODUCTION,BU,10000
2000,NORTH CAROLINA,Forsyth,SOYBEANS,PRODUCTION,BU,118000
2000,NORTH CAROLINA,Forsyth,TOBACCO,PRODUCTION,LB,2769000
2000,NORTH CAROLINA,Forsyth,WHEAT,PRODUCTION,BU,62000
2000,NORTH CAROLINA,Forsyth,WHEAT,PRODUCTION,BU,62000
2000,NORTH CAROLINA,Franklin,BARLEY,PRODUCTION,BU,18700
2000,NORTH CAROLINA,Franklin,CORN,PRODUCTION,BU,109000
2000,NORTH CAROLINA,Franklin,CORN,PRODUCTION,TONS,17400
2000,NORTH CAROLINA,Franklin,COTTON,PRODUCTION,480 LB BALES,500
2000,NORTH CAROLINA,Franklin,HAY,PRODUCTION,TONS,22100
2000,NORTH CAROLINA,Franklin,OATS,PRODUCTION,BU,58000
2000,NORTH CAROLINA,Franklin,SORGHUM,PRODUCTION,BU,13800
2000,NORTH CAROLINA,Franklin,SOYBEANS,PRODUCTION,BU,499000
2000,NORTH CAROLINA,Franklin,TOBACCO,PRODUCTION,LB,10418000
2000,NORTH CAROLINA,Franklin,WHEAT,PRODUCTION,BU,259000
2000,NORTH CAROLINA,Franklin,WHEAT,PRODUCTION,BU,259000
2000,NORTH CAROLINA,Gaston,HAY,PRODUCTION,TONS,12200
2000,NORTH CAROLINA,Gaston,SOYBEANS,PRODUCTION,BU,9000
2000,NORTH CAROLINA,Gaston,WHEAT,PRODUCTION,BU,32000
2000,NORTH CAROLINA,Gaston,WHEAT,PRODUCTION,BU,32000
2000,NORTH CAROLINA,Gates,CORN,PRODUCTION,BU,612000
2000,NORTH CAROLINA,Gates,COTTON,PRODUCTION,480 LB BALES,30200
2000,NORTH CAROLINA,Gates,HAY,PRODUCTION,TONS,1400
2000,NORTH CAROLINA,Gates,PEANUTS,PRODUCTION,LB,20291000
2000,NORTH CAROLINA,Gates,SORGHUM,PRODUCTION,BU,18000
2000,NORTH CAROLINA,Gates,SOYBEANS,PRODUCTION,BU,303000
2000,NORTH CAROLINA,Gates,TOBACCO,PRODUCTION,LB,143000
2000,NORTH CAROLINA,Gates,WHEAT,PRODUCTION,BU,65000
2000,NORTH CAROLINA,Gates,WHEAT,PRODUCTION,BU,65000
2000,NORTH CAROLINA,Graham,HAY,PRODUCTION,TONS,1700
2000,NORTH CAROLINA,Graham,TOBACCO,PRODUCTION,LB,178000
2000,NORTH CAROLINA,Granville,CORN,PRODUCTION,BU,92000
2000,NORTH CAROLINA,Granville,CORN,PRODUCTION,TONS,13500
2000,NORTH CAROLINA,Granville,HAY,PRODUCTION,TONS,29500
2000,NORTH CAROLINA,Granville,OATS,PRODUCTION,BU,38000
2000,NORTH CAROLINA,Granville,SOYBEANS,PRODUCTION,BU,86000
2000,NORTH CAROLINA,Granville,TOBACCO,PRODUCTION,LB,10661000
2000,NORTH CAROLINA,Granville,WHEAT,PRODUCTION,BU,155000
2000,NORTH CAROLINA,Granville,WHEAT,PRODUCTION,BU,155000
2000,NORTH CAROLINA,Greene,CORN,PRODUCTION,BU,1065000
2000,NORTH CAROLINA,Greene,COTTON,PRODUCTION,480 LB BALES,37800
2000,NORTH CAROLINA,Greene,HAY,PRODUCTION,TONS,8800
2000,NORTH CAROLINA,Greene,OATS,PRODUCTION,BU,15000
2000,NORTH CAROLINA,Greene,PEANUTS,PRODUCTION,LB,198000
2000,NORTH CAROLINA,Greene,SOYBEANS,PRODUCTION,BU,960000
2000,NORTH CAROLINA,Greene,SWEET POTATOES,PRODUCTION,CWT,112000
2000,NORTH CAROLINA,Greene,TOBACCO,PRODUCTION,LB,11511000
2000,NORTH CAROLINA,Greene,WHEAT,PRODUCTION,BU,275000
2000,NORTH CAROLINA,Greene,WHEAT,PRODUCTION,BU,275000
2000,NORTH CAROLINA,Guilford,BARLEY,PRODUCTION,BU,46000
2000,NORTH CAROLINA,Guilford,CORN,PRODUCTION,BU,467000
2000,NORTH CAROLINA,Guilford,CORN,PRODUCTION,TONS,35000
2000,NORTH CAROLINA,Guilford,HAY,PRODUCTION,TONS,33600
2000,NORTH CAROLINA,Guilford,OATS,PRODUCTION,BU,49000
2000,NORTH CAROLINA,Guilford,SOYBEANS,PRODUCTION,BU,237000
2000,NORTH CAROLINA,Guilford,TOBACCO,PRODUCTION,LB,5873000
2000,NORTH CAROLINA,Guilford,WHEAT,PRODUCTION,BU,333000
2000,NORTH CAROLINA,Guilford,WHEAT,PRODUCTION,BU,333000
2000,NORTH CAROLINA,Halifax,CORN,PRODUCTION,BU,332000
2000,NORTH CAROLINA,Halifax,CORN,PRODUCTION,TONS,4700
2000,NORTH CAROLINA,Halifax,COTTON,PRODUCTION,480 LB BALES,89300
2000,NORTH CAROLINA,Halifax,HAY,PRODUCTION,TONS,7600
2000,NORTH CAROLINA,Halifax,PEANUTS,PRODUCTION,LB,50613000
2000,NORTH CAROLINA,Halifax,SORGHUM,PRODUCTION,BU,8000
2000,NORTH CAROLINA,Halifax,SOYBEANS,PRODUCTION,BU,391000
2000,NORTH CAROLINA,Halifax,SWEET POTATOES,PRODUCTION,CWT,75000
2000,NORTH CAROLINA,Halifax,TOBACCO,PRODUCTION,LB,4747000
2000,NORTH CAROLINA,Halifax,WHEAT,PRODUCTION,BU,125000
2000,NORTH CAROLINA,Halifax,WHEAT,PRODUCTION,BU,125000
2000,NORTH CAROLINA,Harnett,BARLEY,PRODUCTION,BU,48800
2000,NORTH CAROLINA,Harnett,CORN,PRODUCTION,BU,361000
2000,NORTH CAROLINA,Harnett,CORN,PRODUCTION,TONS,7600
2000,NORTH CAROLINA,Harnett,COTTON,PRODUCTION,480 LB BALES,27000
2000,NORTH CAROLINA,Harnett,HAY,PRODUCTION,TONS,13200
2000,NORTH CAROLINA,Harnett,OATS,PRODUCTION,BU,40000
2000,NORTH CAROLINA,Harnett,SOYBEANS,PRODUCTION,BU,728000
2000,NORTH CAROLINA,Harnett,SWEET POTATOES,PRODUCTION,CWT,289000
2000,NORTH CAROLINA,Harnett,TOBACCO,PRODUCTION,LB,14519000
2000,NORTH CAROLINA,Harnett,WHEAT,PRODUCTION,BU,191000
2000,NORTH CAROLINA,Harnett,WHEAT,PRODUCTION,BU,191000
2000,NORTH CAROLINA,Haywood,CORN,PRODUCTION,TONS,39700
2000,NORTH CAROLINA,Haywood,HAY,PRODUCTION,TONS,24900
2000,NORTH CAROLINA,Haywood,TOBACCO,PRODUCTION,LB,1551000
2000,NORTH CAROLINA,Henderson,CORN,PRODUCTION,BU,180000
2000,NORTH CAROLINA,Henderson,CORN,PRODUCTION,TONS,80500
2000,NORTH CAROLINA,Henderson,HAY,PRODUCTION,TONS,13600
2000,NORTH CAROLINA,Henderson,TOBACCO,PRODUCTION,LB,19000
2000,NORTH CAROLINA,Hertford,CORN,PRODUCTION,BU,855000
2000,NORTH CAROLINA,Hertford,COTTON,PRODUCTION,480 LB BALES,25500
2000,NORTH CAROLINA,Hertford,HAY,PRODUCTION,TONS,1100
2000,NORTH CAROLINA,Hertford,PEANUTS,PRODUCTION,LB,27560000
2000,NORTH CAROLINA,Hertford,SOYBEANS,PRODUCTION,BU,272000
2000,NORTH CAROLINA,Hertford,TOBACCO,PRODUCTION,LB,2371000
2000,NORTH CAROLINA,Hertford,WHEAT,PRODUCTION,BU,70000
2000,NORTH CAROLINA,Hertford,WHEAT,PRODUCTION,BU,70000
2000,NORTH CAROLINA,Hoke,CORN,PRODUCTION,BU,137000
2000,NORTH CAROLINA,Hoke,COTTON,PRODUCTION,480 LB BALES,30500
2000,NORTH CAROLINA,Hoke,HAY,PRODUCTION,TONS,4400
2000,NORTH CAROLINA,Hoke,OATS,PRODUCTION,BU,18000
2000,NORTH CAROLINA,Hoke,SOYBEANS,PRODUCTION,BU,204000
2000,NORTH CAROLINA,Hoke,TOBACCO,PRODUCTION,LB,2061000
2000,NORTH CAROLINA,Hoke,WHEAT,PRODUCTION,BU,155000
2000,NORTH CAROLINA,Hoke,WHEAT,PRODUCTION,BU,155000
2000,NORTH CAROLINA,Hyde,CORN,PRODUCTION,BU,3462000
2000,NORTH CAROLINA,Hyde,COTTON,PRODUCTION,480 LB BALES,28000
2000,NORTH CAROLINA,Hyde,HAY,PRODUCTION,TONS,800
2000,NORTH CAROLINA,Hyde,POTATOES,PRODUCTION,CWT,50800
2000,NORTH CAROLINA,Hyde,SOYBEANS,PRODUCTION,BU,1125000
2000,NORTH CAROLINA,Hyde,WHEAT,PRODUCTION,BU,448000
2000,NORTH CAROLINA,Hyde,WHEAT,PRODUCTION,BU,448000
2000,NORTH CAROLINA,Iredell,BARLEY,PRODUCTION,BU,100600
2000,NORTH CAROLINA,Iredell,CORN,PRODUCTION,BU,273000
2000,NORTH CAROLINA,Iredell,CORN,PRODUCTION,TONS,166000
2000,NORTH CAROLINA,Iredell,COTTON,PRODUCTION,480 LB BALES,1650
2000,NORTH CAROLINA,Iredell,HAY,PRODUCTION,TONS,88500
2000,NORTH CAROLINA,Iredell,OATS,PRODUCTION,BU,13000
2000,NORTH CAROLINA,Iredell,SOYBEANS,PRODUCTION,BU,230000
2000,NORTH CAROLINA,Iredell,TOBACCO,PRODUCTION,LB,539000
2000,NORTH CAROLINA,Iredell,WHEAT,PRODUCTION,BU,201000
2000,NORTH CAROLINA,Iredell,WHEAT,PRODUCTION,BU,201000
2000,NORTH CAROLINA,Jackson,HAY,PRODUCTION,TONS,3500
2000,NORTH CAROLINA,Jackson,TOBACCO,PRODUCTION,LB,43000
2000,NORTH CAROLINA,Johnston,CORN,PRODUCTION,BU,845000
2000,NORTH CAROLINA,Johnston,COTTON,PRODUCTION,480 LB BALES,28400
2000,NORTH CAROLINA,Johnston,HAY,PRODUCTION,TONS,33000
2000,NORTH CAROLINA,Johnston,OATS,PRODUCTION,BU,102000
2000,NORTH CAROLINA,Johnston,PEANUTS,PRODUCTION,LB,176000
2000,NORTH CAROLINA,Johnston,SOYBEANS,PRODUCTION,BU,1989000
2000,NORTH CAROLINA,Johnston,SWEET POTATOES,PRODUCTION,CWT,1020000
2000,NORTH CAROLINA,Johnston,TOBACCO,PRODUCTION,LB,22679000
2000,NORTH CAROLINA,Johnston,WHEAT,PRODUCTION,BU,486000
2000,NORTH CAROLINA,Johnston,WHEAT,PRODUCTION,BU,486000
2000,NORTH CAROLINA,Jones,CORN,PRODUCTION,BU,803000
2000,NORTH CAROLINA,Jones,COTTON,PRODUCTION,480 LB BALES,41500
2000,NORTH CAROLINA,Jones,HAY,PRODUCTION,TONS,4600
2000,NORTH CAROLINA,Jones,SOYBEANS,PRODUCTION,BU,337000
2000,NORTH CAROLINA,Jones,TOBACCO,PRODUCTION,LB,4202000
2000,NORTH CAROLINA,Jones,WHEAT,PRODUCTION,BU,324000
2000,NORTH CAROLINA,Jones,WHEAT,PRODUCTION,BU,324000
2000,NORTH CAROLINA,Lee,CORN,PRODUCTION,BU,34000
2000,NORTH CAROLINA,Lee,COTTON,PRODUCTION,480 LB BALES,5950
2000,NORTH CAROLINA,Lee,HAY,PRODUCTION,TONS,4800
2000,NORTH CAROLINA,Lee,OATS,PRODUCTION,BU,24000
2000,NORTH CAROLINA,Lee,SOYBEANS,PRODUCTION,BU,79000
2000,NORTH CAROLINA,Lee,TOBACCO,PRODUCTION,LB,3309000
2000,NORTH CAROLINA,Lee,WHEAT,PRODUCTION,BU,75000
2000,NORTH CAROLINA,Lee,WHEAT,PRODUCTION,BU,75000
2000,NORTH CAROLINA,Lenoir,CORN,PRODUCTION,BU,2296000
2000,NORTH CAROLINA,Lenoir,COTTON,PRODUCTION,480 LB BALES,57100
2000,NORTH CAROLINA,Lenoir,HAY,PRODUCTION,TONS,8800
2000,NORTH CAROLINA,Lenoir,SOYBEANS,PRODUCTION,BU,966000
2000,NORTH CAROLINA,Lenoir,SWEET POTATOES,PRODUCTION,CWT,106000
2000,NORTH CAROLINA,Lenoir,TOBACCO,PRODUCTION,LB,12955000
2000,NORTH CAROLINA,Lenoir,WHEAT,PRODUCTION,BU,468000
2000,NORTH CAROLINA,Lenoir,WHEAT,PRODUCTION,BU,468000
2000,NORTH CAROLINA,Lincoln,BARLEY,PRODUCTION,BU,58600
2000,NORTH CAROLINA,Lincoln,CORN,PRODUCTION,BU,76000
2000,NORTH CAROLINA,Lincoln,CORN,PRODUCTION,TONS,25400
2000,NORTH CAROLINA,Lincoln,HAY,PRODUCTION,TONS,32800
2000,NORTH CAROLINA,Lincoln,OATS,PRODUCTION,BU,48000
2000,NORTH CAROLINA,Lincoln,SOYBEANS,PRODUCTION,BU,162000
2000,NORTH CAROLINA,Lincoln,WHEAT,PRODUCTION,BU,167000
2000,NORTH CAROLINA,Lincoln,WHEAT,PRODUCTION,BU,167000
2000,NORTH CAROLINA,Macon,CORN,PRODUCTION,TONS,8500
2000,NORTH CAROLINA,Macon,HAY,PRODUCTION,TONS,13500
2000,NORTH CAROLINA,Macon,TOBACCO,PRODUCTION,LB,87000
2000,NORTH CAROLINA,Madison,CORN,PRODUCTION,TONS,5200
2000,NORTH CAROLINA,Madison,HAY,PRODUCTION,TONS,18600
2000,NORTH CAROLINA,Madison,TOBACCO,PRODUCTION,LB,3436000
2000,NORTH CAROLINA,Martin,CORN,PRODUCTION,BU,466000
2000,NORTH CAROLINA,Martin,COTTON,PRODUCTION,480 LB BALES,76500
2000,NORTH CAROLINA,Martin,HAY,PRODUCTION,TONS,2000
2000,NORTH CAROLINA,Martin,PEANUTS,PRODUCTION,LB,37870000
2000,NORTH CAROLINA,Martin,SOYBEANS,PRODUCTION,BU,223000
2000,NORTH CAROLINA,Martin,TOBACCO,PRODUCTION,LB,7853000
2000,NORTH CAROLINA,Martin,WHEAT,PRODUCTION,BU,77000
2000,NORTH CAROLINA,Martin,WHEAT,PRODUCTION,BU,77000
2000,NORTH CAROLINA,Mcdowell,CORN,PRODUCTION,BU,38000
2000,NORTH CAROLINA,Mcdowell,CORN,PRODUCTION,TONS,7300
2000,NORTH CAROLINA,Mcdowell,HAY,PRODUCTION,TONS,9900
2000,NORTH CAROLINA,Mcdowell,SOYBEANS,PRODUCTION,BU,10000
2000,NORTH CAROLINA,Mecklenburg,CORN,PRODUCTION,BU,51000
2000,NORTH CAROLINA,Mecklenburg,CORN,PRODUCTION,TONS,7300
2000,NORTH CAROLINA,Mecklenburg,HAY,PRODUCTION,TONS,17000
2000,NORTH CAROLINA,Mecklenburg,SOYBEANS,PRODUCTION,BU,57000
2000,NORTH CAROLINA,Mecklenburg,WHEAT,PRODUCTION,BU,97000
2000,NORTH CAROLINA,Mecklenburg,WHEAT,PRODUCTION,BU,97000
2000,NORTH CAROLINA,Mitchell,HAY,PRODUCTION,TONS,7300
2000,NORTH CAROLINA,Mitchell,TOBACCO,PRODUCTION,LB,444000
2000,NORTH CAROLINA,Montgomery,CORN,PRODUCTION,BU,60000
2000,NORTH CAROLINA,Montgomery,COTTON,PRODUCTION,480 LB BALES,2000
2000,NORTH CAROLINA,Montgomery,HAY,PRODUCTION,TONS,9200
2000,NORTH CAROLINA,Montgomery,SOYBEANS,PRODUCTION,BU,24000
2000,NORTH CAROLINA,Montgomery,TOBACCO,PRODUCTION,LB,726000
2000,NORTH CAROLINA,Montgomery,WHEAT,PRODUCTION,BU,14000
2000,NORTH CAROLINA,Montgomery,WHEAT,PRODUCTION,BU,14000
2000,NORTH CAROLINA,Moore,CORN,PRODUCTION,BU,58000
2000,NORTH CAROLINA,Moore,COTTON,PRODUCTION,480 LB BALES,1100
2000,NORTH CAROLINA,Moore,HAY,PRODUCTION,TONS,19200
2000,NORTH CAROLINA,Moore,OATS,PRODUCTION,BU,12000
2000,NORTH CAROLINA,Moore,SOYBEANS,PRODUCTION,BU,83000
2000,NORTH CAROLINA,Moore,TOBACCO,PRODUCTION,LB,3795000
2000,NORTH CAROLINA,Moore,WHEAT,PRODUCTION,BU,34000
2000,NORTH CAROLINA,Moore,WHEAT,PRODUCTION,BU,34000
2000,NORTH CAROLINA,Nash,CORN,PRODUCTION,BU,172000
2000,NORTH CAROLINA,Nash,COTTON,PRODUCTION,480 LB BALES,35600
2000,NORTH CAROLINA,Nash,HAY,PRODUCTION,TONS,18700
2000,NORTH CAROLINA,Nash,OATS,PRODUCTION,BU,22000
2000,NORTH CAROLINA,Nash,PEANUTS,PRODUCTION,LB,6572000
2000,NORTH CAROLINA,Nash,SOYBEANS,PRODUCTION,BU,862000
2000,NORTH CAROLINA,Nash,SWEET POTATOES,PRODUCTION,CWT,950000
2000,NORTH CAROLINA,Nash,TOBACCO,PRODUCTION,LB,17889000
2000,NORTH CAROLINA,Nash,WHEAT,PRODUCTION,BU,297000
2000,NORTH CAROLINA,Nash,WHEAT,PRODUCTION,BU,297000
2000,NORTH CAROLINA,New Hanover,SOYBEANS,PRODUCTION,BU,33000
2000,NORTH CAROLINA,New Hanover,TOBACCO,PRODUCTION,LB,151000
2000,NORTH CAROLINA,Northampton,CORN,PRODUCTION,BU,233000
2000,NORTH CAROLINA,Northampton,COTTON,PRODUCTION,480 LB BALES,92500
2000,NORTH CAROLINA,Northampton,HAY,PRODUCTION,TONS,2500
2000,NORTH CAROLINA,Northampton,PEANUTS,PRODUCTION,LB,58746000
2000,NORTH CAROLINA,Northampton,SOYBEANS,PRODUCTION,BU,214000
2000,NORTH CAROLINA,Northampton,TOBACCO,PRODUCTION,LB,321000
2000,NORTH CAROLINA,Northampton,WHEAT,PRODUCTION,BU,60000
2000,NORTH CAROLINA,Northampton,WHEAT,PRODUCTION,BU,60000
2000,NORTH CAROLINA,Onslow,CORN,PRODUCTION,BU,1145000
2000,NORTH CAROLINA,Onslow,COTTON,PRODUCTION,480 LB BALES,10500
2000,NORTH CAROLINA,Onslow,HAY,PRODUCTION,TONS,5900
2000,NORTH CAROLINA,Onslow,SOYBEANS,PRODUCTION,BU,522000
2000,NORTH CAROLINA,Onslow,TOBACCO,PRODUCTION,LB,4424000
2000,NORTH CAROLINA,Onslow,WHEAT,PRODUCTION,BU,179000
2000,NORTH CAROLINA,Onslow,WHEAT,PRODUCTION,BU,179000
2000,NORTH CAROLINA,Orange,BARLEY,PRODUCTION,BU,31700
2000,NORTH CAROLINA,Orange,CORN,PRODUCTION,BU,98000
2000,NORTH CAROLINA,Orange,CORN,PRODUCTION,TONS,49400
2000,NORTH CAROLINA,Orange,HAY,PRODUCTION,TONS,36700
2000,NORTH CAROLINA,Orange,OATS,PRODUCTION,BU,15000
2000,NORTH CAROLINA,Orange,SOYBEANS,PRODUCTION,BU,79000
2000,NORTH CAROLINA,Orange,TOBACCO,PRODUCTION,LB,2665000
2000,NORTH CAROLINA,Orange,WHEAT,PRODUCTION,BU,74000
2000,NORTH CAROLINA,Orange,WHEAT,PRODUCTION,BU,74000
2000,NORTH CAROLINA,Pamlico,CORN,PRODUCTION,BU,1070000
2000,NORTH CAROLINA,Pamlico,COTTON,PRODUCTION,480 LB BALES,7700
2000,NORTH CAROLINA,Pamlico,HAY,PRODUCTION,TONS,800
2000,NORTH CAROLINA,Pamlico,POTATOES,PRODUCTION,CWT,477700
2000,NORTH CAROLINA,Pamlico,SOYBEANS,PRODUCTION,BU,699000
2000,NORTH CAROLINA,Pamlico,TOBACCO,PRODUCTION,LB,682000
2000,NORTH CAROLINA,Pamlico,WHEAT,PRODUCTION,BU,441000
2000,NORTH CAROLINA,Pamlico,WHEAT,PRODUCTION,BU,441000
2000,NORTH CAROLINA,Pasquotank,CORN,PRODUCTION,BU,2536000
2000,NORTH CAROLINA,Pasquotank,COTTON,PRODUCTION,480 LB BALES,8600
2000,NORTH CAROLINA,Pasquotank,OATS,PRODUCTION,BU,27000
2000,NORTH CAROLINA,Pasquotank,PEANUTS,PRODUCTION,LB,294000
2000,NORTH CAROLINA,Pasquotank,POTATOES,PRODUCTION,CWT,801800
2000,NORTH CAROLINA,Pasquotank,SORGHUM,PRODUCTION,BU,161000
2000,NORTH CAROLINA,Pasquotank,SOYBEANS,PRODUCTION,BU,1655000
2000,NORTH CAROLINA,Pasquotank,WHEAT,PRODUCTION,BU,1008000
2000,NORTH CAROLINA,Pasquotank,WHEAT,PRODUCTION,BU,1008000
2000,NORTH CAROLINA,Pender,CORN,PRODUCTION,BU,988000
2000,NORTH CAROLINA,Pender,COTTON,PRODUCTION,480 LB BALES,2350
2000,NORTH CAROLINA,Pender,HAY,PRODUCTION,TONS,3700
2000,NORTH CAROLINA,Pender,PEANUTS,PRODUCTION,LB,556000
2000,NORTH CAROLINA,Pender,SOYBEANS,PRODUCTION,BU,675000
2000,NORTH CAROLINA,Pender,TOBACCO,PRODUCTION,LB,2725000
2000,NORTH CAROLINA,Pender,WHEAT,PRODUCTION,BU,202000
2000,NORTH CAROLINA,Pender,WHEAT,PRODUCTION,BU,202000
2000,NORTH CAROLINA,Perquimans,CORN,PRODUCTION,BU,1557000
2000,NORTH CAROLINA,Perquimans,COTTON,PRODUCTION,480 LB BALES,30000
2000,NORTH CAROLINA,Perquimans,HAY,PRODUCTION,TONS,800
2000,NORTH CAROLINA,Perquimans,OATS,PRODUCTION,BU,22000
2000,NORTH CAROLINA,Perquimans,PEANUTS,PRODUCTION,LB,8245000
2000,NORTH CAROLINA,Perquimans,SORGHUM,PRODUCTION,BU,27500
2000,NORTH CAROLINA,Perquimans,SOYBEANS,PRODUCTION,BU,1128000
2000,NORTH CAROLINA,Perquimans,WHEAT,PRODUCTION,BU,594000
2000,NORTH CAROLINA,Perquimans,WHEAT,PRODUCTION,BU,594000
2000,NORTH CAROLINA,Person,CORN,PRODUCTION,BU,183000
2000,NORTH CAROLINA,Person,CORN,PRODUCTION,TONS,5700
2000,NORTH CAROLINA,Person,HAY,PRODUCTION,TONS,25500
2000,NORTH CAROLINA,Person,OATS,PRODUCTION,BU,19000
2000,NORTH CAROLINA,Person,SOYBEANS,PRODUCTION,BU,232000
2000,NORTH CAROLINA,Person,TOBACCO,PRODUCTION,LB,7735000
2000,NORTH CAROLINA,Person,WHEAT,PRODUCTION,BU,245000
2000,NORTH CAROLINA,Person,WHEAT,PRODUCTION,BU,245000
2000,NORTH CAROLINA,Pitt,CORN,PRODUCTION,BU,1578000
2000,NORTH CAROLINA,Pitt,COTTON,PRODUCTION,480 LB BALES,72500
2000,NORTH CAROLINA,Pitt,HAY,PRODUCTION,TONS,11400
2000,NORTH CAROLINA,Pitt,OATS,PRODUCTION,BU,57000
2000,NORTH CAROLINA,Pitt,PEANUTS,PRODUCTION,LB,10693000
2000,NORTH CAROLINA,Pitt,SOYBEANS,PRODUCTION,BU,1336000
2000,NORTH CAROLINA,Pitt,TOBACCO,PRODUCTION,LB,22037000
2000,NORTH CAROLINA,Pitt,WHEAT,PRODUCTION,BU,392000
2000,NORTH CAROLINA,Pitt,WHEAT,PRODUCTION,BU,392000
2000,NORTH CAROLINA,Polk,HAY,PRODUCTION,TONS,10300
2000,NORTH CAROLINA,Randolph,BARLEY,PRODUCTION,BU,28500
2000,NORTH CAROLINA,Randolph,CORN,PRODUCTION,BU,267000
2000,NORTH CAROLINA,Randolph,CORN,PRODUCTION,TONS,65100
2000,NORTH CAROLINA,Randolph,HAY,PRODUCTION,TONS,65200
2000,NORTH CAROLINA,Randolph,OATS,PRODUCTION,BU,44000
2000,NORTH CAROLINA,Randolph,SOYBEANS,PRODUCTION,BU,242000
2000,NORTH CAROLINA,Randolph,TOBACCO,PRODUCTION,LB,2024000
2000,NORTH CAROLINA,Randolph,WHEAT,PRODUCTION,BU,191000
2000,NORTH CAROLINA,Randolph,WHEAT,PRODUCTION,BU,191000
2000,NORTH CAROLINA,Richmond,CORN,PRODUCTION,BU,82000
2000,NORTH CAROLINA,Richmond,COTTON,PRODUCTION,480 LB BALES,5900
2000,NORTH CAROLINA,Richmond,HAY,PRODUCTION,TONS,9800
2000,NORTH CAROLINA,Richmond,SOYBEANS,PRODUCTION,BU,60000
2000,NORTH CAROLINA,Richmond,TOBACCO,PRODUCTION,LB,1746000
2000,NORTH CAROLINA,Richmond,WHEAT,PRODUCTION,BU,22000
2000,NORTH CAROLINA,Richmond,WHEAT,PRODUCTION,BU,22000
2000,NORTH CAROLINA,Robeson,CORN,PRODUCTION,BU,4233000
2000,NORTH CAROLINA,Robeson,COTTON,PRODUCTION,480 LB BALES,50800
2000,NORTH CAROLINA,Robeson,HAY,PRODUCTION,TONS,20800
2000,NORTH CAROLINA,Robeson,OATS,PRODUCTION,BU,68000
2000,NORTH CAROLINA,Robeson,PEANUTS,PRODUCTION,LB,187000
2000,NORTH CAROLINA,Robeson,SOYBEANS,PRODUCTION,BU,3153000
2000,NORTH CAROLINA,Robeson,TOBACCO,PRODUCTION,LB,18963000
2000,NORTH CAROLINA,Robeson,WHEAT,PRODUCTION,BU,1905000
2000,NORTH CAROLINA,Robeson,WHEAT,PRODUCTION,BU,1905000
2000,NORTH CAROLINA,Rockingham,BARLEY,PRODUCTION,BU,32500
2000,NORTH CAROLINA,Rockingham,CORN,PRODUCTION,BU,160000
2000,NORTH CAROLINA,Rockingham,CORN,PRODUCTION,TONS,22400
2000,NORTH CAROLINA,Rockingham,HAY,PRODUCTION,TONS,26500
2000,NORTH CAROLINA,Rockingham,OATS,PRODUCTION,BU,19000
2000,NORTH CAROLINA,Rockingham,SOYBEANS,PRODUCTION,BU,90000
2000,NORTH CAROLINA,Rockingham,TOBACCO,PRODUCTION,LB,8527000
2000,NORTH CAROLINA,Rockingham,WHEAT,PRODUCTION,BU,202000
2000,NORTH CAROLINA,Rockingham,WHEAT,PRODUCTION,BU,202000
2000,NORTH CAROLINA,Rowan,BARLEY,PRODUCTION,BU,213700
2000,NORTH CAROLINA,Rowan,CORN,PRODUCTION,BU,312000
2000,NORTH CAROLINA,Rowan,CORN,PRODUCTION,TONS,32300
2000,NORTH CAROLINA,Rowan,COTTON,PRODUCTION,480 LB BALES,1500
2000,NORTH CAROLINA,Rowan,HAY,PRODUCTION,TONS,47000
2000,NORTH CAROLINA,Rowan,SOYBEANS,PRODUCTION,BU,433000
2000,NORTH CAROLINA,Rowan,WHEAT,PRODUCTION,BU,318000
2000,NORTH CAROLINA,Rowan,WHEAT,PRODUCTION,BU,318000
2000,NORTH CAROLINA,Rutherford,CORN,PRODUCTION,BU,19000
2000,NORTH CAROLINA,Rutherford,COTTON,PRODUCTION,480 LB BALES,550
2000,NORTH CAROLINA,Rutherford,HAY,PRODUCTION,TONS,35300
2000,NORTH CAROLINA,Rutherford,SOYBEANS,PRODUCTION,BU,13000
2000,NORTH CAROLINA,Rutherford,WHEAT,PRODUCTION,BU,28700
2000,NORTH CAROLINA,Rutherford,WHEAT,PRODUCTION,BU,28700
2000,NORTH CAROLINA,Sampson,BARLEY,PRODUCTION,BU,25000
2000,NORTH CAROLINA,Sampson,CORN,PRODUCTION,BU,2531000
2000,NORTH CAROLINA,Sampson,CORN,PRODUCTION,TONS,14900
2000,NORTH CAROLINA,Sampson,COTTON,PRODUCTION,480 LB BALES,91000
2000,NORTH CAROLINA,Sampson,HAY,PRODUCTION,TONS,70000
2000,NORTH CAROLINA,Sampson,OATS,PRODUCTION,BU,36000
2000,NORTH CAROLINA,Sampson,PEANUTS,PRODUCTION,LB,561000
2000,NORTH CAROLINA,Sampson,SOYBEANS,PRODUCTION,BU,1874000
2000,NORTH CAROLINA,Sampson,SWEET POTATOES,PRODUCTION,CWT,766000
2000,NORTH CAROLINA,Sampson,TOBACCO,PRODUCTION,LB,14928000
2000,NORTH CAROLINA,Sampson,WHEAT,PRODUCTION,BU,1149000
2000,NORTH CAROLINA,Sampson,WHEAT,PRODUCTION,BU,1149000
2000,NORTH CAROLINA,Scotland,CORN,PRODUCTION,BU,90000
2000,NORTH CAROLINA,Scotland,COTTON,PRODUCTION,480 LB BALES,27500
2000,NORTH CAROLINA,Scotland,HAY,PRODUCTION,TONS,5800
2000,NORTH CAROLINA,Scotland,OATS,PRODUCTION,BU,17000
2000,NORTH CAROLINA,Scotland,SOYBEANS,PRODUCTION,BU,228000
2000,NORTH CAROLINA,Scotland,TOBACCO,PRODUCTION,LB,880000
2000,NORTH CAROLINA,Scotland,WHEAT,PRODUCTION,BU,130000
2000,NORTH CAROLINA,Scotland,WHEAT,PRODUCTION,BU,130000
2000,NORTH CAROLINA,Stanly,BARLEY,PRODUCTION,BU,45200
2000,NORTH CAROLINA,Stanly,CORN,PRODUCTION,BU,889000
2000,NORTH CAROLINA,Stanly,CORN,PRODUCTION,TONS,9400
2000,NORTH CAROLINA,Stanly,COTTON,PRODUCTION,480 LB BALES,21500
2000,NORTH CAROLINA,Stanly,HAY,PRODUCTION,TONS,31100
2000,NORTH CAROLINA,Stanly,OATS,PRODUCTION,BU,82000
2000,NORTH CAROLINA,Stanly,SOYBEANS,PRODUCTION,BU,452000
2000,NORTH CAROLINA,Stanly,WHEAT,PRODUCTION,BU,348000
2000,NORTH CAROLINA,Stanly,WHEAT,PRODUCTION,BU,348000
2000,NORTH CAROLINA,Stokes,CORN,PRODUCTION,BU,65000
2000,NORTH CAROLINA,Stokes,CORN,PRODUCTION,TONS,8200
2000,NORTH CAROLINA,Stokes,HAY,PRODUCTION,TONS,22200
2000,NORTH CAROLINA,Stokes,SOYBEANS,PRODUCTION,BU,57000
2000,NORTH CAROLINA,Stokes,TOBACCO,PRODUCTION,LB,7156000
2000,NORTH CAROLINA,Stokes,WHEAT,PRODUCTION,BU,49000
2000,NORTH CAROLINA,Stokes,WHEAT,PRODUCTION,BU,49000
2000,NORTH CAROLINA,Surry,BARLEY,PRODUCTION,BU,82000
2000,NORTH CAROLINA,Surry,CORN,PRODUCTION,BU,449000
2000,NORTH CAROLINA,Surry,CORN,PRODUCTION,TONS,24900
2000,NORTH CAROLINA,Surry,HAY,PRODUCTION,TONS,50100
2000,NORTH CAROLINA,Surry,SOYBEANS,PRODUCTION,BU,216000
2000,NORTH CAROLINA,Surry,TOBACCO,PRODUCTION,LB,7950000
2000,NORTH CAROLINA,Surry,WHEAT,PRODUCTION,BU,97000
2000,NORTH CAROLINA,Surry,WHEAT,PRODUCTION,BU,97000
2000,NORTH CAROLINA,Swain,HAY,PRODUCTION,TONS,1700
2000,NORTH CAROLINA,Swain,TOBACCO,PRODUCTION,LB,55000
2000,NORTH CAROLINA,Transylvania,CORN,PRODUCTION,BU,75000
2000,NORTH CAROLINA,Transylvania,CORN,PRODUCTION,TONS,5100
2000,NORTH CAROLINA,Transylvania,HAY,PRODUCTION,TONS,9600
2000,NORTH CAROLINA,Transylvania,TOBACCO,PRODUCTION,LB,43000
2000,NORTH CAROLINA,Tyrrell,CORN,PRODUCTION,BU,3700000
2000,NORTH CAROLINA,Tyrrell,COTTON,PRODUCTION,480 LB BALES,5900
2000,NORTH CAROLINA,Tyrrell,HAY,PRODUCTION,TONS,400
2000,NORTH CAROLINA,Tyrrell,OATS,PRODUCTION,BU,43000
2000,NORTH CAROLINA,Tyrrell,POTATOES,PRODUCTION,CWT,470000
2000,NORTH CAROLINA,Tyrrell,SOYBEANS,PRODUCTION,BU,1282000
2000,NORTH CAROLINA,Tyrrell,WHEAT,PRODUCTION,BU,1145000
2000,NORTH CAROLINA,Tyrrell,WHEAT,PRODUCTION,BU,1145000
2000,NORTH CAROLINA,Union,BARLEY,PRODUCTION,BU,24500
2000,NORTH CAROLINA,Union,CORN,PRODUCTION,BU,2366000
2000,NORTH CAROLINA,Union,CORN,PRODUCTION,TONS,14700
2000,NORTH CAROLINA,Union,COTTON,PRODUCTION,480 LB BALES,13400
2000,NORTH CAROLINA,Union,HAY,PRODUCTION,TONS,40200
2000,NORTH CAROLINA,Union,OATS,PRODUCTION,BU,128000
2000,NORTH CAROLINA,Union,SORGHUM,PRODUCTION,BU,15200
2000,NORTH CAROLINA,Union,SOYBEANS,PRODUCTION,BU,1538000
2000,NORTH CAROLINA,Union,WHEAT,PRODUCTION,BU,1898000
2000,NORTH CAROLINA,Union,WHEAT,PRODUCTION,BU,1898000
2000,NORTH CAROLINA,Vance,HAY,PRODUCTION,TONS,5400
2000,NORTH CAROLINA,Vance,SOYBEANS,PRODUCTION,BU,236000
2000,NORTH CAROLINA,Vance,TOBACCO,PRODUCTION,LB,6529000
2000,NORTH CAROLINA,Vance,WHEAT,PRODUCTION,BU,181000
2000,NORTH CAROLINA,Vance,WHEAT,PRODUCTION,BU,181000
2000,NORTH CAROLINA,Wake,CORN,PRODUCTION,BU,18000
2000,NORTH CAROLINA,Wake,CORN,PRODUCTION,TONS,3200
2000,NORTH CAROLINA,Wake,COTTON,PRODUCTION,480 LB BALES,300
2000,NORTH CAROLINA,Wake,HAY,PRODUCTION,TONS,12000
2000,NORTH CAROLINA,Wake,OATS,PRODUCTION,BU,116000
2000,NORTH CAROLINA,Wake,SOYBEANS,PRODUCTION,BU,385000
2000,NORTH CAROLINA,Wake,SWEET POTATOES,PRODUCTION,CWT,70000
2000,NORTH CAROLINA,Wake,TOBACCO,PRODUCTION,LB,15928000
2000,NORTH CAROLINA,Wake,WHEAT,PRODUCTION,BU,178000
2000,NORTH CAROLINA,Wake,WHEAT,PRODUCTION,BU,178000
2000,NORTH CAROLINA,Warren,BARLEY,PRODUCTION,BU,17400
2000,NORTH CAROLINA,Warren,CORN,PRODUCTION,BU,43000
2000,NORTH CAROLINA,Warren,CORN,PRODUCTION,TONS,12300
2000,NORTH CAROLINA,Warren,COTTON,PRODUCTION,480 LB BALES,650
2000,NORTH CAROLINA,Warren,HAY,PRODUCTION,TONS,15400
2000,NORTH CAROLINA,Warren,OATS,PRODUCTION,BU,46000
2000,NORTH CAROLINA,Warren,SORGHUM,PRODUCTION,BU,10100
2000,NORTH CAROLINA,Warren,SOYBEANS,PRODUCTION,BU,230000
2000,NORTH CAROLINA,Warren,TOBACCO,PRODUCTION,LB,3968000
2000,NORTH CAROLINA,Warren,WHEAT,PRODUCTION,BU,150000
2000,NORTH CAROLINA,Warren,WHEAT,PRODUCTION,BU,150000
2000,NORTH CAROLINA,Washington,CORN,PRODUCTION,BU,3271000
2000,NORTH CAROLINA,Washington,COTTON,PRODUCTION,480 LB BALES,17400
2000,NORTH CAROLINA,Washington,HAY,PRODUCTION,TONS,2800
2000,NORTH CAROLINA,Washington,PEANUTS,PRODUCTION,LB,7143000
2000,NORTH CAROLINA,Washington,POTATOES,PRODUCTION,CWT,444900
2000,NORTH CAROLINA,Washington,SOYBEANS,PRODUCTION,BU,1182000
2000,NORTH CAROLINA,Washington,TOBACCO,PRODUCTION,LB,583000
2000,NORTH CAROLINA,Washington,WHEAT,PRODUCTION,BU,1084000
2000,NORTH CAROLINA,Washington,WHEAT,PRODUCTION,BU,1084000
2000,NORTH CAROLINA,Watauga,HAY,PRODUCTION,TONS,15500
2000,NORTH CAROLINA,Watauga,TOBACCO,PRODUCTION,LB,900000
2000,NORTH CAROLINA,Wayne,CORN,PRODUCTION,BU,2713000
2000,NORTH CAROLINA,Wayne,COTTON,PRODUCTION,480 LB BALES,50600
2000,NORTH CAROLINA,Wayne,HAY,PRODUCTION,TONS,25000
2000,NORTH CAROLINA,Wayne,OATS,PRODUCTION,BU,57000
2000,NORTH CAROLINA,Wayne,SOYBEANS,PRODUCTION,BU,2052000
2000,NORTH CAROLINA,Wayne,SWEET POTATOES,PRODUCTION,CWT,260000
2000,NORTH CAROLINA,Wayne,TOBACCO,PRODUCTION,LB,15066000
2000,NORTH CAROLINA,Wayne,WHEAT,PRODUCTION,BU,987000
2000,NORTH CAROLINA,Wayne,WHEAT,PRODUCTION,BU,987000
2000,NORTH CAROLINA,Wilkes,CORN,PRODUCTION,BU,224000
2000,NORTH CAROLINA,Wilkes,CORN,PRODUCTION,TONS,115000
2000,NORTH CAROLINA,Wilkes,HAY,PRODUCTION,TONS,73300
2000,NORTH CAROLINA,Wilkes,SOYBEANS,PRODUCTION,BU,12000
2000,NORTH CAROLINA,Wilkes,TOBACCO,PRODUCTION,LB,1003000
2000,NORTH CAROLINA,Wilkes,WHEAT,PRODUCTION,BU,12000
2000,NORTH CAROLINA,Wilkes,WHEAT,PRODUCTION,BU,12000
2000,NORTH CAROLINA,Wilson,CORN,PRODUCTION,BU,524000
2000,NORTH CAROLINA,Wilson,COTTON,PRODUCTION,480 LB BALES,44000
2000,NORTH CAROLINA,Wilson,HAY,PRODUCTION,TONS,5700
2000,NORTH CAROLINA,Wilson,OATS,PRODUCTION,BU,25000
2000,NORTH CAROLINA,Wilson,SOYBEANS,PRODUCTION,BU,1255000
2000,NORTH CAROLINA,Wilson,SWEET POTATOES,PRODUCTION,CWT,664000
2000,NORTH CAROLINA,Wilson,TOBACCO,PRODUCTION,LB,16863000
2000,NORTH CAROLINA,Wilson,WHEAT,PRODUCTION,BU,221000
2000,NORTH CAROLINA,Wilson,WHEAT,PRODUCTION,BU,221000
2000,NORTH CAROLINA,Yadkin,BARLEY,PRODUCTION,BU,90500
2000,NORTH CAROLINA,Yadkin,CORN,PRODUCTION,BU,744000
2000,NORTH CAROLINA,Yadkin,CORN,PRODUCTION,TONS,69000
2000,NORTH CAROLINA,Yadkin,HAY,PRODUCTION,TONS,44100
2000,NORTH CAROLINA,Yadkin,OATS,PRODUCTION,BU,12000
2000,NORTH CAROLINA,Yadkin,SOYBEANS,PRODUCTION,BU,435000
2000,NORTH CAROLINA,Yadkin,TOBACCO,PRODUCTION,LB,5545000
2000,NORTH CAROLINA,Yadkin,WHEAT,PRODUCTION,BU,231000
2000,NORTH CAROLINA,Yadkin,WHEAT,PRODUCTION,BU,231000
2000,NORTH CAROLINA,Yancey,CORN,PRODUCTION,TONS,3000
2000,NORTH CAROLINA,Yancey,HAY,PRODUCTION,TONS,8900
2000,NORTH CAROLINA,Yancey,TOBACCO,PRODUCTION,LB,1225000
