year,state_name,county_name,commodity_desc,statisticcat_desc,unit_desc,Value
1997,NORTH CAROLINA,ALAMANCE,BARLEY,PRODUCTION,BU,11250
1997,NORTH CAROLINA,ALAMANCE,BARLEY,PRODUCTION,BU,12400
1997,NORTH CAROLINA,ALAMANCE,CORN,PRODUCTION,BU,245033
1997,NORTH CAROLINA,ALAMANCE,CORN,PRODUCTION,TONS,24236
1997,NORTH CAROLINA,ALAMANCE,CORN,PRODUCTION,BU,275000
1997,NORTH CAROLINA,ALAMANCE,CORN,PRODUCTION,TONS,30000
1997,NORTH CAROLINA,ALAMANCE,HAY,PRODUCTION,TONS,1160
1997,NORTH CAROLINA,ALAMANCE,HAY,PRODUCTION,TONS,1508
1997,NORTH CAROLINA,ALAMANCE,HAY,PRODUCTION,TONS,21105
1997,NORTH CAROLINA,ALAMANCE,HAY,PRODUCTION,TONS,1099
1997,NORTH CAROLINA,ALAMANCE,HAY,PRODUCTION,TONS,27300
1997,NORTH CAROLINA,ALAMANCE,HAYLAGE,PRODUCTION,TONS,1863
1997,NORTH CAROLINA,ALAMANCE,OATS,PRODUCTION,BU,27900
1997,NORTH CAROLINA,ALAMANCE,OATS,PRODUCTION,BU,33000
1997,NORTH CAROLINA,ALAMANCE,SORGHUM,PRODUCTION,BU,4100
1997,NORTH CAROLINA,ALAMANCE,SORGHUM,PRODUCTION,BU,4500
1997,NORTH CAROLINA,ALAMANCE,SOYBEANS,PRODUCTION,BU,69865
1997,NORTH CAROLINA,ALAMANCE,SOYBEANS,PRODUCTION,BU,82000
1997,NORTH CAROLINA,ALAMANCE,TOBACCO,PRODUCTION,LB,6562373
1997,NORTH CAROLINA,ALAMANCE,TOBACCO,PRODUCTION,LB,6541000
1997,NORTH CAROLINA,ALAMANCE,WHEAT,PRODUCTION,BU,127892
1997,NORTH CAROLINA,ALAMANCE,WHEAT,PRODUCTION,BU,147000
1997,NORTH CAROLINA,ALAMANCE,WHEAT,PRODUCTION,BU,147000
1997,NORTH CAROLINA,ALAMANCE,WOOL,PRODUCTION,LB,244
1997,NORTH CAROLINA,ALAMANCE,WOOL,PRODUCTION,OPERATIONS,6
1997,NORTH CAROLINA,ALEXANDER,BARLEY,PRODUCTION,BU,29300
1997,NORTH CAROLINA,ALEXANDER,BARLEY,PRODUCTION,BU,42000
1997,NORTH CAROLINA,ALEXANDER,CORN,PRODUCTION,BU,77669
1997,NORTH CAROLINA,ALEXANDER,CORN,PRODUCTION,TONS,46960
1997,NORTH CAROLINA,ALEXANDER,CORN,PRODUCTION,BU,84000
1997,NORTH CAROLINA,ALEXANDER,CORN,PRODUCTION,TONS,50000
1997,NORTH CAROLINA,ALEXANDER,HAY,PRODUCTION,TONS,748
1997,NORTH CAROLINA,ALEXANDER,HAY,PRODUCTION,TONS,721
1997,NORTH CAROLINA,ALEXANDER,HAY,PRODUCTION,TONS,22604
1997,NORTH CAROLINA,ALEXANDER,HAY,PRODUCTION,TONS,751
1997,NORTH CAROLINA,ALEXANDER,HAY,PRODUCTION,TONS,28700
1997,NORTH CAROLINA,ALEXANDER,HAYLAGE,PRODUCTION,TONS,3068
1997,NORTH CAROLINA,ALEXANDER,OATS,PRODUCTION,BU,1120
1997,NORTH CAROLINA,ALEXANDER,OATS,PRODUCTION,BU,3000
1997,NORTH CAROLINA,ALEXANDER,SORGHUM,PRODUCTION,BU,5100
1997,NORTH CAROLINA,ALEXANDER,SOYBEANS,PRODUCTION,BU,27708
1997,NORTH CAROLINA,ALEXANDER,SOYBEANS,PRODUCTION,BU,30000
1997,NORTH CAROLINA,ALEXANDER,TOBACCO,PRODUCTION,LB,1705886
1997,NORTH CAROLINA,ALEXANDER,TOBACCO,PRODUCTION,LB,1633000
1997,NORTH CAROLINA,ALEXANDER,WHEAT,PRODUCTION,BU,40970
1997,NORTH CAROLINA,ALEXANDER,WHEAT,PRODUCTION,BU,40000
1997,NORTH CAROLINA,ALEXANDER,WHEAT,PRODUCTION,BU,40000
1997,NORTH CAROLINA,ALEXANDER,WOOL,PRODUCTION,LB,218
1997,NORTH CAROLINA,ALEXANDER,WOOL,PRODUCTION,OPERATIONS,4
1997,NORTH CAROLINA,ALLEGHANY,CORN,PRODUCTION,BU,17220
1997,NORTH CAROLINA,ALLEGHANY,CORN,PRODUCTION,TONS,30352
1997,NORTH CAROLINA,ALLEGHANY,CORN,PRODUCTION,BU,16000
1997,NORTH CAROLINA,ALLEGHANY,CORN,PRODUCTION,TONS,40000
1997,NORTH CAROLINA,ALLEGHANY,HAY,PRODUCTION,TONS,1271
1997,NORTH CAROLINA,ALLEGHANY,HAY,PRODUCTION,TONS,240
1997,NORTH CAROLINA,ALLEGHANY,HAY,PRODUCTION,TONS,17347
1997,NORTH CAROLINA,ALLEGHANY,HAY,PRODUCTION,TONS,1023
1997,NORTH CAROLINA,ALLEGHANY,HAY,PRODUCTION,TONS,21600
1997,NORTH CAROLINA,ALLEGHANY,HAYLAGE,PRODUCTION,TONS,1205
1997,NORTH CAROLINA,ALLEGHANY,POTATOES,PRODUCTION,CWT,1036
1997,NORTH CAROLINA,ALLEGHANY,TOBACCO,PRODUCTION,LB,680323
1997,NORTH CAROLINA,ALLEGHANY,TOBACCO,PRODUCTION,LB,613000
1997,NORTH CAROLINA,ALLEGHANY,WHEAT,PRODUCTION,BU,8000
1997,NORTH CAROLINA,ALLEGHANY,WHEAT,PRODUCTION,BU,8000
1997,NORTH CAROLINA,ALLEGHANY,WOOL,PRODUCTION,LB,3715
1997,NORTH CAROLINA,ALLEGHANY,WOOL,PRODUCTION,OPERATIONS,13
1997,NORTH CAROLINA,ANSON,BARLEY,PRODUCTION,BU,1544
1997,NORTH CAROLINA,ANSON,BARLEY,PRODUCTION,BU,1700
1997,NORTH CAROLINA,ANSON,CORN,PRODUCTION,BU,516212
1997,NORTH CAROLINA,ANSON,CORN,PRODUCTION,TONS,NA
1997,NORTH CAROLINA,ANSON,CORN,PRODUCTION,BU,530000
1997,NORTH CAROLINA,ANSON,CORN,PRODUCTION,TONS,2500
1997,NORTH CAROLINA,ANSON,COTTON,PRODUCTION,BALES,607
1997,NORTH CAROLINA,ANSON,COTTON,PRODUCTION,480 LB BALES,3500
1997,NORTH CAROLINA,ANSON,HAY,PRODUCTION,TONS,214
1997,NORTH CAROLINA,ANSON,HAY,PRODUCTION,TONS,989
1997,NORTH CAROLINA,ANSON,HAY,PRODUCTION,TONS,9697
1997,NORTH CAROLINA,ANSON,HAY,PRODUCTION,TONS,149
1997,NORTH CAROLINA,ANSON,HAY,PRODUCTION,TONS,12400
1997,NORTH CAROLINA,ANSON,HAYLAGE,PRODUCTION,TONS,533
1997,NORTH CAROLINA,ANSON,OATS,PRODUCTION,BU,11580
1997,NORTH CAROLINA,ANSON,OATS,PRODUCTION,BU,16000
1997,NORTH CAROLINA,ANSON,RYE,PRODUCTION,BU,385
1997,NORTH CAROLINA,ANSON,SORGHUM,PRODUCTION,BU,7200
1997,NORTH CAROLINA,ANSON,SOYBEANS,PRODUCTION,BU,182238
1997,NORTH CAROLINA,ANSON,SOYBEANS,PRODUCTION,BU,187000
1997,NORTH CAROLINA,ANSON,TOBACCO,PRODUCTION,LB,174222
1997,NORTH CAROLINA,ANSON,TOBACCO,PRODUCTION,LB,420000
1997,NORTH CAROLINA,ANSON,WHEAT,PRODUCTION,BU,181423
1997,NORTH CAROLINA,ANSON,WHEAT,PRODUCTION,BU,219000
1997,NORTH CAROLINA,ANSON,WHEAT,PRODUCTION,BU,219000
1997,NORTH CAROLINA,ASHE,CORN,PRODUCTION,TONS,7717
1997,NORTH CAROLINA,ASHE,CORN,PRODUCTION,TONS,7000
1997,NORTH CAROLINA,ASHE,HAY,PRODUCTION,TONS,2930
1997,NORTH CAROLINA,ASHE,HAY,PRODUCTION,TONS,420
1997,NORTH CAROLINA,ASHE,HAY,PRODUCTION,TONS,14958
1997,NORTH CAROLINA,ASHE,HAY,PRODUCTION,TONS,1378
1997,NORTH CAROLINA,ASHE,HAY,PRODUCTION,TONS,20800
1997,NORTH CAROLINA,ASHE,HAYLAGE,PRODUCTION,TONS,258
1997,NORTH CAROLINA,ASHE,POTATOES,PRODUCTION,CWT,4835
1997,NORTH CAROLINA,ASHE,TOBACCO,PRODUCTION,LB,1271473
1997,NORTH CAROLINA,ASHE,TOBACCO,PRODUCTION,LB,1179000
1997,NORTH CAROLINA,ASHE,WOOL,PRODUCTION,LB,3033
1997,NORTH CAROLINA,ASHE,WOOL,PRODUCTION,OPERATIONS,19
1997,NORTH CAROLINA,AVERY,HAY,PRODUCTION,TONS,88
1997,NORTH CAROLINA,AVERY,HAY,PRODUCTION,TONS,1519
1997,NORTH CAROLINA,AVERY,HAY,PRODUCTION,TONS,331
1997,NORTH CAROLINA,AVERY,HAY,PRODUCTION,TONS,1700
1997,NORTH CAROLINA,AVERY,POTATOES,PRODUCTION,CWT,2570
1997,NORTH CAROLINA,AVERY,TOBACCO,PRODUCTION,LB,276772
1997,NORTH CAROLINA,AVERY,TOBACCO,PRODUCTION,LB,223000
1997,NORTH CAROLINA,BEAUFORT,CORN,PRODUCTION,BU,4852696
1997,NORTH CAROLINA,BEAUFORT,CORN,PRODUCTION,BU,5100000
1997,NORTH CAROLINA,BEAUFORT,COTTON,PRODUCTION,BALES,6544
1997,NORTH CAROLINA,BEAUFORT,COTTON,PRODUCTION,480 LB BALES,10100
1997,NORTH CAROLINA,BEAUFORT,HAY,PRODUCTION,TONS,445
1997,NORTH CAROLINA,BEAUFORT,HAY,PRODUCTION,TONS,177
1997,NORTH CAROLINA,BEAUFORT,HAY,PRODUCTION,TONS,NA
1997,NORTH CAROLINA,BEAUFORT,HAY,PRODUCTION,TONS,900
1997,NORTH CAROLINA,BEAUFORT,OATS,PRODUCTION,BU,81656
1997,NORTH CAROLINA,BEAUFORT,OATS,PRODUCTION,BU,89000
1997,NORTH CAROLINA,BEAUFORT,PEANUTS,PRODUCTION,LB,1189593
1997,NORTH CAROLINA,BEAUFORT,PEANUTS,PRODUCTION,LB,937000
1997,NORTH CAROLINA,BEAUFORT,POTATOES,PRODUCTION,CWT,NA
1997,NORTH CAROLINA,BEAUFORT,SOYBEANS,PRODUCTION,BU,2110807
1997,NORTH CAROLINA,BEAUFORT,SOYBEANS,PRODUCTION,BU,2360000
1997,NORTH CAROLINA,BEAUFORT,SWEET POTATOES,PRODUCTION,CWT,388
1997,NORTH CAROLINA,BEAUFORT,TOBACCO,PRODUCTION,LB,10394859
1997,NORTH CAROLINA,BEAUFORT,TOBACCO,PRODUCTION,LB,12859000
1997,NORTH CAROLINA,BEAUFORT,WHEAT,PRODUCTION,BU,2246269
1997,NORTH CAROLINA,BEAUFORT,WHEAT,PRODUCTION,BU,2450000
1997,NORTH CAROLINA,BEAUFORT,WHEAT,PRODUCTION,BU,2450000
1997,NORTH CAROLINA,BEAUFORT,WOOL,PRODUCTION,LB,NA
1997,NORTH CAROLINA,BEAUFORT,WOOL,PRODUCTION,OPERATIONS,2
1997,NORTH CAROLINA,BERTIE,BARLEY,PRODUCTION,BU,3500
1997,NORTH CAROLINA,BERTIE,CORN,PRODUCTION,BU,1614517
1997,NORTH CAROLINA,BERTIE,CORN,PRODUCTION,BU,1825000
1997,NORTH CAROLINA,BERTIE,COTTON,PRODUCTION,BALES,46366
1997,NORTH CAROLINA,BERTIE,COTTON,PRODUCTION,480 LB BALES,46000
1997,NORTH CAROLINA,BERTIE,HAY,PRODUCTION,TONS,NA
1997,NORTH CAROLINA,BERTIE,HERBS,PRODUCTION,LB,1150000
1997,NORTH CAROLINA,BERTIE,OATS,PRODUCTION,BU,4000
1997,NORTH CAROLINA,BERTIE,PEANUTS,PRODUCTION,LB,45744354
1997,NORTH CAROLINA,BERTIE,PEANUTS,PRODUCTION,LB,46190000
1997,NORTH CAROLINA,BERTIE,SORGHUM,PRODUCTION,BU,11271
1997,NORTH CAROLINA,BERTIE,SORGHUM,PRODUCTION,BU,12300
1997,NORTH CAROLINA,BERTIE,SOYBEANS,PRODUCTION,BU,313650
1997,NORTH CAROLINA,BERTIE,SOYBEANS,PRODUCTION,BU,347000
1997,NORTH CAROLINA,BERTIE,TOBACCO,PRODUCTION,LB,8748168
1997,NORTH CAROLINA,BERTIE,TOBACCO,PRODUCTION,LB,8999000
1997,NORTH CAROLINA,BERTIE,WHEAT,PRODUCTION,BU,134119
1997,NORTH CAROLINA,BERTIE,WHEAT,PRODUCTION,BU,178000
1997,NORTH CAROLINA,BERTIE,WHEAT,PRODUCTION,BU,178000
1997,NORTH CAROLINA,BLADEN,CORN,PRODUCTION,BU,1766378
1997,NORTH CAROLINA,BLADEN,CORN,PRODUCTION,TONS,982
1997,NORTH CAROLINA,BLADEN,CORN,PRODUCTION,BU,1990000
1997,NORTH CAROLINA,BLADEN,COTTON,PRODUCTION,BALES,10788
1997,NORTH CAROLINA,BLADEN,COTTON,PRODUCTION,480 LB BALES,9500
1997,NORTH CAROLINA,BLADEN,HAY,PRODUCTION,TONS,2104
1997,NORTH CAROLINA,BLADEN,HAY,PRODUCTION,TONS,12658
1997,NORTH CAROLINA,BLADEN,HAY,PRODUCTION,TONS,429
1997,NORTH CAROLINA,BLADEN,HAY,PRODUCTION,TONS,16500
1997,NORTH CAROLINA,BLADEN,OATS,PRODUCTION,BU,15186
1997,NORTH CAROLINA,BLADEN,OATS,PRODUCTION,BU,19000
1997,NORTH CAROLINA,BLADEN,PEANUTS,PRODUCTION,LB,6736986
1997,NORTH CAROLINA,BLADEN,PEANUTS,PRODUCTION,LB,8647000
1997,NORTH CAROLINA,BLADEN,RYE,PRODUCTION,BU,3460
1997,NORTH CAROLINA,BLADEN,SOYBEANS,PRODUCTION,BU,370530
1997,NORTH CAROLINA,BLADEN,SOYBEANS,PRODUCTION,BU,382000
1997,NORTH CAROLINA,BLADEN,TOBACCO,PRODUCTION,LB,8814413
1997,NORTH CAROLINA,BLADEN,TOBACCO,PRODUCTION,LB,11600000
1997,NORTH CAROLINA,BLADEN,WHEAT,PRODUCTION,BU,164855
1997,NORTH CAROLINA,BLADEN,WHEAT,PRODUCTION,BU,225000
1997,NORTH CAROLINA,BLADEN,WHEAT,PRODUCTION,BU,225000
1997,NORTH CAROLINA,BLADEN,WOOL,PRODUCTION,LB,NA
1997,NORTH CAROLINA,BLADEN,WOOL,PRODUCTION,OPERATIONS,1
1997,NORTH CAROLINA,BRUNSWICK,BARLEY,PRODUCTION,BU,6800
1997,NORTH CAROLINA,BRUNSWICK,CORN,PRODUCTION,BU,482199
1997,NORTH CAROLINA,BRUNSWICK,CORN,PRODUCTION,BU,510000
1997,NORTH CAROLINA,BRUNSWICK,COTTON,PRODUCTION,480 LB BALES,1000
1997,NORTH CAROLINA,BRUNSWICK,HAY,PRODUCTION,TONS,NA
1997,NORTH CAROLINA,BRUNSWICK,HAY,PRODUCTION,TONS,2495
1997,NORTH CAROLINA,BRUNSWICK,HAY,PRODUCTION,TONS,3500
1997,NORTH CAROLINA,BRUNSWICK,OATS,PRODUCTION,BU,10245
1997,NORTH CAROLINA,BRUNSWICK,OATS,PRODUCTION,BU,13000
1997,NORTH CAROLINA,BRUNSWICK,SOYBEANS,PRODUCTION,BU,202817
1997,NORTH CAROLINA,BRUNSWICK,SOYBEANS,PRODUCTION,BU,200000
1997,NORTH CAROLINA,BRUNSWICK,SWEET POTATOES,PRODUCTION,CWT,7117
1997,NORTH CAROLINA,BRUNSWICK,TOBACCO,PRODUCTION,LB,4116032
1997,NORTH CAROLINA,BRUNSWICK,TOBACCO,PRODUCTION,LB,5590000
1997,NORTH CAROLINA,BRUNSWICK,WHEAT,PRODUCTION,BU,108589
1997,NORTH CAROLINA,BRUNSWICK,WHEAT,PRODUCTION,BU,138000
1997,NORTH CAROLINA,BRUNSWICK,WHEAT,PRODUCTION,BU,138000
1997,NORTH CAROLINA,BUNCOMBE,CORN,PRODUCTION,BU,40530
1997,NORTH CAROLINA,BUNCOMBE,CORN,PRODUCTION,TONS,34306
1997,NORTH CAROLINA,BUNCOMBE,CORN,PRODUCTION,BU,41000
1997,NORTH CAROLINA,BUNCOMBE,CORN,PRODUCTION,TONS,49000
1997,NORTH CAROLINA,BUNCOMBE,HAY,PRODUCTION,TONS,2445
1997,NORTH CAROLINA,BUNCOMBE,HAY,PRODUCTION,TONS,893
1997,NORTH CAROLINA,BUNCOMBE,HAY,PRODUCTION,TONS,17057
1997,NORTH CAROLINA,BUNCOMBE,HAY,PRODUCTION,TONS,1261
1997,NORTH CAROLINA,BUNCOMBE,HAY,PRODUCTION,TONS,23100
1997,NORTH CAROLINA,BUNCOMBE,HAYLAGE,PRODUCTION,TONS,3060
1997,NORTH CAROLINA,BUNCOMBE,POTATOES,PRODUCTION,CWT,906
1997,NORTH CAROLINA,BUNCOMBE,TOBACCO,PRODUCTION,LB,1811216
1997,NORTH CAROLINA,BUNCOMBE,TOBACCO,PRODUCTION,LB,1960000
1997,NORTH CAROLINA,BUNCOMBE,WOOL,PRODUCTION,LB,4719
1997,NORTH CAROLINA,BUNCOMBE,WOOL,PRODUCTION,OPERATIONS,26
1997,NORTH CAROLINA,BURKE,BARLEY,PRODUCTION,BU,1500
1997,NORTH CAROLINA,BURKE,CORN,PRODUCTION,BU,96116
1997,NORTH CAROLINA,BURKE,CORN,PRODUCTION,TONS,10097
1997,NORTH CAROLINA,BURKE,CORN,PRODUCTION,BU,94000
1997,NORTH CAROLINA,BURKE,CORN,PRODUCTION,TONS,9500
1997,NORTH CAROLINA,BURKE,HAY,PRODUCTION,TONS,36
1997,NORTH CAROLINA,BURKE,HAY,PRODUCTION,TONS,461
1997,NORTH CAROLINA,BURKE,HAY,PRODUCTION,TONS,7425
1997,NORTH CAROLINA,BURKE,HAY,PRODUCTION,TONS,368
1997,NORTH CAROLINA,BURKE,HAY,PRODUCTION,TONS,8600
1997,NORTH CAROLINA,BURKE,HAYLAGE,PRODUCTION,TONS,1579
1997,NORTH CAROLINA,BURKE,OATS,PRODUCTION,BU,2095
1997,NORTH CAROLINA,BURKE,OATS,PRODUCTION,BU,2400
1997,NORTH CAROLINA,BURKE,SOYBEANS,PRODUCTION,BU,2010
1997,NORTH CAROLINA,BURKE,SOYBEANS,PRODUCTION,BU,9000
1997,NORTH CAROLINA,BURKE,TOBACCO,PRODUCTION,LB,15199
1997,NORTH CAROLINA,BURKE,WHEAT,PRODUCTION,BU,2570
1997,NORTH CAROLINA,BURKE,WOOL,PRODUCTION,LB,NA
1997,NORTH CAROLINA,BURKE,WOOL,PRODUCTION,OPERATIONS,2
1997,NORTH CAROLINA,CABARRUS,BARLEY,PRODUCTION,BU,51468
1997,NORTH CAROLINA,CABARRUS,BARLEY,PRODUCTION,BU,72700
1997,NORTH CAROLINA,CABARRUS,CORN,PRODUCTION,BU,242601
1997,NORTH CAROLINA,CABARRUS,CORN,PRODUCTION,TONS,4974
1997,NORTH CAROLINA,CABARRUS,CORN,PRODUCTION,BU,255000
1997,NORTH CAROLINA,CABARRUS,CORN,PRODUCTION,TONS,5500
1997,NORTH CAROLINA,CABARRUS,HAY,PRODUCTION,TONS,452
1997,NORTH CAROLINA,CABARRUS,HAY,PRODUCTION,TONS,2204
1997,NORTH CAROLINA,CABARRUS,HAY,PRODUCTION,TONS,16941
1997,NORTH CAROLINA,CABARRUS,HAY,PRODUCTION,TONS,1867
1997,NORTH CAROLINA,CABARRUS,HAY,PRODUCTION,TONS,23500
1997,NORTH CAROLINA,CABARRUS,HAYLAGE,PRODUCTION,TONS,1196
1997,NORTH CAROLINA,CABARRUS,OATS,PRODUCTION,BU,26130
1997,NORTH CAROLINA,CABARRUS,OATS,PRODUCTION,BU,32000
1997,NORTH CAROLINA,CABARRUS,SORGHUM,PRODUCTION,BU,28003
1997,NORTH CAROLINA,CABARRUS,SORGHUM,PRODUCTION,BU,38400
1997,NORTH CAROLINA,CABARRUS,SOYBEANS,PRODUCTION,BU,144887
1997,NORTH CAROLINA,CABARRUS,SOYBEANS,PRODUCTION,BU,153000
1997,NORTH CAROLINA,CABARRUS,WHEAT,PRODUCTION,BU,144212
1997,NORTH CAROLINA,CABARRUS,WHEAT,PRODUCTION,BU,180000
1997,NORTH CAROLINA,CABARRUS,WHEAT,PRODUCTION,BU,180000
1997,NORTH CAROLINA,CABARRUS,WOOL,PRODUCTION,LB,1566
1997,NORTH CAROLINA,CABARRUS,WOOL,PRODUCTION,OPERATIONS,11
1997,NORTH CAROLINA,CALDWELL,BARLEY,PRODUCTION,BU,9648
1997,NORTH CAROLINA,CALDWELL,BARLEY,PRODUCTION,BU,12400
1997,NORTH CAROLINA,CALDWELL,CORN,PRODUCTION,BU,106833
1997,NORTH CAROLINA,CALDWELL,CORN,PRODUCTION,TONS,7258
1997,NORTH CAROLINA,CALDWELL,CORN,PRODUCTION,BU,108000
1997,NORTH CAROLINA,CALDWELL,CORN,PRODUCTION,TONS,17000
1997,NORTH CAROLINA,CALDWELL,HAY,PRODUCTION,TONS,145
1997,NORTH CAROLINA,CALDWELL,HAY,PRODUCTION,TONS,154
1997,NORTH CAROLINA,CALDWELL,HAY,PRODUCTION,TONS,11177
1997,NORTH CAROLINA,CALDWELL,HAY,PRODUCTION,TONS,465
1997,NORTH CAROLINA,CALDWELL,HAY,PRODUCTION,TONS,12700
1997,NORTH CAROLINA,CALDWELL,HAYLAGE,PRODUCTION,TONS,588
1997,NORTH CAROLINA,CALDWELL,SOYBEANS,PRODUCTION,BU,18953
1997,NORTH CAROLINA,CALDWELL,SOYBEANS,PRODUCTION,BU,19000
1997,NORTH CAROLINA,CALDWELL,TOBACCO,PRODUCTION,LB,825363
1997,NORTH CAROLINA,CALDWELL,TOBACCO,PRODUCTION,LB,620000
1997,NORTH CAROLINA,CALDWELL,WHEAT,PRODUCTION,BU,16140
1997,NORTH CAROLINA,CALDWELL,WHEAT,PRODUCTION,BU,20000
1997,NORTH CAROLINA,CALDWELL,WHEAT,PRODUCTION,BU,20000
1997,NORTH CAROLINA,CALDWELL,WOOL,PRODUCTION,LB,362
1997,NORTH CAROLINA,CALDWELL,WOOL,PRODUCTION,OPERATIONS,5
1997,NORTH CAROLINA,CAMDEN,BARLEY,PRODUCTION,BU,17600
1997,NORTH CAROLINA,CAMDEN,CORN,PRODUCTION,BU,1976144
1997,NORTH CAROLINA,CAMDEN,CORN,PRODUCTION,BU,1820000
1997,NORTH CAROLINA,CAMDEN,COTTON,PRODUCTION,BALES,1388
1997,NORTH CAROLINA,CAMDEN,COTTON,PRODUCTION,480 LB BALES,1500
1997,NORTH CAROLINA,CAMDEN,HAY,PRODUCTION,TONS,NA
1997,NORTH CAROLINA,CAMDEN,OATS,PRODUCTION,BU,6000
1997,NORTH CAROLINA,CAMDEN,POTATOES,PRODUCTION,CWT,433220
1997,NORTH CAROLINA,CAMDEN,POTATOES,PRODUCTION,CWT,403800
1997,NORTH CAROLINA,CAMDEN,SOYBEANS,PRODUCTION,BU,928296
1997,NORTH CAROLINA,CAMDEN,SOYBEANS,PRODUCTION,BU,928000
1997,NORTH CAROLINA,CAMDEN,WHEAT,PRODUCTION,BU,849819
1997,NORTH CAROLINA,CAMDEN,WHEAT,PRODUCTION,BU,769000
1997,NORTH CAROLINA,CAMDEN,WHEAT,PRODUCTION,BU,769000
1997,NORTH CAROLINA,CAMDEN,WOOL,PRODUCTION,LB,296
1997,NORTH CAROLINA,CAMDEN,WOOL,PRODUCTION,OPERATIONS,3
1997,NORTH CAROLINA,CARTERET,CORN,PRODUCTION,BU,NA
1997,NORTH CAROLINA,CARTERET,CORN,PRODUCTION,BU,2300000
1997,NORTH CAROLINA,CARTERET,COTTON,PRODUCTION,480 LB BALES,3000
1997,NORTH CAROLINA,CARTERET,HAY,PRODUCTION,TONS,NA
1997,NORTH CAROLINA,CARTERET,POTATOES,PRODUCTION,CWT,103280
1997,NORTH CAROLINA,CARTERET,POTATOES,PRODUCTION,CWT,100500
1997,NORTH CAROLINA,CARTERET,SOYBEANS,PRODUCTION,BU,666974
1997,NORTH CAROLINA,CARTERET,SOYBEANS,PRODUCTION,BU,670000
1997,NORTH CAROLINA,CARTERET,TOBACCO,PRODUCTION,LB,1992127
1997,NORTH CAROLINA,CARTERET,TOBACCO,PRODUCTION,LB,1993000
1997,NORTH CAROLINA,CARTERET,WHEAT,PRODUCTION,BU,225318
1997,NORTH CAROLINA,CARTERET,WHEAT,PRODUCTION,BU,315000
1997,NORTH CAROLINA,CARTERET,WHEAT,PRODUCTION,BU,315000
1997,NORTH CAROLINA,CASWELL,BARLEY,PRODUCTION,BU,700
1997,NORTH CAROLINA,CASWELL,CORN,PRODUCTION,BU,71028
1997,NORTH CAROLINA,CASWELL,CORN,PRODUCTION,TONS,2048
1997,NORTH CAROLINA,CASWELL,CORN,PRODUCTION,BU,90000
1997,NORTH CAROLINA,CASWELL,CORN,PRODUCTION,TONS,7000
1997,NORTH CAROLINA,CASWELL,HAY,PRODUCTION,TONS,2778
1997,NORTH CAROLINA,CASWELL,HAY,PRODUCTION,TONS,2443
1997,NORTH CAROLINA,CASWELL,HAY,PRODUCTION,TONS,13478
1997,NORTH CAROLINA,CASWELL,HAY,PRODUCTION,TONS,1092
1997,NORTH CAROLINA,CASWELL,HAY,PRODUCTION,TONS,21400
1997,NORTH CAROLINA,CASWELL,HAYLAGE,PRODUCTION,TONS,745
1997,NORTH CAROLINA,CASWELL,OATS,PRODUCTION,BU,15304
1997,NORTH CAROLINA,CASWELL,OATS,PRODUCTION,BU,19000
1997,NORTH CAROLINA,CASWELL,POTATOES,PRODUCTION,CWT,NA
1997,NORTH CAROLINA,CASWELL,SORGHUM,PRODUCTION,BU,4626
1997,NORTH CAROLINA,CASWELL,SORGHUM,PRODUCTION,BU,7500
1997,NORTH CAROLINA,CASWELL,SOYBEANS,PRODUCTION,BU,21288
1997,NORTH CAROLINA,CASWELL,SOYBEANS,PRODUCTION,BU,24000
1997,NORTH CAROLINA,CASWELL,TOBACCO,PRODUCTION,LB,12650982
1997,NORTH CAROLINA,CASWELL,TOBACCO,PRODUCTION,LB,12556000
1997,NORTH CAROLINA,CASWELL,WHEAT,PRODUCTION,BU,94599
1997,NORTH CAROLINA,CASWELL,WHEAT,PRODUCTION,BU,141000
1997,NORTH CAROLINA,CASWELL,WHEAT,PRODUCTION,BU,141000
1997,NORTH CAROLINA,CASWELL,WOOL,PRODUCTION,LB,268
1997,NORTH CAROLINA,CASWELL,WOOL,PRODUCTION,OPERATIONS,3
1997,NORTH CAROLINA,CATAWBA,BARLEY,PRODUCTION,BU,51090
1997,NORTH CAROLINA,CATAWBA,BARLEY,PRODUCTION,BU,68500
1997,NORTH CAROLINA,CATAWBA,CORN,PRODUCTION,BU,140537
1997,NORTH CAROLINA,CATAWBA,CORN,PRODUCTION,TONS,16871
1997,NORTH CAROLINA,CATAWBA,CORN,PRODUCTION,BU,140000
1997,NORTH CAROLINA,CATAWBA,CORN,PRODUCTION,TONS,21000
1997,NORTH CAROLINA,CATAWBA,GRASSES,PRODUCTION,LB,12200
1997,NORTH CAROLINA,CATAWBA,HAY,PRODUCTION,TONS,728
1997,NORTH CAROLINA,CATAWBA,HAY,PRODUCTION,TONS,2763
1997,NORTH CAROLINA,CATAWBA,HAY,PRODUCTION,TONS,17169
1997,NORTH CAROLINA,CATAWBA,HAY,PRODUCTION,TONS,754
1997,NORTH CAROLINA,CATAWBA,HAY,PRODUCTION,TONS,24100
1997,NORTH CAROLINA,CATAWBA,HAYLAGE,PRODUCTION,TONS,2992
1997,NORTH CAROLINA,CATAWBA,OATS,PRODUCTION,BU,22504
1997,NORTH CAROLINA,CATAWBA,OATS,PRODUCTION,BU,22000
1997,NORTH CAROLINA,CATAWBA,RYE,PRODUCTION,BU,1215
1997,NORTH CAROLINA,CATAWBA,SORGHUM,PRODUCTION,BU,3800
1997,NORTH CAROLINA,CATAWBA,SOYBEANS,PRODUCTION,BU,136832
1997,NORTH CAROLINA,CATAWBA,SOYBEANS,PRODUCTION,BU,161000
1997,NORTH CAROLINA,CATAWBA,SWEET POTATOES,PRODUCTION,CWT,530
1997,NORTH CAROLINA,CATAWBA,WHEAT,PRODUCTION,BU,272032
1997,NORTH CAROLINA,CATAWBA,WHEAT,PRODUCTION,BU,298000
1997,NORTH CAROLINA,CATAWBA,WHEAT,PRODUCTION,BU,298000
1997,NORTH CAROLINA,CATAWBA,WOOL,PRODUCTION,LB,NA
1997,NORTH CAROLINA,CATAWBA,WOOL,PRODUCTION,OPERATIONS,2
1997,NORTH CAROLINA,CHATHAM,BARLEY,PRODUCTION,BU,4791
1997,NORTH CAROLINA,CHATHAM,BARLEY,PRODUCTION,BU,10800
1997,NORTH CAROLINA,CHATHAM,CORN,PRODUCTION,BU,82789
1997,NORTH CAROLINA,CHATHAM,CORN,PRODUCTION,TONS,18567
1997,NORTH CAROLINA,CHATHAM,CORN,PRODUCTION,BU,104000
1997,NORTH CAROLINA,CHATHAM,CORN,PRODUCTION,TONS,22000
1997,NORTH CAROLINA,CHATHAM,GRASSES,PRODUCTION,LB,12400
1997,NORTH CAROLINA,CHATHAM,HAY,PRODUCTION,TONS,831
1997,NORTH CAROLINA,CHATHAM,HAY,PRODUCTION,TONS,2173
1997,NORTH CAROLINA,CHATHAM,HAY,PRODUCTION,TONS,30468
1997,NORTH CAROLINA,CHATHAM,HAY,PRODUCTION,TONS,1776
1997,NORTH CAROLINA,CHATHAM,HAY,PRODUCTION,TONS,37400
1997,NORTH CAROLINA,CHATHAM,HAYLAGE,PRODUCTION,TONS,3465
1997,NORTH CAROLINA,CHATHAM,OATS,PRODUCTION,BU,5840
1997,NORTH CAROLINA,CHATHAM,OATS,PRODUCTION,BU,11000
1997,NORTH CAROLINA,CHATHAM,POTATOES,PRODUCTION,CWT,NA
1997,NORTH CAROLINA,CHATHAM,SORGHUM,PRODUCTION,BU,5200
1997,NORTH CAROLINA,CHATHAM,SOYBEANS,PRODUCTION,BU,34011
1997,NORTH CAROLINA,CHATHAM,SOYBEANS,PRODUCTION,BU,39000
1997,NORTH CAROLINA,CHATHAM,TOBACCO,PRODUCTION,LB,1450895
1997,NORTH CAROLINA,CHATHAM,TOBACCO,PRODUCTION,LB,2000000
1997,NORTH CAROLINA,CHATHAM,WHEAT,PRODUCTION,BU,31420
1997,NORTH CAROLINA,CHATHAM,WHEAT,PRODUCTION,BU,42000
1997,NORTH CAROLINA,CHATHAM,WHEAT,PRODUCTION,BU,42000
1997,NORTH CAROLINA,CHATHAM,WOOL,PRODUCTION,LB,1294
1997,NORTH CAROLINA,CHATHAM,WOOL,PRODUCTION,OPERATIONS,8
1997,NORTH CAROLINA,CHEROKEE,CORN,PRODUCTION,BU,84506
1997,NORTH CAROLINA,CHEROKEE,CORN,PRODUCTION,BU,55000
1997,NORTH CAROLINA,CHEROKEE,CORN,PRODUCTION,TONS,4800
1997,NORTH CAROLINA,CHEROKEE,HAY,PRODUCTION,TONS,NA
1997,NORTH CAROLINA,CHEROKEE,HAY,PRODUCTION,TONS,5247
1997,NORTH CAROLINA,CHEROKEE,HAY,PRODUCTION,TONS,425
1997,NORTH CAROLINA,CHEROKEE,HAY,PRODUCTION,TONS,6200
1997,NORTH CAROLINA,CHEROKEE,HAYLAGE,PRODUCTION,TONS,245
1997,NORTH CAROLINA,CHEROKEE,TOBACCO,PRODUCTION,LB,111316
1997,NORTH CAROLINA,CHEROKEE,TOBACCO,PRODUCTION,LB,173000
1997,NORTH CAROLINA,CHOWAN,CORN,PRODUCTION,BU,541784
1997,NORTH CAROLINA,CHOWAN,CORN,PRODUCTION,BU,530000
1997,NORTH CAROLINA,CHOWAN,COTTON,PRODUCTION,BALES,22298
1997,NORTH CAROLINA,CHOWAN,COTTON,PRODUCTION,480 LB BALES,22000
1997,NORTH CAROLINA,CHOWAN,HAY,PRODUCTION,TONS,NA
1997,NORTH CAROLINA,CHOWAN,OATS,PRODUCTION,BU,11000
1997,NORTH CAROLINA,CHOWAN,PEANUTS,PRODUCTION,LB,18542517
1997,NORTH CAROLINA,CHOWAN,PEANUTS,PRODUCTION,LB,18362000
1997,NORTH CAROLINA,CHOWAN,RYE,PRODUCTION,BU,810
1997,NORTH CAROLINA,CHOWAN,SORGHUM,PRODUCTION,BU,9572
1997,NORTH CAROLINA,CHOWAN,SORGHUM,PRODUCTION,BU,9500
1997,NORTH CAROLINA,CHOWAN,SOYBEANS,PRODUCTION,BU,217649
1997,NORTH CAROLINA,CHOWAN,SOYBEANS,PRODUCTION,BU,224000
1997,NORTH CAROLINA,CHOWAN,SWEET POTATOES,PRODUCTION,CWT,38637
1997,NORTH CAROLINA,CHOWAN,SWEET POTATOES,PRODUCTION,CWT,41600
1997,NORTH CAROLINA,CHOWAN,TOBACCO,PRODUCTION,LB,650037
1997,NORTH CAROLINA,CHOWAN,TOBACCO,PRODUCTION,LB,733000
1997,NORTH CAROLINA,CHOWAN,WHEAT,PRODUCTION,BU,105765
1997,NORTH CAROLINA,CHOWAN,WHEAT,PRODUCTION,BU,121000
1997,NORTH CAROLINA,CHOWAN,WHEAT,PRODUCTION,BU,121000
1997,NORTH CAROLINA,CHOWAN,WOOL,PRODUCTION,LB,NA
1997,NORTH CAROLINA,CHOWAN,WOOL,PRODUCTION,OPERATIONS,3
1997,NORTH CAROLINA,CLAY,BARLEY,PRODUCTION,BU,500
1997,NORTH CAROLINA,CLAY,CORN,PRODUCTION,BU,NA
1997,NORTH CAROLINA,CLAY,CORN,PRODUCTION,TONS,4700
1997,NORTH CAROLINA,CLAY,HAY,PRODUCTION,TONS,574
1997,NORTH CAROLINA,CLAY,HAY,PRODUCTION,TONS,6633
1997,NORTH CAROLINA,CLAY,HAY,PRODUCTION,TONS,596
1997,NORTH CAROLINA,CLAY,HAY,PRODUCTION,TONS,8300
1997,NORTH CAROLINA,CLAY,HAYLAGE,PRODUCTION,TONS,NA
1997,NORTH CAROLINA,CLAY,POTATOES,PRODUCTION,CWT,1079
1997,NORTH CAROLINA,CLAY,TOBACCO,PRODUCTION,LB,135203
1997,NORTH CAROLINA,CLAY,TOBACCO,PRODUCTION,LB,144000
1997,NORTH CAROLINA,CLAY,WOOL,PRODUCTION,LB,634
1997,NORTH CAROLINA,CLAY,WOOL,PRODUCTION,OPERATIONS,5
1997,NORTH CAROLINA,CLEVELAND,BARLEY,PRODUCTION,BU,49145
1997,NORTH CAROLINA,CLEVELAND,BARLEY,PRODUCTION,BU,62700
1997,NORTH CAROLINA,CLEVELAND,CORN,PRODUCTION,BU,110921
1997,NORTH CAROLINA,CLEVELAND,CORN,PRODUCTION,TONS,9769
1997,NORTH CAROLINA,CLEVELAND,CORN,PRODUCTION,BU,120000
1997,NORTH CAROLINA,CLEVELAND,CORN,PRODUCTION,TONS,12000
1997,NORTH CAROLINA,CLEVELAND,COTTON,PRODUCTION,BALES,2866
1997,NORTH CAROLINA,CLEVELAND,COTTON,PRODUCTION,480 LB BALES,3000
1997,NORTH CAROLINA,CLEVELAND,GRASSES,PRODUCTION,LB,14650
1997,NORTH CAROLINA,CLEVELAND,HAY,PRODUCTION,TONS,1185
1997,NORTH CAROLINA,CLEVELAND,HAY,PRODUCTION,TONS,3207
1997,NORTH CAROLINA,CLEVELAND,HAY,PRODUCTION,TONS,18076
1997,NORTH CAROLINA,CLEVELAND,HAY,PRODUCTION,TONS,1152
1997,NORTH CAROLINA,CLEVELAND,HAY,PRODUCTION,TONS,27700
1997,NORTH CAROLINA,CLEVELAND,HAYLAGE,PRODUCTION,TONS,2831
1997,NORTH CAROLINA,CLEVELAND,OATS,PRODUCTION,BU,11017
1997,NORTH CAROLINA,CLEVELAND,OATS,PRODUCTION,BU,24000
1997,NORTH CAROLINA,CLEVELAND,SORGHUM,PRODUCTION,BU,2404
1997,NORTH CAROLINA,CLEVELAND,SORGHUM,PRODUCTION,BU,7500
1997,NORTH CAROLINA,CLEVELAND,SOYBEANS,PRODUCTION,BU,162967
1997,NORTH CAROLINA,CLEVELAND,SOYBEANS,PRODUCTION,BU,200000
1997,NORTH CAROLINA,CLEVELAND,WHEAT,PRODUCTION,BU,203798
1997,NORTH CAROLINA,CLEVELAND,WHEAT,PRODUCTION,BU,257000
1997,NORTH CAROLINA,CLEVELAND,WHEAT,PRODUCTION,BU,257000
1997,NORTH CAROLINA,CLEVELAND,WOOL,PRODUCTION,LB,1562
1997,NORTH CAROLINA,CLEVELAND,WOOL,PRODUCTION,OPERATIONS,13
1997,NORTH CAROLINA,COLUMBUS,CORN,PRODUCTION,BU,2674288
1997,NORTH CAROLINA,COLUMBUS,CORN,PRODUCTION,TONS,1159
1997,NORTH CAROLINA,COLUMBUS,CORN,PRODUCTION,BU,2775000
1997,NORTH CAROLINA,COLUMBUS,COTTON,PRODUCTION,BALES,2543
1997,NORTH CAROLINA,COLUMBUS,COTTON,PRODUCTION,480 LB BALES,2700
1997,NORTH CAROLINA,COLUMBUS,HAY,PRODUCTION,TONS,2285
1997,NORTH CAROLINA,COLUMBUS,HAY,PRODUCTION,TONS,8650
1997,NORTH CAROLINA,COLUMBUS,HAY,PRODUCTION,TONS,NA
1997,NORTH CAROLINA,COLUMBUS,HAY,PRODUCTION,TONS,12500
1997,NORTH CAROLINA,COLUMBUS,HAYLAGE,PRODUCTION,TONS,666
1997,NORTH CAROLINA,COLUMBUS,OATS,PRODUCTION,BU,23534
1997,NORTH CAROLINA,COLUMBUS,OATS,PRODUCTION,BU,23000
1997,NORTH CAROLINA,COLUMBUS,PEANUTS,PRODUCTION,LB,2331366
1997,NORTH CAROLINA,COLUMBUS,PEANUTS,PRODUCTION,LB,2700000
1997,NORTH CAROLINA,COLUMBUS,POTATOES,PRODUCTION,CWT,84705
1997,NORTH CAROLINA,COLUMBUS,POTATOES,PRODUCTION,CWT,79600
1997,NORTH CAROLINA,COLUMBUS,SORGHUM,PRODUCTION,BU,7709
1997,NORTH CAROLINA,COLUMBUS,SORGHUM,PRODUCTION,BU,7850
1997,NORTH CAROLINA,COLUMBUS,SOYBEANS,PRODUCTION,BU,1109035
1997,NORTH CAROLINA,COLUMBUS,SOYBEANS,PRODUCTION,BU,1150000
1997,NORTH CAROLINA,COLUMBUS,SWEET POTATOES,PRODUCTION,CWT,203570
1997,NORTH CAROLINA,COLUMBUS,SWEET POTATOES,PRODUCTION,CWT,207000
1997,NORTH CAROLINA,COLUMBUS,TOBACCO,PRODUCTION,LB,26098702
1997,NORTH CAROLINA,COLUMBUS,TOBACCO,PRODUCTION,LB,30942000
1997,NORTH CAROLINA,COLUMBUS,WHEAT,PRODUCTION,BU,690319
1997,NORTH CAROLINA,COLUMBUS,WHEAT,PRODUCTION,BU,785000
1997,NORTH CAROLINA,COLUMBUS,WHEAT,PRODUCTION,BU,785000
1997,NORTH CAROLINA,CRAVEN,CORN,PRODUCTION,BU,1132312
1997,NORTH CAROLINA,CRAVEN,CORN,PRODUCTION,BU,1240000
1997,NORTH CAROLINA,CRAVEN,COTTON,PRODUCTION,BALES,26672
1997,NORTH CAROLINA,CRAVEN,COTTON,PRODUCTION,480 LB BALES,25200
1997,NORTH CAROLINA,CRAVEN,HAY,PRODUCTION,TONS,NA
1997,NORTH CAROLINA,CRAVEN,HAY,PRODUCTION,TONS,1673
1997,NORTH CAROLINA,CRAVEN,HAY,PRODUCTION,TONS,3400
1997,NORTH CAROLINA,CRAVEN,PEANUTS,PRODUCTION,LB,120317
1997,NORTH CAROLINA,CRAVEN,PEANUTS,PRODUCTION,LB,140000
1997,NORTH CAROLINA,CRAVEN,SOYBEANS,PRODUCTION,BU,420442
1997,NORTH CAROLINA,CRAVEN,SOYBEANS,PRODUCTION,BU,470000
1997,NORTH CAROLINA,CRAVEN,SWEET POTATOES,PRODUCTION,CWT,NA
1997,NORTH CAROLINA,CRAVEN,TOBACCO,PRODUCTION,LB,12173232
1997,NORTH CAROLINA,CRAVEN,TOBACCO,PRODUCTION,LB,12452000
1997,NORTH CAROLINA,CRAVEN,WHEAT,PRODUCTION,BU,278111
1997,NORTH CAROLINA,CRAVEN,WHEAT,PRODUCTION,BU,368000
1997,NORTH CAROLINA,CRAVEN,WHEAT,PRODUCTION,BU,368000
1997,NORTH CAROLINA,CUMBERLAND,BARLEY,PRODUCTION,BU,NA
1997,NORTH CAROLINA,CUMBERLAND,BARLEY,PRODUCTION,BU,4000
1997,NORTH CAROLINA,CUMBERLAND,CORN,PRODUCTION,BU,703245
1997,NORTH CAROLINA,CUMBERLAND,CORN,PRODUCTION,BU,945000
1997,NORTH CAROLINA,CUMBERLAND,COTTON,PRODUCTION,BALES,5498
1997,NORTH CAROLINA,CUMBERLAND,COTTON,PRODUCTION,480 LB BALES,8500
1997,NORTH CAROLINA,CUMBERLAND,HAY,PRODUCTION,TONS,NA
1997,NORTH CAROLINA,CUMBERLAND,HAY,PRODUCTION,TONS,706
1997,NORTH CAROLINA,CUMBERLAND,HAY,PRODUCTION,TONS,9151
1997,NORTH CAROLINA,CUMBERLAND,HAY,PRODUCTION,TONS,59
1997,NORTH CAROLINA,CUMBERLAND,HAY,PRODUCTION,TONS,11300
1997,NORTH CAROLINA,CUMBERLAND,HAYLAGE,PRODUCTION,TONS,NA
1997,NORTH CAROLINA,CUMBERLAND,OATS,PRODUCTION,BU,70080
1997,NORTH CAROLINA,CUMBERLAND,OATS,PRODUCTION,BU,78000
1997,NORTH CAROLINA,CUMBERLAND,PEANUTS,PRODUCTION,LB,447000
1997,NORTH CAROLINA,CUMBERLAND,PEANUTS,PRODUCTION,LB,361000
1997,NORTH CAROLINA,CUMBERLAND,RYE,PRODUCTION,BU,16538
1997,NORTH CAROLINA,CUMBERLAND,SORGHUM,PRODUCTION,BU,19600
1997,NORTH CAROLINA,CUMBERLAND,SOYBEANS,PRODUCTION,BU,462524
1997,NORTH CAROLINA,CUMBERLAND,SOYBEANS,PRODUCTION,BU,474000
1997,NORTH CAROLINA,CUMBERLAND,SWEET POTATOES,PRODUCTION,CWT,65632
1997,NORTH CAROLINA,CUMBERLAND,SWEET POTATOES,PRODUCTION,CWT,119000
1997,NORTH CAROLINA,CUMBERLAND,TOBACCO,PRODUCTION,LB,5857489
1997,NORTH CAROLINA,CUMBERLAND,TOBACCO,PRODUCTION,LB,7800000
1997,NORTH CAROLINA,CUMBERLAND,WHEAT,PRODUCTION,BU,293990
1997,NORTH CAROLINA,CUMBERLAND,WHEAT,PRODUCTION,BU,343000
1997,NORTH CAROLINA,CUMBERLAND,WHEAT,PRODUCTION,BU,343000
1997,NORTH CAROLINA,CUMBERLAND,WOOL,PRODUCTION,LB,NA
1997,NORTH CAROLINA,CUMBERLAND,WOOL,PRODUCTION,OPERATIONS,1
1997,NORTH CAROLINA,CURRITUCK,CORN,PRODUCTION,BU,1358385
1997,NORTH CAROLINA,CURRITUCK,CORN,PRODUCTION,BU,1800000
1997,NORTH CAROLINA,CURRITUCK,COTTON,PRODUCTION,BALES,2466
1997,NORTH CAROLINA,CURRITUCK,COTTON,PRODUCTION,480 LB BALES,2700
1997,NORTH CAROLINA,CURRITUCK,HAY,PRODUCTION,TONS,NA
1997,NORTH CAROLINA,CURRITUCK,OATS,PRODUCTION,BU,25000
1997,NORTH CAROLINA,CURRITUCK,PEANUTS,PRODUCTION,LB,101000
1997,NORTH CAROLINA,CURRITUCK,POTATOES,PRODUCTION,CWT,179100
1997,NORTH CAROLINA,CURRITUCK,SORGHUM,PRODUCTION,BU,19074
1997,NORTH CAROLINA,CURRITUCK,SORGHUM,PRODUCTION,BU,21500
1997,NORTH CAROLINA,CURRITUCK,SOYBEANS,PRODUCTION,BU,628881
1997,NORTH CAROLINA,CURRITUCK,SOYBEANS,PRODUCTION,BU,638000
1997,NORTH CAROLINA,CURRITUCK,WHEAT,PRODUCTION,BU,567143
1997,NORTH CAROLINA,CURRITUCK,WHEAT,PRODUCTION,BU,570000
1997,NORTH CAROLINA,CURRITUCK,WHEAT,PRODUCTION,BU,570000
1997,NORTH CAROLINA,DARE,CORN,PRODUCTION,BU,25000
1997,NORTH CAROLINA,DARE,OATS,PRODUCTION,BU,19000
1997,NORTH CAROLINA,DARE,SOYBEANS,PRODUCTION,BU,101692
1997,NORTH CAROLINA,DARE,SOYBEANS,PRODUCTION,BU,109000
1997,NORTH CAROLINA,DAVIDSON,BARLEY,PRODUCTION,BU,80485
1997,NORTH CAROLINA,DAVIDSON,BARLEY,PRODUCTION,BU,103500
1997,NORTH CAROLINA,DAVIDSON,CORN,PRODUCTION,BU,378663
1997,NORTH CAROLINA,DAVIDSON,CORN,PRODUCTION,TONS,24981
1997,NORTH CAROLINA,DAVIDSON,CORN,PRODUCTION,BU,457000
1997,NORTH CAROLINA,DAVIDSON,CORN,PRODUCTION,TONS,32000
1997,NORTH CAROLINA,DAVIDSON,COTTON,PRODUCTION,480 LB BALES,500
1997,NORTH CAROLINA,DAVIDSON,GRASSES,PRODUCTION,LB,5950
1997,NORTH CAROLINA,DAVIDSON,HAY,PRODUCTION,TONS,2169
1997,NORTH CAROLINA,DAVIDSON,HAY,PRODUCTION,TONS,2006
1997,NORTH CAROLINA,DAVIDSON,HAY,PRODUCTION,TONS,24357
1997,NORTH CAROLINA,DAVIDSON,HAY,PRODUCTION,TONS,1640
1997,NORTH CAROLINA,DAVIDSON,HAY,PRODUCTION,TONS,32000
1997,NORTH CAROLINA,DAVIDSON,HAYLAGE,PRODUCTION,TONS,4395
1997,NORTH CAROLINA,DAVIDSON,OATS,PRODUCTION,BU,29060
1997,NORTH CAROLINA,DAVIDSON,OATS,PRODUCTION,BU,28000
1997,NORTH CAROLINA,DAVIDSON,POTATOES,PRODUCTION,CWT,489
1997,NORTH CAROLINA,DAVIDSON,RYE,PRODUCTION,BU,1362
1997,NORTH CAROLINA,DAVIDSON,SORGHUM,PRODUCTION,BU,1350
1997,NORTH CAROLINA,DAVIDSON,SORGHUM,PRODUCTION,BU,6800
1997,NORTH CAROLINA,DAVIDSON,SOYBEANS,PRODUCTION,BU,159507
1997,NORTH CAROLINA,DAVIDSON,SOYBEANS,PRODUCTION,BU,182000
1997,NORTH CAROLINA,DAVIDSON,SWEET POTATOES,PRODUCTION,CWT,4192
1997,NORTH CAROLINA,DAVIDSON,TOBACCO,PRODUCTION,LB,4066764
1997,NORTH CAROLINA,DAVIDSON,TOBACCO,PRODUCTION,LB,4014000
1997,NORTH CAROLINA,DAVIDSON,WHEAT,PRODUCTION,BU,103929
1997,NORTH CAROLINA,DAVIDSON,WHEAT,PRODUCTION,BU,154000
1997,NORTH CAROLINA,DAVIDSON,WHEAT,PRODUCTION,BU,154000
1997,NORTH CAROLINA,DAVIDSON,WOOL,PRODUCTION,LB,294
1997,NORTH CAROLINA,DAVIDSON,WOOL,PRODUCTION,OPERATIONS,8
1997,NORTH CAROLINA,DAVIE,BARLEY,PRODUCTION,BU,10190
1997,NORTH CAROLINA,DAVIE,BARLEY,PRODUCTION,BU,14000
1997,NORTH CAROLINA,DAVIE,CORN,PRODUCTION,BU,396040
1997,NORTH CAROLINA,DAVIE,CORN,PRODUCTION,TONS,20719
1997,NORTH CAROLINA,DAVIE,CORN,PRODUCTION,BU,370000
1997,NORTH CAROLINA,DAVIE,CORN,PRODUCTION,TONS,24000
1997,NORTH CAROLINA,DAVIE,GRASSES,PRODUCTION,LB,10000
1997,NORTH CAROLINA,DAVIE,HAY,PRODUCTION,TONS,445
1997,NORTH CAROLINA,DAVIE,HAY,PRODUCTION,TONS,1714
1997,NORTH CAROLINA,DAVIE,HAY,PRODUCTION,TONS,19590
1997,NORTH CAROLINA,DAVIE,HAY,PRODUCTION,TONS,816
1997,NORTH CAROLINA,DAVIE,HAY,PRODUCTION,TONS,25100
1997,NORTH CAROLINA,DAVIE,HAYLAGE,PRODUCTION,TONS,2384
1997,NORTH CAROLINA,DAVIE,OATS,PRODUCTION,BU,2664
1997,NORTH CAROLINA,DAVIE,OATS,PRODUCTION,BU,4000
1997,NORTH CAROLINA,DAVIE,SOYBEANS,PRODUCTION,BU,158533
1997,NORTH CAROLINA,DAVIE,SOYBEANS,PRODUCTION,BU,163000
1997,NORTH CAROLINA,DAVIE,TOBACCO,PRODUCTION,LB,1186201
1997,NORTH CAROLINA,DAVIE,TOBACCO,PRODUCTION,LB,1330000
1997,NORTH CAROLINA,DAVIE,WHEAT,PRODUCTION,BU,147034
1997,NORTH CAROLINA,DAVIE,WHEAT,PRODUCTION,BU,183000
1997,NORTH CAROLINA,DAVIE,WHEAT,PRODUCTION,BU,183000
1997,NORTH CAROLINA,DAVIE,WOOL,PRODUCTION,LB,NA
1997,NORTH CAROLINA,DAVIE,WOOL,PRODUCTION,OPERATIONS,2
1997,NORTH CAROLINA,DUPLIN,CORN,PRODUCTION,BU,3629520
1997,NORTH CAROLINA,DUPLIN,CORN,PRODUCTION,BU,3720000
1997,NORTH CAROLINA,DUPLIN,COTTON,PRODUCTION,BALES,20637
1997,NORTH CAROLINA,DUPLIN,COTTON,PRODUCTION,480 LB BALES,20000
1997,NORTH CAROLINA,DUPLIN,HAY,PRODUCTION,TONS,3381
1997,NORTH CAROLINA,DUPLIN,HAY,PRODUCTION,TONS,32029
1997,NORTH CAROLINA,DUPLIN,HAY,PRODUCTION,TONS,NA
1997,NORTH CAROLINA,DUPLIN,HAY,PRODUCTION,TONS,54600
1997,NORTH CAROLINA,DUPLIN,HAYLAGE,PRODUCTION,TONS,5432
1997,NORTH CAROLINA,DUPLIN,OATS,PRODUCTION,BU,20070
1997,NORTH CAROLINA,DUPLIN,OATS,PRODUCTION,BU,24000
1997,NORTH CAROLINA,DUPLIN,POTATOES,PRODUCTION,CWT,NA
1997,NORTH CAROLINA,DUPLIN,RYE,PRODUCTION,BU,9151
1997,NORTH CAROLINA,DUPLIN,SORGHUM,PRODUCTION,BU,8265
1997,NORTH CAROLINA,DUPLIN,SORGHUM,PRODUCTION,BU,11000
1997,NORTH CAROLINA,DUPLIN,SOYBEANS,PRODUCTION,BU,1299438
1997,NORTH CAROLINA,DUPLIN,SOYBEANS,PRODUCTION,BU,1250000
1997,NORTH CAROLINA,DUPLIN,SWEET POTATOES,PRODUCTION,CWT,116146
1997,NORTH CAROLINA,DUPLIN,SWEET POTATOES,PRODUCTION,CWT,124500
1997,NORTH CAROLINA,DUPLIN,TOBACCO,PRODUCTION,LB,23408558
1997,NORTH CAROLINA,DUPLIN,TOBACCO,PRODUCTION,LB,25179000
1997,NORTH CAROLINA,DUPLIN,WHEAT,PRODUCTION,BU,967251
1997,NORTH CAROLINA,DUPLIN,WHEAT,PRODUCTION,BU,1085000
1997,NORTH CAROLINA,DUPLIN,WHEAT,PRODUCTION,BU,1085000
1997,NORTH CAROLINA,DUPLIN,WOOL,PRODUCTION,LB,NA
1997,NORTH CAROLINA,DUPLIN,WOOL,PRODUCTION,OPERATIONS,2
1997,NORTH CAROLINA,DURHAM,BARLEY,PRODUCTION,BU,2000
1997,NORTH CAROLINA,DURHAM,CORN,PRODUCTION,BU,6324
1997,NORTH CAROLINA,DURHAM,CORN,PRODUCTION,TONS,3096
1997,NORTH CAROLINA,DURHAM,CORN,PRODUCTION,BU,15000
1997,NORTH CAROLINA,DURHAM,HAY,PRODUCTION,TONS,538
1997,NORTH CAROLINA,DURHAM,HAY,PRODUCTION,TONS,2762
1997,NORTH CAROLINA,DURHAM,HAY,PRODUCTION,TONS,96
1997,NORTH CAROLINA,DURHAM,HAY,PRODUCTION,TONS,3800
1997,NORTH CAROLINA,DURHAM,OATS,PRODUCTION,BU,3000
1997,NORTH CAROLINA,DURHAM,SORGHUM,PRODUCTION,BU,2100
1997,NORTH CAROLINA,DURHAM,SOYBEANS,PRODUCTION,BU,8966
1997,NORTH CAROLINA,DURHAM,SOYBEANS,PRODUCTION,BU,16000
1997,NORTH CAROLINA,DURHAM,TOBACCO,PRODUCTION,LB,2969216
1997,NORTH CAROLINA,DURHAM,TOBACCO,PRODUCTION,LB,3198000
1997,NORTH CAROLINA,DURHAM,WHEAT,PRODUCTION,BU,26714
1997,NORTH CAROLINA,DURHAM,WHEAT,PRODUCTION,BU,36000
1997,NORTH CAROLINA,DURHAM,WHEAT,PRODUCTION,BU,36000
1997,NORTH CAROLINA,DURHAM,WOOL,PRODUCTION,LB,1054
1997,NORTH CAROLINA,DURHAM,WOOL,PRODUCTION,OPERATIONS,6
1997,NORTH CAROLINA,EDGECOMBE,CORN,PRODUCTION,BU,1527932
1997,NORTH CAROLINA,EDGECOMBE,CORN,PRODUCTION,BU,1695000
1997,NORTH CAROLINA,EDGECOMBE,CORN,PRODUCTION,TONS,3000
1997,NORTH CAROLINA,EDGECOMBE,COTTON,PRODUCTION,BALES,50114
1997,NORTH CAROLINA,EDGECOMBE,COTTON,PRODUCTION,480 LB BALES,56000
1997,NORTH CAROLINA,EDGECOMBE,HAY,PRODUCTION,TONS,68
1997,NORTH CAROLINA,EDGECOMBE,HAY,PRODUCTION,TONS,1333
1997,NORTH CAROLINA,EDGECOMBE,HAY,PRODUCTION,TONS,4700
1997,NORTH CAROLINA,EDGECOMBE,OATS,PRODUCTION,BU,NA
1997,NORTH CAROLINA,EDGECOMBE,OATS,PRODUCTION,BU,28000
1997,NORTH CAROLINA,EDGECOMBE,PEANUTS,PRODUCTION,LB,27551851
1997,NORTH CAROLINA,EDGECOMBE,PEANUTS,PRODUCTION,LB,28562000
1997,NORTH CAROLINA,EDGECOMBE,RYE,PRODUCTION,BU,NA
1997,NORTH CAROLINA,EDGECOMBE,SORGHUM,PRODUCTION,BU,NA
1997,NORTH CAROLINA,EDGECOMBE,SORGHUM,PRODUCTION,BU,8800
1997,NORTH CAROLINA,EDGECOMBE,SOYBEANS,PRODUCTION,BU,569410
1997,NORTH CAROLINA,EDGECOMBE,SOYBEANS,PRODUCTION,BU,626000
1997,NORTH CAROLINA,EDGECOMBE,SWEET POTATOES,PRODUCTION,CWT,109604
1997,NORTH CAROLINA,EDGECOMBE,SWEET POTATOES,PRODUCTION,CWT,287500
1997,NORTH CAROLINA,EDGECOMBE,TOBACCO,PRODUCTION,LB,18126802
1997,NORTH CAROLINA,EDGECOMBE,TOBACCO,PRODUCTION,LB,19483000
1997,NORTH CAROLINA,EDGECOMBE,WHEAT,PRODUCTION,BU,392895
1997,NORTH CAROLINA,EDGECOMBE,WHEAT,PRODUCTION,BU,470000
1997,NORTH CAROLINA,EDGECOMBE,WHEAT,PRODUCTION,BU,470000
1997,NORTH CAROLINA,EDGECOMBE,WOOL,PRODUCTION,LB,NA
1997,NORTH CAROLINA,EDGECOMBE,WOOL,PRODUCTION,OPERATIONS,2
1997,NORTH CAROLINA,FORSYTH,BARLEY,PRODUCTION,BU,7710
1997,NORTH CAROLINA,FORSYTH,BARLEY,PRODUCTION,BU,11400
1997,NORTH CAROLINA,FORSYTH,CORN,PRODUCTION,BU,137378
1997,NORTH CAROLINA,FORSYTH,CORN,PRODUCTION,TONS,10234
1997,NORTH CAROLINA,FORSYTH,CORN,PRODUCTION,BU,165000
1997,NORTH CAROLINA,FORSYTH,CORN,PRODUCTION,TONS,9000
1997,NORTH CAROLINA,FORSYTH,HAY,PRODUCTION,TONS,1010
1997,NORTH CAROLINA,FORSYTH,HAY,PRODUCTION,TONS,873
1997,NORTH CAROLINA,FORSYTH,HAY,PRODUCTION,TONS,11147
1997,NORTH CAROLINA,FORSYTH,HAY,PRODUCTION,TONS,731
1997,NORTH CAROLINA,FORSYTH,HAY,PRODUCTION,TONS,13600
1997,NORTH CAROLINA,FORSYTH,HAYLAGE,PRODUCTION,TONS,546
1997,NORTH CAROLINA,FORSYTH,OATS,PRODUCTION,BU,16165
1997,NORTH CAROLINA,FORSYTH,OATS,PRODUCTION,BU,24000
1997,NORTH CAROLINA,FORSYTH,POTATOES,PRODUCTION,CWT,4545
1997,NORTH CAROLINA,FORSYTH,RYE,PRODUCTION,BU,3090
1997,NORTH CAROLINA,FORSYTH,SOYBEANS,PRODUCTION,BU,95386
1997,NORTH CAROLINA,FORSYTH,SOYBEANS,PRODUCTION,BU,84000
1997,NORTH CAROLINA,FORSYTH,SWEET POTATOES,PRODUCTION,CWT,698
1997,NORTH CAROLINA,FORSYTH,TOBACCO,PRODUCTION,LB,5265782
1997,NORTH CAROLINA,FORSYTH,TOBACCO,PRODUCTION,LB,5300000
1997,NORTH CAROLINA,FORSYTH,WHEAT,PRODUCTION,BU,112244
1997,NORTH CAROLINA,FORSYTH,WHEAT,PRODUCTION,BU,106000
1997,NORTH CAROLINA,FORSYTH,WHEAT,PRODUCTION,BU,106000
1997,NORTH CAROLINA,FORSYTH,WOOL,PRODUCTION,LB,450
1997,NORTH CAROLINA,FORSYTH,WOOL,PRODUCTION,OPERATIONS,7
1997,NORTH CAROLINA,FRANKLIN,BARLEY,PRODUCTION,BU,17440
1997,NORTH CAROLINA,FRANKLIN,BARLEY,PRODUCTION,BU,20700
1997,NORTH CAROLINA,FRANKLIN,CORN,PRODUCTION,BU,179585
1997,NORTH CAROLINA,FRANKLIN,CORN,PRODUCTION,TONS,15446
1997,NORTH CAROLINA,FRANKLIN,CORN,PRODUCTION,BU,165000
1997,NORTH CAROLINA,FRANKLIN,CORN,PRODUCTION,TONS,24000
1997,NORTH CAROLINA,FRANKLIN,COTTON,PRODUCTION,BALES,164
1997,NORTH CAROLINA,FRANKLIN,COTTON,PRODUCTION,480 LB BALES,350
1997,NORTH CAROLINA,FRANKLIN,HAY,PRODUCTION,TONS,1333
1997,NORTH CAROLINA,FRANKLIN,HAY,PRODUCTION,TONS,1774
1997,NORTH CAROLINA,FRANKLIN,HAY,PRODUCTION,TONS,14084
1997,NORTH CAROLINA,FRANKLIN,HAY,PRODUCTION,TONS,431
1997,NORTH CAROLINA,FRANKLIN,HAY,PRODUCTION,TONS,19700
1997,NORTH CAROLINA,FRANKLIN,HAYLAGE,PRODUCTION,TONS,270
1997,NORTH CAROLINA,FRANKLIN,OATS,PRODUCTION,BU,22534
1997,NORTH CAROLINA,FRANKLIN,OATS,PRODUCTION,BU,25000
1997,NORTH CAROLINA,FRANKLIN,SORGHUM,PRODUCTION,BU,21000
1997,NORTH CAROLINA,FRANKLIN,SOYBEANS,PRODUCTION,BU,355134
1997,NORTH CAROLINA,FRANKLIN,SOYBEANS,PRODUCTION,BU,380000
1997,NORTH CAROLINA,FRANKLIN,SWEET POTATOES,PRODUCTION,CWT,8882
1997,NORTH CAROLINA,FRANKLIN,TOBACCO,PRODUCTION,LB,17113186
1997,NORTH CAROLINA,FRANKLIN,TOBACCO,PRODUCTION,LB,17486000
1997,NORTH CAROLINA,FRANKLIN,WHEAT,PRODUCTION,BU,430047
1997,NORTH CAROLINA,FRANKLIN,WHEAT,PRODUCTION,BU,506000
1997,NORTH CAROLINA,FRANKLIN,WHEAT,PRODUCTION,BU,506000
1997,NORTH CAROLINA,FRANKLIN,WOOL,PRODUCTION,LB,NA
1997,NORTH CAROLINA,FRANKLIN,WOOL,PRODUCTION,OPERATIONS,4
1997,NORTH CAROLINA,GASTON,BARLEY,PRODUCTION,BU,7680
1997,NORTH CAROLINA,GASTON,BARLEY,PRODUCTION,BU,23800
1997,NORTH CAROLINA,GASTON,CORN,PRODUCTION,BU,62980
1997,NORTH CAROLINA,GASTON,CORN,PRODUCTION,TONS,8514
1997,NORTH CAROLINA,GASTON,CORN,PRODUCTION,BU,60000
1997,NORTH CAROLINA,GASTON,CORN,PRODUCTION,TONS,15000
1997,NORTH CAROLINA,GASTON,HAY,PRODUCTION,TONS,659
1997,NORTH CAROLINA,GASTON,HAY,PRODUCTION,TONS,864
1997,NORTH CAROLINA,GASTON,HAY,PRODUCTION,TONS,9199
1997,NORTH CAROLINA,GASTON,HAY,PRODUCTION,TONS,622
1997,NORTH CAROLINA,GASTON,HAY,PRODUCTION,TONS,13900
1997,NORTH CAROLINA,GASTON,HAYLAGE,PRODUCTION,TONS,2355
1997,NORTH CAROLINA,GASTON,OATS,PRODUCTION,BU,7990
1997,NORTH CAROLINA,GASTON,OATS,PRODUCTION,BU,22000
1997,NORTH CAROLINA,GASTON,SORGHUM,PRODUCTION,BU,8600
1997,NORTH CAROLINA,GASTON,SOYBEANS,PRODUCTION,BU,33360
1997,NORTH CAROLINA,GASTON,SOYBEANS,PRODUCTION,BU,36000
1997,NORTH CAROLINA,GASTON,WHEAT,PRODUCTION,BU,30357
1997,NORTH CAROLINA,GASTON,WHEAT,PRODUCTION,BU,55000
1997,NORTH CAROLINA,GASTON,WHEAT,PRODUCTION,BU,55000
1997,NORTH CAROLINA,GASTON,WOOL,PRODUCTION,LB,NA
1997,NORTH CAROLINA,GASTON,WOOL,PRODUCTION,OPERATIONS,1
1997,NORTH CAROLINA,GATES,CORN,PRODUCTION,BU,593636
1997,NORTH CAROLINA,GATES,CORN,PRODUCTION,BU,755000
1997,NORTH CAROLINA,GATES,COTTON,PRODUCTION,BALES,19536
1997,NORTH CAROLINA,GATES,COTTON,PRODUCTION,480 LB BALES,19700
1997,NORTH CAROLINA,GATES,HAY,PRODUCTION,TONS,NA
1997,NORTH CAROLINA,GATES,HAY,PRODUCTION,TONS,1100
1997,NORTH CAROLINA,GATES,OATS,PRODUCTION,BU,3790
1997,NORTH CAROLINA,GATES,OATS,PRODUCTION,BU,4000
1997,NORTH CAROLINA,GATES,PEANUTS,PRODUCTION,LB,20827013
1997,NORTH CAROLINA,GATES,PEANUTS,PRODUCTION,LB,20457000
1997,NORTH CAROLINA,GATES,SORGHUM,PRODUCTION,BU,4800
1997,NORTH CAROLINA,GATES,SOYBEANS,PRODUCTION,BU,279188
1997,NORTH CAROLINA,GATES,SOYBEANS,PRODUCTION,BU,354000
1997,NORTH CAROLINA,GATES,TOBACCO,PRODUCTION,LB,379000
1997,NORTH CAROLINA,GATES,WHEAT,PRODUCTION,BU,150657
1997,NORTH CAROLINA,GATES,WHEAT,PRODUCTION,BU,138000
1997,NORTH CAROLINA,GATES,WHEAT,PRODUCTION,BU,138000
1997,NORTH CAROLINA,GATES,WOOL,PRODUCTION,LB,206
1997,NORTH CAROLINA,GATES,WOOL,PRODUCTION,OPERATIONS,4
1997,NORTH CAROLINA,GRAHAM,CORN,PRODUCTION,BU,232
1997,NORTH CAROLINA,GRAHAM,CORN,PRODUCTION,TONS,1718
1997,NORTH CAROLINA,GRAHAM,HAY,PRODUCTION,TONS,1257
1997,NORTH CAROLINA,GRAHAM,HAY,PRODUCTION,TONS,NA
1997,NORTH CAROLINA,GRAHAM,HAY,PRODUCTION,TONS,1300
1997,NORTH CAROLINA,GRAHAM,TOBACCO,PRODUCTION,LB,110569
1997,NORTH CAROLINA,GRAHAM,TOBACCO,PRODUCTION,LB,192000
1997,NORTH CAROLINA,GRANVILLE,BARLEY,PRODUCTION,BU,7000
1997,NORTH CAROLINA,GRANVILLE,CORN,PRODUCTION,BU,99124
1997,NORTH CAROLINA,GRANVILLE,CORN,PRODUCTION,TONS,10571
1997,NORTH CAROLINA,GRANVILLE,CORN,PRODUCTION,BU,103000
1997,NORTH CAROLINA,GRANVILLE,CORN,PRODUCTION,TONS,15000
1997,NORTH CAROLINA,GRANVILLE,HAY,PRODUCTION,TONS,1656
1997,NORTH CAROLINA,GRANVILLE,HAY,PRODUCTION,TONS,4409
1997,NORTH CAROLINA,GRANVILLE,HAY,PRODUCTION,TONS,11891
1997,NORTH CAROLINA,GRANVILLE,HAY,PRODUCTION,TONS,368
1997,NORTH CAROLINA,GRANVILLE,HAY,PRODUCTION,TONS,20500
1997,NORTH CAROLINA,GRANVILLE,HAYLAGE,PRODUCTION,TONS,351
1997,NORTH CAROLINA,GRANVILLE,OATS,PRODUCTION,BU,9505
1997,NORTH CAROLINA,GRANVILLE,OATS,PRODUCTION,BU,11000
1997,NORTH CAROLINA,GRANVILLE,SORGHUM,PRODUCTION,BU,3000
1997,NORTH CAROLINA,GRANVILLE,SOYBEANS,PRODUCTION,BU,50584
1997,NORTH CAROLINA,GRANVILLE,SOYBEANS,PRODUCTION,BU,55000
1997,NORTH CAROLINA,GRANVILLE,TOBACCO,PRODUCTION,LB,18366712
1997,NORTH CAROLINA,GRANVILLE,TOBACCO,PRODUCTION,LB,18475000
1997,NORTH CAROLINA,GRANVILLE,WHEAT,PRODUCTION,BU,162587
1997,NORTH CAROLINA,GRANVILLE,WHEAT,PRODUCTION,BU,195000
1997,NORTH CAROLINA,GRANVILLE,WHEAT,PRODUCTION,BU,195000
1997,NORTH CAROLINA,GRANVILLE,WOOL,PRODUCTION,LB,402
1997,NORTH CAROLINA,GRANVILLE,WOOL,PRODUCTION,OPERATIONS,8
1997,NORTH CAROLINA,GREENE,BARLEY,PRODUCTION,BU,800
1997,NORTH CAROLINA,GREENE,CORN,PRODUCTION,BU,1211982
1997,NORTH CAROLINA,GREENE,CORN,PRODUCTION,BU,1315000
1997,NORTH CAROLINA,GREENE,COTTON,PRODUCTION,BALES,25255
1997,NORTH CAROLINA,GREENE,COTTON,PRODUCTION,480 LB BALES,24300
1997,NORTH CAROLINA,GREENE,HAY,PRODUCTION,TONS,991
1997,NORTH CAROLINA,GREENE,HAY,PRODUCTION,TONS,3777
1997,NORTH CAROLINA,GREENE,HAY,PRODUCTION,TONS,6600
1997,NORTH CAROLINA,GREENE,HAYLAGE,PRODUCTION,TONS,382
1997,NORTH CAROLINA,GREENE,OATS,PRODUCTION,BU,8154
1997,NORTH CAROLINA,GREENE,OATS,PRODUCTION,BU,9000
1997,NORTH CAROLINA,GREENE,PEANUTS,PRODUCTION,LB,200000
1997,NORTH CAROLINA,GREENE,POTATOES,PRODUCTION,CWT,NA
1997,NORTH CAROLINA,GREENE,SOYBEANS,PRODUCTION,BU,660085
1997,NORTH CAROLINA,GREENE,SOYBEANS,PRODUCTION,BU,720000
1997,NORTH CAROLINA,GREENE,SWEET POTATOES,PRODUCTION,CWT,NA
1997,NORTH CAROLINA,GREENE,SWEET POTATOES,PRODUCTION,CWT,125000
1997,NORTH CAROLINA,GREENE,TOBACCO,PRODUCTION,LB,19957343
1997,NORTH CAROLINA,GREENE,TOBACCO,PRODUCTION,LB,20832000
1997,NORTH CAROLINA,GREENE,WHEAT,PRODUCTION,BU,540405
1997,NORTH CAROLINA,GREENE,WHEAT,PRODUCTION,BU,662000
1997,NORTH CAROLINA,GREENE,WHEAT,PRODUCTION,BU,662000
1997,NORTH CAROLINA,GREENE,WOOL,PRODUCTION,LB,740
1997,NORTH CAROLINA,GREENE,WOOL,PRODUCTION,OPERATIONS,7
1997,NORTH CAROLINA,GUILFORD,BARLEY,PRODUCTION,BU,11500
1997,NORTH CAROLINA,GUILFORD,BARLEY,PRODUCTION,BU,9800
1997,NORTH CAROLINA,GUILFORD,CORN,PRODUCTION,BU,301819
1997,NORTH CAROLINA,GUILFORD,CORN,PRODUCTION,TONS,33594
1997,NORTH CAROLINA,GUILFORD,CORN,PRODUCTION,BU,360000
1997,NORTH CAROLINA,GUILFORD,CORN,PRODUCTION,TONS,34000
1997,NORTH CAROLINA,GUILFORD,HAY,PRODUCTION,TONS,1396
1997,NORTH CAROLINA,GUILFORD,HAY,PRODUCTION,TONS,2413
1997,NORTH CAROLINA,GUILFORD,HAY,PRODUCTION,TONS,19553
1997,NORTH CAROLINA,GUILFORD,HAY,PRODUCTION,TONS,1790
1997,NORTH CAROLINA,GUILFORD,HAY,PRODUCTION,TONS,26500
1997,NORTH CAROLINA,GUILFORD,HAYLAGE,PRODUCTION,TONS,1345
1997,NORTH CAROLINA,GUILFORD,OATS,PRODUCTION,BU,30017
1997,NORTH CAROLINA,GUILFORD,OATS,PRODUCTION,BU,26000
1997,NORTH CAROLINA,GUILFORD,POTATOES,PRODUCTION,CWT,NA
1997,NORTH CAROLINA,GUILFORD,RYE,PRODUCTION,BU,672
1997,NORTH CAROLINA,GUILFORD,SORGHUM,PRODUCTION,BU,2840
1997,NORTH CAROLINA,GUILFORD,SORGHUM,PRODUCTION,BU,3300
1997,NORTH CAROLINA,GUILFORD,SOYBEANS,PRODUCTION,BU,108643
1997,NORTH CAROLINA,GUILFORD,SOYBEANS,PRODUCTION,BU,107000
1997,NORTH CAROLINA,GUILFORD,SWEET POTATOES,PRODUCTION,CWT,744
1997,NORTH CAROLINA,GUILFORD,TOBACCO,PRODUCTION,LB,11689102
1997,NORTH CAROLINA,GUILFORD,TOBACCO,PRODUCTION,LB,11800000
1997,NORTH CAROLINA,GUILFORD,WHEAT,PRODUCTION,BU,276910
1997,NORTH CAROLINA,GUILFORD,WHEAT,PRODUCTION,BU,290000
1997,NORTH CAROLINA,GUILFORD,WHEAT,PRODUCTION,BU,290000
1997,NORTH CAROLINA,GUILFORD,WOOL,PRODUCTION,LB,1307
1997,NORTH CAROLINA,GUILFORD,WOOL,PRODUCTION,OPERATIONS,7
1997,NORTH CAROLINA,HALIFAX,CORN,PRODUCTION,BU,531439
1997,NORTH CAROLINA,HALIFAX,CORN,PRODUCTION,TONS,10213
1997,NORTH CAROLINA,HALIFAX,CORN,PRODUCTION,BU,675000
1997,NORTH CAROLINA,HALIFAX,CORN,PRODUCTION,TONS,6000
1997,NORTH CAROLINA,HALIFAX,COTTON,PRODUCTION,BALES,67437
1997,NORTH CAROLINA,HALIFAX,COTTON,PRODUCTION,480 LB BALES,65800
1997,NORTH CAROLINA,HALIFAX,HAY,PRODUCTION,TONS,448
1997,NORTH CAROLINA,HALIFAX,HAY,PRODUCTION,TONS,2745
1997,NORTH CAROLINA,HALIFAX,HAY,PRODUCTION,TONS,58
1997,NORTH CAROLINA,HALIFAX,HAY,PRODUCTION,TONS,4700
1997,NORTH CAROLINA,HALIFAX,HAYLAGE,PRODUCTION,TONS,792
1997,NORTH CAROLINA,HALIFAX,OATS,PRODUCTION,BU,NA
1997,NORTH CAROLINA,HALIFAX,OATS,PRODUCTION,BU,11000
1997,NORTH CAROLINA,HALIFAX,PEANUTS,PRODUCTION,LB,44440470
1997,NORTH CAROLINA,HALIFAX,PEANUTS,PRODUCTION,LB,44538000
1997,NORTH CAROLINA,HALIFAX,RYE,PRODUCTION,BU,4680
1997,NORTH CAROLINA,HALIFAX,SORGHUM,PRODUCTION,BU,7100
1997,NORTH CAROLINA,HALIFAX,SOYBEANS,PRODUCTION,BU,213384
1997,NORTH CAROLINA,HALIFAX,SOYBEANS,PRODUCTION,BU,239000
1997,NORTH CAROLINA,HALIFAX,SWEET POTATOES,PRODUCTION,CWT,34925
1997,NORTH CAROLINA,HALIFAX,SWEET POTATOES,PRODUCTION,CWT,52300
1997,NORTH CAROLINA,HALIFAX,TOBACCO,PRODUCTION,LB,8405079
1997,NORTH CAROLINA,HALIFAX,TOBACCO,PRODUCTION,LB,8783000
1997,NORTH CAROLINA,HALIFAX,WHEAT,PRODUCTION,BU,149115
1997,NORTH CAROLINA,HALIFAX,WHEAT,PRODUCTION,BU,161000
1997,NORTH CAROLINA,HALIFAX,WHEAT,PRODUCTION,BU,161000
1997,NORTH CAROLINA,HALIFAX,WOOL,PRODUCTION,LB,NA
1997,NORTH CAROLINA,HALIFAX,WOOL,PRODUCTION,OPERATIONS,3
1997,NORTH CAROLINA,HARNETT,BARLEY,PRODUCTION,BU,NA
1997,NORTH CAROLINA,HARNETT,BARLEY,PRODUCTION,BU,24200
1997,NORTH CAROLINA,HARNETT,CORN,PRODUCTION,BU,365457
1997,NORTH CAROLINA,HARNETT,CORN,PRODUCTION,TONS,10181
1997,NORTH CAROLINA,HARNETT,CORN,PRODUCTION,BU,395000
1997,NORTH CAROLINA,HARNETT,CORN,PRODUCTION,TONS,8000
1997,NORTH CAROLINA,HARNETT,COTTON,PRODUCTION,BALES,13878
1997,NORTH CAROLINA,HARNETT,COTTON,PRODUCTION,480 LB BALES,16300
1997,NORTH CAROLINA,HARNETT,HAY,PRODUCTION,TONS,76
1997,NORTH CAROLINA,HARNETT,HAY,PRODUCTION,TONS,1893
1997,NORTH CAROLINA,HARNETT,HAY,PRODUCTION,TONS,6530
1997,NORTH CAROLINA,HARNETT,HAY,PRODUCTION,TONS,46
1997,NORTH CAROLINA,HARNETT,HAY,PRODUCTION,TONS,9100
1997,NORTH CAROLINA,HARNETT,HAYLAGE,PRODUCTION,TONS,1344
1997,NORTH CAROLINA,HARNETT,OATS,PRODUCTION,BU,34150
1997,NORTH CAROLINA,HARNETT,OATS,PRODUCTION,BU,38000
1997,NORTH CAROLINA,HARNETT,RYE,PRODUCTION,BU,5200
1997,NORTH CAROLINA,HARNETT,SORGHUM,PRODUCTION,BU,3500
1997,NORTH CAROLINA,HARNETT,SOYBEANS,PRODUCTION,BU,390846
1997,NORTH CAROLINA,HARNETT,SOYBEANS,PRODUCTION,BU,440000
1997,NORTH CAROLINA,HARNETT,SWEET POTATOES,PRODUCTION,CWT,97999
1997,NORTH CAROLINA,HARNETT,SWEET POTATOES,PRODUCTION,CWT,135000
1997,NORTH CAROLINA,HARNETT,TOBACCO,PRODUCTION,LB,20521075
1997,NORTH CAROLINA,HARNETT,TOBACCO,PRODUCTION,LB,21520000
1997,NORTH CAROLINA,HARNETT,WHEAT,PRODUCTION,BU,168102
1997,NORTH CAROLINA,HARNETT,WHEAT,PRODUCTION,BU,225000
1997,NORTH CAROLINA,HARNETT,WHEAT,PRODUCTION,BU,225000
1997,NORTH CAROLINA,HAYWOOD,CORN,PRODUCTION,BU,20313
1997,NORTH CAROLINA,HAYWOOD,CORN,PRODUCTION,TONS,42516
1997,NORTH CAROLINA,HAYWOOD,CORN,PRODUCTION,BU,25000
1997,NORTH CAROLINA,HAYWOOD,CORN,PRODUCTION,TONS,40000
1997,NORTH CAROLINA,HAYWOOD,HAY,PRODUCTION,TONS,1008
1997,NORTH CAROLINA,HAYWOOD,HAY,PRODUCTION,TONS,452
1997,NORTH CAROLINA,HAYWOOD,HAY,PRODUCTION,TONS,12601
1997,NORTH CAROLINA,HAYWOOD,HAY,PRODUCTION,TONS,701
1997,NORTH CAROLINA,HAYWOOD,HAY,PRODUCTION,TONS,16600
1997,NORTH CAROLINA,HAYWOOD,HAYLAGE,PRODUCTION,TONS,536
1997,NORTH CAROLINA,HAYWOOD,POTATOES,PRODUCTION,CWT,1834
1997,NORTH CAROLINA,HAYWOOD,TOBACCO,PRODUCTION,LB,1326278
1997,NORTH CAROLINA,HAYWOOD,TOBACCO,PRODUCTION,LB,1465000
1997,NORTH CAROLINA,HAYWOOD,WOOL,PRODUCTION,LB,2537
1997,NORTH CAROLINA,HAYWOOD,WOOL,PRODUCTION,OPERATIONS,19
1997,NORTH CAROLINA,HENDERSON,CORN,PRODUCTION,BU,279400
1997,NORTH CAROLINA,HENDERSON,CORN,PRODUCTION,TONS,60237
1997,NORTH CAROLINA,HENDERSON,CORN,PRODUCTION,BU,210000
1997,NORTH CAROLINA,HENDERSON,CORN,PRODUCTION,TONS,56000
1997,NORTH CAROLINA,HENDERSON,HAY,PRODUCTION,TONS,356
1997,NORTH CAROLINA,HENDERSON,HAY,PRODUCTION,TONS,1377
1997,NORTH CAROLINA,HENDERSON,HAY,PRODUCTION,TONS,8439
1997,NORTH CAROLINA,HENDERSON,HAY,PRODUCTION,TONS,691
1997,NORTH CAROLINA,HENDERSON,HAY,PRODUCTION,TONS,13400
1997,NORTH CAROLINA,HENDERSON,HAYLAGE,PRODUCTION,TONS,2878
1997,NORTH CAROLINA,HENDERSON,POTATOES,PRODUCTION,CWT,2130
1997,NORTH CAROLINA,HENDERSON,TOBACCO,PRODUCTION,LB,123500
1997,NORTH CAROLINA,HENDERSON,TOBACCO,PRODUCTION,LB,38000
1997,NORTH CAROLINA,HENDERSON,WOOL,PRODUCTION,LB,NA
1997,NORTH CAROLINA,HENDERSON,WOOL,PRODUCTION,OPERATIONS,3
1997,NORTH CAROLINA,HERTFORD,CORN,PRODUCTION,BU,714184
1997,NORTH CAROLINA,HERTFORD,CORN,PRODUCTION,BU,865000
1997,NORTH CAROLINA,HERTFORD,COTTON,PRODUCTION,BALES,24178
1997,NORTH CAROLINA,HERTFORD,COTTON,PRODUCTION,480 LB BALES,24000
1997,NORTH CAROLINA,HERTFORD,HAY,PRODUCTION,TONS,NA
1997,NORTH CAROLINA,HERTFORD,HAY,PRODUCTION,TONS,800
1997,NORTH CAROLINA,HERTFORD,PEANUTS,PRODUCTION,LB,27424879
1997,NORTH CAROLINA,HERTFORD,PEANUTS,PRODUCTION,LB,27665000
1997,NORTH CAROLINA,HERTFORD,SORGHUM,PRODUCTION,BU,14800
1997,NORTH CAROLINA,HERTFORD,SOYBEANS,PRODUCTION,BU,177597
1997,NORTH CAROLINA,HERTFORD,SOYBEANS,PRODUCTION,BU,204000
1997,NORTH CAROLINA,HERTFORD,SWEET POTATOES,PRODUCTION,CWT,2598
1997,NORTH CAROLINA,HERTFORD,TOBACCO,PRODUCTION,LB,4185310
1997,NORTH CAROLINA,HERTFORD,TOBACCO,PRODUCTION,LB,4378000
1997,NORTH CAROLINA,HERTFORD,WHEAT,PRODUCTION,BU,72925
1997,NORTH CAROLINA,HERTFORD,WHEAT,PRODUCTION,BU,77000
1997,NORTH CAROLINA,HERTFORD,WHEAT,PRODUCTION,BU,77000
1997,NORTH CAROLINA,HERTFORD,WOOL,PRODUCTION,LB,NA
1997,NORTH CAROLINA,HERTFORD,WOOL,PRODUCTION,OPERATIONS,1
1997,NORTH CAROLINA,HOKE,CORN,PRODUCTION,BU,154494
1997,NORTH CAROLINA,HOKE,CORN,PRODUCTION,BU,200000
1997,NORTH CAROLINA,HOKE,COTTON,PRODUCTION,BALES,26087
1997,NORTH CAROLINA,HOKE,COTTON,PRODUCTION,480 LB BALES,23200
1997,NORTH CAROLINA,HOKE,HAY,PRODUCTION,TONS,NA
1997,NORTH CAROLINA,HOKE,HAY,PRODUCTION,TONS,6850
1997,NORTH CAROLINA,HOKE,HAY,PRODUCTION,TONS,6900
1997,NORTH CAROLINA,HOKE,OATS,PRODUCTION,BU,14850
1997,NORTH CAROLINA,HOKE,OATS,PRODUCTION,BU,17000
1997,NORTH CAROLINA,HOKE,RYE,PRODUCTION,BU,15585
1997,NORTH CAROLINA,HOKE,SOYBEANS,PRODUCTION,BU,195991
1997,NORTH CAROLINA,HOKE,SOYBEANS,PRODUCTION,BU,258000
1997,NORTH CAROLINA,HOKE,TOBACCO,PRODUCTION,LB,3884960
1997,NORTH CAROLINA,HOKE,TOBACCO,PRODUCTION,LB,3850000
1997,NORTH CAROLINA,HOKE,WHEAT,PRODUCTION,BU,194073
1997,NORTH CAROLINA,HOKE,WHEAT,PRODUCTION,BU,245000
1997,NORTH CAROLINA,HOKE,WHEAT,PRODUCTION,BU,245000
1997,NORTH CAROLINA,HYDE,CORN,PRODUCTION,BU,4101717
1997,NORTH CAROLINA,HYDE,CORN,PRODUCTION,BU,3500000
1997,NORTH CAROLINA,HYDE,COTTON,PRODUCTION,BALES,8551
1997,NORTH CAROLINA,HYDE,COTTON,PRODUCTION,480 LB BALES,11400
1997,NORTH CAROLINA,HYDE,HAY,PRODUCTION,TONS,NA
1997,NORTH CAROLINA,HYDE,HAY,PRODUCTION,TONS,600
1997,NORTH CAROLINA,HYDE,POTATOES,PRODUCTION,CWT,48500
1997,NORTH CAROLINA,HYDE,SORGHUM,PRODUCTION,BU,2340
1997,NORTH CAROLINA,HYDE,SORGHUM,PRODUCTION,BU,3300
1997,NORTH CAROLINA,HYDE,SOYBEANS,PRODUCTION,BU,1393517
1997,NORTH CAROLINA,HYDE,SOYBEANS,PRODUCTION,BU,1350000
1997,NORTH CAROLINA,HYDE,WHEAT,PRODUCTION,BU,987892
1997,NORTH CAROLINA,HYDE,WHEAT,PRODUCTION,BU,1098000
1997,NORTH CAROLINA,HYDE,WHEAT,PRODUCTION,BU,1098000
1997,NORTH CAROLINA,IREDELL,BARLEY,PRODUCTION,BU,142645
1997,NORTH CAROLINA,IREDELL,BARLEY,PRODUCTION,BU,155800
1997,NORTH CAROLINA,IREDELL,CORN,PRODUCTION,BU,485646
1997,NORTH CAROLINA,IREDELL,CORN,PRODUCTION,TONS,150399
1997,NORTH CAROLINA,IREDELL,CORN,PRODUCTION,BU,525000
1997,NORTH CAROLINA,IREDELL,CORN,PRODUCTION,TONS,160000
1997,NORTH CAROLINA,IREDELL,COTTON,PRODUCTION,480 LB BALES,400
1997,NORTH CAROLINA,IREDELL,GRASSES,PRODUCTION,LB,NA
1997,NORTH CAROLINA,IREDELL,HAY,PRODUCTION,TONS,4395
1997,NORTH CAROLINA,IREDELL,HAY,PRODUCTION,TONS,3433
1997,NORTH CAROLINA,IREDELL,HAY,PRODUCTION,TONS,54049
1997,NORTH CAROLINA,IREDELL,HAY,PRODUCTION,TONS,1653
1997,NORTH CAROLINA,IREDELL,HAY,PRODUCTION,TONS,74000
1997,NORTH CAROLINA,IREDELL,HAYLAGE,PRODUCTION,TONS,7063
1997,NORTH CAROLINA,IREDELL,OATS,PRODUCTION,BU,33505
1997,NORTH CAROLINA,IREDELL,OATS,PRODUCTION,BU,33000
1997,NORTH CAROLINA,IREDELL,SORGHUM,PRODUCTION,BU,7500
1997,NORTH CAROLINA,IREDELL,SOYBEANS,PRODUCTION,BU,286461
1997,NORTH CAROLINA,IREDELL,SOYBEANS,PRODUCTION,BU,303000
1997,NORTH CAROLINA,IREDELL,TOBACCO,PRODUCTION,LB,1147337
1997,NORTH CAROLINA,IREDELL,TOBACCO,PRODUCTION,LB,1327000
1997,NORTH CAROLINA,IREDELL,WHEAT,PRODUCTION,BU,317541
1997,NORTH CAROLINA,IREDELL,WHEAT,PRODUCTION,BU,320000
1997,NORTH CAROLINA,IREDELL,WHEAT,PRODUCTION,BU,320000
1997,NORTH CAROLINA,IREDELL,WOOL,PRODUCTION,LB,898
1997,NORTH CAROLINA,IREDELL,WOOL,PRODUCTION,OPERATIONS,9
1997,NORTH CAROLINA,JACKSON,CORN,PRODUCTION,BU,1970
1997,NORTH CAROLINA,JACKSON,GINSENG,PRODUCTION,LB,NA
1997,NORTH CAROLINA,JACKSON,HAY,PRODUCTION,TONS,1597
1997,NORTH CAROLINA,JACKSON,HAY,PRODUCTION,TONS,NA
1997,NORTH CAROLINA,JACKSON,HAY,PRODUCTION,TONS,1700
1997,NORTH CAROLINA,JACKSON,POTATOES,PRODUCTION,CWT,712
1997,NORTH CAROLINA,JACKSON,TOBACCO,PRODUCTION,LB,45764
1997,NORTH CAROLINA,JACKSON,TOBACCO,PRODUCTION,LB,65000
1997,NORTH CAROLINA,JOHNSTON,BARLEY,PRODUCTION,BU,3800
1997,NORTH CAROLINA,JOHNSTON,BARLEY,PRODUCTION,BU,3600
1997,NORTH CAROLINA,JOHNSTON,CORN,PRODUCTION,BU,905321
1997,NORTH CAROLINA,JOHNSTON,CORN,PRODUCTION,TONS,4160
1997,NORTH CAROLINA,JOHNSTON,CORN,PRODUCTION,BU,1075000
1997,NORTH CAROLINA,JOHNSTON,CORN,PRODUCTION,TONS,2400
1997,NORTH CAROLINA,JOHNSTON,COTTON,PRODUCTION,BALES,17114
1997,NORTH CAROLINA,JOHNSTON,COTTON,PRODUCTION,480 LB BALES,15300
1997,NORTH CAROLINA,JOHNSTON,HAY,PRODUCTION,TONS,98
1997,NORTH CAROLINA,JOHNSTON,HAY,PRODUCTION,TONS,3365
1997,NORTH CAROLINA,JOHNSTON,HAY,PRODUCTION,TONS,15101
1997,NORTH CAROLINA,JOHNSTON,HAY,PRODUCTION,TONS,505
1997,NORTH CAROLINA,JOHNSTON,HAY,PRODUCTION,TONS,22100
1997,NORTH CAROLINA,JOHNSTON,HAYLAGE,PRODUCTION,TONS,187
1997,NORTH CAROLINA,JOHNSTON,OATS,PRODUCTION,BU,48744
1997,NORTH CAROLINA,JOHNSTON,OATS,PRODUCTION,BU,57000
1997,NORTH CAROLINA,JOHNSTON,PEANUTS,PRODUCTION,LB,197180
1997,NORTH CAROLINA,JOHNSTON,PEANUTS,PRODUCTION,LB,155000
1997,NORTH CAROLINA,JOHNSTON,POTATOES,PRODUCTION,CWT,44841
1997,NORTH CAROLINA,JOHNSTON,POTATOES,PRODUCTION,CWT,42700
1997,NORTH CAROLINA,JOHNSTON,RYE,PRODUCTION,BU,21400
1997,NORTH CAROLINA,JOHNSTON,SORGHUM,PRODUCTION,BU,6815
1997,NORTH CAROLINA,JOHNSTON,SORGHUM,PRODUCTION,BU,8200
1997,NORTH CAROLINA,JOHNSTON,SOYBEANS,PRODUCTION,BU,1107164
1997,NORTH CAROLINA,JOHNSTON,SOYBEANS,PRODUCTION,BU,1264000
1997,NORTH CAROLINA,JOHNSTON,SWEET POTATOES,PRODUCTION,CWT,1061506
1997,NORTH CAROLINA,JOHNSTON,SWEET POTATOES,PRODUCTION,CWT,1074000
1997,NORTH CAROLINA,JOHNSTON,TOBACCO,PRODUCTION,LB,37314602
1997,NORTH CAROLINA,JOHNSTON,TOBACCO,PRODUCTION,LB,38591000
1997,NORTH CAROLINA,JOHNSTON,WHEAT,PRODUCTION,BU,639631
1997,NORTH CAROLINA,JOHNSTON,WHEAT,PRODUCTION,BU,700000
1997,NORTH CAROLINA,JOHNSTON,WHEAT,PRODUCTION,BU,700000
1997,NORTH CAROLINA,JOHNSTON,WOOL,PRODUCTION,LB,290
1997,NORTH CAROLINA,JOHNSTON,WOOL,PRODUCTION,OPERATIONS,7
1997,NORTH CAROLINA,JONES,CORN,PRODUCTION,BU,935269
1997,NORTH CAROLINA,JONES,CORN,PRODUCTION,BU,990000
1997,NORTH CAROLINA,JONES,COTTON,PRODUCTION,BALES,26677
1997,NORTH CAROLINA,JONES,COTTON,PRODUCTION,480 LB BALES,30500
1997,NORTH CAROLINA,JONES,HAY,PRODUCTION,TONS,418
1997,NORTH CAROLINA,JONES,HAY,PRODUCTION,TONS,2391
1997,NORTH CAROLINA,JONES,HAY,PRODUCTION,TONS,3000
1997,NORTH CAROLINA,JONES,HAYLAGE,PRODUCTION,TONS,NA
1997,NORTH CAROLINA,JONES,SOYBEANS,PRODUCTION,BU,306205
1997,NORTH CAROLINA,JONES,SOYBEANS,PRODUCTION,BU,306000
1997,NORTH CAROLINA,JONES,SWEET POTATOES,PRODUCTION,CWT,3696
1997,NORTH CAROLINA,JONES,TOBACCO,PRODUCTION,LB,8590094
1997,NORTH CAROLINA,JONES,TOBACCO,PRODUCTION,LB,8649000
1997,NORTH CAROLINA,JONES,WHEAT,PRODUCTION,BU,228032
1997,NORTH CAROLINA,JONES,WHEAT,PRODUCTION,BU,250000
1997,NORTH CAROLINA,JONES,WHEAT,PRODUCTION,BU,250000
1997,NORTH CAROLINA,JONES,WOOL,PRODUCTION,LB,NA
1997,NORTH CAROLINA,JONES,WOOL,PRODUCTION,OPERATIONS,2
1997,NORTH CAROLINA,LEE,CORN,PRODUCTION,BU,87570
1997,NORTH CAROLINA,LEE,CORN,PRODUCTION,BU,97000
1997,NORTH CAROLINA,LEE,COTTON,PRODUCTION,BALES,1554
1997,NORTH CAROLINA,LEE,COTTON,PRODUCTION,480 LB BALES,1300
1997,NORTH CAROLINA,LEE,HAY,PRODUCTION,TONS,334
1997,NORTH CAROLINA,LEE,HAY,PRODUCTION,TONS,3280
1997,NORTH CAROLINA,LEE,HAY,PRODUCTION,TONS,83
1997,NORTH CAROLINA,LEE,HAY,PRODUCTION,TONS,4300
1997,NORTH CAROLINA,LEE,HAYLAGE,PRODUCTION,TONS,534
1997,NORTH CAROLINA,LEE,OATS,PRODUCTION,BU,23349
1997,NORTH CAROLINA,LEE,OATS,PRODUCTION,BU,35000
1997,NORTH CAROLINA,LEE,RYE,PRODUCTION,BU,7110
1997,NORTH CAROLINA,LEE,SOYBEANS,PRODUCTION,BU,68426
1997,NORTH CAROLINA,LEE,SOYBEANS,PRODUCTION,BU,72000
1997,NORTH CAROLINA,LEE,SWEET POTATOES,PRODUCTION,CWT,3333
1997,NORTH CAROLINA,LEE,TOBACCO,PRODUCTION,LB,7618380
1997,NORTH CAROLINA,LEE,TOBACCO,PRODUCTION,LB,7085000
1997,NORTH CAROLINA,LEE,WHEAT,PRODUCTION,BU,53137
1997,NORTH CAROLINA,LEE,WHEAT,PRODUCTION,BU,61000
1997,NORTH CAROLINA,LEE,WHEAT,PRODUCTION,BU,61000
1997,NORTH CAROLINA,LENOIR,BARLEY,PRODUCTION,BU,13500
1997,NORTH CAROLINA,LENOIR,CORN,PRODUCTION,BU,2010111
1997,NORTH CAROLINA,LENOIR,CORN,PRODUCTION,TONS,4540
1997,NORTH CAROLINA,LENOIR,CORN,PRODUCTION,BU,2080000
1997,NORTH CAROLINA,LENOIR,CORN,PRODUCTION,TONS,4400
1997,NORTH CAROLINA,LENOIR,COTTON,PRODUCTION,BALES,47550
1997,NORTH CAROLINA,LENOIR,COTTON,PRODUCTION,480 LB BALES,39500
1997,NORTH CAROLINA,LENOIR,HAY,PRODUCTION,TONS,306
1997,NORTH CAROLINA,LENOIR,HAY,PRODUCTION,TONS,2980
1997,NORTH CAROLINA,LENOIR,HAY,PRODUCTION,TONS,5900
1997,NORTH CAROLINA,LENOIR,HAYLAGE,PRODUCTION,TONS,719
1997,NORTH CAROLINA,LENOIR,OATS,PRODUCTION,BU,10470
1997,NORTH CAROLINA,LENOIR,OATS,PRODUCTION,BU,9500
1997,NORTH CAROLINA,LENOIR,PEANUTS,PRODUCTION,LB,60000
1997,NORTH CAROLINA,LENOIR,RYE,PRODUCTION,BU,8730
1997,NORTH CAROLINA,LENOIR,SOYBEANS,PRODUCTION,BU,693843
1997,NORTH CAROLINA,LENOIR,SOYBEANS,PRODUCTION,BU,750000
1997,NORTH CAROLINA,LENOIR,SWEET POTATOES,PRODUCTION,CWT,NA
1997,NORTH CAROLINA,LENOIR,SWEET POTATOES,PRODUCTION,CWT,67500
1997,NORTH CAROLINA,LENOIR,TOBACCO,PRODUCTION,LB,25609384
1997,NORTH CAROLINA,LENOIR,TOBACCO,PRODUCTION,LB,25550000
1997,NORTH CAROLINA,LENOIR,WHEAT,PRODUCTION,BU,705889
1997,NORTH CAROLINA,LENOIR,WHEAT,PRODUCTION,BU,775000
1997,NORTH CAROLINA,LENOIR,WHEAT,PRODUCTION,BU,775000
1997,NORTH CAROLINA,LINCOLN,BARLEY,PRODUCTION,BU,46545
1997,NORTH CAROLINA,LINCOLN,BARLEY,PRODUCTION,BU,61500
1997,NORTH CAROLINA,LINCOLN,CORN,PRODUCTION,BU,109138
1997,NORTH CAROLINA,LINCOLN,CORN,PRODUCTION,TONS,18608
1997,NORTH CAROLINA,LINCOLN,CORN,PRODUCTION,BU,134000
1997,NORTH CAROLINA,LINCOLN,CORN,PRODUCTION,TONS,23000
1997,NORTH CAROLINA,LINCOLN,HAY,PRODUCTION,TONS,1356
1997,NORTH CAROLINA,LINCOLN,HAY,PRODUCTION,TONS,2194
1997,NORTH CAROLINA,LINCOLN,HAY,PRODUCTION,TONS,14990
1997,NORTH CAROLINA,LINCOLN,HAY,PRODUCTION,TONS,2068
1997,NORTH CAROLINA,LINCOLN,HAY,PRODUCTION,TONS,23500
1997,NORTH CAROLINA,LINCOLN,HAYLAGE,PRODUCTION,TONS,5484
1997,NORTH CAROLINA,LINCOLN,OATS,PRODUCTION,BU,26160
1997,NORTH CAROLINA,LINCOLN,OATS,PRODUCTION,BU,31000
1997,NORTH CAROLINA,LINCOLN,RYE,PRODUCTION,BU,1940
1997,NORTH CAROLINA,LINCOLN,SORGHUM,PRODUCTION,BU,20100
1997,NORTH CAROLINA,LINCOLN,SOYBEANS,PRODUCTION,BU,108087
1997,NORTH CAROLINA,LINCOLN,SOYBEANS,PRODUCTION,BU,124000
1997,NORTH CAROLINA,LINCOLN,WHEAT,PRODUCTION,BU,148570
1997,NORTH CAROLINA,LINCOLN,WHEAT,PRODUCTION,BU,182000
1997,NORTH CAROLINA,LINCOLN,WHEAT,PRODUCTION,BU,182000
1997,NORTH CAROLINA,LINCOLN,WOOL,PRODUCTION,LB,444
1997,NORTH CAROLINA,LINCOLN,WOOL,PRODUCTION,OPERATIONS,4
1997,NORTH CAROLINA,MACON,CORN,PRODUCTION,BU,6950
1997,NORTH CAROLINA,MACON,CORN,PRODUCTION,TONS,9142
1997,NORTH CAROLINA,MACON,CORN,PRODUCTION,TONS,9000
1997,NORTH CAROLINA,MACON,HAY,PRODUCTION,TONS,NA
1997,NORTH CAROLINA,MACON,HAY,PRODUCTION,TONS,211
1997,NORTH CAROLINA,MACON,HAY,PRODUCTION,TONS,6631
1997,NORTH CAROLINA,MACON,HAY,PRODUCTION,TONS,290
1997,NORTH CAROLINA,MACON,HAY,PRODUCTION,TONS,8300
1997,NORTH CAROLINA,MACON,POTATOES,PRODUCTION,CWT,798
1997,NORTH CAROLINA,MACON,TOBACCO,PRODUCTION,LB,59451
1997,NORTH CAROLINA,MACON,TOBACCO,PRODUCTION,LB,63000
1997,NORTH CAROLINA,MACON,WOOL,PRODUCTION,LB,180
1997,NORTH CAROLINA,MACON,WOOL,PRODUCTION,OPERATIONS,4
1997,NORTH CAROLINA,MADISON,CORN,PRODUCTION,BU,6991
1997,NORTH CAROLINA,MADISON,CORN,PRODUCTION,TONS,3249
1997,NORTH CAROLINA,MADISON,CORN,PRODUCTION,TONS,4800
1997,NORTH CAROLINA,MADISON,HAY,PRODUCTION,TONS,807
1997,NORTH CAROLINA,MADISON,HAY,PRODUCTION,TONS,266
1997,NORTH CAROLINA,MADISON,HAY,PRODUCTION,TONS,8633
1997,NORTH CAROLINA,MADISON,HAY,PRODUCTION,TONS,262
1997,NORTH CAROLINA,MADISON,HAY,PRODUCTION,TONS,11700
1997,NORTH CAROLINA,MADISON,HAYLAGE,PRODUCTION,TONS,225
1997,NORTH CAROLINA,MADISON,POTATOES,PRODUCTION,CWT,2945
1997,NORTH CAROLINA,MADISON,SWEET POTATOES,PRODUCTION,CWT,514
1997,NORTH CAROLINA,MADISON,TOBACCO,PRODUCTION,LB,3346401
1997,NORTH CAROLINA,MADISON,TOBACCO,PRODUCTION,LB,3600000
1997,NORTH CAROLINA,MADISON,WOOL,PRODUCTION,LB,4956
1997,NORTH CAROLINA,MADISON,WOOL,PRODUCTION,OPERATIONS,21
1997,NORTH CAROLINA,MARTIN,CORN,PRODUCTION,BU,703449
1997,NORTH CAROLINA,MARTIN,CORN,PRODUCTION,BU,790000
1997,NORTH CAROLINA,MARTIN,COTTON,PRODUCTION,BALES,52249
1997,NORTH CAROLINA,MARTIN,COTTON,PRODUCTION,480 LB BALES,52000
1997,NORTH CAROLINA,MARTIN,HAY,PRODUCTION,TONS,NA
1997,NORTH CAROLINA,MARTIN,HAY,PRODUCTION,TONS,1000
1997,NORTH CAROLINA,MARTIN,PEANUTS,PRODUCTION,LB,41363617
1997,NORTH CAROLINA,MARTIN,PEANUTS,PRODUCTION,LB,42550000
1997,NORTH CAROLINA,MARTIN,SOYBEANS,PRODUCTION,BU,252171
1997,NORTH CAROLINA,MARTIN,SOYBEANS,PRODUCTION,BU,270000
1997,NORTH CAROLINA,MARTIN,SWEET POTATOES,PRODUCTION,CWT,1045
1997,NORTH CAROLINA,MARTIN,TOBACCO,PRODUCTION,LB,12910512
1997,NORTH CAROLINA,MARTIN,TOBACCO,PRODUCTION,LB,14023000
1997,NORTH CAROLINA,MARTIN,WHEAT,PRODUCTION,BU,147730
1997,NORTH CAROLINA,MARTIN,WHEAT,PRODUCTION,BU,184000
1997,NORTH CAROLINA,MARTIN,WHEAT,PRODUCTION,BU,184000
1997,NORTH CAROLINA,MCDOWELL,CORN,PRODUCTION,BU,55288
1997,NORTH CAROLINA,MCDOWELL,CORN,PRODUCTION,TONS,11064
1997,NORTH CAROLINA,MCDOWELL,CORN,PRODUCTION,BU,54000
1997,NORTH CAROLINA,MCDOWELL,CORN,PRODUCTION,TONS,9500
1997,NORTH CAROLINA,MCDOWELL,HAY,PRODUCTION,TONS,495
1997,NORTH CAROLINA,MCDOWELL,HAY,PRODUCTION,TONS,151
1997,NORTH CAROLINA,MCDOWELL,HAY,PRODUCTION,TONS,5853
1997,NORTH CAROLINA,MCDOWELL,HAY,PRODUCTION,TONS,42
1997,NORTH CAROLINA,MCDOWELL,HAY,PRODUCTION,TONS,7200
1997,NORTH CAROLINA,MCDOWELL,HAYLAGE,PRODUCTION,TONS,203
1997,NORTH CAROLINA,MCDOWELL,POTATOES,PRODUCTION,CWT,92
1997,NORTH CAROLINA,MCDOWELL,SOYBEANS,PRODUCTION,BU,NA
1997,NORTH CAROLINA,MCDOWELL,TOBACCO,PRODUCTION,LB,11250
1997,NORTH CAROLINA,MCDOWELL,TOBACCO,PRODUCTION,LB,15000
1997,NORTH CAROLINA,MECKLENBURG,BARLEY,PRODUCTION,BU,6640
1997,NORTH CAROLINA,MECKLENBURG,BARLEY,PRODUCTION,BU,12500
1997,NORTH CAROLINA,MECKLENBURG,CORN,PRODUCTION,BU,26041
1997,NORTH CAROLINA,MECKLENBURG,CORN,PRODUCTION,TONS,8994
1997,NORTH CAROLINA,MECKLENBURG,CORN,PRODUCTION,BU,25000
1997,NORTH CAROLINA,MECKLENBURG,CORN,PRODUCTION,TONS,9500
1997,NORTH CAROLINA,MECKLENBURG,GRASSES,PRODUCTION,LB,NA
1997,NORTH CAROLINA,MECKLENBURG,HAY,PRODUCTION,TONS,523
1997,NORTH CAROLINA,MECKLENBURG,HAY,PRODUCTION,TONS,2237
1997,NORTH CAROLINA,MECKLENBURG,HAY,PRODUCTION,TONS,6405
1997,NORTH CAROLINA,MECKLENBURG,HAY,PRODUCTION,TONS,NA
1997,NORTH CAROLINA,MECKLENBURG,HAY,PRODUCTION,TONS,10200
1997,NORTH CAROLINA,MECKLENBURG,HAYLAGE,PRODUCTION,TONS,NA
1997,NORTH CAROLINA,MECKLENBURG,OATS,PRODUCTION,BU,1050
1997,NORTH CAROLINA,MECKLENBURG,SOYBEANS,PRODUCTION,BU,26488
1997,NORTH CAROLINA,MECKLENBURG,SOYBEANS,PRODUCTION,BU,23000
1997,NORTH CAROLINA,MECKLENBURG,WHEAT,PRODUCTION,BU,81759
1997,NORTH CAROLINA,MECKLENBURG,WHEAT,PRODUCTION,BU,95000
1997,NORTH CAROLINA,MECKLENBURG,WHEAT,PRODUCTION,BU,95000
1997,NORTH CAROLINA,MECKLENBURG,WOOL,PRODUCTION,LB,NA
1997,NORTH CAROLINA,MECKLENBURG,WOOL,PRODUCTION,OPERATIONS,4
1997,NORTH CAROLINA,MITCHELL,CORN,PRODUCTION,BU,5865
1997,NORTH CAROLINA,MITCHELL,HAY,PRODUCTION,TONS,137
1997,NORTH CAROLINA,MITCHELL,HAY,PRODUCTION,TONS,20
1997,NORTH CAROLINA,MITCHELL,HAY,PRODUCTION,TONS,4498
1997,NORTH CAROLINA,MITCHELL,HAY,PRODUCTION,TONS,488
1997,NORTH CAROLINA,MITCHELL,HAY,PRODUCTION,TONS,6000
1997,NORTH CAROLINA,MITCHELL,HAYLAGE,PRODUCTION,TONS,14
1997,NORTH CAROLINA,MITCHELL,POTATOES,PRODUCTION,CWT,697
1997,NORTH CAROLINA,MITCHELL,TOBACCO,PRODUCTION,LB,591852
1997,NORTH CAROLINA,MITCHELL,TOBACCO,PRODUCTION,LB,600000
1997,NORTH CAROLINA,MITCHELL,WOOL,PRODUCTION,LB,372
1997,NORTH CAROLINA,MITCHELL,WOOL,PRODUCTION,OPERATIONS,4
1997,NORTH CAROLINA,MONTGOMERY,CORN,PRODUCTION,BU,61397
1997,NORTH CAROLINA,MONTGOMERY,CORN,PRODUCTION,BU,108000
1997,NORTH CAROLINA,MONTGOMERY,COTTON,PRODUCTION,480 LB BALES,400
1997,NORTH CAROLINA,MONTGOMERY,HAY,PRODUCTION,TONS,347
1997,NORTH CAROLINA,MONTGOMERY,HAY,PRODUCTION,TONS,5895
1997,NORTH CAROLINA,MONTGOMERY,HAY,PRODUCTION,TONS,78
1997,NORTH CAROLINA,MONTGOMERY,HAY,PRODUCTION,TONS,6900
1997,NORTH CAROLINA,MONTGOMERY,SORGHUM,PRODUCTION,BU,4200
1997,NORTH CAROLINA,MONTGOMERY,SOYBEANS,PRODUCTION,BU,12935
1997,NORTH CAROLINA,MONTGOMERY,SOYBEANS,PRODUCTION,BU,70000
1997,NORTH CAROLINA,MONTGOMERY,SWEET POTATOES,PRODUCTION,CWT,2662
1997,NORTH CAROLINA,MONTGOMERY,TOBACCO,PRODUCTION,LB,860423
1997,NORTH CAROLINA,MONTGOMERY,TOBACCO,PRODUCTION,LB,1147000
1997,NORTH CAROLINA,MONTGOMERY,WHEAT,PRODUCTION,BU,9020
1997,NORTH CAROLINA,MONTGOMERY,WHEAT,PRODUCTION,BU,25000
1997,NORTH CAROLINA,MONTGOMERY,WHEAT,PRODUCTION,BU,25000
1997,NORTH CAROLINA,MOORE,BARLEY,PRODUCTION,BU,3200
1997,NORTH CAROLINA,MOORE,CORN,PRODUCTION,BU,137408
1997,NORTH CAROLINA,MOORE,CORN,PRODUCTION,BU,135000
1997,NORTH CAROLINA,MOORE,COTTON,PRODUCTION,BALES,NA
1997,NORTH CAROLINA,MOORE,COTTON,PRODUCTION,480 LB BALES,350
1997,NORTH CAROLINA,MOORE,HAY,PRODUCTION,TONS,1726
1997,NORTH CAROLINA,MOORE,HAY,PRODUCTION,TONS,10105
1997,NORTH CAROLINA,MOORE,HAY,PRODUCTION,TONS,325
1997,NORTH CAROLINA,MOORE,HAY,PRODUCTION,TONS,12500
1997,NORTH CAROLINA,MOORE,HAYLAGE,PRODUCTION,TONS,NA
1997,NORTH CAROLINA,MOORE,OATS,PRODUCTION,BU,14739
1997,NORTH CAROLINA,MOORE,OATS,PRODUCTION,BU,16000
1997,NORTH CAROLINA,MOORE,RYE,PRODUCTION,BU,16908
1997,NORTH CAROLINA,MOORE,SORGHUM,PRODUCTION,BU,NA
1997,NORTH CAROLINA,MOORE,SORGHUM,PRODUCTION,BU,7600
1997,NORTH CAROLINA,MOORE,SOYBEANS,PRODUCTION,BU,60991
1997,NORTH CAROLINA,MOORE,SOYBEANS,PRODUCTION,BU,68000
1997,NORTH CAROLINA,MOORE,SWEET POTATOES,PRODUCTION,CWT,12641
1997,NORTH CAROLINA,MOORE,TOBACCO,PRODUCTION,LB,8054343
1997,NORTH CAROLINA,MOORE,TOBACCO,PRODUCTION,LB,7683000
1997,NORTH CAROLINA,MOORE,WHEAT,PRODUCTION,BU,114035
1997,NORTH CAROLINA,MOORE,WHEAT,PRODUCTION,BU,130000
1997,NORTH CAROLINA,MOORE,WHEAT,PRODUCTION,BU,130000
1997,NORTH CAROLINA,MOORE,WOOL,PRODUCTION,LB,1497
1997,NORTH CAROLINA,MOORE,WOOL,PRODUCTION,OPERATIONS,7
1997,NORTH CAROLINA,NASH,BARLEY,PRODUCTION,BU,1400
1997,NORTH CAROLINA,NASH,CORN,PRODUCTION,BU,224734
1997,NORTH CAROLINA,NASH,CORN,PRODUCTION,BU,280000
1997,NORTH CAROLINA,NASH,COTTON,PRODUCTION,BALES,26236
1997,NORTH CAROLINA,NASH,COTTON,PRODUCTION,480 LB BALES,26500
1997,NORTH CAROLINA,NASH,HAY,PRODUCTION,TONS,61
1997,NORTH CAROLINA,NASH,HAY,PRODUCTION,TONS,502
1997,NORTH CAROLINA,NASH,HAY,PRODUCTION,TONS,9451
1997,NORTH CAROLINA,NASH,HAY,PRODUCTION,TONS,86
1997,NORTH CAROLINA,NASH,HAY,PRODUCTION,TONS,14500
1997,NORTH CAROLINA,NASH,HAYLAGE,PRODUCTION,TONS,1080
1997,NORTH CAROLINA,NASH,OATS,PRODUCTION,BU,39220
1997,NORTH CAROLINA,NASH,OATS,PRODUCTION,BU,42000
1997,NORTH CAROLINA,NASH,PEANUTS,PRODUCTION,LB,6758667
1997,NORTH CAROLINA,NASH,PEANUTS,PRODUCTION,LB,6602000
1997,NORTH CAROLINA,NASH,SORGHUM,PRODUCTION,BU,12200
1997,NORTH CAROLINA,NASH,SOYBEANS,PRODUCTION,BU,631678
1997,NORTH CAROLINA,NASH,SOYBEANS,PRODUCTION,BU,740000
1997,NORTH CAROLINA,NASH,SWEET POTATOES,PRODUCTION,CWT,1159804
1997,NORTH CAROLINA,NASH,SWEET POTATOES,PRODUCTION,CWT,1074000
1997,NORTH CAROLINA,NASH,TOBACCO,PRODUCTION,LB,31367920
1997,NORTH CAROLINA,NASH,TOBACCO,PRODUCTION,LB,31433000
1997,NORTH CAROLINA,NASH,WHEAT,PRODUCTION,BU,426325
1997,NORTH CAROLINA,NASH,WHEAT,PRODUCTION,BU,475000
1997,NORTH CAROLINA,NASH,WHEAT,PRODUCTION,BU,475000
1997,NORTH CAROLINA,NASH,WOOL,PRODUCTION,LB,NA
1997,NORTH CAROLINA,NASH,WOOL,PRODUCTION,OPERATIONS,1
1997,NORTH CAROLINA,NEW HANOVER,CORN,PRODUCTION,BU,106570
1997,NORTH CAROLINA,NEW HANOVER,CORN,PRODUCTION,BU,114000
1997,NORTH CAROLINA,NEW HANOVER,HAY,PRODUCTION,TONS,NA
1997,NORTH CAROLINA,NEW HANOVER,SOYBEANS,PRODUCTION,BU,46986
1997,NORTH CAROLINA,NEW HANOVER,SOYBEANS,PRODUCTION,BU,60000
1997,NORTH CAROLINA,NEW HANOVER,TOBACCO,PRODUCTION,LB,140000
1997,NORTH CAROLINA,NORTHAMPTON,CORN,PRODUCTION,BU,392443
1997,NORTH CAROLINA,NORTHAMPTON,CORN,PRODUCTION,TONS,1061
1997,NORTH CAROLINA,NORTHAMPTON,CORN,PRODUCTION,BU,425000
1997,NORTH CAROLINA,NORTHAMPTON,COTTON,PRODUCTION,BALES,69406
1997,NORTH CAROLINA,NORTHAMPTON,COTTON,PRODUCTION,480 LB BALES,66000
1997,NORTH CAROLINA,NORTHAMPTON,HAY,PRODUCTION,TONS,NA
1997,NORTH CAROLINA,NORTHAMPTON,HAY,PRODUCTION,TONS,3500
1997,NORTH CAROLINA,NORTHAMPTON,PEANUTS,PRODUCTION,LB,54917367
1997,NORTH CAROLINA,NORTHAMPTON,PEANUTS,PRODUCTION,LB,52020000
1997,NORTH CAROLINA,NORTHAMPTON,SORGHUM,PRODUCTION,BU,18227
1997,NORTH CAROLINA,NORTHAMPTON,SORGHUM,PRODUCTION,BU,20300
1997,NORTH CAROLINA,NORTHAMPTON,SOYBEANS,PRODUCTION,BU,213305
1997,NORTH CAROLINA,NORTHAMPTON,SOYBEANS,PRODUCTION,BU,252000
1997,NORTH CAROLINA,NORTHAMPTON,TOBACCO,PRODUCTION,LB,653320
1997,NORTH CAROLINA,NORTHAMPTON,TOBACCO,PRODUCTION,LB,635000
1997,NORTH CAROLINA,NORTHAMPTON,WHEAT,PRODUCTION,BU,134984
1997,NORTH CAROLINA,NORTHAMPTON,WHEAT,PRODUCTION,BU,130000
1997,NORTH CAROLINA,NORTHAMPTON,WHEAT,PRODUCTION,BU,130000
1997,NORTH CAROLINA,NORTHAMPTON,WOOL,PRODUCTION,LB,NA
1997,NORTH CAROLINA,NORTHAMPTON,WOOL,PRODUCTION,OPERATIONS,1
1997,NORTH CAROLINA,ONSLOW,CORN,PRODUCTION,BU,986887
1997,NORTH CAROLINA,ONSLOW,CORN,PRODUCTION,BU,1050000
1997,NORTH CAROLINA,ONSLOW,COTTON,PRODUCTION,BALES,5557
1997,NORTH CAROLINA,ONSLOW,COTTON,PRODUCTION,480 LB BALES,6200
1997,NORTH CAROLINA,ONSLOW,HAY,PRODUCTION,TONS,431
1997,NORTH CAROLINA,ONSLOW,HAY,PRODUCTION,TONS,4628
1997,NORTH CAROLINA,ONSLOW,HAY,PRODUCTION,TONS,5500
1997,NORTH CAROLINA,ONSLOW,OATS,PRODUCTION,BU,1147
1997,NORTH CAROLINA,ONSLOW,SORGHUM,PRODUCTION,BU,2800
1997,NORTH CAROLINA,ONSLOW,SOYBEANS,PRODUCTION,BU,342315
1997,NORTH CAROLINA,ONSLOW,SOYBEANS,PRODUCTION,BU,329000
1997,NORTH CAROLINA,ONSLOW,SWEET POTATOES,PRODUCTION,CWT,5788
1997,NORTH CAROLINA,ONSLOW,TOBACCO,PRODUCTION,LB,7594624
1997,NORTH CAROLINA,ONSLOW,TOBACCO,PRODUCTION,LB,8388000
1997,NORTH CAROLINA,ONSLOW,WHEAT,PRODUCTION,BU,144202
1997,NORTH CAROLINA,ONSLOW,WHEAT,PRODUCTION,BU,212000
1997,NORTH CAROLINA,ONSLOW,WHEAT,PRODUCTION,BU,212000
1997,NORTH CAROLINA,ORANGE,BARLEY,PRODUCTION,BU,19755
1997,NORTH CAROLINA,ORANGE,BARLEY,PRODUCTION,BU,24900
1997,NORTH CAROLINA,ORANGE,CORN,PRODUCTION,BU,118711
1997,NORTH CAROLINA,ORANGE,CORN,PRODUCTION,TONS,25808
1997,NORTH CAROLINA,ORANGE,CORN,PRODUCTION,BU,140000
1997,NORTH CAROLINA,ORANGE,CORN,PRODUCTION,TONS,31000
1997,NORTH CAROLINA,ORANGE,HAY,PRODUCTION,TONS,316
1997,NORTH CAROLINA,ORANGE,HAY,PRODUCTION,TONS,3864
1997,NORTH CAROLINA,ORANGE,HAY,PRODUCTION,TONS,16109
1997,NORTH CAROLINA,ORANGE,HAY,PRODUCTION,TONS,500
1997,NORTH CAROLINA,ORANGE,HAY,PRODUCTION,TONS,24200
1997,NORTH CAROLINA,ORANGE,HAYLAGE,PRODUCTION,TONS,1472
1997,NORTH CAROLINA,ORANGE,OATS,PRODUCTION,BU,15466
1997,NORTH CAROLINA,ORANGE,OATS,PRODUCTION,BU,17000
1997,NORTH CAROLINA,ORANGE,SORGHUM,PRODUCTION,BU,1208
1997,NORTH CAROLINA,ORANGE,SOYBEANS,PRODUCTION,BU,59176
1997,NORTH CAROLINA,ORANGE,SOYBEANS,PRODUCTION,BU,66000
1997,NORTH CAROLINA,ORANGE,TOBACCO,PRODUCTION,LB,3778885
1997,NORTH CAROLINA,ORANGE,TOBACCO,PRODUCTION,LB,4100000
1997,NORTH CAROLINA,ORANGE,WHEAT,PRODUCTION,BU,91084
1997,NORTH CAROLINA,ORANGE,WHEAT,PRODUCTION,BU,120000
1997,NORTH CAROLINA,ORANGE,WHEAT,PRODUCTION,BU,120000
1997,NORTH CAROLINA,ORANGE,WOOL,PRODUCTION,LB,4009
1997,NORTH CAROLINA,ORANGE,WOOL,PRODUCTION,OPERATIONS,18
1997,NORTH CAROLINA,PAMLICO,CORN,PRODUCTION,BU,1330639
1997,NORTH CAROLINA,PAMLICO,CORN,PRODUCTION,BU,1240000
1997,NORTH CAROLINA,PAMLICO,COTTON,PRODUCTION,BALES,10356
1997,NORTH CAROLINA,PAMLICO,COTTON,PRODUCTION,480 LB BALES,7000
1997,NORTH CAROLINA,PAMLICO,HAY,PRODUCTION,TONS,NA
1997,NORTH CAROLINA,PAMLICO,HAY,PRODUCTION,TONS,800
1997,NORTH CAROLINA,PAMLICO,POTATOES,PRODUCTION,CWT,516524
1997,NORTH CAROLINA,PAMLICO,POTATOES,PRODUCTION,CWT,503500
1997,NORTH CAROLINA,PAMLICO,SOYBEANS,PRODUCTION,BU,769470
1997,NORTH CAROLINA,PAMLICO,SOYBEANS,PRODUCTION,BU,750000
1997,NORTH CAROLINA,PAMLICO,TOBACCO,PRODUCTION,LB,1037278
1997,NORTH CAROLINA,PAMLICO,TOBACCO,PRODUCTION,LB,1146000
1997,NORTH CAROLINA,PAMLICO,WHEAT,PRODUCTION,BU,634955
1997,NORTH CAROLINA,PAMLICO,WHEAT,PRODUCTION,BU,664000
1997,NORTH CAROLINA,PAMLICO,WHEAT,PRODUCTION,BU,664000
1997,NORTH CAROLINA,PASQUOTANK,CORN,PRODUCTION,BU,2394621
1997,NORTH CAROLINA,PASQUOTANK,CORN,PRODUCTION,BU,2295000
1997,NORTH CAROLINA,PASQUOTANK,COTTON,PRODUCTION,BALES,4766
1997,NORTH CAROLINA,PASQUOTANK,COTTON,PRODUCTION,480 LB BALES,4200
1997,NORTH CAROLINA,PASQUOTANK,HAY,PRODUCTION,TONS,NA
1997,NORTH CAROLINA,PASQUOTANK,OATS,PRODUCTION,BU,NA
1997,NORTH CAROLINA,PASQUOTANK,OATS,PRODUCTION,BU,8000
1997,NORTH CAROLINA,PASQUOTANK,PEANUTS,PRODUCTION,LB,332172
1997,NORTH CAROLINA,PASQUOTANK,PEANUTS,PRODUCTION,LB,248000
1997,NORTH CAROLINA,PASQUOTANK,POTATOES,PRODUCTION,CWT,862141
1997,NORTH CAROLINA,PASQUOTANK,POTATOES,PRODUCTION,CWT,844000
1997,NORTH CAROLINA,PASQUOTANK,SORGHUM,PRODUCTION,BU,69065
1997,NORTH CAROLINA,PASQUOTANK,SORGHUM,PRODUCTION,BU,73000
1997,NORTH CAROLINA,PASQUOTANK,SOYBEANS,PRODUCTION,BU,1354164
1997,NORTH CAROLINA,PASQUOTANK,SOYBEANS,PRODUCTION,BU,1457000
1997,NORTH CAROLINA,PASQUOTANK,SWEET POTATOES,PRODUCTION,CWT,1078
1997,NORTH CAROLINA,PASQUOTANK,WHEAT,PRODUCTION,BU,1196782
1997,NORTH CAROLINA,PASQUOTANK,WHEAT,PRODUCTION,BU,1200000
1997,NORTH CAROLINA,PASQUOTANK,WHEAT,PRODUCTION,BU,1200000
1997,NORTH CAROLINA,PASQUOTANK,WOOL,PRODUCTION,LB,NA
1997,NORTH CAROLINA,PASQUOTANK,WOOL,PRODUCTION,OPERATIONS,3
1997,NORTH CAROLINA,PENDER,CORN,PRODUCTION,BU,1102109
1997,NORTH CAROLINA,PENDER,CORN,PRODUCTION,BU,1110000
1997,NORTH CAROLINA,PENDER,COTTON,PRODUCTION,480 LB BALES,700
1997,NORTH CAROLINA,PENDER,HAY,PRODUCTION,TONS,291
1997,NORTH CAROLINA,PENDER,HAY,PRODUCTION,TONS,3366
1997,NORTH CAROLINA,PENDER,HAY,PRODUCTION,TONS,4200
1997,NORTH CAROLINA,PENDER,PEANUTS,PRODUCTION,LB,360000
1997,NORTH CAROLINA,PENDER,SORGHUM,PRODUCTION,BU,8250
1997,NORTH CAROLINA,PENDER,SOYBEANS,PRODUCTION,BU,458489
1997,NORTH CAROLINA,PENDER,SOYBEANS,PRODUCTION,BU,398000
1997,NORTH CAROLINA,PENDER,TOBACCO,PRODUCTION,LB,4126163
1997,NORTH CAROLINA,PENDER,TOBACCO,PRODUCTION,LB,4747000
1997,NORTH CAROLINA,PENDER,WHEAT,PRODUCTION,BU,229695
1997,NORTH CAROLINA,PENDER,WHEAT,PRODUCTION,BU,264000
1997,NORTH CAROLINA,PENDER,WHEAT,PRODUCTION,BU,264000
1997,NORTH CAROLINA,PENDER,WOOL,PRODUCTION,LB,442
1997,NORTH CAROLINA,PENDER,WOOL,PRODUCTION,OPERATIONS,3
1997,NORTH CAROLINA,PERQUIMANS,BARLEY,PRODUCTION,BU,3500
1997,NORTH CAROLINA,PERQUIMANS,CORN,PRODUCTION,BU,1778509
1997,NORTH CAROLINA,PERQUIMANS,CORN,PRODUCTION,BU,2015000
1997,NORTH CAROLINA,PERQUIMANS,COTTON,PRODUCTION,BALES,18162
1997,NORTH CAROLINA,PERQUIMANS,COTTON,PRODUCTION,480 LB BALES,17000
1997,NORTH CAROLINA,PERQUIMANS,HAY,PRODUCTION,TONS,72
1997,NORTH CAROLINA,PERQUIMANS,HAY,PRODUCTION,TONS,225
1997,NORTH CAROLINA,PERQUIMANS,HAY,PRODUCTION,TONS,500
1997,NORTH CAROLINA,PERQUIMANS,OATS,PRODUCTION,BU,9176
1997,NORTH CAROLINA,PERQUIMANS,OATS,PRODUCTION,BU,9000
1997,NORTH CAROLINA,PERQUIMANS,PEANUTS,PRODUCTION,LB,7496175
1997,NORTH CAROLINA,PERQUIMANS,PEANUTS,PRODUCTION,LB,7840000
1997,NORTH CAROLINA,PERQUIMANS,SORGHUM,PRODUCTION,BU,NA
1997,NORTH CAROLINA,PERQUIMANS,SORGHUM,PRODUCTION,BU,6100
1997,NORTH CAROLINA,PERQUIMANS,SOYBEANS,PRODUCTION,BU,1004743
1997,NORTH CAROLINA,PERQUIMANS,SOYBEANS,PRODUCTION,BU,1036000
1997,NORTH CAROLINA,PERQUIMANS,WHEAT,PRODUCTION,BU,612595
1997,NORTH CAROLINA,PERQUIMANS,WHEAT,PRODUCTION,BU,627000
1997,NORTH CAROLINA,PERQUIMANS,WHEAT,PRODUCTION,BU,627000
1997,NORTH CAROLINA,PERQUIMANS,WOOL,PRODUCTION,LB,NA
1997,NORTH CAROLINA,PERQUIMANS,WOOL,PRODUCTION,OPERATIONS,3
1997,NORTH CAROLINA,PERSON,BARLEY,PRODUCTION,BU,9300
1997,NORTH CAROLINA,PERSON,CORN,PRODUCTION,BU,244650
1997,NORTH CAROLINA,PERSON,CORN,PRODUCTION,TONS,8892
1997,NORTH CAROLINA,PERSON,CORN,PRODUCTION,BU,246000
1997,NORTH CAROLINA,PERSON,CORN,PRODUCTION,TONS,9000
1997,NORTH CAROLINA,PERSON,HAY,PRODUCTION,TONS,351
1997,NORTH CAROLINA,PERSON,HAY,PRODUCTION,TONS,2555
1997,NORTH CAROLINA,PERSON,HAY,PRODUCTION,TONS,11664
1997,NORTH CAROLINA,PERSON,HAY,PRODUCTION,TONS,256
1997,NORTH CAROLINA,PERSON,HAY,PRODUCTION,TONS,16900
1997,NORTH CAROLINA,PERSON,HAYLAGE,PRODUCTION,TONS,574
1997,NORTH CAROLINA,PERSON,OATS,PRODUCTION,BU,20342
1997,NORTH CAROLINA,PERSON,OATS,PRODUCTION,BU,24000
1997,NORTH CAROLINA,PERSON,POTATOES,PRODUCTION,CWT,78
1997,NORTH CAROLINA,PERSON,SORGHUM,PRODUCTION,BU,14290
1997,NORTH CAROLINA,PERSON,SORGHUM,PRODUCTION,BU,20000
1997,NORTH CAROLINA,PERSON,SOYBEANS,PRODUCTION,BU,167446
1997,NORTH CAROLINA,PERSON,SOYBEANS,PRODUCTION,BU,168000
1997,NORTH CAROLINA,PERSON,TOBACCO,PRODUCTION,LB,13615212
1997,NORTH CAROLINA,PERSON,TOBACCO,PRODUCTION,LB,13385000
1997,NORTH CAROLINA,PERSON,WHEAT,PRODUCTION,BU,322576
1997,NORTH CAROLINA,PERSON,WHEAT,PRODUCTION,BU,360000
1997,NORTH CAROLINA,PERSON,WHEAT,PRODUCTION,BU,360000
1997,NORTH CAROLINA,PERSON,WOOL,PRODUCTION,LB,NA
1997,NORTH CAROLINA,PERSON,WOOL,PRODUCTION,OPERATIONS,4
1997,NORTH CAROLINA,PITT,BARLEY,PRODUCTION,BU,10500
1997,NORTH CAROLINA,PITT,CORN,PRODUCTION,BU,1951449
1997,NORTH CAROLINA,PITT,CORN,PRODUCTION,BU,2025000
1997,NORTH CAROLINA,PITT,COTTON,PRODUCTION,BALES,42829
1997,NORTH CAROLINA,PITT,COTTON,PRODUCTION,480 LB BALES,42600
1997,NORTH CAROLINA,PITT,HAY,PRODUCTION,TONS,931
1997,NORTH CAROLINA,PITT,HAY,PRODUCTION,TONS,5865
1997,NORTH CAROLINA,PITT,HAY,PRODUCTION,TONS,8400
1997,NORTH CAROLINA,PITT,HAYLAGE,PRODUCTION,TONS,NA
1997,NORTH CAROLINA,PITT,OATS,PRODUCTION,BU,55283
1997,NORTH CAROLINA,PITT,OATS,PRODUCTION,BU,63000
1997,NORTH CAROLINA,PITT,PEANUTS,PRODUCTION,LB,10539514
1997,NORTH CAROLINA,PITT,PEANUTS,PRODUCTION,LB,11630000
1997,NORTH CAROLINA,PITT,POTATOES,PRODUCTION,CWT,1204
1997,NORTH CAROLINA,PITT,SOYBEANS,PRODUCTION,BU,1205975
1997,NORTH CAROLINA,PITT,SOYBEANS,PRODUCTION,BU,1295000
1997,NORTH CAROLINA,PITT,SWEET POTATOES,PRODUCTION,CWT,5555
1997,NORTH CAROLINA,PITT,TOBACCO,PRODUCTION,LB,38192850
1997,NORTH CAROLINA,PITT,TOBACCO,PRODUCTION,LB,41100000
1997,NORTH CAROLINA,PITT,WHEAT,PRODUCTION,BU,1031145
1997,NORTH CAROLINA,PITT,WHEAT,PRODUCTION,BU,1244000
1997,NORTH CAROLINA,PITT,WHEAT,PRODUCTION,BU,1244000
1997,NORTH CAROLINA,PITT,WOOL,PRODUCTION,LB,2218
1997,NORTH CAROLINA,PITT,WOOL,PRODUCTION,OPERATIONS,8
1997,NORTH CAROLINA,POLK,BARLEY,PRODUCTION,BU,2000
1997,NORTH CAROLINA,POLK,CORN,PRODUCTION,BU,3820
1997,NORTH CAROLINA,POLK,CORN,PRODUCTION,TONS,1840
1997,NORTH CAROLINA,POLK,CORN,PRODUCTION,TONS,3000
1997,NORTH CAROLINA,POLK,HAY,PRODUCTION,TONS,646
1997,NORTH CAROLINA,POLK,HAY,PRODUCTION,TONS,NA
1997,NORTH CAROLINA,POLK,HAY,PRODUCTION,TONS,6476
1997,NORTH CAROLINA,POLK,HAY,PRODUCTION,TONS,245
1997,NORTH CAROLINA,POLK,HAY,PRODUCTION,TONS,8100
1997,NORTH CAROLINA,POLK,HAYLAGE,PRODUCTION,TONS,NA
1997,NORTH CAROLINA,POLK,OATS,PRODUCTION,BU,2365
1997,NORTH CAROLINA,POLK,OATS,PRODUCTION,BU,3000
1997,NORTH CAROLINA,POLK,SOYBEANS,PRODUCTION,BU,10000
1997,NORTH CAROLINA,POLK,WHEAT,PRODUCTION,BU,13741
1997,NORTH CAROLINA,RANDOLPH,BARLEY,PRODUCTION,BU,18430
1997,NORTH CAROLINA,RANDOLPH,BARLEY,PRODUCTION,BU,19500
1997,NORTH CAROLINA,RANDOLPH,CORN,PRODUCTION,BU,418214
1997,NORTH CAROLINA,RANDOLPH,CORN,PRODUCTION,TONS,39781
1997,NORTH CAROLINA,RANDOLPH,CORN,PRODUCTION,BU,502000
1997,NORTH CAROLINA,RANDOLPH,CORN,PRODUCTION,TONS,50000
1997,NORTH CAROLINA,RANDOLPH,GRASSES,PRODUCTION,LB,36350
1997,NORTH CAROLINA,RANDOLPH,HAY,PRODUCTION,TONS,867
1997,NORTH CAROLINA,RANDOLPH,HAY,PRODUCTION,TONS,5939
1997,NORTH CAROLINA,RANDOLPH,HAY,PRODUCTION,TONS,33437
1997,NORTH CAROLINA,RANDOLPH,HAY,PRODUCTION,TONS,955
1997,NORTH CAROLINA,RANDOLPH,HAY,PRODUCTION,TONS,45200
1997,NORTH CAROLINA,RANDOLPH,HAYLAGE,PRODUCTION,TONS,9717
1997,NORTH CAROLINA,RANDOLPH,OATS,PRODUCTION,BU,28386
1997,NORTH CAROLINA,RANDOLPH,OATS,PRODUCTION,BU,28000
1997,NORTH CAROLINA,RANDOLPH,RYE,PRODUCTION,BU,2270
1997,NORTH CAROLINA,RANDOLPH,SORGHUM,PRODUCTION,BU,4700
1997,NORTH CAROLINA,RANDOLPH,SOYBEANS,PRODUCTION,BU,158794
1997,NORTH CAROLINA,RANDOLPH,SOYBEANS,PRODUCTION,BU,172000
1997,NORTH CAROLINA,RANDOLPH,TOBACCO,PRODUCTION,LB,3079428
1997,NORTH CAROLINA,RANDOLPH,TOBACCO,PRODUCTION,LB,3440000
1997,NORTH CAROLINA,RANDOLPH,WHEAT,PRODUCTION,BU,154419
1997,NORTH CAROLINA,RANDOLPH,WHEAT,PRODUCTION,BU,188000
1997,NORTH CAROLINA,RANDOLPH,WHEAT,PRODUCTION,BU,188000
1997,NORTH CAROLINA,RANDOLPH,WOOL,PRODUCTION,LB,1117
1997,NORTH CAROLINA,RANDOLPH,WOOL,PRODUCTION,OPERATIONS,6
1997,NORTH CAROLINA,RICHMOND,CORN,PRODUCTION,BU,139342
1997,NORTH CAROLINA,RICHMOND,CORN,PRODUCTION,BU,115000
1997,NORTH CAROLINA,RICHMOND,COTTON,PRODUCTION,BALES,NA
1997,NORTH CAROLINA,RICHMOND,COTTON,PRODUCTION,480 LB BALES,4900
1997,NORTH CAROLINA,RICHMOND,HAY,PRODUCTION,TONS,887
1997,NORTH CAROLINA,RICHMOND,HAY,PRODUCTION,TONS,5687
1997,NORTH CAROLINA,RICHMOND,HAY,PRODUCTION,TONS,111
1997,NORTH CAROLINA,RICHMOND,HAY,PRODUCTION,TONS,7300
1997,NORTH CAROLINA,RICHMOND,OATS,PRODUCTION,BU,4766
1997,NORTH CAROLINA,RICHMOND,OATS,PRODUCTION,BU,6000
1997,NORTH CAROLINA,RICHMOND,RYE,PRODUCTION,BU,18048
1997,NORTH CAROLINA,RICHMOND,SOYBEANS,PRODUCTION,BU,71823
1997,NORTH CAROLINA,RICHMOND,SOYBEANS,PRODUCTION,BU,93000
1997,NORTH CAROLINA,RICHMOND,SWEET POTATOES,PRODUCTION,CWT,12265
1997,NORTH CAROLINA,RICHMOND,TOBACCO,PRODUCTION,LB,2651680
1997,NORTH CAROLINA,RICHMOND,TOBACCO,PRODUCTION,LB,2791000
1997,NORTH CAROLINA,RICHMOND,WHEAT,PRODUCTION,BU,89823
1997,NORTH CAROLINA,RICHMOND,WHEAT,PRODUCTION,BU,125000
1997,NORTH CAROLINA,RICHMOND,WHEAT,PRODUCTION,BU,125000
1997,NORTH CAROLINA,RICHMOND,WOOL,PRODUCTION,LB,NA
1997,NORTH CAROLINA,RICHMOND,WOOL,PRODUCTION,OPERATIONS,1
1997,NORTH CAROLINA,ROBESON,BARLEY,PRODUCTION,BU,4000
1997,NORTH CAROLINA,ROBESON,CORN,PRODUCTION,BU,3731986
1997,NORTH CAROLINA,ROBESON,CORN,PRODUCTION,BU,3720000
1997,NORTH CAROLINA,ROBESON,CORN,PRODUCTION,TONS,2000
1997,NORTH CAROLINA,ROBESON,COTTON,PRODUCTION,BALES,40587
1997,NORTH CAROLINA,ROBESON,COTTON,PRODUCTION,480 LB BALES,37400
1997,NORTH CAROLINA,ROBESON,HAY,PRODUCTION,TONS,NA
1997,NORTH CAROLINA,ROBESON,HAY,PRODUCTION,TONS,1228
1997,NORTH CAROLINA,ROBESON,HAY,PRODUCTION,TONS,16955
1997,NORTH CAROLINA,ROBESON,HAY,PRODUCTION,TONS,97
1997,NORTH CAROLINA,ROBESON,HAY,PRODUCTION,TONS,17600
1997,NORTH CAROLINA,ROBESON,OATS,PRODUCTION,BU,37775
1997,NORTH CAROLINA,ROBESON,OATS,PRODUCTION,BU,51000
1997,NORTH CAROLINA,ROBESON,PEANUTS,PRODUCTION,LB,264770
1997,NORTH CAROLINA,ROBESON,PEANUTS,PRODUCTION,LB,309000
1997,NORTH CAROLINA,ROBESON,POTATOES,PRODUCTION,CWT,1140
1997,NORTH CAROLINA,ROBESON,RYE,PRODUCTION,BU,2220
1997,NORTH CAROLINA,ROBESON,SORGHUM,PRODUCTION,BU,10000
1997,NORTH CAROLINA,ROBESON,SOYBEANS,PRODUCTION,BU,2029608
1997,NORTH CAROLINA,ROBESON,SOYBEANS,PRODUCTION,BU,2434000
1997,NORTH CAROLINA,ROBESON,SWEET POTATOES,PRODUCTION,CWT,534
1997,NORTH CAROLINA,ROBESON,TOBACCO,PRODUCTION,LB,36556026
1997,NORTH CAROLINA,ROBESON,TOBACCO,PRODUCTION,LB,36800000
1997,NORTH CAROLINA,ROBESON,WHEAT,PRODUCTION,BU,1942677
1997,NORTH CAROLINA,ROBESON,WHEAT,PRODUCTION,BU,2085000
1997,NORTH CAROLINA,ROBESON,WHEAT,PRODUCTION,BU,2085000
1997,NORTH CAROLINA,ROBESON,WOOL,PRODUCTION,LB,NA
1997,NORTH CAROLINA,ROBESON,WOOL,PRODUCTION,OPERATIONS,3
1997,NORTH CAROLINA,ROCKINGHAM,BARLEY,PRODUCTION,BU,NA
1997,NORTH CAROLINA,ROCKINGHAM,BARLEY,PRODUCTION,BU,16200
1997,NORTH CAROLINA,ROCKINGHAM,CORN,PRODUCTION,BU,128618
1997,NORTH CAROLINA,ROCKINGHAM,CORN,PRODUCTION,TONS,10900
1997,NORTH CAROLINA,ROCKINGHAM,CORN,PRODUCTION,BU,145000
1997,NORTH CAROLINA,ROCKINGHAM,CORN,PRODUCTION,TONS,13000
1997,NORTH CAROLINA,ROCKINGHAM,HAY,PRODUCTION,TONS,935
1997,NORTH CAROLINA,ROCKINGHAM,HAY,PRODUCTION,TONS,1688
1997,NORTH CAROLINA,ROCKINGHAM,HAY,PRODUCTION,TONS,15184
1997,NORTH CAROLINA,ROCKINGHAM,HAY,PRODUCTION,TONS,1099
1997,NORTH CAROLINA,ROCKINGHAM,HAY,PRODUCTION,TONS,20400
1997,NORTH CAROLINA,ROCKINGHAM,HAYLAGE,PRODUCTION,TONS,1106
1997,NORTH CAROLINA,ROCKINGHAM,OATS,PRODUCTION,BU,14846
1997,NORTH CAROLINA,ROCKINGHAM,OATS,PRODUCTION,BU,18000
1997,NORTH CAROLINA,ROCKINGHAM,POTATOES,PRODUCTION,CWT,5065
1997,NORTH CAROLINA,ROCKINGHAM,SORGHUM,PRODUCTION,BU,1480
1997,NORTH CAROLINA,ROCKINGHAM,SOYBEANS,PRODUCTION,BU,56190
1997,NORTH CAROLINA,ROCKINGHAM,SOYBEANS,PRODUCTION,BU,62000
1997,NORTH CAROLINA,ROCKINGHAM,SWEET POTATOES,PRODUCTION,CWT,1097
1997,NORTH CAROLINA,ROCKINGHAM,TOBACCO,PRODUCTION,LB,15881347
1997,NORTH CAROLINA,ROCKINGHAM,TOBACCO,PRODUCTION,LB,16275000
1997,NORTH CAROLINA,ROCKINGHAM,WHEAT,PRODUCTION,BU,230391
1997,NORTH CAROLINA,ROCKINGHAM,WHEAT,PRODUCTION,BU,284000
1997,NORTH CAROLINA,ROCKINGHAM,WHEAT,PRODUCTION,BU,284000
1997,NORTH CAROLINA,ROCKINGHAM,WOOL,PRODUCTION,LB,744
1997,NORTH CAROLINA,ROCKINGHAM,WOOL,PRODUCTION,OPERATIONS,6
1997,NORTH CAROLINA,ROWAN,BARLEY,PRODUCTION,BU,120559
1997,NORTH CAROLINA,ROWAN,BARLEY,PRODUCTION,BU,176900
1997,NORTH CAROLINA,ROWAN,CORN,PRODUCTION,BU,462362
1997,NORTH CAROLINA,ROWAN,CORN,PRODUCTION,TONS,37105
1997,NORTH CAROLINA,ROWAN,CORN,PRODUCTION,BU,456000
1997,NORTH CAROLINA,ROWAN,CORN,PRODUCTION,TONS,46000
1997,NORTH CAROLINA,ROWAN,COTTON,PRODUCTION,480 LB BALES,1000
1997,NORTH CAROLINA,ROWAN,GRASSES,PRODUCTION,LB,37600
1997,NORTH CAROLINA,ROWAN,HAY,PRODUCTION,TONS,2172
1997,NORTH CAROLINA,ROWAN,HAY,PRODUCTION,TONS,2472
1997,NORTH CAROLINA,ROWAN,HAY,PRODUCTION,TONS,31660
1997,NORTH CAROLINA,ROWAN,HAY,PRODUCTION,TONS,835
1997,NORTH CAROLINA,ROWAN,HAY,PRODUCTION,TONS,40100
1997,NORTH CAROLINA,ROWAN,HAYLAGE,PRODUCTION,TONS,3839
1997,NORTH CAROLINA,ROWAN,OATS,PRODUCTION,BU,27344
1997,NORTH CAROLINA,ROWAN,OATS,PRODUCTION,BU,27000
1997,NORTH CAROLINA,ROWAN,SORGHUM,PRODUCTION,BU,2167
1997,NORTH CAROLINA,ROWAN,SORGHUM,PRODUCTION,BU,2400
1997,NORTH CAROLINA,ROWAN,SOYBEANS,PRODUCTION,BU,251556
1997,NORTH CAROLINA,ROWAN,SOYBEANS,PRODUCTION,BU,302000
1997,NORTH CAROLINA,ROWAN,WHEAT,PRODUCTION,BU,319851
1997,NORTH CAROLINA,ROWAN,WHEAT,PRODUCTION,BU,337000
1997,NORTH CAROLINA,ROWAN,WHEAT,PRODUCTION,BU,337000
1997,NORTH CAROLINA,ROWAN,WOOL,PRODUCTION,LB,947
1997,NORTH CAROLINA,ROWAN,WOOL,PRODUCTION,OPERATIONS,8
1997,NORTH CAROLINA,RUTHERFORD,BARLEY,PRODUCTION,BU,8520
1997,NORTH CAROLINA,RUTHERFORD,BARLEY,PRODUCTION,BU,12000
1997,NORTH CAROLINA,RUTHERFORD,CORN,PRODUCTION,BU,48667
1997,NORTH CAROLINA,RUTHERFORD,CORN,PRODUCTION,TONS,6285
1997,NORTH CAROLINA,RUTHERFORD,CORN,PRODUCTION,BU,49000
1997,NORTH CAROLINA,RUTHERFORD,CORN,PRODUCTION,TONS,6500
1997,NORTH CAROLINA,RUTHERFORD,COTTON,PRODUCTION,BALES,400
1997,NORTH CAROLINA,RUTHERFORD,COTTON,PRODUCTION,480 LB BALES,450
1997,NORTH CAROLINA,RUTHERFORD,HAY,PRODUCTION,TONS,596
1997,NORTH CAROLINA,RUTHERFORD,HAY,PRODUCTION,TONS,423
1997,NORTH CAROLINA,RUTHERFORD,HAY,PRODUCTION,TONS,15316
1997,NORTH CAROLINA,RUTHERFORD,HAY,PRODUCTION,TONS,1143
1997,NORTH CAROLINA,RUTHERFORD,HAY,PRODUCTION,TONS,19100
1997,NORTH CAROLINA,RUTHERFORD,HAYLAGE,PRODUCTION,TONS,779
1997,NORTH CAROLINA,RUTHERFORD,OATS,PRODUCTION,BU,2505
1997,NORTH CAROLINA,RUTHERFORD,OATS,PRODUCTION,BU,7600
1997,NORTH CAROLINA,RUTHERFORD,POTATOES,PRODUCTION,CWT,160
1997,NORTH CAROLINA,RUTHERFORD,SORGHUM,PRODUCTION,BU,6400
1997,NORTH CAROLINA,RUTHERFORD,SOYBEANS,PRODUCTION,BU,20166
1997,NORTH CAROLINA,RUTHERFORD,SOYBEANS,PRODUCTION,BU,17000
1997,NORTH CAROLINA,RUTHERFORD,SWEET POTATOES,PRODUCTION,CWT,1205
1997,NORTH CAROLINA,RUTHERFORD,TOBACCO,PRODUCTION,LB,39408
1997,NORTH CAROLINA,RUTHERFORD,WHEAT,PRODUCTION,BU,14099
1997,NORTH CAROLINA,RUTHERFORD,WOOL,PRODUCTION,LB,1103
1997,NORTH CAROLINA,RUTHERFORD,WOOL,PRODUCTION,OPERATIONS,8
1997,NORTH CAROLINA,SAMPSON,BARLEY,PRODUCTION,BU,5425
1997,NORTH CAROLINA,SAMPSON,BARLEY,PRODUCTION,BU,7000
1997,NORTH CAROLINA,SAMPSON,CORN,PRODUCTION,BU,2210806
1997,NORTH CAROLINA,SAMPSON,CORN,PRODUCTION,TONS,11210
1997,NORTH CAROLINA,SAMPSON,CORN,PRODUCTION,BU,2445000
1997,NORTH CAROLINA,SAMPSON,CORN,PRODUCTION,TONS,10000
1997,NORTH CAROLINA,SAMPSON,COTTON,PRODUCTION,BALES,66511
1997,NORTH CAROLINA,SAMPSON,COTTON,PRODUCTION,480 LB BALES,71000
1997,NORTH CAROLINA,SAMPSON,HAY,PRODUCTION,TONS,932
1997,NORTH CAROLINA,SAMPSON,HAY,PRODUCTION,TONS,2094
1997,NORTH CAROLINA,SAMPSON,HAY,PRODUCTION,TONS,29036
1997,NORTH CAROLINA,SAMPSON,HAY,PRODUCTION,TONS,497
1997,NORTH CAROLINA,SAMPSON,HAY,PRODUCTION,TONS,50600
1997,NORTH CAROLINA,SAMPSON,HAYLAGE,PRODUCTION,TONS,2575
1997,NORTH CAROLINA,SAMPSON,OATS,PRODUCTION,BU,12300
1997,NORTH CAROLINA,SAMPSON,OATS,PRODUCTION,BU,16000
1997,NORTH CAROLINA,SAMPSON,PEANUTS,PRODUCTION,LB,405766
1997,NORTH CAROLINA,SAMPSON,PEANUTS,PRODUCTION,LB,468000
1997,NORTH CAROLINA,SAMPSON,POTATOES,PRODUCTION,CWT,NA
1997,NORTH CAROLINA,SAMPSON,RYE,PRODUCTION,BU,19728
1997,NORTH CAROLINA,SAMPSON,SORGHUM,PRODUCTION,BU,3000
1997,NORTH CAROLINA,SAMPSON,SOYBEANS,PRODUCTION,BU,1402809
1997,NORTH CAROLINA,SAMPSON,SOYBEANS,PRODUCTION,BU,1420000
1997,NORTH CAROLINA,SAMPSON,SWEET POTATOES,PRODUCTION,CWT,556839
1997,NORTH CAROLINA,SAMPSON,SWEET POTATOES,PRODUCTION,CWT,605000
1997,NORTH CAROLINA,SAMPSON,TOBACCO,PRODUCTION,LB,23132468
1997,NORTH CAROLINA,SAMPSON,TOBACCO,PRODUCTION,LB,25128000
1997,NORTH CAROLINA,SAMPSON,WHEAT,PRODUCTION,BU,806206
1997,NORTH CAROLINA,SAMPSON,WHEAT,PRODUCTION,BU,908000
1997,NORTH CAROLINA,SAMPSON,WHEAT,PRODUCTION,BU,908000
1997,NORTH CAROLINA,SCOTLAND,CORN,PRODUCTION,BU,245913
1997,NORTH CAROLINA,SCOTLAND,CORN,PRODUCTION,BU,295000
1997,NORTH CAROLINA,SCOTLAND,COTTON,PRODUCTION,BALES,21225
1997,NORTH CAROLINA,SCOTLAND,COTTON,PRODUCTION,480 LB BALES,21500
1997,NORTH CAROLINA,SCOTLAND,HAY,PRODUCTION,TONS,NA
1997,NORTH CAROLINA,SCOTLAND,HAY,PRODUCTION,TONS,5212
1997,NORTH CAROLINA,SCOTLAND,HAY,PRODUCTION,TONS,5600
1997,NORTH CAROLINA,SCOTLAND,OATS,PRODUCTION,BU,9550
1997,NORTH CAROLINA,SCOTLAND,OATS,PRODUCTION,BU,11000
1997,NORTH CAROLINA,SCOTLAND,SOYBEANS,PRODUCTION,BU,238180
1997,NORTH CAROLINA,SCOTLAND,SOYBEANS,PRODUCTION,BU,405000
1997,NORTH CAROLINA,SCOTLAND,TOBACCO,PRODUCTION,LB,1353808
1997,NORTH CAROLINA,SCOTLAND,TOBACCO,PRODUCTION,LB,1618000
1997,NORTH CAROLINA,SCOTLAND,WHEAT,PRODUCTION,BU,179877
1997,NORTH CAROLINA,SCOTLAND,WHEAT,PRODUCTION,BU,245000
1997,NORTH CAROLINA,SCOTLAND,WHEAT,PRODUCTION,BU,245000
1997,NORTH CAROLINA,SCOTLAND,WOOL,PRODUCTION,LB,464
1997,NORTH CAROLINA,SCOTLAND,WOOL,PRODUCTION,OPERATIONS,3
1997,NORTH CAROLINA,STANLY,BARLEY,PRODUCTION,BU,66310
1997,NORTH CAROLINA,STANLY,BARLEY,PRODUCTION,BU,77700
1997,NORTH CAROLINA,STANLY,CORN,PRODUCTION,BU,1174933
1997,NORTH CAROLINA,STANLY,CORN,PRODUCTION,TONS,12474
1997,NORTH CAROLINA,STANLY,CORN,PRODUCTION,BU,1340000
1997,NORTH CAROLINA,STANLY,CORN,PRODUCTION,TONS,13000
1997,NORTH CAROLINA,STANLY,COTTON,PRODUCTION,BALES,9447
1997,NORTH CAROLINA,STANLY,COTTON,PRODUCTION,480 LB BALES,9900
1997,NORTH CAROLINA,STANLY,GRASSES,PRODUCTION,LB,17550
1997,NORTH CAROLINA,STANLY,HAY,PRODUCTION,TONS,1648
1997,NORTH CAROLINA,STANLY,HAY,PRODUCTION,TONS,4560
1997,NORTH CAROLINA,STANLY,HAY,PRODUCTION,TONS,15560
1997,NORTH CAROLINA,STANLY,HAY,PRODUCTION,TONS,818
1997,NORTH CAROLINA,STANLY,HAY,PRODUCTION,TONS,26000
1997,NORTH CAROLINA,STANLY,HAYLAGE,PRODUCTION,TONS,2253
1997,NORTH CAROLINA,STANLY,OATS,PRODUCTION,BU,56701
1997,NORTH CAROLINA,STANLY,OATS,PRODUCTION,BU,57000
1997,NORTH CAROLINA,STANLY,SORGHUM,PRODUCTION,BU,NA
1997,NORTH CAROLINA,STANLY,SORGHUM,PRODUCTION,BU,3600
1997,NORTH CAROLINA,STANLY,SOYBEANS,PRODUCTION,BU,470839
1997,NORTH CAROLINA,STANLY,SOYBEANS,PRODUCTION,BU,614000
1997,NORTH CAROLINA,STANLY,WHEAT,PRODUCTION,BU,477439
1997,NORTH CAROLINA,STANLY,WHEAT,PRODUCTION,BU,664000
1997,NORTH CAROLINA,STANLY,WHEAT,PRODUCTION,BU,664000
1997,NORTH CAROLINA,STANLY,WOOL,PRODUCTION,LB,1069
1997,NORTH CAROLINA,STANLY,WOOL,PRODUCTION,OPERATIONS,8
1997,NORTH CAROLINA,STOKES,BARLEY,PRODUCTION,BU,1240
1997,NORTH CAROLINA,STOKES,BARLEY,PRODUCTION,BU,2100
1997,NORTH CAROLINA,STOKES,CORN,PRODUCTION,BU,61437
1997,NORTH CAROLINA,STOKES,CORN,PRODUCTION,TONS,9567
1997,NORTH CAROLINA,STOKES,CORN,PRODUCTION,BU,80000
1997,NORTH CAROLINA,STOKES,CORN,PRODUCTION,TONS,9000
1997,NORTH CAROLINA,STOKES,HAY,PRODUCTION,TONS,628
1997,NORTH CAROLINA,STOKES,HAY,PRODUCTION,TONS,1250
1997,NORTH CAROLINA,STOKES,HAY,PRODUCTION,TONS,13714
1997,NORTH CAROLINA,STOKES,HAY,PRODUCTION,TONS,766
1997,NORTH CAROLINA,STOKES,HAY,PRODUCTION,TONS,17500
1997,NORTH CAROLINA,STOKES,HAYLAGE,PRODUCTION,TONS,318
1997,NORTH CAROLINA,STOKES,OATS,PRODUCTION,BU,7156
1997,NORTH CAROLINA,STOKES,OATS,PRODUCTION,BU,9000
1997,NORTH CAROLINA,STOKES,POTATOES,PRODUCTION,CWT,1837
1997,NORTH CAROLINA,STOKES,RYE,PRODUCTION,BU,478
1997,NORTH CAROLINA,STOKES,SORGHUM,PRODUCTION,BU,17200
1997,NORTH CAROLINA,STOKES,SOYBEANS,PRODUCTION,BU,20610
1997,NORTH CAROLINA,STOKES,SOYBEANS,PRODUCTION,BU,24000
1997,NORTH CAROLINA,STOKES,SWEET POTATOES,PRODUCTION,CWT,1267
1997,NORTH CAROLINA,STOKES,TOBACCO,PRODUCTION,LB,14005978
1997,NORTH CAROLINA,STOKES,TOBACCO,PRODUCTION,LB,14100000
1997,NORTH CAROLINA,STOKES,WHEAT,PRODUCTION,BU,33077
1997,NORTH CAROLINA,STOKES,WHEAT,PRODUCTION,BU,58000
1997,NORTH CAROLINA,STOKES,WHEAT,PRODUCTION,BU,58000
1997,NORTH CAROLINA,STOKES,WOOL,PRODUCTION,LB,1700
1997,NORTH CAROLINA,STOKES,WOOL,PRODUCTION,OPERATIONS,11
1997,NORTH CAROLINA,SURRY,BARLEY,PRODUCTION,BU,31755
1997,NORTH CAROLINA,SURRY,BARLEY,PRODUCTION,BU,30800
1997,NORTH CAROLINA,SURRY,CORN,PRODUCTION,BU,610752
1997,NORTH CAROLINA,SURRY,CORN,PRODUCTION,TONS,27061
1997,NORTH CAROLINA,SURRY,CORN,PRODUCTION,BU,566000
1997,NORTH CAROLINA,SURRY,CORN,PRODUCTION,TONS,25000
1997,NORTH CAROLINA,SURRY,HAY,PRODUCTION,TONS,1749
1997,NORTH CAROLINA,SURRY,HAY,PRODUCTION,TONS,1956
1997,NORTH CAROLINA,SURRY,HAY,PRODUCTION,TONS,29042
1997,NORTH CAROLINA,SURRY,HAY,PRODUCTION,TONS,1308
1997,NORTH CAROLINA,SURRY,HAY,PRODUCTION,TONS,34200
1997,NORTH CAROLINA,SURRY,HAYLAGE,PRODUCTION,TONS,452
1997,NORTH CAROLINA,SURRY,OATS,PRODUCTION,BU,2535
1997,NORTH CAROLINA,SURRY,OATS,PRODUCTION,BU,3000
1997,NORTH CAROLINA,SURRY,POTATOES,PRODUCTION,CWT,1507
1997,NORTH CAROLINA,SURRY,RYE,PRODUCTION,BU,11646
1997,NORTH CAROLINA,SURRY,SOYBEANS,PRODUCTION,BU,124763
1997,NORTH CAROLINA,SURRY,SOYBEANS,PRODUCTION,BU,115000
1997,NORTH CAROLINA,SURRY,TOBACCO,PRODUCTION,LB,16162270
1997,NORTH CAROLINA,SURRY,TOBACCO,PRODUCTION,LB,15696000
1997,NORTH CAROLINA,SURRY,WHEAT,PRODUCTION,BU,150350
1997,NORTH CAROLINA,SURRY,WHEAT,PRODUCTION,BU,151000
1997,NORTH CAROLINA,SURRY,WHEAT,PRODUCTION,BU,151000
1997,NORTH CAROLINA,SURRY,WOOL,PRODUCTION,LB,1102
1997,NORTH CAROLINA,SURRY,WOOL,PRODUCTION,OPERATIONS,5
1997,NORTH CAROLINA,SWAIN,CORN,PRODUCTION,BU,1870
1997,NORTH CAROLINA,SWAIN,HAY,PRODUCTION,TONS,NA
1997,NORTH CAROLINA,SWAIN,HAY,PRODUCTION,TONS,1705
1997,NORTH CAROLINA,SWAIN,HAY,PRODUCTION,TONS,1400
1997,NORTH CAROLINA,SWAIN,POTATOES,PRODUCTION,CWT,677
1997,NORTH CAROLINA,SWAIN,TOBACCO,PRODUCTION,LB,NA
1997,NORTH CAROLINA,SWAIN,TOBACCO,PRODUCTION,LB,72000
1997,NORTH CAROLINA,SWAIN,WOOL,PRODUCTION,LB,NA
1997,NORTH CAROLINA,SWAIN,WOOL,PRODUCTION,OPERATIONS,2
1997,NORTH CAROLINA,TRANSYLVANIA,CORN,PRODUCTION,BU,23104
1997,NORTH CAROLINA,TRANSYLVANIA,CORN,PRODUCTION,TONS,8367
1997,NORTH CAROLINA,TRANSYLVANIA,CORN,PRODUCTION,BU,48000
1997,NORTH CAROLINA,TRANSYLVANIA,CORN,PRODUCTION,TONS,7500
1997,NORTH CAROLINA,TRANSYLVANIA,HAY,PRODUCTION,TONS,NA
1997,NORTH CAROLINA,TRANSYLVANIA,HAY,PRODUCTION,TONS,3715
1997,NORTH CAROLINA,TRANSYLVANIA,HAY,PRODUCTION,TONS,156
1997,NORTH CAROLINA,TRANSYLVANIA,HAY,PRODUCTION,TONS,4200
1997,NORTH CAROLINA,TRANSYLVANIA,HAYLAGE,PRODUCTION,TONS,315
1997,NORTH CAROLINA,TRANSYLVANIA,POTATOES,PRODUCTION,CWT,412
1997,NORTH CAROLINA,TRANSYLVANIA,TOBACCO,PRODUCTION,LB,41241
1997,NORTH CAROLINA,TRANSYLVANIA,TOBACCO,PRODUCTION,LB,36000
1997,NORTH CAROLINA,TRANSYLVANIA,WOOL,PRODUCTION,LB,NA
1997,NORTH CAROLINA,TRANSYLVANIA,WOOL,PRODUCTION,OPERATIONS,1
1997,NORTH CAROLINA,TYRRELL,CORN,PRODUCTION,BU,2251522
1997,NORTH CAROLINA,TYRRELL,CORN,PRODUCTION,BU,2250000
1997,NORTH CAROLINA,TYRRELL,COTTON,PRODUCTION,BALES,1917
1997,NORTH CAROLINA,TYRRELL,COTTON,PRODUCTION,480 LB BALES,2400
1997,NORTH CAROLINA,TYRRELL,HAY,PRODUCTION,TONS,NA
1997,NORTH CAROLINA,TYRRELL,OATS,PRODUCTION,BU,NA
1997,NORTH CAROLINA,TYRRELL,OATS,PRODUCTION,BU,65000
1997,NORTH CAROLINA,TYRRELL,PEANUTS,PRODUCTION,LB,367000
1997,NORTH CAROLINA,TYRRELL,POTATOES,PRODUCTION,CWT,470313
1997,NORTH CAROLINA,TYRRELL,POTATOES,PRODUCTION,CWT,447500
1997,NORTH CAROLINA,TYRRELL,SOYBEANS,PRODUCTION,BU,1084660
1997,NORTH CAROLINA,TYRRELL,SOYBEANS,PRODUCTION,BU,1030000
1997,NORTH CAROLINA,TYRRELL,WHEAT,PRODUCTION,BU,766554
1997,NORTH CAROLINA,TYRRELL,WHEAT,PRODUCTION,BU,1100000
1997,NORTH CAROLINA,TYRRELL,WHEAT,PRODUCTION,BU,1100000
1997,NORTH CAROLINA,TYRRELL,WOOL,PRODUCTION,LB,NA
1997,NORTH CAROLINA,TYRRELL,WOOL,PRODUCTION,OPERATIONS,2
1997,NORTH CAROLINA,UNION,BARLEY,PRODUCTION,BU,6200
1997,NORTH CAROLINA,UNION,BARLEY,PRODUCTION,BU,16200
1997,NORTH CAROLINA,UNION,CORN,PRODUCTION,BU,2568688
1997,NORTH CAROLINA,UNION,CORN,PRODUCTION,TONS,3975
1997,NORTH CAROLINA,UNION,CORN,PRODUCTION,BU,2596000
1997,NORTH CAROLINA,UNION,CORN,PRODUCTION,TONS,6500
1997,NORTH CAROLINA,UNION,COTTON,PRODUCTION,BALES,10213
1997,NORTH CAROLINA,UNION,COTTON,PRODUCTION,480 LB BALES,10100
1997,NORTH CAROLINA,UNION,GRASSES,PRODUCTION,LB,38000
1997,NORTH CAROLINA,UNION,HAY,PRODUCTION,TONS,654
1997,NORTH CAROLINA,UNION,HAY,PRODUCTION,TONS,3823
1997,NORTH CAROLINA,UNION,HAY,PRODUCTION,TONS,22489
1997,NORTH CAROLINA,UNION,HAY,PRODUCTION,TONS,1488
1997,NORTH CAROLINA,UNION,HAY,PRODUCTION,TONS,30100
1997,NORTH CAROLINA,UNION,HAYLAGE,PRODUCTION,TONS,556
1997,NORTH CAROLINA,UNION,OATS,PRODUCTION,BU,40132
1997,NORTH CAROLINA,UNION,OATS,PRODUCTION,BU,57000
1997,NORTH CAROLINA,UNION,SORGHUM,PRODUCTION,BU,3966
1997,NORTH CAROLINA,UNION,SORGHUM,PRODUCTION,BU,6800
1997,NORTH CAROLINA,UNION,SOYBEANS,PRODUCTION,BU,1429273
1997,NORTH CAROLINA,UNION,SOYBEANS,PRODUCTION,BU,1652000
1997,NORTH CAROLINA,UNION,WHEAT,PRODUCTION,BU,1908210
1997,NORTH CAROLINA,UNION,WHEAT,PRODUCTION,BU,1968000
1997,NORTH CAROLINA,UNION,WHEAT,PRODUCTION,BU,1968000
1997,NORTH CAROLINA,UNION,WOOL,PRODUCTION,LB,1375
1997,NORTH CAROLINA,UNION,WOOL,PRODUCTION,OPERATIONS,19
1997,NORTH CAROLINA,VANCE,CORN,PRODUCTION,BU,7510
1997,NORTH CAROLINA,VANCE,HAY,PRODUCTION,TONS,108
1997,NORTH CAROLINA,VANCE,HAY,PRODUCTION,TONS,522
1997,NORTH CAROLINA,VANCE,HAY,PRODUCTION,TONS,1836
1997,NORTH CAROLINA,VANCE,HAY,PRODUCTION,TONS,264
1997,NORTH CAROLINA,VANCE,HAY,PRODUCTION,TONS,2700
1997,NORTH CAROLINA,VANCE,HAYLAGE,PRODUCTION,TONS,54
1997,NORTH CAROLINA,VANCE,OATS,PRODUCTION,BU,5056
1997,NORTH CAROLINA,VANCE,OATS,PRODUCTION,BU,5000
1997,NORTH CAROLINA,VANCE,SOYBEANS,PRODUCTION,BU,130087
1997,NORTH CAROLINA,VANCE,SOYBEANS,PRODUCTION,BU,140000
1997,NORTH CAROLINA,VANCE,TOBACCO,PRODUCTION,LB,9794344
1997,NORTH CAROLINA,VANCE,TOBACCO,PRODUCTION,LB,10400000
1997,NORTH CAROLINA,VANCE,WHEAT,PRODUCTION,BU,166999
1997,NORTH CAROLINA,VANCE,WHEAT,PRODUCTION,BU,193000
1997,NORTH CAROLINA,VANCE,WHEAT,PRODUCTION,BU,193000
1997,NORTH CAROLINA,VANCE,WOOL,PRODUCTION,LB,NA
1997,NORTH CAROLINA,VANCE,WOOL,PRODUCTION,OPERATIONS,1
1997,NORTH CAROLINA,WAKE,BARLEY,PRODUCTION,BU,6000
1997,NORTH CAROLINA,WAKE,CORN,PRODUCTION,BU,99175
1997,NORTH CAROLINA,WAKE,CORN,PRODUCTION,TONS,6136
1997,NORTH CAROLINA,WAKE,CORN,PRODUCTION,BU,112000
1997,NORTH CAROLINA,WAKE,CORN,PRODUCTION,TONS,8000
1997,NORTH CAROLINA,WAKE,COTTON,PRODUCTION,BALES,NA
1997,NORTH CAROLINA,WAKE,COTTON,PRODUCTION,480 LB BALES,350
1997,NORTH CAROLINA,WAKE,HAY,PRODUCTION,TONS,522
1997,NORTH CAROLINA,WAKE,HAY,PRODUCTION,TONS,1596
1997,NORTH CAROLINA,WAKE,HAY,PRODUCTION,TONS,4743
1997,NORTH CAROLINA,WAKE,HAY,PRODUCTION,TONS,138
1997,NORTH CAROLINA,WAKE,HAY,PRODUCTION,TONS,8100
1997,NORTH CAROLINA,WAKE,HAYLAGE,PRODUCTION,TONS,2956
1997,NORTH CAROLINA,WAKE,OATS,PRODUCTION,BU,40375
1997,NORTH CAROLINA,WAKE,OATS,PRODUCTION,BU,51000
1997,NORTH CAROLINA,WAKE,RYE,PRODUCTION,BU,4731
1997,NORTH CAROLINA,WAKE,SORGHUM,PRODUCTION,BU,2705
1997,NORTH CAROLINA,WAKE,SORGHUM,PRODUCTION,BU,7500
1997,NORTH CAROLINA,WAKE,SOYBEANS,PRODUCTION,BU,247540
1997,NORTH CAROLINA,WAKE,SOYBEANS,PRODUCTION,BU,276000
1997,NORTH CAROLINA,WAKE,SWEET POTATOES,PRODUCTION,CWT,36859
1997,NORTH CAROLINA,WAKE,SWEET POTATOES,PRODUCTION,CWT,43000
1997,NORTH CAROLINA,WAKE,TOBACCO,PRODUCTION,LB,25916400
1997,NORTH CAROLINA,WAKE,TOBACCO,PRODUCTION,LB,26800000
1997,NORTH CAROLINA,WAKE,WHEAT,PRODUCTION,BU,224785
1997,NORTH CAROLINA,WAKE,WHEAT,PRODUCTION,BU,327000
1997,NORTH CAROLINA,WAKE,WHEAT,PRODUCTION,BU,327000
1997,NORTH CAROLINA,WAKE,WOOL,PRODUCTION,LB,2143
1997,NORTH CAROLINA,WAKE,WOOL,PRODUCTION,OPERATIONS,14
1997,NORTH CAROLINA,WARREN,BARLEY,PRODUCTION,BU,17845
1997,NORTH CAROLINA,WARREN,BARLEY,PRODUCTION,BU,22500
1997,NORTH CAROLINA,WARREN,CORN,PRODUCTION,BU,51443
1997,NORTH CAROLINA,WARREN,CORN,PRODUCTION,TONS,10900
1997,NORTH CAROLINA,WARREN,CORN,PRODUCTION,BU,62000
1997,NORTH CAROLINA,WARREN,CORN,PRODUCTION,TONS,10000
1997,NORTH CAROLINA,WARREN,HAY,PRODUCTION,TONS,471
1997,NORTH CAROLINA,WARREN,HAY,PRODUCTION,TONS,3938
1997,NORTH CAROLINA,WARREN,HAY,PRODUCTION,TONS,7119
1997,NORTH CAROLINA,WARREN,HAY,PRODUCTION,TONS,273
1997,NORTH CAROLINA,WARREN,HAY,PRODUCTION,TONS,13500
1997,NORTH CAROLINA,WARREN,HAYLAGE,PRODUCTION,TONS,1090
1997,NORTH CAROLINA,WARREN,OATS,PRODUCTION,BU,23884
1997,NORTH CAROLINA,WARREN,OATS,PRODUCTION,BU,29000
1997,NORTH CAROLINA,WARREN,SORGHUM,PRODUCTION,BU,9470
1997,NORTH CAROLINA,WARREN,SORGHUM,PRODUCTION,BU,17400
1997,NORTH CAROLINA,WARREN,SOYBEANS,PRODUCTION,BU,145166
1997,NORTH CAROLINA,WARREN,SOYBEANS,PRODUCTION,BU,152000
1997,NORTH CAROLINA,WARREN,TOBACCO,PRODUCTION,LB,6674752
1997,NORTH CAROLINA,WARREN,TOBACCO,PRODUCTION,LB,6700000
1997,NORTH CAROLINA,WARREN,WHEAT,PRODUCTION,BU,103896
1997,NORTH CAROLINA,WARREN,WHEAT,PRODUCTION,BU,139000
1997,NORTH CAROLINA,WARREN,WHEAT,PRODUCTION,BU,139000
1997,NORTH CAROLINA,WARREN,WOOL,PRODUCTION,LB,NA
1997,NORTH CAROLINA,WARREN,WOOL,PRODUCTION,OPERATIONS,2
1997,NORTH CAROLINA,WASHINGTON,CORN,PRODUCTION,BU,3516323
1997,NORTH CAROLINA,WASHINGTON,CORN,PRODUCTION,BU,3300000
1997,NORTH CAROLINA,WASHINGTON,COTTON,PRODUCTION,BALES,10023
1997,NORTH CAROLINA,WASHINGTON,COTTON,PRODUCTION,480 LB BALES,9200
1997,NORTH CAROLINA,WASHINGTON,HAY,PRODUCTION,TONS,NA
1997,NORTH CAROLINA,WASHINGTON,HAY,PRODUCTION,TONS,2100
1997,NORTH CAROLINA,WASHINGTON,PEANUTS,PRODUCTION,LB,8362544
1997,NORTH CAROLINA,WASHINGTON,PEANUTS,PRODUCTION,LB,8025000
1997,NORTH CAROLINA,WASHINGTON,POTATOES,PRODUCTION,CWT,581100
1997,NORTH CAROLINA,WASHINGTON,POTATOES,PRODUCTION,CWT,542000
1997,NORTH CAROLINA,WASHINGTON,SORGHUM,PRODUCTION,BU,18600
1997,NORTH CAROLINA,WASHINGTON,SOYBEANS,PRODUCTION,BU,1404132
1997,NORTH CAROLINA,WASHINGTON,SOYBEANS,PRODUCTION,BU,1496000
1997,NORTH CAROLINA,WASHINGTON,TOBACCO,PRODUCTION,LB,1090359
1997,NORTH CAROLINA,WASHINGTON,TOBACCO,PRODUCTION,LB,1193000
1997,NORTH CAROLINA,WASHINGTON,WHEAT,PRODUCTION,BU,1439604
1997,NORTH CAROLINA,WASHINGTON,WHEAT,PRODUCTION,BU,1655000
1997,NORTH CAROLINA,WASHINGTON,WHEAT,PRODUCTION,BU,1655000
1997,NORTH CAROLINA,WASHINGTON,WOOL,PRODUCTION,LB,84
1997,NORTH CAROLINA,WASHINGTON,WOOL,PRODUCTION,OPERATIONS,3
1997,NORTH CAROLINA,WATAUGA,BARLEY,PRODUCTION,BU,1200
1997,NORTH CAROLINA,WATAUGA,CORN,PRODUCTION,TONS,2897
1997,NORTH CAROLINA,WATAUGA,CORN,PRODUCTION,TONS,3000
1997,NORTH CAROLINA,WATAUGA,HAY,PRODUCTION,TONS,720
1997,NORTH CAROLINA,WATAUGA,HAY,PRODUCTION,TONS,NA
1997,NORTH CAROLINA,WATAUGA,HAY,PRODUCTION,TONS,8929
1997,NORTH CAROLINA,WATAUGA,HAY,PRODUCTION,TONS,1735
1997,NORTH CAROLINA,WATAUGA,HAY,PRODUCTION,TONS,10900
1997,NORTH CAROLINA,WATAUGA,POTATOES,PRODUCTION,CWT,4258
1997,NORTH CAROLINA,WATAUGA,TOBACCO,PRODUCTION,LB,1422908
1997,NORTH CAROLINA,WATAUGA,TOBACCO,PRODUCTION,LB,1187000
1997,NORTH CAROLINA,WATAUGA,WOOL,PRODUCTION,LB,961
1997,NORTH CAROLINA,WATAUGA,WOOL,PRODUCTION,OPERATIONS,12
1997,NORTH CAROLINA,WAYNE,BARLEY,PRODUCTION,BU,7600
1997,NORTH CAROLINA,WAYNE,CORN,PRODUCTION,BU,2118351
1997,NORTH CAROLINA,WAYNE,CORN,PRODUCTION,TONS,3265
1997,NORTH CAROLINA,WAYNE,CORN,PRODUCTION,BU,2440000
1997,NORTH CAROLINA,WAYNE,CORN,PRODUCTION,TONS,3200
1997,NORTH CAROLINA,WAYNE,COTTON,PRODUCTION,BALES,28844
1997,NORTH CAROLINA,WAYNE,COTTON,PRODUCTION,480 LB BALES,28600
1997,NORTH CAROLINA,WAYNE,HAY,PRODUCTION,TONS,1138
1997,NORTH CAROLINA,WAYNE,HAY,PRODUCTION,TONS,12455
1997,NORTH CAROLINA,WAYNE,HAY,PRODUCTION,TONS,NA
1997,NORTH CAROLINA,WAYNE,HAY,PRODUCTION,TONS,16400
1997,NORTH CAROLINA,WAYNE,HAYLAGE,PRODUCTION,TONS,585
1997,NORTH CAROLINA,WAYNE,OATS,PRODUCTION,BU,55881
1997,NORTH CAROLINA,WAYNE,OATS,PRODUCTION,BU,56000
1997,NORTH CAROLINA,WAYNE,RYE,PRODUCTION,BU,10737
1997,NORTH CAROLINA,WAYNE,SOYBEANS,PRODUCTION,BU,1524355
1997,NORTH CAROLINA,WAYNE,SOYBEANS,PRODUCTION,BU,1700000
1997,NORTH CAROLINA,WAYNE,SWEET POTATOES,PRODUCTION,CWT,151254
1997,NORTH CAROLINA,WAYNE,SWEET POTATOES,PRODUCTION,CWT,186000
1997,NORTH CAROLINA,WAYNE,TOBACCO,PRODUCTION,LB,24044288
1997,NORTH CAROLINA,WAYNE,TOBACCO,PRODUCTION,LB,24550000
1997,NORTH CAROLINA,WAYNE,WHEAT,PRODUCTION,BU,1270397
1997,NORTH CAROLINA,WAYNE,WHEAT,PRODUCTION,BU,1370000
1997,NORTH CAROLINA,WAYNE,WHEAT,PRODUCTION,BU,1370000
1997,NORTH CAROLINA,WAYNE,WOOL,PRODUCTION,LB,312
1997,NORTH CAROLINA,WAYNE,WOOL,PRODUCTION,OPERATIONS,7
1997,NORTH CAROLINA,WILKES,BARLEY,PRODUCTION,BU,30810
1997,NORTH CAROLINA,WILKES,BARLEY,PRODUCTION,BU,30700
1997,NORTH CAROLINA,WILKES,CORN,PRODUCTION,BU,239229
1997,NORTH CAROLINA,WILKES,CORN,PRODUCTION,TONS,107804
1997,NORTH CAROLINA,WILKES,CORN,PRODUCTION,BU,216000
1997,NORTH CAROLINA,WILKES,CORN,PRODUCTION,TONS,68000
1997,NORTH CAROLINA,WILKES,HAY,PRODUCTION,TONS,2168
1997,NORTH CAROLINA,WILKES,HAY,PRODUCTION,TONS,889
1997,NORTH CAROLINA,WILKES,HAY,PRODUCTION,TONS,43008
1997,NORTH CAROLINA,WILKES,HAY,PRODUCTION,TONS,2324
1997,NORTH CAROLINA,WILKES,HAY,PRODUCTION,TONS,52900
1997,NORTH CAROLINA,WILKES,HAYLAGE,PRODUCTION,TONS,4493
1997,NORTH CAROLINA,WILKES,POTATOES,PRODUCTION,CWT,1169
1997,NORTH CAROLINA,WILKES,SOYBEANS,PRODUCTION,BU,17042
1997,NORTH CAROLINA,WILKES,SOYBEANS,PRODUCTION,BU,16000
1997,NORTH CAROLINA,WILKES,TOBACCO,PRODUCTION,LB,2299020
1997,NORTH CAROLINA,WILKES,TOBACCO,PRODUCTION,LB,1984000
1997,NORTH CAROLINA,WILKES,WHEAT,PRODUCTION,BU,12078
1997,NORTH CAROLINA,WILKES,WHEAT,PRODUCTION,BU,15000
1997,NORTH CAROLINA,WILKES,WHEAT,PRODUCTION,BU,15000
1997,NORTH CAROLINA,WILKES,WOOL,PRODUCTION,LB,NA
1997,NORTH CAROLINA,WILKES,WOOL,PRODUCTION,OPERATIONS,4
1997,NORTH CAROLINA,WILSON,CORN,PRODUCTION,BU,1131252
1997,NORTH CAROLINA,WILSON,CORN,PRODUCTION,BU,1153000
1997,NORTH CAROLINA,WILSON,COTTON,PRODUCTION,BALES,21967
1997,NORTH CAROLINA,WILSON,COTTON,PRODUCTION,480 LB BALES,22500
1997,NORTH CAROLINA,WILSON,HAY,PRODUCTION,TONS,NA
1997,NORTH CAROLINA,WILSON,HAY,PRODUCTION,TONS,508
1997,NORTH CAROLINA,WILSON,HAY,PRODUCTION,TONS,2405
1997,NORTH CAROLINA,WILSON,HAY,PRODUCTION,TONS,3500
1997,NORTH CAROLINA,WILSON,OATS,PRODUCTION,BU,9211
1997,NORTH CAROLINA,WILSON,OATS,PRODUCTION,BU,11000
1997,NORTH CAROLINA,WILSON,PEANUTS,PRODUCTION,LB,NA
1997,NORTH CAROLINA,WILSON,PEANUTS,PRODUCTION,LB,131000
1997,NORTH CAROLINA,WILSON,POTATOES,PRODUCTION,CWT,NA
1997,NORTH CAROLINA,WILSON,SOYBEANS,PRODUCTION,BU,992562
1997,NORTH CAROLINA,WILSON,SOYBEANS,PRODUCTION,BU,1065000
1997,NORTH CAROLINA,WILSON,SWEET POTATOES,PRODUCTION,CWT,556100
1997,NORTH CAROLINA,WILSON,SWEET POTATOES,PRODUCTION,CWT,621000
1997,NORTH CAROLINA,WILSON,TOBACCO,PRODUCTION,LB,26059348
1997,NORTH CAROLINA,WILSON,TOBACCO,PRODUCTION,LB,28736000
1997,NORTH CAROLINA,WILSON,WHEAT,PRODUCTION,BU,612662
1997,NORTH CAROLINA,WILSON,WHEAT,PRODUCTION,BU,729000
1997,NORTH CAROLINA,WILSON,WHEAT,PRODUCTION,BU,729000
1997,NORTH CAROLINA,YADKIN,BARLEY,PRODUCTION,BU,87780
1997,NORTH CAROLINA,YADKIN,BARLEY,PRODUCTION,BU,92900
1997,NORTH CAROLINA,YADKIN,CORN,PRODUCTION,BU,659259
1997,NORTH CAROLINA,YADKIN,CORN,PRODUCTION,TONS,67740
1997,NORTH CAROLINA,YADKIN,CORN,PRODUCTION,BU,695000
1997,NORTH CAROLINA,YADKIN,CORN,PRODUCTION,TONS,75000
1997,NORTH CAROLINA,YADKIN,GRASSES,PRODUCTION,LB,18450
1997,NORTH CAROLINA,YADKIN,HAY,PRODUCTION,TONS,2461
1997,NORTH CAROLINA,YADKIN,HAY,PRODUCTION,TONS,1567
1997,NORTH CAROLINA,YADKIN,HAY,PRODUCTION,TONS,25881
1997,NORTH CAROLINA,YADKIN,HAY,PRODUCTION,TONS,1116
1997,NORTH CAROLINA,YADKIN,HAY,PRODUCTION,TONS,33200
1997,NORTH CAROLINA,YADKIN,HAYLAGE,PRODUCTION,TONS,1777
1997,NORTH CAROLINA,YADKIN,OATS,PRODUCTION,BU,14329
1997,NORTH CAROLINA,YADKIN,OATS,PRODUCTION,BU,15000
1997,NORTH CAROLINA,YADKIN,SOYBEANS,PRODUCTION,BU,225328
1997,NORTH CAROLINA,YADKIN,SOYBEANS,PRODUCTION,BU,230000
1997,NORTH CAROLINA,YADKIN,TOBACCO,PRODUCTION,LB,9703269
1997,NORTH CAROLINA,YADKIN,TOBACCO,PRODUCTION,LB,9800000
1997,NORTH CAROLINA,YADKIN,WHEAT,PRODUCTION,BU,278482
1997,NORTH CAROLINA,YADKIN,WHEAT,PRODUCTION,BU,276000
1997,NORTH CAROLINA,YADKIN,WHEAT,PRODUCTION,BU,276000
1997,NORTH CAROLINA,YADKIN,WOOL,PRODUCTION,LB,298
1997,NORTH CAROLINA,YADKIN,WOOL,PRODUCTION,OPERATIONS,7
1997,NORTH CAROLINA,YANCEY,CORN,PRODUCTION,BU,3483
1997,NORTH CAROLINA,YANCEY,CORN,PRODUCTION,TONS,1983
1997,NORTH CAROLINA,YANCEY,CORN,PRODUCTION,TONS,2200
1997,NORTH CAROLINA,YANCEY,HAY,PRODUCTION,TONS,591
1997,NORTH CAROLINA,YANCEY,HAY,PRODUCTION,TONS,78
1997,NORTH CAROLINA,YANCEY,HAY,PRODUCTION,TONS,2842
1997,NORTH CAROLINA,YANCEY,HAY,PRODUCTION,TONS,294
1997,NORTH CAROLINA,YANCEY,HAY,PRODUCTION,TONS,3800
1997,NORTH CAROLINA,YANCEY,HAYLAGE,PRODUCTION,TONS,128
1997,NORTH CAROLINA,YANCEY,POTATOES,PRODUCTION,CWT,2867
1997,NORTH CAROLINA,YANCEY,TOBACCO,PRODUCTION,LB,1874846
1997,NORTH CAROLINA,YANCEY,TOBACCO,PRODUCTION,LB,1666000
1997,NORTH CAROLINA,YANCEY,WOOL,PRODUCTION,LB,NA
1997,NORTH CAROLINA,YANCEY,WOOL,PRODUCTION,OPERATIONS,2
